Iteration,Result,Mean
0,10.719110488891602,10.719110488891602
1,11.500064849853516,11.109587669372559
2,12.144646644592285,11.454607963562012
3,12.326031684875488,11.672463417053223
4,12.251068115234375,11.78818416595459
5,12.548820495605469,11.914958000183105
6,12.3173246383667,11.972437858581543
7,10.04173469543457,11.731100082397461
8,10.497908592224121,11.59407901763916
9,10.829916954040527,11.51766300201416
10,10.770040512084961,11.449697494506836
11,11.434600830078125,11.448439598083496
12,11.342888832092285,11.44032096862793
13,11.210315704345703,11.423891067504883
14,13.648174285888672,11.572176933288574
15,12.77856731414795,11.647576332092285
16,11.687784194946289,11.649941444396973
17,12.583895683288574,11.701828002929688
18,12.612302780151367,11.749748229980469
19,11.9533052444458,11.759925842285156
20,11.781888961791992,11.760972023010254
21,11.664277076721191,11.756576538085938
22,10.859529495239258,11.717574119567871
23,11.315889358520508,11.700837135314941
24,12.772659301757812,11.7437105178833
25,14.452309608459473,11.84788703918457
26,13.241100311279297,11.899487495422363
27,12.788900375366211,11.931252479553223
28,12.536616325378418,11.952127456665039
29,10.402817726135254,11.900484085083008
30,11.127585411071777,11.8755521774292
31,13.300800323486328,11.92009162902832
32,12.254627227783203,11.930229187011719
33,10.71565055847168,11.894506454467773
34,12.981900215148926,11.92557430267334
35,11.472221374511719,11.912981986999512
36,12.297998428344727,11.92338752746582
37,11.062216758728027,11.900725364685059
38,12.404436111450195,11.913641929626465
39,11.925248146057129,11.913931846618652
40,12.24565601348877,11.922022819519043
41,10.348762512207031,11.884564399719238
42,13.25057601928711,11.916332244873047
43,13.408011436462402,11.950234413146973
44,11.374835014343262,11.937447547912598
45,9.396012306213379,11.882198333740234
46,11.451338768005371,11.873031616210938
47,12.202801704406738,11.879901885986328
48,11.13587760925293,11.864717483520508
49,11.131071090698242,11.850044250488281
50,10.042856216430664,11.814608573913574
51,10.755457878112793,11.79423999786377
52,12.224306106567383,11.80235481262207
53,10.562734603881836,11.779398918151855
54,12.574516296386719,11.793855667114258
55,10.18905258178711,11.76519775390625
56,11.719114303588867,11.764389038085938
57,12.803744316101074,11.782309532165527
58,13.044987678527832,11.8037109375
59,11.72932243347168,11.802471160888672
60,11.542820930480957,11.79821491241455
61,12.766841888427734,11.813838005065918
62,10.235162734985352,11.788779258728027
63,13.070718765258789,11.808810234069824
64,12.896696090698242,11.825546264648438
65,12.32948112487793,11.833181381225586
66,9.87169361114502,11.803905487060547
67,11.337536811828613,11.79704761505127
68,8.429779052734375,11.748247146606445
69,12.815013885498047,11.7634859085083
70,12.572165489196777,11.77487564086914
71,11.094362258911133,11.765423774719238
72,11.498575210571289,11.76176929473877
73,11.929558753967285,11.764036178588867
74,10.656030654907227,11.749262809753418
75,11.295927047729492,11.743297576904297
76,7.329253673553467,11.685972213745117
77,9.615289688110352,11.659424781799316
78,11.957063674926758,11.663192749023438
79,11.793222427368164,11.664817810058594
80,13.184070587158203,11.683573722839355
81,11.249456405639648,11.678279876708984
82,11.515705108642578,11.676321029663086
83,13.352405548095703,11.696274757385254
84,10.984783172607422,11.687904357910156
85,11.469507217407227,11.685364723205566
86,12.320503234863281,11.692665100097656
87,8.512431144714355,11.656525611877441
88,12.202330589294434,11.662657737731934
89,12.33786678314209,11.670160293579102
90,12.488906860351562,11.679157257080078
91,12.418490409851074,11.687193870544434
92,7.225148677825928,11.639213562011719
93,9.22056770324707,11.613483428955078
94,9.622037887573242,11.592521667480469
95,11.652750968933105,11.593148231506348
96,9.701338768005371,11.573644638061523
97,10.246156692504883,11.560099601745605
98,9.599693298339844,11.540298461914062
99,9.855147361755371,11.523446083068848
100,9.689842224121094,11.505290985107422
101,10.420121192932129,11.49465274810791
102,9.448569297790527,11.474788665771484
103,9.553778648376465,11.456317901611328
104,10.054917335510254,11.442971229553223
105,10.589273452758789,11.434916496276855
106,7.350649356842041,11.396746635437012
107,10.437383651733398,11.387864112854004
108,10.576709747314453,11.38042163848877
109,9.280773162841797,11.361333847045898
110,9.803133010864258,11.347295761108398
111,7.72212553024292,11.31492805480957
112,10.507131576538086,11.307779312133789
113,8.821831703186035,11.285972595214844
114,9.649787902832031,11.271744728088379
115,8.52940845489502,11.248104095458984
116,10.287086486816406,11.239890098571777
117,10.173778533935547,11.230855941772461
118,10.433296203613281,11.224153518676758
119,10.491814613342285,11.218050956726074
120,11.754829406738281,11.222487449645996
121,9.528618812561035,11.208602905273438
122,9.872367858886719,11.197738647460938
123,9.071065902709961,11.180588722229004
124,8.74127197265625,11.1610746383667
125,8.55834674835205,11.14041805267334
126,8.317517280578613,11.118189811706543
127,10.12444019317627,11.11042594909668
128,10.133188247680664,11.102849960327148
129,9.602689743041992,11.091310501098633
130,10.022297859191895,11.083149909973145
131,10.740179061889648,11.080552101135254
132,7.714820384979248,11.055246353149414
133,10.065816879272461,11.04786205291748
134,13.670382499694824,11.067288398742676
135,12.548665046691895,11.078181266784668
136,7.240312576293945,11.05016803741455
137,7.470921516418457,11.024231910705566
138,9.62598705291748,11.014172554016113
139,7.180948257446289,10.986791610717773
140,9.048652648925781,10.97304630279541
141,8.764300346374512,10.957491874694824
142,10.024715423583984,10.950968742370605
143,9.54917049407959,10.941234588623047
144,10.198139190673828,10.93610954284668
145,9.8287353515625,10.928524017333984
146,9.939902305603027,10.921799659729004
147,10.284904479980469,10.917495727539062
148,10.728158950805664,10.91622543334961
149,10.92187786102295,10.91626262664795
150,8.81049633026123,10.902318000793457
151,14.609395980834961,10.926706314086914
152,8.418990135192871,10.91031551361084
153,8.466500282287598,10.894447326660156
154,10.26119613647461,10.890361785888672
155,12.40806770324707,10.900091171264648
156,9.738293647766113,10.892690658569336
157,12.627758979797363,10.903672218322754
158,11.969146728515625,10.91037368774414
159,10.08348560333252,10.905205726623535
160,9.845858573913574,10.898625373840332
161,9.94575309753418,10.892744064331055
162,9.055326461791992,10.881471633911133
163,11.176939964294434,10.883272171020508
164,10.588059425354004,10.88148307800293
165,9.713057518005371,10.874444007873535
166,8.821537017822266,10.862151145935059
167,12.616521835327148,10.872593879699707
168,11.344488143920898,10.875386238098145
169,11.658340454101562,10.87999153137207
170,10.253660202026367,10.87632942199707
171,10.647488594055176,10.874999046325684
172,11.65198802947998,10.87948989868164
173,10.335542678833008,10.876363754272461
174,8.717056274414062,10.864025115966797
175,7.942371845245361,10.847424507141113
176,10.30854320526123,10.844380378723145
177,6.983155250549316,10.822688102722168
178,8.89067554473877,10.811894416809082
179,8.524678230285645,10.799187660217285
180,10.345263481140137,10.796679496765137
181,10.692166328430176,10.79610538482666
182,9.976827621459961,10.791627883911133
183,11.34467887878418,10.794633865356445
184,10.713579177856445,10.794196128845215
185,8.094928741455078,10.779684066772461
186,6.397909641265869,10.75625228881836
187,13.866988182067871,10.772798538208008
188,8.991743087768555,10.763374328613281
189,9.287142753601074,10.75560474395752
190,16.342355728149414,10.784854888916016
191,12.663655281066895,10.794639587402344
192,9.619670867919922,10.788551330566406
193,10.567765235900879,10.787413597106934
194,11.373966217041016,10.790422439575195
195,10.015918731689453,10.786470413208008
196,12.700485229492188,10.796185493469238
197,10.60792350769043,10.795234680175781
198,13.905113220214844,10.81086254119873
199,13.918086051940918,10.826397895812988
200,12.637051582336426,10.835405349731445
201,11.074795722961426,10.836589813232422
202,11.185784339904785,10.838310241699219
203,12.393570899963379,10.84593391418457
204,12.66592788696289,10.854812622070312
205,10.818625450134277,10.854637145996094
206,12.475486755371094,10.862467765808105
207,10.445911407470703,10.860464096069336
208,11.542010307312012,10.863724708557129
209,12.812044143676758,10.873003005981445
210,12.626350402832031,10.88131332397461
211,12.823143005371094,10.890473365783691
212,13.345521926879883,10.901998519897461
213,11.280858993530273,10.903768539428711
214,10.177265167236328,10.900389671325684
215,11.837397575378418,10.904727935791016
216,12.651155471801758,10.912775039672852
217,11.469861030578613,10.91533088684082
218,12.837377548217773,10.924107551574707
219,12.770151138305664,10.932499885559082
220,11.208377838134766,10.933748245239258
221,12.28250503540039,10.939824104309082
222,10.898860931396484,10.939640045166016
223,11.25011920928955,10.941025733947754
224,11.637362480163574,10.944121360778809
225,14.818880081176758,10.961265563964844
226,12.830770492553711,10.969501495361328
227,11.060341835021973,10.969900131225586
228,9.582108497619629,10.963839530944824
229,12.457077026367188,10.970331192016602
230,13.163171768188477,10.97982406616211
231,13.150334358215332,10.989179611206055
232,11.026310920715332,10.989339828491211
233,12.062759399414062,10.993927001953125
234,11.326204299926758,10.995340347290039
235,11.105461120605469,10.995807647705078
236,11.744741439819336,10.998967170715332
237,10.889127731323242,10.998505592346191
238,5.756373405456543,10.976572036743164
239,6.56431770324707,10.958187103271484
240,5.202404975891113,10.934304237365723
241,8.204687118530273,10.92302417755127
242,6.339702129364014,10.904162406921387
243,7.752225875854492,10.891243934631348
244,3.581233024597168,10.861408233642578
245,5.0063042640686035,10.837606430053711
246,8.363910675048828,10.827591896057129
247,8.299649238586426,10.817399024963379
248,4.152475833892822,10.790632247924805
249,5.580537796020508,10.769791603088379
250,6.147087097167969,10.751374244689941
251,1.618505835533142,10.715132713317871
252,7.132106781005859,10.700970649719238
253,1.7634518146514893,10.665782928466797
254,2.062687635421753,10.63204574584961
255,-0.5277254581451416,10.588452339172363
256,2.4076411724090576,10.556620597839355
257,3.1051292419433594,10.527739524841309
258,1.8871996402740479,10.494378089904785
259,-0.6595171093940735,10.451478958129883
260,2.9039340019226074,10.422561645507812
261,6.4655303955078125,10.407458305358887
262,6.31560754776001,10.391900062561035
263,1.7574741840362549,10.3591947555542
264,6.163308620452881,10.343360900878906
265,3.8357882499694824,10.318896293640137
266,0.06226798892021179,10.280482292175293
267,1.894127368927002,10.249189376831055
268,3.7450661659240723,10.225010871887207
269,-0.0641929879784584,10.186902046203613
270,0.03862202167510986,10.149455070495605
271,4.377886772155762,10.128235816955566
272,-2.5001673698425293,10.081977844238281
273,1.7878133058547974,10.05170726776123
274,3.3031508922576904,10.027167320251465
275,2.2780938148498535,9.999090194702148
276,-4.422967910766602,9.947026252746582
277,3.059669017791748,9.922250747680664
278,3.0974886417388916,9.897789001464844
279,1.6583110094070435,9.868362426757812
280,2.7050228118896484,9.842869758605957
281,-0.7080298066139221,9.805455207824707
282,4.7415924072265625,9.787562370300293
283,5.018174648284912,9.770768165588379
284,5.772106647491455,9.756738662719727
285,3.659320831298828,9.735419273376465
286,5.483248710632324,9.720602989196777
287,3.9311063289642334,9.70050048828125
288,-0.9204837083816528,9.663749694824219
289,0.8524978160858154,9.633366584777832
290,3.095968723297119,9.61090087890625
291,0.224103644490242,9.578754425048828
292,-0.7779213190078735,9.543407440185547
293,8.304936408996582,9.53919506072998
294,-9.761434555053711,9.473769187927246
295,-3.2102017402648926,9.430917739868164
296,-0.21603450179100037,9.398436546325684
297,5.0264177322387695,9.38376522064209
298,-7.815029621124268,9.326244354248047
299,4.18376350402832,9.309103012084961
300,3.9161384105682373,9.291186332702637
301,4.979925632476807,9.276910781860352
302,-0.5582818984985352,9.244451522827148
303,3.1505513191223145,9.224406242370605
304,3.178879737854004,9.204585075378418
305,3.402902603149414,9.185625076293945
306,7.331542015075684,9.179585456848145
307,10.987691879272461,9.185456275939941
308,6.080653190612793,9.175408363342285
309,1.4269107580184937,9.150413513183594
310,-0.5993507504463196,9.119063377380371
311,-0.9813973903656006,9.086689949035645
312,4.275187015533447,9.071317672729492
313,3.9469244480133057,9.054998397827148
314,3.8184356689453125,9.038373947143555
315,4.250893592834473,9.023223876953125
316,3.3912978172302246,9.005457878112793
317,-1.4277100563049316,8.972649574279785
318,4.865470886230469,8.959774017333984
319,3.164329767227173,8.94166374206543
320,4.872188568115234,8.928985595703125
321,1.867079496383667,8.907054901123047
322,0.6108694076538086,8.881369590759277
323,1.2984094619750977,8.857965469360352
324,-0.9932657480239868,8.827653884887695
325,5.697246551513672,8.8180513381958
326,3.420137882232666,8.801544189453125
327,1.2086589336395264,8.778395652770996
328,2.7617242336273193,8.76010799407959
329,1.6370232105255127,8.73852252960205
330,1.8396079540252686,8.717679977416992
331,4.676962852478027,8.705509185791016
332,2.74790096282959,8.687618255615234
333,1.7283953428268433,8.66678237915039
334,5.283393383026123,8.656682968139648
335,6.149330139160156,8.64922046661377
336,3.014388084411621,8.632500648498535
337,1.8893132209777832,8.612550735473633
338,5.316066265106201,8.602826118469238
339,2.5553693771362305,8.585040092468262
340,5.029274940490723,8.574612617492676
341,2.7718396186828613,8.557644844055176
342,4.09950065612793,8.544648170471191
343,4.662352085113525,8.53336238861084
344,6.750808238983154,8.52819538116455
345,-3.285022735595703,8.49405288696289
346,1.2906943559646606,8.473294258117676
347,4.6639862060546875,8.462347984313965
348,9.976819038391113,8.46668815612793
349,9.378039360046387,8.469291687011719
350,12.763863563537598,8.481526374816895
351,11.682061195373535,8.490619659423828
352,12.684608459472656,8.502500534057617
353,13.138696670532227,8.515596389770508
354,14.143462181091309,8.531450271606445
355,13.691672325134277,8.545945167541504
356,12.714094161987305,8.557621002197266
357,13.063608169555664,8.570207595825195
358,11.298857688903809,8.577808380126953
359,8.991731643676758,8.578957557678223
360,11.253165245056152,8.586365699768066
361,12.858290672302246,8.598166465759277
362,12.092670440673828,8.607793807983398
363,12.738658905029297,8.619142532348633
364,9.912210464477539,8.622685432434082
365,13.272404670715332,8.63538932800293
366,9.731189727783203,8.638375282287598
367,9.39089298248291,8.640419960021973
368,11.028091430664062,8.646890640258789
369,12.181278228759766,8.65644359588623
370,12.271012306213379,8.666186332702637
371,9.036491394042969,8.667181015014648
372,11.521331787109375,8.674833297729492
373,11.81182861328125,8.683219909667969
374,7.689267158508301,8.680569648742676
375,7.977371692657471,8.678699493408203
376,10.153114318847656,8.682610511779785
377,9.30670166015625,8.684261322021484
378,5.764130592346191,8.676556587219238
379,10.892765045166016,8.682388305664062
380,11.039083480834961,8.688573837280273
381,13.615367889404297,8.701471328735352
382,10.538738250732422,8.706269264221191
383,8.543603897094727,8.705845832824707
384,12.149698257446289,8.714790344238281
385,11.643758773803711,8.722378730773926
386,11.624391555786133,8.729877471923828
387,11.055779457092285,8.735872268676758
388,10.966060638427734,8.741604804992676
389,9.314468383789062,8.743073463439941
390,12.511872291564941,8.752713203430176
391,9.963113784790039,8.7558012008667
392,13.602354049682617,8.768133163452148
393,13.588541984558105,8.780367851257324
394,13.452898025512695,8.792197227478027
395,11.842303276062012,8.799899101257324
396,12.913764953613281,8.810261726379395
397,13.26511001586914,8.821455001831055
398,12.925997734069824,8.831742286682129
399,12.971543312072754,8.842090606689453
400,13.607290267944336,8.853974342346191
401,10.795858383178711,8.858804702758789
402,7.808101177215576,8.856197357177734
403,11.407546043395996,8.862512588500977
404,10.84669303894043,8.867411613464355
405,11.517463684082031,8.873939514160156
406,11.94472885131836,8.881484031677246
407,13.59036636352539,8.893025398254395
408,14.087081909179688,8.905725479125977
409,12.639342308044434,8.91483211517334
410,11.983624458312988,8.922298431396484
411,13.037483215332031,8.932287216186523
412,11.863622665405273,8.939384460449219
413,11.68152904510498,8.946008682250977
414,10.779119491577148,8.950425148010254
415,9.80724811553955,8.952485084533691
416,13.194355964660645,8.96265697479248
417,12.114850997924805,8.970197677612305
418,12.845809936523438,8.979447364807129
419,12.018308639526367,8.986682891845703
420,10.503210067749023,8.99028491973877
421,13.231009483337402,9.000333786010742
422,10.693192481994629,9.004335403442383
423,8.422978401184082,9.002964973449707
424,10.321806907653809,9.006068229675293
425,11.142589569091797,9.011083602905273
426,13.798147201538086,9.022294044494629
427,9.951847076416016,9.024465560913086
428,10.819974899291992,9.028651237487793
429,11.90388298034668,9.035338401794434
430,15.520087242126465,9.050383567810059
431,12.861605644226074,9.059206008911133
432,8.744550704956055,9.058479309082031
433,11.2457275390625,9.063519477844238
434,10.96524429321289,9.067891120910645
435,11.297198295593262,9.073003768920898
436,8.307126998901367,9.07125186920166
437,11.417049407958984,9.076606750488281
438,6.812274932861328,9.071449279785156
439,10.202860832214355,9.074020385742188
440,10.366182327270508,9.076951026916504
441,9.720870018005371,9.078408241271973
442,7.3836188316345215,9.07458209991455
443,7.80587911605835,9.071724891662598
444,8.7095308303833,9.070910453796387
445,7.571373462677002,9.067547798156738
446,5.8931498527526855,9.060446739196777
447,9.404715538024902,9.0612154006958
448,7.791144371032715,9.05838680267334
449,10.669343948364258,9.061966896057129
450,10.35405158996582,9.064831733703613
451,9.806159973144531,9.066472053527832
452,6.252862930297852,9.060260772705078
453,11.375956535339355,9.065361976623535
454,7.071099758148193,9.060978889465332
455,11.59720230102539,9.066540718078613
456,6.521493911743164,9.060972213745117
457,7.242158889770508,9.057001113891602
458,10.151176452636719,9.059385299682617
459,6.852597713470459,9.054587364196777
460,8.003636360168457,9.05230712890625
461,7.464262962341309,9.048870086669922
462,10.505908966064453,9.052017211914062
463,10.016528129577637,9.054096221923828
464,10.011835098266602,9.05615520477295
465,7.5165276527404785,9.052851676940918
466,8.647147178649902,9.051982879638672
467,9.4142484664917,9.052756309509277
468,8.298116683959961,9.0511474609375
469,11.749220848083496,9.05688762664795
470,12.61788558959961,9.064448356628418
471,8.722847938537598,9.06372356414795
472,10.625494956970215,9.067025184631348
473,7.712278842926025,9.064167976379395
474,8.595319747924805,9.063180923461914
475,9.037009239196777,9.063125610351562
476,14.0079345703125,9.073492050170898
477,7.874593257904053,9.07098388671875
478,8.308820724487305,9.069392204284668
479,6.7583794593811035,9.064577102661133
480,9.1185941696167,9.064689636230469
481,12.442558288574219,9.071697235107422
482,9.639513969421387,9.07287311553955
483,10.470558166503906,9.075760841369629
484,9.379899978637695,9.076388359069824
485,10.168805122375488,9.078636169433594
486,11.618953704833984,9.083852767944336
487,13.410284042358398,9.092718124389648
488,7.93959903717041,9.090359687805176
489,11.272682189941406,9.094813346862793
490,9.103271484375,9.094829559326172
491,9.989701271057129,9.096649169921875
492,9.96084213256836,9.09840202331543
493,10.173505783081055,9.100578308105469
494,11.310413360595703,9.105042457580566
495,14.70561408996582,9.116333961486816
496,14.567351341247559,9.127302169799805
497,9.991975784301758,9.12903881072998
498,16.396726608276367,9.14360237121582
499,10.725942611694336,9.146767616271973
500,13.650031089782715,9.155755996704102
501,12.435225486755371,9.162288665771484
502,10.398120880126953,9.164745330810547
503,14.480379104614258,9.175292015075684
504,10.89801025390625,9.178703308105469
505,9.440454483032227,9.179220199584961
506,10.254063606262207,9.181340217590332
507,16.52361297607422,9.195793151855469
508,13.172643661499023,9.203606605529785
509,11.663227081298828,9.208429336547852
510,12.580387115478516,9.215027809143066
511,11.935579299926758,9.220341682434082
512,12.164612770080566,9.226080894470215
513,12.608375549316406,9.232661247253418
514,12.94961166381836,9.23987865447998
515,17.998353958129883,9.256853103637695
516,11.853580474853516,9.26187515258789
517,11.212980270385742,9.265642166137695
518,16.512142181396484,9.2796049118042
519,14.72205638885498,9.290070533752441
520,12.312721252441406,9.29587173461914
521,10.706336975097656,9.298574447631836
522,15.00914192199707,9.309494018554688
523,12.5715970993042,9.315719604492188
524,13.073440551757812,9.322876930236816
525,12.093976974487305,9.328144073486328
526,15.28643798828125,9.33945083618164
527,12.895898818969727,9.346186637878418
528,-0.6549124717712402,9.32728099822998
529,-1.5430428981781006,9.306771278381348
530,0.7202095985412598,9.290600776672363
531,0.6583315134048462,9.274374961853027
532,2.2381951808929443,9.261173248291016
533,1.2768458127975464,9.246221542358398
534,-0.3587459921836853,9.22826862335205
535,-1.4123775959014893,9.208415985107422
536,0.22450140118598938,9.191686630249023
537,3.5016705989837646,9.181109428405762
538,3.6296300888061523,9.170809745788574
539,-3.294750213623047,9.147725105285645
540,-0.7005410194396973,9.129520416259766
541,1.6710139513015747,9.11575984954834
542,4.658441066741943,9.107550621032715
543,1.1055020093917847,9.092841148376465
544,3.507288694381714,9.082592010498047
545,2.539125442504883,9.07060718536377
546,2.305051326751709,9.058238983154297
547,-1.703942060470581,9.038599967956543
548,5.872562408447266,9.032833099365234
549,-3.3428337574005127,9.010332107543945
550,1.879745602607727,8.997390747070312
551,1.9417645931243896,8.984609603881836
552,3.100389242172241,8.973969459533691
553,2.5869429111480713,8.962440490722656
554,0.8504607677459717,8.947824478149414
555,1.4134060144424438,8.934273719787598
556,3.507275342941284,8.924530029296875
557,2.3101141452789307,8.912676811218262
558,0.8044412732124329,8.898171424865723
559,3.2151267528533936,8.888023376464844
560,-0.8005719184875488,8.870752334594727
561,-0.08924978971481323,8.854809761047363
562,2.6371355056762695,8.843765258789062
563,4.281805992126465,8.835677146911621
564,0.5380063056945801,8.820990562438965
565,5.3370819091796875,8.814835548400879
566,3.984025716781616,8.806315422058105
567,-1.125430703163147,8.788829803466797
568,4.696928024291992,8.781638145446777
569,2.2945287227630615,8.770256996154785
570,1.9959983825683594,8.758393287658691
571,2.6056175231933594,8.747635841369629
572,2.3793046474456787,8.736522674560547
573,2.2042927742004395,8.725141525268555
574,-3.55003023147583,8.703794479370117
575,4.567955017089844,8.696613311767578
576,1.9384765625,8.684901237487793
577,-1.81425142288208,8.666736602783203
578,-2.1787328720092773,8.648004531860352
579,3.149675130844116,8.638525009155273
580,3.1818950176239014,8.629134178161621
581,-0.18358612060546875,8.613991737365723
582,7.756579399108887,8.612521171569824
583,3.8644659519195557,8.604390144348145
584,0.31710293889045715,8.59022331237793
585,0.9988833665847778,8.577269554138184
586,4.322325706481934,8.57002067565918
587,2.9291675090789795,8.56042766571045
588,-0.41617822647094727,8.545186996459961
589,5.9889373779296875,8.540854454040527
590,4.700664043426514,8.534356117248535
591,1.4488554000854492,8.522387504577637
592,-9.508794784545898,8.49198055267334
593,-0.220118448138237,8.477313995361328
594,3.8743228912353516,8.46957778930664
595,3.5637497901916504,8.461347579956055
596,7.493464469909668,8.459726333618164
597,2.298969268798828,8.449423789978027
598,6.130960464477539,8.445552825927734
599,5.008971214294434,8.439825057983398
600,1.9946000576019287,8.42910099029541
601,4.554878234863281,8.422664642333984
602,4.110068321228027,8.415513038635254
603,0.8457258343696594,8.402979850769043
604,2.1862728595733643,8.392704010009766
605,3.087059497833252,8.38394832611084
606,3.651233673095703,8.376152038574219
607,1.4774038791656494,8.364805221557617
608,0.6342416405677795,8.35211181640625
609,4.069414138793945,8.345090866088867
610,5.540204048156738,8.340499877929688
611,2.198451519012451,8.330463409423828
612,-4.164976119995117,8.310079574584961
613,7.824501991271973,8.30928897857666
614,-0.13431331515312195,8.295559883117676
615,1.619023323059082,8.284721374511719
616,2.179121494293213,8.274826049804688
617,4.09684419631958,8.268064498901367
618,-1.6187034845352173,8.252092361450195
619,1.9007755517959595,8.241848945617676
620,4.156494140625,8.235269546508789
621,7.209420204162598,8.233620643615723
622,3.808371067047119,8.226517677307129
623,0.566483199596405,8.214241981506348
624,4.455678939819336,8.20822811126709
625,1.5185041427612305,8.197542190551758
626,2.510061740875244,8.188470840454102
627,2.5802383422851562,8.179540634155273
628,-6.061853885650635,8.156898498535156
629,4.569906234741211,8.151205062866211
630,-3.352609872817993,8.132974624633789
631,6.652559757232666,8.130631446838379
632,2.3171021938323975,8.12144660949707
633,2.794456720352173,8.113044738769531
634,5.458186149597168,8.108863830566406
635,0.7867636680603027,8.09735107421875
636,0.7180322408676147,8.085766792297363
637,2.8237204551696777,8.077518463134766
638,0.9092664122581482,8.066300392150879
639,-1.7976155281066895,8.050888061523438
640,0.6350629925727844,8.039319038391113
641,1.279221534729004,8.028789520263672
642,4.3654913902282715,8.023092269897461
643,-1.9903565645217896,8.00754451751709
644,-0.4469360113143921,7.994436740875244
645,0.6473976969718933,7.983063697814941
646,4.3587751388549805,7.977462291717529
647,5.90392541885376,7.974262237548828
648,3.708662748336792,7.967689037322998
649,0.23670288920402527,7.9557952880859375
650,6.224876403808594,7.953136920928955
651,5.7514472007751465,7.949760437011719
652,2.6124439239501953,7.941586494445801
653,3.529895544052124,7.934840679168701
654,2.182274103164673,7.926057815551758
655,3.7912678718566895,7.919754981994629
656,6.759697914123535,7.917989730834961
657,3.1537370681762695,7.9107489585876465
658,2.391918659210205,7.902374744415283
659,4.4854888916015625,7.897197723388672
660,3.50993275642395,7.890560150146484
661,-1.7985405921936035,7.875924110412598
662,-0.39891499280929565,7.863443374633789
663,-0.9105244278907776,7.850229263305664
664,-4.740429878234863,7.831296443939209
665,-0.22500276565551758,7.819199562072754
666,1.4060324430465698,7.809585094451904
667,3.744283676147461,7.8034987449646
668,2.690054416656494,7.795855522155762
669,3.6180949211120605,7.7896199226379395
670,4.002298355102539,7.783976078033447
671,3.2464048862457275,7.777224063873291
672,5.056294918060303,7.7731804847717285
673,7.290234088897705,7.772463798522949
674,3.7947134971618652,7.766571044921875
675,2.70767879486084,7.759087562561035
676,5.709378242492676,7.756059646606445
677,1.7317438125610352,7.7471747398376465
678,4.0450520515441895,7.741722106933594
679,3.8471155166625977,7.735994815826416
680,4.332826614379883,7.7309980392456055
681,2.279771089553833,7.7230048179626465
682,3.9727392196655273,7.7175140380859375
683,0.1911879926919937,7.7065110206604
684,-0.8512148857116699,7.6940178871154785
685,2.333590030670166,7.686203956604004
686,-4.044619083404541,7.669128894805908
687,0.5463211536407471,7.658775806427002
688,0.8993315100669861,7.648965358734131
689,2.1296606063842773,7.640966892242432
690,0.9771785736083984,7.631322860717773
691,-0.6788089275360107,7.619314193725586
692,0.08170193433761597,7.6084370613098145
693,3.2403900623321533,7.602142810821533
694,-3.4621634483337402,7.5862226486206055
695,5.959122180938721,7.5838847160339355
696,4.33045768737793,7.579216957092285
697,-5.22849178314209,7.560867786407471
698,1.347510814666748,7.551979064941406
699,-0.6401297450065613,7.540276050567627
700,6.220837116241455,7.538393974304199
701,3.1024017333984375,7.532074928283691
702,-3.662540912628174,7.516150951385498
703,-0.5893219709396362,7.504637241363525
704,-1.6101055145263672,7.491708755493164
705,1.429503083229065,7.4831223487854
706,5.020496368408203,7.479639530181885
707,4.767247200012207,7.475808143615723
708,3.193665027618408,7.469768524169922
709,-6.280951023101807,7.450401782989502
710,-0.7606703042984009,7.438852787017822
711,-7.371006488800049,7.4180521965026855
712,0.8859174847602844,7.408890724182129
713,-9.071516036987305,7.385809421539307
714,1.5318517684936523,7.377621650695801
715,2.7155771255493164,7.371110916137695
716,-1.6511797904968262,7.358527183532715
717,-1.046478033065796,7.346821308135986
718,-2.1858580112457275,7.333562850952148
719,0.12236595153808594,7.32354736328125
720,-0.19632162153720856,7.313117504119873
721,2.823289394378662,7.306899070739746
722,5.4667816162109375,7.304353713989258
723,-1.6559996604919434,7.291977882385254
724,-0.8643845319747925,7.280727863311768
725,0.05548270419239998,7.270776271820068
726,-4.917383670806885,7.254011154174805
727,4.06744384765625,7.2496337890625
728,-0.8179721236228943,7.238567352294922
729,3.348705768585205,7.233238697052002
730,-1.6105841398239136,7.2211408615112305
731,-6.862266540527344,7.201900959014893
732,0.6709930896759033,7.192990779876709
733,-8.166641235351562,7.172065258026123
734,2.748361110687256,7.166046619415283
735,-3.2318224906921387,7.151919364929199
736,1.4136512279510498,7.1441330909729
737,-1.7046518325805664,7.132143020629883
738,3.076324939727783,7.126654624938965
739,3.924877882003784,7.12232780456543
740,7.108332633972168,7.122308731079102
741,4.79065465927124,7.119166374206543
742,-6.394606113433838,7.100978374481201
743,2.1310768127441406,7.094297885894775
744,-6.700710296630859,7.075781345367432
745,6.230291843414307,7.074647903442383
746,0.871527910232544,7.066344261169434
747,3.0199668407440186,7.060934543609619
748,2.977529525756836,7.055482864379883
749,1.7219887971878052,7.0483717918396
750,-1.3048373460769653,7.0372490882873535
751,5.719485759735107,7.035497188568115
752,7.116155624389648,7.035604476928711
753,-0.8371508717536926,7.025163173675537
754,-4.944821834564209,7.009308815002441
755,-1.9367821216583252,6.9974751472473145
756,2.119127035140991,6.991031169891357
757,-0.5410724878311157,6.9810943603515625
758,-1.083073377609253,6.9704694747924805
759,0.22135771811008453,6.9615888595581055
760,-1.4218511581420898,6.950572490692139
761,2.821669340133667,6.945154190063477
762,-0.8944790959358215,6.934879302978516
763,3.243443727493286,6.930047988891602
764,1.7828291654586792,6.923319339752197
765,2.7724993228912354,6.917900562286377
766,2.4486873149871826,6.912073612213135
767,-1.9683955907821655,6.900510787963867
768,0.7068458199501038,6.892457008361816
769,3.54892635345459,6.8881144523620605
770,-3.1177914142608643,6.875136852264404
771,-2.5989177227020264,6.8628644943237305
772,7.873102188110352,6.864171504974365
773,-0.29227814078330994,6.854925155639648
774,4.125304698944092,6.85140323638916
775,5.912459373474121,6.850193500518799
776,0.46805834770202637,6.84197998046875
777,5.423327445983887,6.840156078338623
778,-7.102806568145752,6.8222575187683105
779,-0.9155380725860596,6.812337398529053
780,-2.754883289337158,6.8000874519348145
781,-3.145442485809326,6.787369251251221
782,-2.178379535675049,6.775918960571289
783,-7.053969383239746,6.7582783699035645
784,7.481329441070557,6.759199619293213
785,0.8958565592765808,6.751739978790283
786,1.4670822620391846,6.745025157928467
787,0.20195254683494568,6.736721992492676
788,3.4557559490203857,6.732563495635986
789,3.2153656482696533,6.728111267089844
790,7.8224687576293945,6.729494571685791
791,-1.7584750652313232,6.718777656555176
792,4.175352096557617,6.715570449829102
793,0.9430413246154785,6.7083001136779785
794,-1.006352424621582,6.698596000671387
795,3.3951687812805176,6.694445610046387
796,4.487957954406738,6.691677093505859
797,-1.5589370727539062,6.681337833404541
798,-11.988316535949707,6.657971382141113
799,-7.578545093536377,6.640175819396973
800,4.613134384155273,6.637645244598389
801,-4.938502311706543,6.62321138381958
802,4.176562309265137,6.620164394378662
803,2.143237829208374,6.614595890045166
804,-12.485980987548828,6.590868949890137
805,3.260194778442383,6.586736679077148
806,3.281355857849121,6.582640647888184
807,1.74778413772583,6.576656341552734
808,-3.0941476821899414,6.56470251083374
809,0.6138355731964111,6.5573554039001465
810,-3.7678637504577637,6.544623851776123
811,-0.08987078070640564,6.5364532470703125
812,3.796210765838623,6.533082962036133
813,2.074779510498047,6.527606010437012
814,1.1647694110870361,6.521025657653809
815,3.170973300933838,6.51692008972168
816,1.5609444379806519,6.5108537673950195
817,-2.1172497272491455,6.500306129455566
818,-0.39147627353668213,6.491891384124756
819,0.22605371475219727,6.484250068664551
820,0.49369338154792786,6.476953029632568
821,-3.1894466876983643,6.465193748474121
822,-3.9045472145080566,6.4525933265686035
823,-0.40995803475379944,6.444264888763428
824,3.69821834564209,6.440936088562012
825,-1.341865062713623,6.431514263153076
826,-5.802358627319336,6.416721343994141
827,2.1496880054473877,6.4115681648254395
828,5.772749900817871,6.410797595977783
829,-0.14001303911209106,6.402904987335205
830,-6.994907855987549,6.386782169342041
831,-3.027695417404175,6.375466346740723
832,0.2580778896808624,6.3681230545043945
833,-3.5812807083129883,6.356193542480469
834,-1.9907467365264893,6.346197128295898
835,1.3824366331100464,6.340259552001953
836,1.2202813625335693,6.334142684936523
837,-3.5439796447753906,6.322354793548584
838,-9.294698715209961,6.303740501403809
839,1.6751301288604736,6.2982306480407715
840,1.7127327919006348,6.292778491973877
841,1.0654045343399048,6.286570072174072
842,-1.3678128719329834,6.277490139007568
843,-0.6016618013381958,6.269339561462402
844,0.747617781162262,6.262804985046387
845,-0.5849605202674866,6.254710674285889
846,-2.5122432708740234,6.244360446929932
847,0.8068006038665771,6.237947940826416
848,-5.121052265167236,6.2245683670043945
849,-4.98498010635376,6.211380958557129
850,3.0816097259521484,6.207703113555908
851,-0.688664436340332,6.19960880279541
852,-0.19725121557712555,6.19210958480835
853,-3.541048765182495,6.180712699890137
854,-2.266756057739258,6.170832633972168
855,-1.703009009361267,6.16163444519043
856,-1.989187240600586,6.15212345123291
857,0.062280748039484024,6.145025730133057
858,0.39797309041023254,6.138335227966309
859,-0.5002589225769043,6.130615711212158
860,-1.2531126737594604,6.122040271759033
861,-2.4589462280273438,6.112085342407227
862,-1.1401246786117554,6.103682041168213
863,-6.030188083648682,6.0896382331848145
864,1.7333831787109375,6.084601879119873
865,-2.201688051223755,6.075033664703369
866,-0.3129512369632721,6.0676655769348145
867,3.562424659729004,6.064779281616211
868,-2.9004600048065186,6.054462909698486
869,12.604985237121582,6.061992168426514
870,11.311128616333008,6.068018436431885
871,11.082483291625977,6.0737690925598145
872,12.742744445800781,6.0814080238342285
873,12.1577787399292,6.08836030960083
874,12.968220710754395,6.0962233543396
875,13.654228210449219,6.104851245880127
876,9.693500518798828,6.108942985534668
877,14.62633991241455,6.1186442375183105
878,13.102468490600586,6.126589298248291
879,12.132549285888672,6.133413791656494
880,6.806080341339111,6.1341776847839355
881,11.718050003051758,6.140508651733398
882,12.998043060302734,6.148274898529053
883,13.048063278198242,6.1560797691345215
884,12.178091049194336,6.162884712219238
885,12.27444076538086,6.169782638549805
886,13.629648208618164,6.178193092346191
887,12.871681213378906,6.185730457305908
888,13.532885551452637,6.193994998931885
889,14.699125289916992,6.203551292419434
890,13.406180381774902,6.211635112762451
891,13.259414672851562,6.219536304473877
892,13.182609558105469,6.2273335456848145
893,12.887920379638672,6.23478364944458
894,12.499727249145508,6.241783142089844
895,11.666431427001953,6.247837543487549
896,14.699097633361816,6.257259368896484
897,11.31828784942627,6.262895584106445
898,14.95716667175293,6.272566318511963
899,12.42031478881836,6.279397010803223
900,14.438153266906738,6.2884521484375
901,11.76641845703125,6.294525623321533
902,9.142903327941895,6.297680377960205
903,10.406599044799805,6.302225589752197
904,9.206153869628906,6.305434226989746
905,13.343450546264648,6.313202381134033
906,10.243310928344727,6.317535400390625
907,13.867106437683105,6.325849533081055
908,7.868544578552246,6.327547073364258
909,14.233647346496582,6.336235523223877
910,16.01545524597168,6.346860408782959
911,11.203699111938477,6.3521857261657715
912,13.795748710632324,6.3603386878967285
913,8.63140869140625,6.362823486328125
914,12.100801467895508,6.369094371795654
915,10.353370666503906,6.373444080352783
916,8.776633262634277,6.376064777374268
917,14.416311264038086,6.384823799133301
918,11.873458862304688,6.390796184539795
919,14.21700382232666,6.3993024826049805
920,8.733691215515137,6.401837348937988
921,16.28160285949707,6.412553310394287
922,11.332643508911133,6.417883396148682
923,10.051325798034668,6.421815872192383
924,12.551382064819336,6.428442478179932
925,10.39516830444336,6.43272590637207
926,14.474257469177246,6.441400527954102
927,14.009842872619629,6.44955587387085
928,12.218555450439453,6.455766201019287
929,12.752270698547363,6.462536811828613
930,13.549188613891602,6.47014856338501
931,13.414216995239258,6.477599143981934
932,14.664902687072754,6.486374855041504
933,14.0027437210083,6.494422435760498
934,15.017600059509277,6.503538131713867
935,12.841140747070312,6.510309219360352
936,13.881062507629395,6.51817512512207
937,13.869709014892578,6.526012897491455
938,12.06089973449707,6.531907081604004
939,12.513540267944336,6.538270950317383
940,13.967876434326172,6.54616641998291
941,12.956731796264648,6.552971363067627
942,11.757944107055664,6.558490753173828
943,12.947283744812012,6.565258502960205
944,12.265172958374023,6.571290016174316
945,12.031999588012695,6.577062606811523
946,12.787412643432617,6.583621025085449
947,8.907831192016602,6.5860724449157715
948,15.410459518432617,6.595371246337891
949,9.49367618560791,6.598422050476074
950,12.60491943359375,6.604738235473633
951,14.402189254760742,6.612928867340088
952,12.097808837890625,6.6186842918396
953,11.54666805267334,6.623849868774414
954,10.746557235717773,6.628167152404785
955,11.387361526489258,6.633144855499268
956,10.723037719726562,6.637418746948242
957,11.466407775878906,6.642459392547607
958,12.700260162353516,6.648776054382324
959,11.515436172485352,6.65384578704834
960,14.570122718811035,6.662083625793457
961,14.445384979248047,6.6701741218566895
962,13.146000862121582,6.676898956298828
963,13.379035949707031,6.68385124206543
964,10.299592971801758,6.68759822845459
965,12.378561019897461,6.693489074707031
966,10.068427085876465,6.696979522705078
967,10.13846492767334,6.700534820556641
968,14.38769245147705,6.708467960357666
969,11.848349571228027,6.713766574859619
970,10.352924346923828,6.717514514923096
971,14.900450706481934,6.725933074951172
972,13.16754150390625,6.732553482055664
973,9.360057830810547,6.735250949859619
974,14.118813514709473,6.742823600769043
975,12.330156326293945,6.7485480308532715
976,13.494068145751953,6.755452632904053
977,15.894250869750977,6.764796733856201
978,16.53179359436035,6.774773120880127
979,13.626246452331543,6.781764507293701
980,12.134479522705078,6.7872209548950195
981,11.981290817260742,6.792510509490967
982,14.993473052978516,6.800853252410889
983,11.336417198181152,6.80546236038208
984,15.502470970153809,6.814291954040527
985,13.251798629760742,6.820821285247803
986,12.257402420043945,6.826329231262207
987,9.30579948425293,6.82883882522583
988,14.707059860229492,6.836804389953613
989,11.031717300415039,6.841041564941406
990,14.552480697631836,6.848823070526123
991,13.023056030273438,6.85504674911499
992,13.696518898010254,6.861936569213867
993,12.000202178955078,6.867105484008789
994,12.292832374572754,6.87255859375
995,12.02296257019043,6.877729892730713
996,12.05999755859375,6.882927417755127
997,10.019062995910645,6.8860697746276855
998,11.629890441894531,6.8908185958862305
999,14.14021110534668,6.898067951202393
1000,11.889256477355957,6.9030537605285645
1001,13.597347259521484,6.909734725952148
1002,12.448397636413574,6.915256500244141
1003,12.570586204528809,6.920889854431152
1004,12.984149932861328,6.926922798156738
1005,12.822917938232422,6.932783603668213
1006,13.200512886047363,6.9390082359313965
1007,13.873309135437012,6.945887565612793
1008,13.01439380645752,6.951901435852051
1009,12.168065071105957,6.957066059112549
1010,11.620745658874512,6.961678981781006
1011,12.296381950378418,6.966950416564941
1012,13.519721031188965,6.973418712615967
1013,11.11291790008545,6.977500915527344
1014,12.350605010986328,6.982794761657715
1015,14.179494857788086,6.989878177642822
1016,12.600480079650879,6.995395183563232
1017,11.400050163269043,6.999722003936768
1018,13.90317153930664,7.006496906280518
1019,13.61285400390625,7.012973308563232
1020,13.310423851013184,7.019141674041748
1021,13.121882438659668,7.025113105773926
1022,13.66372013092041,7.031602382659912
1023,13.465290069580078,7.0378851890563965
1024,14.670132637023926,7.045331001281738
1025,12.475221633911133,7.050623416900635
1026,13.60359001159668,7.057003974914551
1027,12.601700782775879,7.062397480010986
1028,12.230743408203125,7.067420482635498
1029,13.082537651062012,7.073260307312012
1030,12.925193786621094,7.0789361000061035
1031,13.822001457214355,7.085470199584961
1032,13.799345016479492,7.0919694900512695
1033,11.041803359985352,7.095789432525635
1034,14.699018478393555,7.10313606262207
1035,12.332069396972656,7.108182907104492
1036,10.379258155822754,7.111337661743164
1037,11.066234588623047,7.115147590637207
1038,12.631220817565918,7.120457172393799
1039,11.400403022766113,7.124572277069092
1040,11.923466682434082,7.129181861877441
1041,10.379332542419434,7.132301330566406
1042,9.877103805541992,7.134932518005371
1043,12.72886848449707,7.140291213989258
1044,9.39360237121582,7.142447471618652
1045,14.75353717803955,7.149723529815674
1046,10.536375999450684,7.152957916259766
1047,12.62088394165039,7.158175468444824
1048,12.780893325805664,7.1635355949401855
1049,14.50480842590332,7.170527458190918
1050,13.798341751098633,7.176833629608154
1051,13.617731094360352,7.182956218719482
1052,9.757282257080078,7.18540096282959
1053,13.334281921386719,7.191235065460205
1054,13.279851913452148,7.197005748748779
1055,11.866975784301758,7.201428413391113
1056,9.842729568481445,7.203927516937256
1057,12.573612213134766,7.20900297164917
1058,12.817876815795898,7.214299201965332
1059,12.624744415283203,7.219403266906738
1060,12.966781616210938,7.224820137023926
1061,12.777751922607422,7.230049133300781
1062,14.125833511352539,7.236536026000977
1063,13.201704978942871,7.242142677307129
1064,12.144067764282227,7.2467451095581055
1065,13.0137300491333,7.252155303955078
1066,13.159607887268066,7.257691860198975
1067,12.986350059509277,7.263055801391602
1068,13.919907569885254,7.269282817840576
1069,11.466755867004395,7.273205757141113
1070,10.365609169006348,7.276093006134033
1071,11.721749305725098,7.280240058898926
1072,11.57707691192627,7.284244537353516
1073,10.667106628417969,7.2873945236206055
1074,13.359708786010742,7.29304313659668
1075,12.143033981323242,7.297550678253174
1076,12.512275695800781,7.302392482757568
1077,12.052441596984863,7.306798934936523
1078,14.327274322509766,7.313304901123047
1079,14.185321807861328,7.319668292999268
1080,13.7072172164917,7.3255767822265625
1081,12.913304328918457,7.330740928649902
1082,14.968921661376953,7.337793827056885
1083,12.177658081054688,7.342258453369141
1084,13.54311752319336,7.347973346710205
1085,13.824910163879395,7.353937149047852
1086,12.672758102416992,7.358830451965332
1087,10.94430923461914,7.362125873565674
1088,12.916606903076172,7.367226600646973
1089,13.337244033813477,7.372703552246094
1090,12.884445190429688,7.377755641937256
1091,12.217888832092285,7.382187843322754
1092,13.135443687438965,7.387451171875
1093,11.935134887695312,7.391608238220215
1094,13.947904586791992,7.397595405578613
1095,13.34521770477295,7.403022289276123
1096,11.054630279541016,7.406351089477539
1097,12.541097640991211,7.411027431488037
1098,13.790730476379395,7.416832447052002
1099,12.80468463897705,7.4217305183410645
1100,13.34674072265625,7.427111625671387
1101,11.442313194274902,7.430755138397217
1102,11.430477142333984,7.43438196182251
1103,14.298848152160645,7.44059944152832
1104,10.903840065002441,7.443734169006348
1105,13.015385627746582,7.448771953582764
1106,11.34464168548584,7.452291488647461
1107,12.424527168273926,7.4567790031433105
1108,12.027082443237305,7.46090030670166
1109,12.397318840026855,7.465347766876221
1110,13.55197525024414,7.470826148986816
1111,13.819083213806152,7.476535320281982
1112,14.044304847717285,7.482435703277588
1113,14.322759628295898,7.488576889038086
1114,11.182555198669434,7.491889476776123
1115,14.441580772399902,7.498116970062256
1116,15.016471862792969,7.504848003387451
1117,12.810216903686523,7.509593486785889
1118,14.396482467651367,7.515748023986816
1119,14.743049621582031,7.522201061248779
1120,13.562397956848145,7.527589321136475
1121,13.743104934692383,7.5331292152404785
1122,13.924637794494629,7.538820743560791
1123,12.452801704406738,7.5431928634643555
1124,15.031072616577148,7.549849033355713
1125,13.905266761779785,7.555493354797363
1126,13.382254600524902,7.560663223266602
1127,14.571941375732422,7.566878795623779
1128,14.13118839263916,7.57269287109375
1129,14.900728225708008,7.579177379608154
1130,13.142165184020996,7.584096431732178
1131,14.325165748596191,7.590051651000977
1132,14.28112506866455,7.595957279205322
1133,12.593461036682129,7.600364685058594
1134,14.880741119384766,7.606779098510742
1135,13.247326850891113,7.611744403839111
1136,12.03526496887207,7.615634441375732
1137,13.193241119384766,7.620535850524902
1138,14.63395881652832,7.626693248748779
1139,15.030632972717285,7.633187770843506
1140,12.873705863952637,7.637780666351318
1141,13.829660415649414,7.643203258514404
1142,13.694280624389648,7.648497104644775
1143,14.368879318237305,7.654372215270996
1144,13.367505073547363,7.659361362457275
1145,11.986035346984863,7.663136959075928
1146,13.322415351867676,7.6680707931518555
1147,9.089090347290039,7.669308662414551
1148,6.588265419006348,7.668367385864258
1149,7.904056549072266,7.668572425842285
1150,8.419778823852539,7.669225215911865
1151,9.118006706237793,7.670483112335205
1152,7.999781608581543,7.670768737792969
1153,8.048627853393555,7.671096324920654
1154,9.385213851928711,7.672580242156982
1155,5.95977258682251,7.671098709106445
1156,9.164284706115723,7.672389030456543
1157,8.650375366210938,7.673233509063721
1158,8.402132034301758,7.673862457275391
1159,8.524759292602539,7.674595832824707
1160,9.420724868774414,7.676100254058838
1161,8.36630916595459,7.676693916320801
1162,9.056398391723633,7.67788028717041
1163,10.077582359313965,7.679941654205322
1164,9.642867088317871,7.681626319885254
1165,9.109598159790039,7.6828508377075195
1166,8.115897178649902,7.68322229385376
1167,7.649552822113037,7.683193206787109
1168,8.244627952575684,7.683672904968262
1169,8.06161117553711,7.683996200561523
1170,8.964227676391602,7.685089111328125
1171,8.381430625915527,7.685683727264404
1172,9.460906982421875,7.687196731567383
1173,7.221484184265137,7.686800479888916
1174,9.227246284484863,7.688111782073975
1175,9.392030715942383,7.689560413360596
1176,9.606119155883789,7.691188812255859
1177,9.837319374084473,7.693010330200195
1178,7.348494529724121,7.692718505859375
1179,8.733251571655273,7.693600177764893
1180,8.86699104309082,7.694593906402588
1181,10.130146026611328,7.696654319763184
1182,8.688648223876953,7.697492599487305
1183,9.511820793151855,7.6990251541137695
1184,6.708052635192871,7.698188781738281
1185,9.556329727172852,7.699755668640137
1186,9.385281562805176,7.701176166534424
1187,8.942262649536133,7.702220916748047
1188,8.778542518615723,7.703125953674316
1189,8.893304824829102,7.704126358032227
1190,8.351025581359863,7.704668998718262
1191,7.273716926574707,7.7043070793151855
1192,8.27087688446045,7.704782009124756
1193,9.619214057922363,7.706385135650635
1194,8.263110160827637,7.706850528717041
1195,9.543134689331055,7.708385944366455
1196,7.583835124969482,7.708281993865967
1197,9.924367904663086,7.710132122039795
1198,9.914705276489258,7.711971282958984
1199,10.584590911865234,7.714365005493164
1200,10.215608596801758,7.716447830200195
1201,11.140917778015137,7.719296932220459
1202,6.512335777282715,7.7182936668396
1203,9.077201843261719,7.719422340393066
1204,9.130343437194824,7.720592975616455
1205,10.110410690307617,7.722574234008789
1206,8.800930976867676,7.723467826843262
1207,6.663181304931641,7.72258996963501
1208,8.260077476501465,7.723034381866455
1209,6.257419109344482,7.721823215484619
1210,10.445033073425293,7.724072456359863
1211,7.180309295654297,7.723623752593994
1212,7.8314690589904785,7.72371244430542
1213,9.394968032836914,7.725088596343994
1214,8.515253067016602,7.725739479064941
1215,10.218406677246094,7.727789402008057
1216,5.75442361831665,7.726168632507324
1217,5.082309722900391,7.723997592926025
1218,8.06985855102539,7.7242817878723145
1219,8.821944236755371,7.725181579589844
1220,6.397469520568848,7.724094390869141
1221,9.573806762695312,7.7256083488464355
1222,10.365510940551758,7.727766513824463
1223,9.194082260131836,7.728964805603027
1224,10.222658157348633,7.7310004234313965
1225,9.065727233886719,7.732089042663574
1226,10.347600936889648,7.734220504760742
1227,9.555809020996094,7.735703945159912
1228,10.682310104370117,7.738101482391357
1229,9.507704734802246,7.7395405769348145
1230,10.321573257446289,7.741637706756592
1231,9.561750411987305,7.743114948272705
1232,8.475452423095703,7.743709087371826
1233,9.24868392944336,7.74492883682251
1234,8.935482025146484,7.7458930015563965
1235,8.544275283813477,7.7465386390686035
1236,8.980334281921387,7.7475361824035645
1237,10.227669715881348,7.749539375305176
1238,9.03715705871582,7.7505784034729
1239,9.851235389709473,7.752273082733154
1240,10.22408390045166,7.7542643547058105
1241,11.265019416809082,7.7570905685424805
1242,9.263821601867676,7.758302688598633
1243,9.469141960144043,7.759677886962891
1244,9.51315689086914,7.7610859870910645
1245,9.512722969055176,7.762491703033447
1246,5.862809181213379,7.7609686851501465
1247,11.426291465759277,7.763906002044678
1248,9.092829704284668,7.764969825744629
1249,9.52013874053955,7.766374111175537
1250,8.450471878051758,7.766921043395996
1251,10.247140884399414,7.768901824951172
1252,10.472583770751953,7.771059513092041
1253,10.85816764831543,7.773521423339844
1254,9.480683326721191,7.774881839752197
1255,9.94253921508789,7.776607513427734
1256,10.241039276123047,7.778568267822266
1257,10.233620643615723,7.780519485473633
1258,9.270330429077148,7.781702995300293
1259,9.47494125366211,7.783046722412109
1260,8.480422019958496,7.783599853515625
1261,9.96306037902832,7.7853264808654785
1262,9.396093368530273,7.786602020263672
1263,9.608419418334961,7.78804349899292
1264,9.345168113708496,7.789274215698242
1265,8.0529203414917,7.789482116699219
1266,9.486875534057617,7.7908220291137695
1267,9.947160720825195,7.79252290725708
1268,9.906661987304688,7.794188499450684
1269,10.023594856262207,7.795943737030029
1270,9.106637001037598,7.7969746589660645
1271,10.706700325012207,7.799262523651123
1272,12.126422882080078,7.802661418914795
1273,9.887214660644531,7.804297924041748
1274,10.706009864807129,7.806573867797852
1275,9.013448715209961,7.807519912719727
1276,9.839348793029785,7.809110641479492
1277,9.09281063079834,7.810115337371826
1278,10.902596473693848,7.812532901763916
1279,7.657227993011475,7.812411308288574
1280,10.576539993286133,7.814568996429443
1281,10.660045623779297,7.816788673400879
1282,9.59557819366455,7.818175315856934
1283,10.346790313720703,7.8201446533203125
1284,10.630155563354492,7.822330951690674
1285,9.706090927124023,7.823795795440674
1286,9.246295928955078,7.824901103973389
1287,10.087777137756348,7.826657772064209
1288,9.89987564086914,7.828266143798828
1289,9.983657836914062,7.829936504364014
1290,9.942793846130371,7.831573009490967
1291,10.520084381103516,7.833653926849365
1292,9.78316879272461,7.8351616859436035
1293,9.93713665008545,7.83678674697876
1294,10.244136810302734,7.8386454582214355
1295,9.93391227722168,7.840261936187744
1296,10.213855743408203,7.842092037200928
1297,9.329548835754395,7.84323787689209
1298,10.178643226623535,7.845035552978516
1299,9.032894134521484,7.845949649810791
1300,8.238712310791016,7.846251010894775
1301,8.645649909973145,7.846865177154541
1302,7.991366863250732,7.846975803375244
1303,8.172390937805176,7.847225666046143
1304,8.235478401184082,7.847523212432861
1305,6.969568729400635,7.846850872039795
1306,10.298765182495117,7.848726749420166
1307,7.455487251281738,7.84842586517334
1308,8.863423347473145,7.849201202392578
1309,8.557616233825684,7.8497419357299805
1310,9.15468978881836,7.85073709487915
1311,9.508596420288086,7.852000713348389
1312,8.644588470458984,7.852604389190674
1313,8.370640754699707,7.852999210357666
1314,10.023346900939941,7.854649543762207
1315,9.43947982788086,7.855854034423828
1316,8.02175235748291,7.8559794425964355
1317,11.053579330444336,7.858406066894531
1318,10.690106391906738,7.860552787780762
1319,11.49483871459961,7.863306522369385
1320,9.989336967468262,7.86491584777832
1321,11.91765022277832,7.867981433868408
1322,10.94607162475586,7.8703083992004395
1323,10.239530563354492,7.872097492218018
1324,10.12662124633789,7.8737993240356445
1325,11.43183708190918,7.8764824867248535
1326,9.302873611450195,7.877557277679443
1327,12.015379905700684,7.880673408508301
1328,8.295127868652344,7.880985260009766
1329,8.263671875,7.881272792816162
1330,8.96170711517334,7.882084846496582
1331,9.727005004882812,7.883469581604004
1332,9.547566413879395,7.88471794128418
1333,9.903133392333984,7.886231422424316
1334,11.174173355102539,7.888693809509277
1335,9.677865982055664,7.890032768249512
1336,11.539636611938477,7.892763137817383
1337,10.505865097045898,7.894715785980225
1338,10.15604019165039,7.89640474319458
1339,9.732829093933105,7.897775173187256
1340,10.966812133789062,7.900063514709473
1341,10.813850402832031,7.9022345542907715
1342,10.133968353271484,7.903896331787109
1343,9.596160888671875,7.905155181884766
1344,8.117141723632812,7.905312538146973
1345,9.954883575439453,7.906835556030273
1346,9.557671546936035,7.9080610275268555
1347,10.211469650268555,7.9097700119018555
1348,10.469621658325195,7.911667823791504
1349,9.258871078491211,7.912665843963623
1350,11.731867790222168,7.915492057800293
1351,10.440062522888184,7.917359828948975
1352,10.534452438354492,7.9192938804626465
1353,8.671270370483398,7.919848918914795
1354,10.118578910827637,7.92147159576416
1355,10.806058883666992,7.923598289489746
1356,9.80135726928711,7.92498254776001
1357,9.673445701599121,7.926270484924316
1358,9.209701538085938,7.927214622497559
1359,9.55316162109375,7.928410053253174
1360,9.977662086486816,7.929915904998779
1361,10.17896842956543,7.9315667152404785
1362,7.532444477081299,7.931273937225342
1363,8.73441219329834,7.9318623542785645
1364,9.817526817321777,7.933243751525879
1365,10.670145988464355,7.935247421264648
1366,8.91330623626709,7.935962677001953
1367,10.403356552124023,7.937766075134277
1368,11.528491973876953,7.940389156341553
1369,8.445363998413086,7.940757751464844
1370,8.189963340759277,7.940939903259277
1371,8.71870231628418,7.941506385803223
1372,7.393200874328613,7.941107749938965
1373,9.506542205810547,7.942246913909912
1374,11.352832794189453,7.944727420806885
1375,9.727155685424805,7.946022987365723
1376,11.249550819396973,7.948422431945801
1377,10.894989967346191,7.950560092926025
1378,11.190184593200684,7.95290994644165
1379,11.513662338256836,7.9554901123046875
1380,11.220035552978516,7.9578537940979
1381,10.27617359161377,7.959531307220459
1382,11.549995422363281,7.962127208709717
1383,12.225637435913086,7.965208053588867
1384,10.0823392868042,7.966736316680908
1385,9.502538681030273,7.967844486236572
1386,8.870431900024414,7.968494892120361
1387,9.044290542602539,7.969269752502441
1388,9.658968925476074,7.970486640930176
1389,10.330790519714355,7.972184658050537
1390,8.20793342590332,7.972354412078857
1391,10.303009986877441,7.974028587341309
1392,9.955665588378906,7.975451469421387
1393,11.36529541015625,7.9778828620910645
1394,8.468218803405762,7.97823429107666
1395,10.390871047973633,7.979962348937988
1396,9.183937072753906,7.980823993682861
1397,10.472077369689941,7.982605457305908
1398,10.479649543762207,7.9843902587890625
1399,8.1310396194458,7.984495162963867
1400,8.000171661376953,7.984506130218506
1401,10.536819458007812,7.986326694488525
1402,11.378575325012207,7.988744735717773
1403,8.958545684814453,7.98943567276001
1404,10.7645263671875,7.991411209106445
1405,9.965147972106934,7.992814540863037
1406,10.14622688293457,7.994345188140869
1407,9.64419937133789,7.995517253875732
1408,9.7070894241333,7.996732234954834
1409,10.125555992126465,7.998242378234863
1410,10.619815826416016,8.000100135803223
1411,9.939043998718262,8.001473426818848
1412,10.094842910766602,8.002955436706543
1413,10.001581192016602,8.004368782043457
1414,8.675703048706055,8.004843711853027
1415,9.420485496520996,8.005843162536621
1416,10.25909423828125,8.007433891296387
1417,10.203706741333008,8.00898265838623
1418,9.3187837600708,8.009904861450195
1419,7.595157146453857,8.009613037109375
1420,9.056150436401367,8.01034927368164
1421,10.265580177307129,8.011935234069824
1422,7.258146286010742,8.011404991149902
1423,8.19700813293457,8.01153564453125
1424,9.366950035095215,8.012487411499023
1425,10.610258102416992,8.01430892944336
1426,12.216662406921387,8.017253875732422
1427,12.056546211242676,8.020082473754883
1428,8.865182876586914,8.020673751831055
1429,11.071304321289062,8.022807121276855
1430,11.8981351852417,8.02551555633545
1431,12.284722328186035,8.02849006652832
1432,12.219086647033691,8.031414031982422
1433,11.790971755981445,8.034035682678223
1434,8.691130638122559,8.034494400024414
1435,14.853899002075195,8.0392427444458
1436,10.41323471069336,8.040894508361816
1437,12.229598999023438,8.043807029724121
1438,13.786169052124023,8.047798156738281
1439,10.801135063171387,8.04970932006836
1440,8.390931129455566,8.049946784973145
1441,11.231704711914062,8.052152633666992
1442,11.646060943603516,8.054643630981445
1443,10.78493595123291,8.056534767150879
1444,8.34235954284668,8.056732177734375
1445,13.416986465454102,8.060439109802246
1446,11.180386543273926,8.06259536743164
1447,12.047587394714355,8.065347671508789
1448,10.155501365661621,8.066790580749512
1449,11.395621299743652,8.069086074829102
1450,11.457324981689453,8.071420669555664
1451,9.252501487731934,8.072235107421875
1452,12.419391632080078,8.075225830078125
1453,13.520283699035645,8.078970909118652
1454,11.116171836853027,8.081058502197266
1455,12.494878768920898,8.084090232849121
1456,10.089073181152344,8.085466384887695
1457,13.424092292785645,8.089127540588379
1458,8.738726615905762,8.08957290649414
1459,11.143610000610352,8.09166431427002
1460,14.009303092956543,8.095715522766113
1461,9.654789924621582,8.096781730651855
1462,10.458601951599121,8.098396301269531
1463,10.072388648986816,8.09974479675293
1464,10.639752388000488,8.101478576660156
1465,10.94194221496582,8.103416442871094
1466,13.85493278503418,8.10733699798584
1467,10.453115463256836,8.10893440246582
1468,14.234923362731934,8.113104820251465
1469,11.065279006958008,8.115113258361816
1470,9.535314559936523,8.11607837677002
1471,11.519491195678711,8.118391036987305
1472,9.231302261352539,8.119146347045898
1473,10.813984870910645,8.120975494384766
1474,10.089964866638184,8.122309684753418
1475,11.472134590148926,8.124579429626465
1476,11.800300598144531,8.127068519592285
1477,13.560871124267578,8.130743980407715
1478,12.958711624145508,8.13400936126709
1479,11.904129028320312,8.136556625366211
1480,9.438732147216797,8.137435913085938
1481,10.831119537353516,8.139252662658691
1482,10.277101516723633,8.140694618225098
1483,11.652318000793457,8.143060684204102
1484,10.958520889282227,8.144957542419434
1485,13.686532974243164,8.148686408996582
1486,9.53061294555664,8.149615287780762
1487,10.975730895996094,8.151515007019043
1488,13.132791519165039,8.154860496520996
1489,9.3817777633667,8.155683517456055
1490,9.282978057861328,8.156439781188965
1491,10.266499519348145,8.157854080200195
1492,11.379341125488281,8.160011291503906
1493,11.184488296508789,8.162035942077637
1494,10.795955657958984,8.163798332214355
1495,11.25384521484375,8.165863990783691
1496,9.479998588562012,8.166741371154785
1497,12.20138168334961,8.169434547424316
1498,11.378813743591309,8.171575546264648
1499,10.809760093688965,8.173335075378418
1500,7.165062427520752,8.172662734985352
1501,11.402913093566895,8.174814224243164
1502,8.592275619506836,8.175090789794922
1503,8.922027587890625,8.17558765411377
1504,13.441230773925781,8.179086685180664
1505,10.336111068725586,8.180519104003906
1506,12.399185180664062,8.183318138122559
1507,10.54426097869873,8.184884071350098
1508,9.052817344665527,8.18545913696289
1509,9.4277982711792,8.186281204223633
1510,10.282180786132812,8.187668800354004
1511,9.388214111328125,8.18846321105957
1512,9.075323104858398,8.189048767089844
1513,11.028594017028809,8.190924644470215
1514,10.707714080810547,8.192585945129395
1515,9.42879581451416,8.193401336669922
1516,10.87923526763916,8.195171356201172
1517,9.54056453704834,8.19605827331543
1518,10.878419876098633,8.197824478149414
1519,10.73257827758789,8.199491500854492
1520,8.859773635864258,8.199925422668457
1521,10.380248069763184,8.2013578414917
1522,12.319562911987305,8.204061508178711
1523,10.502328872680664,8.20556926727295
1524,10.61690902709961,8.207151412963867
1525,12.50993824005127,8.209970474243164
1526,10.447498321533203,8.211435317993164
1527,11.35750675201416,8.213494300842285
1528,10.753437042236328,8.215155601501465
1529,11.318565368652344,8.217184066772461
1530,10.984240531921387,8.21899127960205
1531,11.677755355834961,8.2212495803833
1532,9.637993812561035,8.222173690795898
1533,10.423139572143555,8.223608016967773
1534,10.519420623779297,8.225103378295898
1535,11.377367973327637,8.227155685424805
1536,12.094110488891602,8.229671478271484
1537,9.987203598022461,8.230813980102539
1538,10.649591445922852,8.232385635375977
1539,9.385518074035645,8.233134269714355
1540,12.460853576660156,8.235877990722656
1541,11.793670654296875,8.23818588256836
1542,10.714223861694336,8.239789962768555
1543,10.786972045898438,8.241439819335938
1544,10.280137062072754,8.242759704589844
1545,6.248633861541748,8.241470336914062
1546,11.925933837890625,8.243851661682129
1547,12.340588569641113,8.246498107910156
1548,11.954861640930176,8.248891830444336
1549,10.960926055908203,8.250641822814941
1550,9.790085792541504,8.25163459777832
1551,8.678301811218262,8.251909255981445
1552,11.67819881439209,8.25411605834961
1553,12.847695350646973,8.257071495056152
1554,11.250065803527832,8.25899600982666
1555,10.506647109985352,8.260440826416016
1556,11.03500747680664,8.262223243713379
1557,10.05663013458252,8.263374328613281
1558,12.902185440063477,8.266350746154785
1559,12.274760246276855,8.268919944763184
1560,11.585993766784668,8.271044731140137
1561,10.285835266113281,8.272335052490234
1562,11.262489318847656,8.274248123168945
1563,11.76004409790039,8.276476860046387
1564,11.79537296295166,8.278724670410156
1565,12.022710800170898,8.281115531921387
1566,10.592245101928711,8.28258991241455
1567,11.169632911682129,8.284431457519531
1568,9.950858116149902,8.285493850708008
1569,12.109855651855469,8.28792953491211
1570,10.215415954589844,8.289155960083008
1571,11.697507858276367,8.291324615478516
1572,11.824774742126465,8.293570518493652
1573,10.105600357055664,8.294722557067871
1574,13.161993980407715,8.297812461853027
1575,11.29377269744873,8.299713134765625
1576,13.057670593261719,8.302730560302734
1577,11.001032829284668,8.30444049835205
1578,12.638040542602539,8.307185173034668
1579,10.89149284362793,8.308820724487305
1580,11.22392463684082,8.310664176940918
1581,9.39856243133545,8.311351776123047
1582,13.761835098266602,8.314794540405273
1583,11.967700958251953,8.31710147857666
1584,14.089570045471191,8.320743560791016
1585,11.253812789916992,8.322592735290527
1586,11.734155654907227,8.324742317199707
1587,9.196412086486816,8.325291633605957
1588,12.363748550415039,8.327832221984863
1589,10.690759658813477,8.329318046569824
1590,13.275579452514648,8.332427024841309
1591,10.811549186706543,8.333984375
1592,12.921733856201172,8.336864471435547
1593,12.283345222473145,8.339340209960938
1594,9.135248184204102,8.339838981628418
1595,12.02696704864502,8.34214973449707
1596,12.162960052490234,8.344541549682617
1597,11.884876251220703,8.346756935119629
1598,13.319300651550293,8.34986686706543
1599,13.13459587097168,8.35285758972168
1600,11.106698989868164,8.354578018188477
1601,13.740233421325684,8.357939720153809
1602,13.403890609741211,8.361087799072266
1603,11.776985168457031,8.3632173538208
1604,12.584365844726562,8.365846633911133
1605,13.209699630737305,8.368863105773926
1606,11.37971305847168,8.370737075805664
1607,9.298089027404785,8.37131404876709
1608,14.53244400024414,8.375143051147461
1609,10.8934326171875,8.376707077026367
1610,11.883737564086914,8.378883361816406
1611,11.783051490783691,8.380995750427246
1612,12.565707206726074,8.383589744567871
1613,12.336193084716797,8.386038780212402
1614,11.368816375732422,8.387886047363281
1615,11.50938606262207,8.389817237854004
1616,13.561676979064941,8.39301586151123
1617,13.9976806640625,8.396480560302734
1618,12.450111389160156,8.3989839553833
1619,14.859140396118164,8.402972221374512
1620,11.706171035766602,8.405009269714355
1621,14.832930564880371,8.40897274017334
1622,12.442822456359863,8.411458015441895
1623,12.0104398727417,8.413674354553223
1624,13.962363243103027,8.417088508605957
1625,13.00929069519043,8.419913291931152
1626,13.66337776184082,8.423135757446289
1627,13.084670066833496,8.42599868774414
1628,12.883079528808594,8.42873477935791
1629,9.30434799194336,8.429272651672363
1630,12.152519226074219,8.431554794311523
1631,12.088155746459961,8.433794975280762
1632,10.469030380249023,8.435041427612305
1633,12.448233604431152,8.43749713897705
1634,11.916423797607422,8.439624786376953
1635,8.677414894104004,8.439770698547363
1636,13.945082664489746,8.443134307861328
1637,12.171467781066895,8.44541072845459
1638,11.656937599182129,8.447369575500488
1639,14.757888793945312,8.451217651367188
1640,12.134225845336914,8.453461647033691
1641,8.452028274536133,8.453460693359375
1642,11.874045372009277,8.45554256439209
1643,14.214256286621094,8.45904541015625
1644,13.28993034362793,8.461982727050781
1645,11.157308578491211,8.46362018585205
1646,6.438507080078125,8.462389945983887
1647,14.392403602600098,8.465988159179688
1648,15.210948944091797,8.470078468322754
1649,7.925874710083008,8.469749450683594
1650,9.080705642700195,8.47011947631836
1651,7.350244045257568,8.469441413879395
1652,9.307694435119629,8.469948768615723
1653,8.50284481048584,8.469968795776367
1654,11.504941940307617,8.471802711486816
1655,15.0471830368042,8.475772857666016
1656,12.596853256225586,8.478260040283203
1657,11.249185562133789,8.479930877685547
1658,8.99687671661377,8.480242729187012
1659,8.13253116607666,8.480033874511719
1660,11.679558753967285,8.481959342956543
1661,5.680891990661621,8.480274200439453
1662,6.265162467956543,8.47894287109375
1663,11.805164337158203,8.480940818786621
1664,8.211227416992188,8.480778694152832
1665,7.248567581176758,8.480039596557617
1666,10.953984260559082,8.481523513793945
1667,8.641206741333008,8.481619834899902
1668,7.159461975097656,8.480827331542969
1669,7.3598313331604,8.480155944824219
1670,4.778361797332764,8.477940559387207
1671,11.427359580993652,8.479704856872559
1672,10.694437026977539,8.48102855682373
1673,5.660782814025879,8.479344367980957
1674,8.956361770629883,8.479628562927246
1675,9.392099380493164,8.480173110961914
1676,8.354693412780762,8.480098724365234
1677,7.0544633865356445,8.479249000549316
1678,6.1022515296936035,8.47783374786377
1679,10.459460258483887,8.479012489318848
1680,9.184625625610352,8.479432106018066
1681,12.174738883972168,8.481629371643066
1682,11.672906875610352,8.483525276184082
1683,15.367408752441406,8.4876127243042
1684,14.264629364013672,8.491042137145996
1685,13.898521423339844,8.49424934387207
1686,13.463397026062012,8.49719524383545
1687,10.030073165893555,8.498103141784668
1688,10.470770835876465,8.49927043914795
1689,13.542098999023438,8.502254486083984
1690,11.374162673950195,8.503952980041504
1691,10.018266677856445,8.50484848022461
1692,15.928821563720703,8.509233474731445
1693,14.613598823547363,8.512836456298828
1694,11.372196197509766,8.51452350616455
1695,11.732385635375977,8.516420364379883
1696,11.907167434692383,8.51841926574707
1697,11.52783203125,8.520191192626953
1698,12.697147369384766,8.522649765014648
1699,8.807000160217285,8.52281665802002
1700,9.370864868164062,8.5233154296875
1701,8.532811164855957,8.523321151733398
1702,9.275809288024902,8.523763656616211
1703,7.2389726638793945,8.523009300231934
1704,8.818634033203125,8.52318286895752
1705,9.463034629821777,8.523733139038086
1706,9.527190208435059,8.524321556091309
1707,8.829907417297363,8.524500846862793
1708,7.669806480407715,8.52400016784668
1709,9.250816345214844,8.524425506591797
1710,9.620331764221191,8.525065422058105
1711,7.562143325805664,8.524503707885742
1712,9.401293754577637,8.525015830993652
1713,7.099457263946533,8.524184226989746
1714,9.13853931427002,8.524541854858398
1715,5.647736072540283,8.522865295410156
1716,9.827871322631836,8.523625373840332
1717,6.127390384674072,8.522231101989746
1718,6.840202808380127,8.521251678466797
1719,5.567222595214844,8.519535064697266
1720,-4.126657962799072,8.512186050415039
1721,9.589799880981445,8.512811660766602
1722,-4.009986877441406,8.505544662475586
1723,11.900931358337402,8.507513999938965
1724,7.948508262634277,8.507189750671387
1725,6.52138614654541,8.5060396194458
1726,13.19964599609375,8.508756637573242
1727,7.4456305503845215,8.50814151763916
1728,7.048768520355225,8.50729751586914
1729,9.810028076171875,8.508049964904785
1730,6.700606822967529,8.50700569152832
1731,10.01183032989502,8.507874488830566
1732,7.83023738861084,8.50748348236084
1733,5.958951950073242,8.506013870239258
1734,7.838156700134277,8.50562858581543
1735,9.796920776367188,8.506372451782227
1736,7.793764114379883,8.505962371826172
1737,8.165299415588379,8.505765914916992
1738,8.065430641174316,8.505513191223145
1739,8.019420623779297,8.505233764648438
1740,7.780704021453857,8.504817008972168
1741,5.20651912689209,8.502923965454102
1742,8.237892150878906,8.502771377563477
1743,7.717665672302246,8.502321243286133
1744,6.3407063484191895,8.501082420349121
1745,7.702170372009277,8.500625610351562
1746,7.893366813659668,8.500277519226074
1747,10.324212074279785,8.501320838928223
1748,7.450701713562012,8.500720977783203
1749,8.874262809753418,8.500934600830078
1750,8.599081993103027,8.50098991394043
1751,8.370099067687988,8.50091552734375
1752,7.878050327301025,8.50055980682373
1753,9.410696029663086,8.501078605651855
1754,9.94841194152832,8.501903533935547
1755,8.546086311340332,8.501928329467773
1756,9.953813552856445,8.502755165100098
1757,9.622814178466797,8.503392219543457
1758,8.120307922363281,8.503174781799316
1759,10.123139381408691,8.504095077514648
1760,11.018243789672852,8.505522727966309
1761,10.902166366577148,8.506882667541504
1762,8.886621475219727,8.507098197937012
1763,9.2096529006958,8.50749683380127
1764,9.005712509155273,8.507779121398926
1765,8.998712539672852,8.508057594299316
1766,8.115196228027344,8.507835388183594
1767,8.46725082397461,8.507811546325684
1768,7.791234016418457,8.507407188415527
1769,7.673147201538086,8.506935119628906
1770,8.28695297241211,8.506811141967773
1771,8.274134635925293,8.50667953491211
1772,9.325056076049805,8.507142066955566
1773,7.653820514678955,8.506660461425781
1774,9.730964660644531,8.50735092163086
1775,7.880010604858398,8.506998062133789
1776,8.295317649841309,8.506877899169922
1777,9.242231369018555,8.507291793823242
1778,10.215145111083984,8.508251190185547
1779,8.138150215148926,8.50804328918457
1780,8.5216646194458,8.508050918579102
1781,8.666275978088379,8.508139610290527
1782,8.582635879516602,8.50818157196045
1783,9.33460807800293,8.508645057678223
1784,8.236153602600098,8.508492469787598
1785,8.201455116271973,8.508320808410645
1786,7.9988298416137695,8.508035659790039
1787,7.021663665771484,8.507204055786133
1788,10.000789642333984,8.508039474487305
1789,9.889932632446289,8.508810997009277
1790,10.310352325439453,8.509817123413086
1791,8.775592803955078,8.509964942932129
1792,9.103914260864258,8.510295867919922
1793,9.144307136535645,8.510649681091309
1794,7.86824893951416,8.510292053222656
1795,8.285947799682617,8.510167121887207
1796,8.458012580871582,8.510137557983398
1797,7.735899925231934,8.5097074508667
1798,8.909046173095703,8.509929656982422
1799,8.667996406555176,8.510017395019531
1800,8.536495208740234,8.510031700134277
1801,8.125490188598633,8.509819030761719
1802,5.449866771697998,8.508121490478516
1803,7.183704376220703,8.507387161254883
1804,6.946310043334961,8.506523132324219
1805,8.162843704223633,8.506332397460938
1806,9.114194869995117,8.506669044494629
1807,7.711726188659668,8.506229400634766
1808,9.18614387512207,8.50660514831543
1809,8.644379615783691,8.506681442260742
1810,9.503034591674805,8.507231712341309
1811,8.52525806427002,8.507242202758789
1812,9.700185775756836,8.507899284362793
1813,8.951026916503906,8.50814437866211
1814,10.714612007141113,8.509360313415527
1815,12.361302375793457,8.511481285095215
1816,12.340761184692383,8.513588905334473
1817,11.909307479858398,8.515456199645996
1818,12.423789978027344,8.51760482788086
1819,12.580656051635742,8.519837379455566
1820,12.346986770629883,8.521939277648926
1821,12.394464492797852,8.524065017700195
1822,13.454504013061523,8.526768684387207
1823,13.354668617248535,8.52941608428955
1824,12.855199813842773,8.53178596496582
1825,11.956432342529297,8.533661842346191
1826,12.364541053771973,8.535758018493652
1827,12.728994369506836,8.53805160522461
1828,12.904266357421875,8.540438652038574
1829,13.095101356506348,8.542927742004395
1830,13.211786270141602,8.545477867126465
1831,12.648390769958496,8.547717094421387
1832,13.6214599609375,8.550484657287598
1833,12.148741722106934,8.552446365356445
1834,12.213632583618164,8.554442405700684
1835,11.635645866394043,8.556120872497559
1836,12.036865234375,8.558015823364258
1837,12.574067115783691,8.560200691223145
1838,12.410385131835938,8.562294006347656
1839,12.48084545135498,8.564423561096191
1840,11.80578327178955,8.566184043884277
1841,11.514091491699219,8.567784309387207
1842,12.887123107910156,8.570127487182617
1843,11.807989120483398,8.571883201599121
1844,12.345558166503906,8.573928833007812
1845,11.729026794433594,8.575637817382812
1846,12.660280227661133,8.577849388122559
1847,12.187976837158203,8.579802513122559
1848,12.000532150268555,8.581652641296387
1849,10.978368759155273,8.582948684692383
1850,11.195066452026367,8.584360122680664
1851,12.678640365600586,8.586570739746094
1852,12.446752548217773,8.588653564453125
1853,10.778472900390625,8.589835166931152
1854,11.978312492370605,8.59166145324707
1855,12.906737327575684,8.593986511230469
1856,11.847192764282227,8.595738410949707
1857,13.081730842590332,8.598153114318848
1858,12.350316047668457,8.600171089172363
1859,12.562775611877441,8.602301597595215
1860,12.507596015930176,8.604400634765625
1861,15.119385719299316,8.607898712158203
1862,15.896942138671875,8.611811637878418
1863,15.15716552734375,8.615323066711426
1864,14.61376667022705,8.618538856506348
1865,14.085030555725098,8.621468544006348
1866,15.238332748413086,8.625012397766113
1867,14.990165710449219,8.628419876098633
1868,14.858341217041016,8.631752967834473
1869,14.55882453918457,8.634922981262207
1870,14.256009101867676,8.637927055358887
1871,13.721723556518555,8.640643119812012
1872,13.75463581085205,8.643373489379883
1873,13.638940811157227,8.646039009094238
1874,14.126038551330566,8.648961067199707
1875,14.145574569702148,8.651891708374023
1876,14.152029037475586,8.654821395874023
1877,14.316476821899414,8.6578369140625
1878,14.33450698852539,8.660858154296875
1879,15.011960983276367,8.664236068725586
1880,15.26906967163086,8.667747497558594
1881,15.669938087463379,8.671467781066895
1882,14.60200309753418,8.674617767333984
1883,14.214848518371582,8.677557945251465
1884,14.9104642868042,8.680864334106445
1885,14.30661392211914,8.683847427368164
1886,14.78720474243164,8.687082290649414
1887,14.503927230834961,8.690162658691406
1888,14.826545715332031,8.693410873413086
1889,15.144940376281738,8.696824073791504
1890,14.026690483093262,8.6996431350708
1891,14.547882080078125,8.70273494720459
1892,14.770488739013672,8.705939292907715
1893,14.61357593536377,8.70905876159668
1894,11.652935028076172,8.710611343383789
1895,13.565630912780762,8.713172912597656
1896,11.94500732421875,8.714877128601074
1897,14.080647468566895,8.717703819274902
1898,14.742474555969238,8.72087574005127
1899,14.345466613769531,8.723835945129395
1900,14.244928359985352,8.726739883422852
1901,14.082183837890625,8.7295560836792
1902,12.830857276916504,8.731710433959961
1903,14.333577156066895,8.734652519226074
1904,15.187987327575684,8.73803997039795
1905,12.111391067504883,8.7398099899292
1906,13.199899673461914,8.742148399353027
1907,12.681294441223145,8.744213104248047
1908,12.114752769470215,8.745979309082031
1909,11.610836029052734,8.747479438781738
1910,11.639084815979004,8.748991966247559
1911,13.193765640258789,8.751317024230957
1912,13.665533065795898,8.753886222839355
1913,12.653093338012695,8.755922317504883
1914,11.932120323181152,8.757580757141113
1915,13.412359237670898,8.760010719299316
1916,12.604314804077148,8.762015342712402
1917,13.023033142089844,8.764237403869629
1918,13.08376693725586,8.766488075256348
1919,12.627640724182129,8.768498420715332
1920,12.829222679138184,8.770612716674805
1921,11.163406372070312,8.771858215332031
1922,13.256280899047852,8.774189949035645
1923,12.853898048400879,8.776309967041016
1924,13.585348129272461,8.77880859375
1925,12.798104286193848,8.780896186828613
1926,12.470375061035156,8.782811164855957
1927,13.731767654418945,8.785378456115723
1928,11.207734107971191,8.786633491516113
1929,12.774191856384277,8.78869915008545
1930,10.311274528503418,8.7894868850708
1931,11.699172019958496,8.790993690490723
1932,14.194124221801758,8.793787956237793
1933,13.384443283081055,8.796161651611328
1934,15.282364845275879,8.799514770507812
1935,14.764880180358887,8.802596092224121
1936,14.126070976257324,8.805344581604004
1937,14.857739448547363,8.808467864990234
1938,14.525960922241211,8.811416625976562
1939,13.257514953613281,8.813708305358887
1940,14.035736083984375,8.816398620605469
1941,14.238357543945312,8.81919002532959
1942,13.527621269226074,8.821613311767578
1943,13.80012321472168,8.824174880981445
1944,13.184346199035645,8.826416015625
1945,13.22395133972168,8.828676223754883
1946,14.181364059448242,8.831425666809082
1947,13.336180686950684,8.83373737335205
1948,14.047212600708008,8.83641242980957
1949,14.458072662353516,8.839296340942383
1950,14.370299339294434,8.842131614685059
1951,13.865385055541992,8.844704627990723
1952,13.474570274353027,8.847075462341309
1953,11.036003112792969,8.84819507598877
1954,15.386472702026367,8.851539611816406
1955,15.793235778808594,8.855088233947754
1956,15.719018936157227,8.858595848083496
1957,14.033485412597656,8.861238479614258
1958,14.993437767028809,8.86436939239502
1959,12.580965995788574,8.866264343261719
1960,12.49281120300293,8.86811351776123
1961,13.635841369628906,8.87054443359375
1962,13.93889331817627,8.873126029968262
1963,13.52256965637207,8.875494003295898
1964,14.136720657348633,8.878171920776367
1965,13.259978294372559,8.880400657653809
1966,13.778305053710938,8.882889747619629
1967,12.985370635986328,8.88497543334961
1968,12.791587829589844,8.886959075927734
1969,13.252580642700195,8.889174461364746
1970,12.906417846679688,8.891212463378906
1971,13.02962875366211,8.893311500549316
1972,10.910882949829102,8.894332885742188
1973,13.689288139343262,8.89676284790039
1974,13.842841148376465,8.899267196655273
1975,12.154425621032715,8.900914192199707
1976,11.047469139099121,8.902000427246094
1977,11.9303560256958,8.903531074523926
1978,12.746087074279785,8.905472755432129
1979,12.04521369934082,8.907057762145996
1980,13.057703971862793,8.909153938293457
1981,12.995182037353516,8.911215782165527
1982,13.194514274597168,8.913375854492188
1983,13.583045959472656,8.915730476379395
1984,14.143928527832031,8.918364524841309
1985,12.694707870483398,8.920266151428223
1986,12.404092788696289,8.922019958496094
1987,13.031095504760742,8.924086570739746
1988,13.943781852722168,8.926609992980957
1989,14.253291130065918,8.92928695678711
1990,13.420034408569336,8.93154239654541
1991,12.729557991027832,8.933449745178223
1992,13.038267135620117,8.93550968170166
1993,12.630678176879883,8.937362670898438
1994,14.006644248962402,8.939903259277344
1995,13.780416488647461,8.942329406738281
1996,13.186084747314453,8.944454193115234
1997,14.716663360595703,8.947342872619629
1998,12.800485610961914,8.949270248413086
1999,13.839012145996094,8.951715469360352
2000,13.224994659423828,8.953850746154785
2001,11.566657066345215,8.955156326293945
2002,14.263443946838379,8.957806587219238
2003,8.565720558166504,8.957611083984375
2004,10.192989349365234,8.958227157592773
2005,8.766273498535156,8.958131790161133
2006,8.15977668762207,8.957734107971191
2007,8.331326484680176,8.957422256469727
2008,10.856632232666016,8.958368301391602
2009,9.729085922241211,8.95875072479248
2010,8.543304443359375,8.958544731140137
2011,10.754884719848633,8.959437370300293
2012,9.346389770507812,8.959630012512207
2013,8.944894790649414,8.959622383117676
2014,8.953250885009766,8.959619522094727
2015,9.4224271774292,8.959848403930664
2016,10.282257080078125,8.960504531860352
2017,7.735963344573975,8.959897994995117
2018,7.052330493927002,8.958953857421875
2019,10.977340698242188,8.959952354431152
2020,4.437728404998779,8.957714080810547
2021,9.007326126098633,8.957738876342773
2022,4.796431541442871,8.955682754516602
2023,8.833069801330566,8.955622673034668
2024,10.715963363647461,8.95649242401123
2025,10.174535751342773,8.957093238830566
2026,6.646187782287598,8.955952644348145
2027,12.719917297363281,8.957809448242188
2028,8.234145164489746,8.957452774047852
2029,10.582742691040039,8.958252906799316
2030,6.614909648895264,8.957099914550781
2031,5.434138774871826,8.955365180969238
2032,10.719244003295898,8.956233024597168
2033,10.294188499450684,8.956891059875488
2034,9.591854095458984,8.957202911376953
2035,9.3760404586792,8.957408905029297
2036,6.9438629150390625,8.9564208984375
2037,8.233674049377441,8.956066131591797
2038,10.854496955871582,8.956997871398926
2039,9.218560218811035,8.957125663757324
2040,7.8804731369018555,8.956598281860352
2041,8.259390830993652,8.956257820129395
2042,8.277477264404297,8.955924987792969
2043,7.719486236572266,8.95531940460205
2044,15.133710861206055,8.958340644836426
2045,7.023405075073242,8.95739459991455
2046,9.5,8.957659721374512
2047,9.434910774230957,8.957893371582031
2048,6.968608856201172,8.95692253112793
2049,7.933600425720215,8.95642375946045
2050,8.044694900512695,8.955979347229004
2051,8.076175689697266,8.955550193786621
2052,7.852031707763672,8.955012321472168
2053,7.508697509765625,8.954307556152344
2054,9.16500473022461,8.9544095993042
2055,6.940293312072754,8.95343017578125
2056,7.5159220695495605,8.952731132507324
2057,5.221881866455078,8.950918197631836
2058,8.915549278259277,8.950901985168457
2059,9.250730514526367,8.95104694366455
2060,8.446946144104004,8.950801849365234
2061,8.346664428710938,8.950509071350098
2062,8.879511833190918,8.95047378540039
2063,8.529190063476562,8.95026969909668
2064,7.623608112335205,8.949626922607422
2065,8.814297676086426,8.949562072753906
2066,4.76630163192749,8.947537422180176
2067,8.514796257019043,8.947328567504883
2068,10.951356887817383,8.948297500610352
2069,6.805596351623535,8.947261810302734
2070,9.042182922363281,8.947308540344238
2071,7.6508469581604,8.94668197631836
2072,8.363119125366211,8.94640064239502
2073,6.694883823394775,8.94531536102295
2074,7.066134929656982,8.944409370422363
2075,6.468120574951172,8.943217277526855
2076,3.800184965133667,8.940741539001465
2077,6.387032985687256,8.939512252807617
2078,4.405438423156738,8.937332153320312
2079,7.001523494720459,8.9364013671875
2080,8.117684364318848,8.936007499694824
2081,5.5824785232543945,8.934396743774414
2082,6.950454235076904,8.93344497680664
2083,5.346755504608154,8.931723594665527
2084,7.235594272613525,8.93091106414795
2085,7.075127601623535,8.930021286010742
2086,8.273947715759277,8.929706573486328
2087,5.863584518432617,8.928237915039062
2088,6.894226551055908,8.927264213562012
2089,8.005179405212402,8.926823616027832
2090,5.804477691650391,8.92533016204834
2091,7.557423114776611,8.924675941467285
2092,6.413013935089111,8.92347526550293
2093,7.194856643676758,8.922650337219238
2094,6.78972053527832,8.921631813049316
2095,11.441259384155273,8.922833442687988
2096,5.922055244445801,8.921402931213379
2097,7.820611476898193,8.920878410339355
2098,5.71105432510376,8.91934871673584
2099,4.209059715270996,8.917105674743652
2100,-0.31238821148872375,8.912713050842285
2101,0.6203751564025879,8.908767700195312
2102,8.442840576171875,8.908546447753906
2103,0.8813444375991821,8.904731750488281
2104,5.690667629241943,8.903204917907715
2105,5.162720203399658,8.90142822265625
2106,2.3025410175323486,8.898296356201172
2107,2.3012046813964844,8.895166397094727
2108,1.6322742700576782,8.8917236328125
2109,-0.4164101183414459,8.887311935424805
2110,2.8831231594085693,8.884468078613281
2111,2.729010581970215,8.881552696228027
2112,3.491802453994751,8.879002571105957
2113,2.3184237480163574,8.875899314880371
2114,0.4241657257080078,8.871902465820312
2115,4.895845413208008,8.870023727416992
2116,3.9812376499176025,8.867713928222656
2117,1.4493523836135864,8.864212036132812
2118,1.1229593753814697,8.86055850982666
2119,1.5607211589813232,8.857114791870117
2120,3.9729299545288086,8.854812622070312
2121,4.280033111572266,8.852656364440918
2122,1.6495126485824585,8.849263191223145
2123,1.2934465408325195,8.84570598602295
2124,1.7261669635772705,8.842355728149414
2125,4.754631519317627,8.840432167053223
2126,2.2798428535461426,8.837347984313965
2127,4.203903675079346,8.835169792175293
2128,0.15043766796588898,8.831090927124023
2129,-0.6202223300933838,8.826653480529785
2130,-0.6708706021308899,8.822196960449219
2131,-0.48106494545936584,8.81783390045166
2132,-1.461411476135254,8.81301498413086
2133,0.7123466730117798,8.809218406677246
2134,1.229860544204712,8.805668830871582
2135,2.7094199657440186,8.802814483642578
2136,0.11059056967496872,8.798748016357422
2137,0.3005186915397644,8.79477310180664
2138,2.174398422241211,8.791677474975586
2139,1.3950144052505493,8.78822135925293
2140,1.253682255744934,8.78470230102539
2141,-0.8004202842712402,8.780226707458496
2142,-0.6412244439125061,8.77583122253418
2143,2.8721327781677246,8.773077964782715
2144,14.943041801452637,8.775954246520996
2145,13.936363220214844,8.778358459472656
2146,14.614665985107422,8.78107738494873
2147,14.979958534240723,8.783963203430176
2148,14.935883522033691,8.786826133728027
2149,14.236067771911621,8.789360046386719
2150,13.025733947753906,8.791329383850098
2151,13.837909698486328,8.79367446899414
2152,13.845462799072266,8.796021461486816
2153,14.14999008178711,8.798506736755371
2154,14.01146411895752,8.800926208496094
2155,14.571382522583008,8.803603172302246
2156,15.714456558227539,8.806807518005371
2157,13.779650688171387,8.809111595153809
2158,14.197834968566895,8.811607360839844
2159,14.250754356384277,8.814125061035156
2160,14.01972770690918,8.816534042358398
2161,14.799880981445312,8.81930160522461
2162,14.667930603027344,8.822005271911621
2163,13.929290771484375,8.824365615844727
2164,12.480378150939941,8.826054573059082
2165,13.339387893676758,8.82813835144043
2166,15.260605812072754,8.831106185913086
2167,14.969141006469727,8.833937644958496
2168,12.919135093688965,8.835821151733398
2169,13.685246467590332,8.838056564331055
2170,12.959338188171387,8.839954376220703
2171,14.93455696105957,8.84276008605957
2172,14.558859825134277,8.845390319824219
2173,12.272354125976562,8.846966743469238
2174,14.23557186126709,8.849444389343262
2175,12.774580955505371,8.851248741149902
2176,14.494487762451172,8.853840827941895
2177,13.304142951965332,8.855883598327637
2178,14.301015853881836,8.858383178710938
2179,14.249563217163086,8.860856056213379
2180,14.353429794311523,8.863374710083008
2181,13.96909236907959,8.865714073181152
2182,14.468881607055664,8.868280410766602
2183,14.328601837158203,8.870780944824219
2184,16.370386123657227,8.874213218688965
2185,15.046670913696289,8.877037048339844
2186,15.67929458618164,8.880147933959961
2187,14.426814079284668,8.882682800292969
2188,14.002847671508789,8.885022163391113
2189,14.57345199584961,8.887619972229004
2190,12.890128135681152,8.889446258544922
2191,13.590538024902344,8.89159107208252
2192,14.06866455078125,8.893951416015625
2193,13.354408264160156,8.895983695983887
2194,15.021681785583496,8.898775100708008
2195,14.346076011657715,8.901254653930664
2196,11.843240737915039,8.902594566345215
2197,12.935998916625977,8.90442943572998
2198,14.591704368591309,8.907015800476074
2199,14.420670509338379,8.909521102905273
2200,15.960512161254883,8.912725448608398
2201,14.030131340026855,8.915048599243164
2202,14.078173637390137,8.91739273071289
2203,14.800683975219727,8.920062065124512
2204,15.401144027709961,8.923001289367676
2205,14.725793838500977,8.925631523132324
2206,13.704763412475586,8.927797317504883
2207,15.850377082824707,8.93093204498291
2208,14.282829284667969,8.933355331420898
2209,15.77342414855957,8.936450004577637
2210,13.645856857299805,8.938580513000488
2211,13.0640230178833,8.940445899963379
2212,12.076309204101562,8.941862106323242
2213,15.242480278015137,8.944707870483398
2214,12.726776123046875,8.946415901184082
2215,15.577069282531738,8.949407577514648
2216,14.127846717834473,8.951743125915527
2217,14.80500316619873,8.954381942749023
2218,14.973946571350098,8.957094192504883
2219,12.682172775268555,8.958772659301758
2220,13.494623184204102,8.960814476013184
2221,-0.1538485586643219,8.956711769104004
2222,2.168703079223633,8.953658103942871
2223,4.207136631011963,8.951523780822754
2224,1.6682162284851074,8.948250770568848
2225,4.377504348754883,8.946196556091309
2226,0.7857091426849365,8.942532539367676
2227,0.08824297785758972,8.938557624816895
2228,1.0439945459365845,8.935016632080078
2229,4.5066304206848145,8.933030128479004
2230,1.8778355121612549,8.9298677444458
2231,0.1357852667570114,8.925928115844727
2232,1.0900777578353882,8.922418594360352
2233,0.5506687164306641,8.918671607971191
2234,2.207033395767212,8.915668487548828
2235,4.762372016906738,8.913810729980469
2236,5.0351457595825195,8.912076950073242
2237,6.481820106506348,8.910991668701172
2238,0.8764752149581909,8.907402992248535
2239,6.102151870727539,8.906150817871094
2240,2.362220287322998,8.903229713439941
2241,0.6251190900802612,8.899538040161133
2242,-1.2343512773513794,8.89501953125
2243,-2.7971839904785156,8.889809608459473
2244,3.664977788925171,8.887481689453125
2245,6.201842308044434,8.886285781860352
2246,3.6464266777038574,8.883954048156738
2247,-2.149724006652832,8.879045486450195
2248,6.6779890060424805,8.878066062927246
2249,3.7357747554779053,8.875781059265137
2250,4.129646301269531,8.873672485351562
2251,0.511817455291748,8.869958877563477
2252,2.6578381061553955,8.867201805114746
2253,7.9814453125,8.866809844970703
2254,1.1649606227874756,8.863393783569336
2255,-2.2920920848846436,8.85844898223877
2256,7.09445858001709,8.857666969299316
2257,-0.4909566640853882,8.853527069091797
2258,1.777266502380371,8.850394248962402
2259,1.5636250972747803,8.84717082977295
2260,6.616313934326172,8.846184730529785
2261,6.500272750854492,8.845147132873535
2262,4.542898654937744,8.843245506286621
2263,4.551459312438965,8.841349601745605
2264,3.881000518798828,8.839159965515137
2265,3.433044195175171,8.836774826049805
2266,5.085323333740234,8.83512020111084
2267,5.436079978942871,8.83362102508545
2268,2.461071491241455,8.830812454223633
2269,5.836726188659668,8.829493522644043
2270,0.5738419890403748,8.825858116149902
2271,4.6612162590026855,8.82402515411377
2272,4.2073211669921875,8.821993827819824
2273,0.8820649981498718,8.818502426147461
2274,2.3726108074188232,8.815670013427734
2275,3.722409725189209,8.813431739807129
2276,2.288386583328247,8.810566902160645
2277,-0.2353896200656891,8.806594848632812
2278,4.510616779327393,8.804709434509277
2279,3.8322019577026367,8.802528381347656
2280,0.13090068101882935,8.798727035522461
2281,0.9151505827903748,8.795272827148438
2282,2.776616096496582,8.79263687133789
2283,2.914320945739746,8.79006290435791
2284,-0.233009472489357,8.786114692687988
2285,4.166447639465332,8.784093856811523
2286,0.8809484243392944,8.780637741088867
2287,3.7073161602020264,8.778420448303223
2288,0.5532889366149902,8.774827003479004
2289,3.212575674057007,8.772397994995117
2290,2.2524750232696533,8.769551277160645
2291,1.0079600811004639,8.766165733337402
2292,6.80804967880249,8.765311241149902
2293,-6.094913959503174,8.758832931518555
2294,-1.071403980255127,8.754549980163574
2295,3.109297752380371,8.752091407775879
2296,1.8486088514328003,8.749085426330566
2297,4.179956436157227,8.74709701538086
2298,1.48203444480896,8.743936538696289
2299,4.730412483215332,8.742191314697266
2300,-3.1652235984802246,8.737016677856445
2301,2.5352964401245117,8.734322547912598
2302,0.12134707719087601,8.730582237243652
2303,7.314201354980469,8.729968070983887
2304,3.7365243434906006,8.727801322937012
2305,1.0727624893188477,8.724481582641602
2306,-11.4733304977417,8.715726852416992
2307,5.9696760177612305,8.714536666870117
2308,9.063013076782227,8.71468734741211
2309,2.3429176807403564,8.711929321289062
2310,3.737583637237549,8.709776878356934
2311,3.8574066162109375,8.70767879486084
2312,5.178508758544922,8.706151962280273
2313,4.440705299377441,8.704309463500977
2314,-2.615622043609619,8.699419975280762
2315,-3.4176242351531982,8.69418716430664
2316,-1.3970587253570557,8.68983268737793
2317,1.121298909187317,8.686567306518555
2318,5.124587535858154,8.68503189086914
2319,2.8927054405212402,8.682534217834473
2320,0.4746701121330261,8.678997993469238
2321,-1.6021300554275513,8.67457103729248
2322,0.9716126322746277,8.67125415802002
2323,1.8620357513427734,8.66832447052002
2324,-4.508244514465332,8.662656784057617
2325,-0.3369307219982147,8.658787727355957
2326,5.551815509796143,8.657452583312988
2327,7.0862884521484375,8.656777381896973
2328,4.034182548522949,8.654793739318848
2329,6.15021276473999,8.653718948364258
2330,4.943954944610596,8.65212631225586
2331,7.026353359222412,8.651429176330566
2332,3.8673624992370605,8.649378776550293
2333,-5.123320579528809,8.643477439880371
2334,7.479384422302246,8.64297866821289
2335,3.414187431335449,8.640740394592285
2336,4.095116138458252,8.638795852661133
2337,5.119986534118652,8.637290000915527
2338,0.7884660363197327,8.63393497467041
2339,-1.4527671337127686,8.629624366760254
2340,-2.7462096214294434,8.624764442443848
2341,-0.7588550448417664,8.620758056640625
2342,-6.257230758666992,8.614407539367676
2343,0.6866104602813721,8.6110258102417
2344,2.5135912895202637,8.60842514038086
2345,1.8947268724441528,8.60556411743164
2346,-1.1294480562210083,8.601415634155273
2347,-3.282813787460327,8.596354484558105
2348,5.4675798416137695,8.595022201538086
2349,9.286087036132812,8.595315933227539
2350,6.70704460144043,8.594512939453125
2351,-0.017273584380745888,8.590850830078125
2352,0.7036056518554688,8.587498664855957
2353,1.8178672790527344,8.584623336791992
2354,-1.7597174644470215,8.580230712890625
2355,0.14609870314598083,8.576650619506836
2356,-4.748693466186523,8.570998191833496
2357,1.3413658142089844,8.56793212890625
2358,2.798964500427246,8.565485954284668
2359,1.7153048515319824,8.562583923339844
2360,2.1379175186157227,8.559863090515137
2361,-0.5260105729103088,8.556015968322754
2362,5.746567249298096,8.554826736450195
2363,1.1962367296218872,8.551713943481445
2364,-1.90042245388031,8.547294616699219
2365,5.901167869567871,8.546175956726074
2366,-3.0914103984832764,8.541258811950684
2367,8.431135177612305,8.541213035583496
2368,2.504974842071533,8.538664817810059
2369,4.152915954589844,8.53681468963623
2370,-0.049107108265161514,8.533193588256836
2371,-0.05712725594639778,8.529571533203125
2372,1.0364140272140503,8.52641487121582
2373,3.3837451934814453,8.524248123168945
2374,3.187500476837158,8.522001266479492
2375,4.029300689697266,8.520110130310059
2376,1.2180860042572021,8.517038345336914
2377,-1.683453917503357,8.512748718261719
2378,7.220809459686279,8.512205123901367
2379,3.268315553665161,8.510002136230469
2380,3.403036117553711,8.507856369018555
2381,5.846615791320801,8.506739616394043
2382,3.765061855316162,8.504749298095703
2383,4.275447845458984,8.502975463867188
2384,1.6136279106140137,8.500086784362793
2385,6.7972869873046875,8.499373435974121
2386,4.3905110359191895,8.497652053833008
2387,2.0268425941467285,8.494941711425781
2388,3.3304765224456787,8.492780685424805
2389,0.8037512302398682,8.48956298828125
2390,-3.4195775985717773,8.484582901000977
2391,3.053649425506592,8.482311248779297
2392,9.3362455368042,8.482667922973633
2393,9.344430923461914,8.483028411865234
2394,-1.8677936792373657,8.478706359863281
2395,-1.3229191303253174,8.474616050720215
2396,-5.019224166870117,8.468986511230469
2397,-1.4464210271835327,8.464851379394531
2398,6.029778003692627,8.463835716247559
2399,5.609541416168213,8.462646484375
2400,5.448774337768555,8.46139144897461
2401,4.2522735595703125,8.459638595581055
2402,-2.857130765914917,8.45492935180664
2403,-3.909435510635376,8.449786186218262
2404,-8.22411823272705,8.442852973937988
2405,-2.193746328353882,8.438431739807129
2406,6.787318706512451,8.437746047973633
2407,1.808639645576477,8.434992790222168
2408,5.163304805755615,8.433634757995605
2409,-0.49505290389060974,8.429930686950684
2410,5.206994533538818,8.428593635559082
2411,0.8965337872505188,8.425471305847168
2412,-0.18368549644947052,8.421903610229492
2413,1.7641264200210571,8.419145584106445
2414,-0.3227803707122803,8.415525436401367
2415,1.0592010021209717,8.412480354309082
2416,4.163617134094238,8.410722732543945
2417,0.7907576560974121,8.407571792602539
2418,2.367069959640503,8.405074119567871
2419,1.0306487083435059,8.402027130126953
2420,4.126596927642822,8.400261878967285
2421,5.3064446449279785,8.3989839553833
2422,-1.359944224357605,8.394956588745117
2423,3.43967342376709,8.392912864685059
2424,-2.7125039100646973,8.38833236694336
2425,-3.3121700286865234,8.383509635925293
2426,-5.702369213104248,8.377705574035645
2427,-6.509501934051514,8.371574401855469
2428,2.8755316734313965,8.369311332702637
2429,1.6408981084823608,8.366541862487793
2430,-1.4314332008361816,8.36251163482666
2431,0.7842451930046082,8.359395980834961
2432,2.371894121170044,8.356934547424316
2433,-4.8525390625,8.351508140563965
2434,-0.7533848881721497,8.347768783569336
2435,10.556286811828613,8.348675727844238
2436,-1.1400678157806396,8.344781875610352
2437,-0.7040285468101501,8.341070175170898
2438,1.6184649467468262,8.338314056396484
2439,-2.3626930713653564,8.333928108215332
2440,-2.9902865886688232,8.329289436340332
2441,5.512438774108887,8.32813549041748
2442,-2.002974033355713,8.323905944824219
2443,3.5008740425109863,8.321932792663574
2444,2.9708666801452637,8.319744110107422
2445,-1.8904733657836914,8.315569877624512
2446,8.806024551391602,8.315770149230957
2447,0.6934249401092529,8.31265640258789
2448,-0.040322285145521164,8.309245109558105
2449,-8.698071479797363,8.3023042678833
2450,-1.0858757495880127,8.298473358154297
2451,5.930548191070557,8.297507286071777
2452,-1.0966836214065552,8.29367733001709
2453,-5.301687717437744,8.288137435913086
2454,-0.9490475654602051,8.284375190734863
2455,5.395451545715332,8.283198356628418
2456,0.08051898330450058,8.27985954284668
2457,5.028741836547852,8.278536796569824
2458,-0.08685093373060226,8.27513599395752
2459,-0.3905469477176666,8.271613121032715
2460,0.7184157371520996,8.26854419708252
2461,0.06440174579620361,8.265212059020996
2462,4.7319416999816895,8.263777732849121
2463,6.0205769538879395,8.262866973876953
2464,4.2390336990356445,8.261234283447266
2465,2.8799774646759033,8.259053230285645
2466,-0.6817492246627808,8.255428314208984
2467,1.9828600883483887,8.252886772155762
2468,-2.1922872066497803,8.2486572265625
2469,6.630592346191406,8.248002052307129
2470,0.03117157518863678,8.24467658996582
2471,3.0528368949890137,8.242576599121094
2472,2.125147819519043,8.240102767944336
2473,6.118925094604492,8.239245414733887
2474,7.532134056091309,8.238959312438965
2475,0.5675222873687744,8.235860824584961
2476,5.156858444213867,8.234618186950684
2477,6.166093349456787,8.233782768249512
2478,8.798162460327148,8.234010696411133
2479,1.125091552734375,8.231144905090332
2480,9.1842679977417,8.231528282165527
2481,2.0422511100769043,8.229035377502441
2482,1.522810459136963,8.226334571838379
2483,1.2026317119598389,8.223506927490234
2484,-0.5346747636795044,8.219982147216797
2485,-10.153388977050781,8.212591171264648
2486,-0.2586989402770996,8.209185600280762
2487,-4.504623889923096,8.204075813293457
2488,5.120944499969482,8.202836990356445
2489,-2.9379305839538574,8.198363304138184
2490,-2.8702359199523926,8.19391918182373
2491,4.737832069396973,8.192532539367676
2492,0.17232798039913177,8.189314842224121
2493,1.572672724723816,8.186661720275879
2494,-4.970959663391113,8.181388854980469
2495,-1.3245940208435059,8.177579879760742
2496,0.02786724641919136,8.17431640625
2497,1.2823902368545532,8.171557426452637
2498,3.770167827606201,8.169795989990234
2499,11.940254211425781,8.171303749084473
2500,12.207059860229492,8.172917366027832
2501,5.407533645629883,8.171813011169434
2502,12.022125244140625,8.17335033416748
2503,7.798610210418701,8.173200607299805
2504,13.451467514038086,8.175308227539062
2505,12.374258041381836,8.176983833312988
2506,9.5530424118042,8.177532196044922
2507,8.717302322387695,8.17774772644043
2508,11.966048240661621,8.1792573928833
2509,7.968128204345703,8.179173469543457
2510,7.2713212966918945,8.178812026977539
2511,9.40617847442627,8.179301261901855
2512,11.152070999145508,8.1804838180542
2513,12.535245895385742,8.18221664428711
2514,10.447004318237305,8.183116912841797
2515,8.403510093688965,8.183204650878906
2516,10.198105812072754,8.184004783630371
2517,9.245447158813477,8.184427261352539
2518,8.672863960266113,8.18462085723877
2519,7.641284465789795,8.184405326843262
2520,10.60759162902832,8.1853666305542
2521,10.898016929626465,8.186442375183105
2522,7.848743438720703,8.186308860778809
2523,8.594391822814941,8.186470031738281
2524,10.805234909057617,8.187506675720215
2525,9.728425979614258,8.188117027282715
2526,10.829815864562988,8.189162254333496
2527,6.406571865081787,8.188457489013672
2528,10.774906158447266,8.18947982788086
2529,11.888982772827148,8.19094181060791
2530,8.575456619262695,8.191094398498535
2531,9.057894706726074,8.191436767578125
2532,11.197795867919922,8.19262409210205
2533,10.212532043457031,8.193421363830566
2534,12.094501495361328,8.19495964050293
2535,10.061014175415039,8.195694923400879
2536,9.04369068145752,8.196029663085938
2537,7.193178176879883,8.195633888244629
2538,13.184523582458496,8.197598457336426
2539,11.70199203491211,8.198978424072266
2540,9.694178581237793,8.199565887451172
2541,10.086274147033691,8.200307846069336
2542,11.29594898223877,8.201525688171387
2543,10.600820541381836,8.202469825744629
2544,9.775558471679688,8.20308780670166
2545,7.966726303100586,8.202994346618652
2546,10.2327299118042,8.203791618347168
2547,9.492585182189941,8.204297065734863
2548,10.736572265625,8.205290794372559
2549,10.908173561096191,8.206350326538086
2550,12.058424949645996,8.207859992980957
2551,12.166839599609375,8.20941162109375
2552,11.063227653503418,8.210529327392578
2553,12.057047843933105,8.212035179138184
2554,13.063302040100098,8.213932991027832
2555,12.734871864318848,8.215702056884766
2556,8.270517349243164,8.215723991394043
2557,9.95130729675293,8.216402053833008
2558,6.990269660949707,8.215923309326172
2559,10.325709342956543,8.216747283935547
2560,13.21049690246582,8.218697547912598
2561,8.607027053833008,8.218849182128906
2562,7.8268232345581055,8.218695640563965
2563,8.204005241394043,8.218689918518066
2564,8.495168685913086,8.21879768371582
2565,9.760359764099121,8.219398498535156
2566,11.761272430419922,8.220778465270996
2567,11.779317855834961,8.222164154052734
2568,11.203811645507812,8.2233247756958
2569,13.652447700500488,8.22543716430664
2570,8.646551132202148,8.225601196289062
2571,11.671305656433105,8.226941108703613
2572,10.77614974975586,8.227931022644043
2573,10.07522201538086,8.228649139404297
2574,11.66177749633789,8.229982376098633
2575,7.229982376098633,8.229594230651855
2576,9.747156143188477,8.230183601379395
2577,10.525626182556152,8.231074333190918
2578,10.946745872497559,8.23212718963623
2579,8.64686107635498,8.232287406921387
2580,11.474732398986816,8.23354434967041
2581,12.525349617004395,8.235206604003906
2582,10.866122245788574,8.236224174499512
2583,9.096704483032227,8.236557960510254
2584,7.191522598266602,8.236153602600098
2585,10.438486099243164,8.237005233764648
2586,6.213128566741943,8.236223220825195
2587,11.851333618164062,8.23762035369873
2588,9.809307098388672,8.238226890563965
2589,11.963939666748047,8.239665985107422
2590,8.833879470825195,8.23989486694336
2591,6.793780326843262,8.239336967468262
2592,4.63622522354126,8.237947463989258
2593,8.862010955810547,8.238187789916992
2594,6.422999382019043,8.237488746643066
2595,7.53406286239624,8.23721694946289
2596,4.878039360046387,8.23592472076416
2597,6.1296539306640625,8.235113143920898
2598,4.177156448364258,8.233551979064941
2599,6.168745040893555,8.232757568359375
2600,5.635957717895508,8.231760025024414
2601,7.078823089599609,8.231316566467285
2602,4.673934459686279,8.229949951171875
2603,6.109194278717041,8.229135513305664
2604,6.053574085235596,8.228300094604492
2605,6.641660690307617,8.227691650390625
2606,6.720440864562988,8.227112770080566
2607,6.048141002655029,8.226278305053711
2608,4.7092604637146,8.224929809570312
2609,5.609172821044922,8.22392749786377
2610,2.07352614402771,8.221571922302246
2611,7.139881134033203,8.221158981323242
2612,3.3641133308410645,8.21929931640625
2613,4.215790271759033,8.217767715454102
2614,4.548558712005615,8.216364860534668
2615,2.8706717491149902,8.21432113647461
2616,6.178470134735107,8.213542938232422
2617,4.172307968139648,8.21199893951416
2618,4.602603435516357,8.210620880126953
2619,4.2967209815979,8.209127426147461
2620,4.009404182434082,8.207525253295898
2621,5.533419609069824,8.20650577545166
2622,4.110233783721924,8.204943656921387
2623,5.6454362869262695,8.203968048095703
2624,5.476077079772949,8.20292854309082
2625,4.46642541885376,8.201505661010742
2626,4.488066673278809,8.200092315673828
2627,4.9959917068481445,8.198873519897461
2628,6.531561851501465,8.198238372802734
2629,4.682694435119629,8.19690227508545
2630,5.144905090332031,8.1957426071167
2631,5.105310440063477,8.194568634033203
2632,6.031303405761719,8.193746566772461
2633,5.759247779846191,8.192822456359863
2634,3.038832902908325,8.190866470336914
2635,6.151604175567627,8.190093040466309
2636,5.00142765045166,8.188884735107422
2637,7.957766532897949,8.188796043395996
2638,2.5003108978271484,8.186640739440918
2639,5.548344612121582,8.185641288757324
2640,4.160104274749756,8.184117317199707
2641,8.030399322509766,8.184059143066406
2642,3.6382601261138916,8.182339668273926
2643,4.591767311096191,8.180981636047363
2644,4.238192081451416,8.17949104309082
2645,4.477828025817871,8.178092002868652
2646,4.9595537185668945,8.176876068115234
2647,5.546148300170898,8.175883293151855
2648,4.714602947235107,8.174576759338379
2649,4.464096546173096,8.173176765441895
2650,4.578250885009766,8.171820640563965
2651,5.700160980224609,8.17088794708252
2652,4.484150409698486,8.169498443603516
2653,6.953492641448975,8.16904067993164
2654,6.419014930725098,8.168381690979004
2655,5.055037021636963,8.167208671569824
2656,6.718892574310303,8.166664123535156
2657,5.526723861694336,8.165671348571777
2658,1.2374619245529175,8.163065910339355
2659,3.757237195968628,8.161409378051758
2660,5.484095096588135,8.16040325164795
2661,6.316924095153809,8.159710884094238
2662,5.1889567375183105,8.158595085144043
2663,6.55620813369751,8.157994270324707
2664,6.912844181060791,8.157526969909668
2665,5.891530990600586,8.156676292419434
2666,8.349309921264648,8.15674877166748
2667,7.634119033813477,8.156553268432617
2668,6.360232830047607,8.155879974365234
2669,7.71202278137207,8.15571403503418
2670,6.435083866119385,8.155069351196289
2671,5.449442386627197,8.154057502746582
2672,7.392513751983643,8.153772354125977
2673,6.976800441741943,8.153331756591797
2674,7.699948310852051,8.153162002563477
2675,6.587280750274658,8.15257740020752
2676,6.98023796081543,8.152139663696289
2677,7.7155046463012695,8.151976585388184
2678,12.950469017028809,8.153767585754395
2679,7.855682373046875,8.153656005859375
2680,9.811483383178711,8.154273986816406
2681,7.027210235595703,8.153854370117188
2682,8.141341209411621,8.153849601745605
2683,7.237761497497559,8.153508186340332
2684,8.793594360351562,8.153746604919434
2685,7.8632354736328125,8.153637886047363
2686,7.69473123550415,8.153467178344727
2687,7.96385383605957,8.153396606445312
2688,9.294961929321289,8.153820991516113
2689,7.676577568054199,8.153643608093262
2690,7.0213823318481445,8.153223037719727
2691,9.563383102416992,8.153746604919434
2692,7.508175373077393,8.1535062789917
2693,7.876410484313965,8.153403282165527
2694,11.20352840423584,8.154535293579102
2695,9.942666053771973,8.15519905090332
2696,8.874817848205566,8.155466079711914
2697,7.378173351287842,8.15517807006836
2698,6.763158321380615,8.154662132263184
2699,7.986601829528809,8.154600143432617
2700,8.434389114379883,8.154703140258789
2701,10.1629056930542,8.15544605255127
2702,5.454280853271484,8.154447555541992
2703,8.163431167602539,8.154450416564941
2704,6.403295516967773,8.153802871704102
2705,8.736281394958496,8.15401840209961
2706,6.159054756164551,8.153281211853027
2707,6.800747871398926,8.15278148651123
2708,6.313779354095459,8.15210247039795
2709,7.180383682250977,8.15174388885498
2710,8.257399559020996,8.151782989501953
2711,8.655091285705566,8.151968955993652
2712,9.282028198242188,8.152384757995605
2713,5.412893295288086,8.151374816894531
2714,8.425877571105957,8.15147590637207
2715,9.61616039276123,8.15201473236084
2716,7.408613681793213,8.151741027832031
2717,9.30195426940918,8.152164459228516
2718,9.916851043701172,8.152813911437988
2719,6.680691242218018,8.15227222442627
2720,7.489835739135742,8.152029037475586
2721,9.48010540008545,8.152517318725586
2722,8.305278778076172,8.152573585510254
2723,7.264959812164307,8.152247428894043
2724,7.494546890258789,8.152006149291992
2725,8.419197082519531,8.152104377746582
2726,8.798503875732422,8.152341842651367
2727,7.562995433807373,8.152125358581543
2728,6.432029724121094,8.151494979858398
2729,7.92320442199707,8.151412010192871
2730,5.903923511505127,8.150588989257812
2731,7.092082500457764,8.150200843811035
2732,6.267552375793457,8.14951229095459
2733,6.512564659118652,8.148913383483887
2734,6.968684196472168,8.148481369018555
2735,6.873189926147461,8.148015975952148
2736,7.905055999755859,8.147926330566406
2737,5.955911159515381,8.147125244140625
2738,7.682969093322754,8.146956443786621
2739,6.859910011291504,8.146486282348633
2740,6.453503608703613,8.145868301391602
2741,7.915361404418945,8.145785331726074
2742,7.898787975311279,8.145694732666016
2743,7.593698501586914,8.145493507385254
2744,7.543743133544922,8.14527416229248
2745,7.961954593658447,8.145207405090332
2746,7.717911720275879,8.145051956176758
2747,6.8353705406188965,8.144576072692871
2748,6.967935562133789,8.144147872924805
2749,8.217353820800781,8.144174575805664
2750,7.438361167907715,8.14391803741455
2751,8.299712181091309,8.143974304199219
2752,6.003248691558838,8.143197059631348
2753,10.620265007019043,8.144096374511719
2754,11.793951034545898,8.145421981811523
2755,12.4745512008667,8.146992683410645
2756,10.045345306396484,8.14768123626709
2757,9.829724311828613,8.148290634155273
2758,10.602132797241211,8.14918041229248
2759,8.340949058532715,8.149250030517578
2760,12.637422561645508,8.150875091552734
2761,10.536298751831055,8.151739120483398
2762,10.967846870422363,8.152758598327637
2763,11.919519424438477,8.154121398925781
2764,9.171246528625488,8.154489517211914
2765,10.922140121459961,8.155489921569824
2766,11.17895221710205,8.156582832336426
2767,8.953570365905762,8.15687084197998
2768,9.99891185760498,8.157535552978516
2769,11.335887908935547,8.158682823181152
2770,10.451297760009766,8.159510612487793
2771,11.3944673538208,8.160677909851074
2772,10.073202133178711,8.161367416381836
2773,10.386719703674316,8.162169456481934
2774,9.457841873168945,8.162635803222656
2775,12.035447120666504,8.164031028747559
2776,9.845247268676758,8.164636611938477
2777,11.607793807983398,8.165875434875488
2778,10.419546127319336,8.16668701171875
2779,10.656942367553711,8.167582511901855
2780,10.948698043823242,8.168582916259766
2781,8.173247337341309,8.168584823608398
2782,10.012359619140625,8.169246673583984
2783,10.929227828979492,8.170238494873047
2784,12.971311569213867,8.171961784362793
2785,11.405272483825684,8.17312240600586
2786,12.114749908447266,8.17453670501709
2787,11.997261047363281,8.175908088684082
2788,11.763975143432617,8.177194595336914
2789,13.73045825958252,8.179184913635254
2790,13.67918872833252,8.18115520477295
2791,10.259781837463379,8.181900024414062
2792,11.319628715515137,8.183023452758789
2793,9.478541374206543,8.183487892150879
2794,10.940877914428711,8.184473991394043
2795,11.499285697937012,8.185660362243652
2796,10.57717514038086,8.186515808105469
2797,10.745607376098633,8.187430381774902
2798,11.046396255493164,8.188451766967773
2799,10.474967002868652,8.189268112182617
2800,10.216854095458984,8.18999195098877
2801,10.079254150390625,8.190667152404785
2802,11.528936386108398,8.19185733795166
2803,11.946972846984863,8.193197250366211
2804,12.351188659667969,8.194679260253906
2805,12.42988109588623,8.196188926696777
2806,12.55158805847168,8.19774055480957
2807,12.470977783203125,8.199261665344238
2808,11.515936851501465,8.20044231414795
2809,11.951483726501465,8.201777458190918
2810,12.298188209533691,8.203234672546387
2811,11.163175582885742,8.2042875289917
2812,11.364020347595215,8.205410957336426
2813,11.96626091003418,8.206747055053711
2814,11.030967712402344,8.20775032043457
2815,10.586647987365723,8.208595275878906
2816,13.440370559692383,8.21045207977295
2817,11.498446464538574,8.211618423461914
2818,10.325316429138184,8.212368965148926
2819,12.955513954162598,8.21405029296875
2820,13.152419090270996,8.215801239013672
2821,11.66616439819336,8.217023849487305
2822,11.738418579101562,8.218271255493164
2823,12.337366104125977,8.219730377197266
2824,12.09442138671875,8.221101760864258
2825,10.695795059204102,8.221977233886719
2826,12.716937065124512,8.223567008972168
2827,13.562426567077637,8.225454330444336
2828,10.452360153198242,8.226242065429688
2829,12.79946517944336,8.22785758972168
2830,11.345542907714844,8.228959083557129
2831,11.701776504516602,8.230185508728027
2832,11.006932258605957,8.231165885925293
2833,11.45499038696289,8.232303619384766
2834,11.691667556762695,8.23352336883545
2835,11.938920021057129,8.234829902648926
2836,12.584687232971191,8.236363410949707
2837,12.37699031829834,8.237822532653809
2838,12.58930778503418,8.239355087280273
2839,12.594188690185547,8.240888595581055
2840,12.20579719543457,8.242283821105957
2841,11.517952919006348,8.243435859680176
2842,12.747091293334961,8.245020866394043
2843,12.965003967285156,8.24668025970459
2844,12.36986255645752,8.248128890991211
2845,10.383537292480469,8.248879432678223
2846,12.865594863891602,8.250500679016113
2847,12.875872611999512,8.252124786376953
2848,13.78419017791748,8.254066467285156
2849,13.11868667602539,8.255773544311523
2850,11.763501167297363,8.257003784179688
2851,11.412434577941895,8.258110046386719
2852,14.546613693237305,8.26031494140625
2853,12.816205024719238,8.261911392211914
2854,11.647337913513184,8.263096809387207
2855,13.317461967468262,8.264866828918457
2856,12.729344367980957,8.26642894744873
2857,11.3722505569458,8.267516136169434
2858,10.740163803100586,8.268381118774414
2859,12.102946281433105,8.269721984863281
2860,12.926836967468262,8.271349906921387
2861,12.085241317749023,8.272683143615723
2862,11.513681411743164,8.273815155029297
2863,12.01193904876709,8.27511978149414
2864,11.696125030517578,8.276313781738281
2865,12.524351119995117,8.277795791625977
2866,12.385774612426758,8.279229164123535
2867,12.873787879943848,8.280830383300781
2868,12.50800609588623,8.282303810119629
2869,12.098031997680664,8.2836332321167
2870,10.950555801391602,8.284562110900879
2871,5.072351455688477,8.283443450927734
2872,6.018780708312988,8.282655715942383
2873,8.096633911132812,8.282590866088867
2874,6.618814945220947,8.282011985778809
2875,5.155099868774414,8.280924797058105
2876,7.556981563568115,8.280673027038574
2877,7.121934413909912,8.280269622802734
2878,7.223045349121094,8.279902458190918
2879,4.27863073348999,8.27851390838623
2880,7.993712425231934,8.278414726257324
2881,7.793900489807129,8.278246879577637
2882,7.985703945159912,8.278144836425781
2883,7.9728193283081055,8.27803897857666
2884,4.742083549499512,8.276813507080078
2885,7.313568115234375,8.276480674743652
2886,5.934940338134766,8.27566909790039
2887,7.301336288452148,8.275331497192383
2888,7.747488975524902,8.27514934539795
2889,5.741246223449707,8.274272918701172
2890,8.777765274047852,8.274446487426758
2891,7.466236114501953,8.274168014526367
2892,6.961994647979736,8.273714065551758
2893,8.903202056884766,8.273931503295898
2894,2.4309988021850586,8.271913528442383
2895,4.9899210929870605,8.270780563354492
2896,6.704424858093262,8.27023983001709
2897,7.684703350067139,8.270037651062012
2898,7.595980644226074,8.269805908203125
2899,8.368435859680176,8.2698392868042
2900,6.552281856536865,8.269248008728027
2901,-0.7802048921585083,8.266129493713379
2902,7.4355788230896,8.265843391418457
2903,6.603745937347412,8.265271186828613
2904,6.292977333068848,8.264592170715332
2905,7.967580795288086,8.264490127563477
2906,7.362711429595947,8.264180183410645
2907,6.536411285400391,8.263586044311523
2908,5.996668338775635,8.26280689239502
2909,7.98826789855957,8.262712478637695
2910,6.16054105758667,8.26198959350586
2911,4.469518184661865,8.260686874389648
2912,7.606141090393066,8.260461807250977
2913,4.2351789474487305,8.25908088684082
2914,0.6150041222572327,8.256458282470703
2915,5.357555389404297,8.255464553833008
2916,7.548860549926758,8.25522232055664
2917,6.600337505340576,8.254654884338379
2918,7.1984663009643555,8.254293441772461
2919,6.283944129943848,8.253618240356445
2920,7.2126078605651855,8.25326156616211
2921,7.208757400512695,8.252903938293457
2922,4.45261287689209,8.251604080200195
2923,5.223397254943848,8.250568389892578
2924,6.053627014160156,8.24981689453125
2925,2.506765842437744,8.247854232788086
2926,6.343421936035156,8.247203826904297
2927,6.4510178565979,8.246589660644531
2928,4.9029951095581055,8.245448112487793
2929,5.316981315612793,8.2444486618042
2930,7.102499961853027,8.244058609008789
2931,5.626056671142578,8.243165969848633
2932,3.757817268371582,8.241637229919434
2933,6.1238932609558105,8.240914344787598
2934,7.923666954040527,8.240806579589844
2935,10.122424125671387,8.241447448730469
2936,5.42051362991333,8.240487098693848
2937,3.8829236030578613,8.239004135131836
2938,6.690176010131836,8.238476753234863
2939,7.135830402374268,8.238101959228516
2940,7.878964424133301,8.237979888916016
2941,6.281987190246582,8.237314224243164
2942,5.973808288574219,8.23654556274414
2943,5.666398525238037,8.235672950744629
2944,4.470204830169678,8.234394073486328
2945,4.926931381225586,8.233271598815918
2946,5.209685325622559,8.232245445251465
2947,2.5197901725769043,8.230307579040527
2948,3.197460651397705,8.228601455688477
2949,5.766915321350098,8.227766990661621
2950,6.480309963226318,8.227174758911133
2951,0.8254802227020264,8.2246675491333
2952,4.324626922607422,8.223346710205078
2953,5.395936012268066,8.222390174865723
2954,3.012561321258545,8.220626831054688
2955,3.3969359397888184,8.218994140625
2956,4.760952472686768,8.217824935913086
2957,4.5529632568359375,8.216586112976074
2958,5.124368667602539,8.21554183959961
2959,5.128219127655029,8.214498519897461
2960,4.471237659454346,8.213233947753906
2961,4.950506687164307,8.212133407592773
2962,4.950789928436279,8.21103286743164
2963,5.022307395935059,8.209956169128418
2964,6.315524101257324,8.209318161010742
2965,6.366166591644287,8.208696365356445
2966,6.447168350219727,8.208102226257324
2967,6.440511703491211,8.207507133483887
2968,4.548538684844971,8.20627498626709
2969,7.928407669067383,8.206180572509766
2970,3.703636646270752,8.204665184020996
2971,3.750840425491333,8.203166007995605
2972,3.036372184753418,8.201428413391113
2973,5.260909080505371,8.200440406799316
2974,6.045656681060791,8.199715614318848
2975,3.2960870265960693,8.198068618774414
2976,8.212615966796875,8.198073387145996
2977,4.2456512451171875,8.196745872497559
2978,4.8727803230285645,8.195630073547363
2979,3.2552788257598877,8.19397258758545
2980,4.377146244049072,8.192692756652832
2981,4.765024662017822,8.191543579101562
2982,4.736545085906982,8.190384864807129
2983,4.872780799865723,8.1892728805542
2984,6.626707077026367,8.188749313354492
2985,5.388554573059082,8.187811851501465
2986,4.022229194641113,8.186417579650879
2987,0.4406861960887909,8.183825492858887
2988,2.4568369388580322,8.181909561157227
2989,6.574921607971191,8.181371688842773
2990,7.1924591064453125,8.18104076385498
2991,7.9572529792785645,8.1809663772583
2992,0.11884771287441254,8.17827320098877
2993,3.271634101867676,8.176633834838867
2994,5.077426433563232,8.175599098205566
2995,6.192082405090332,8.17493724822998
2996,4.230180263519287,8.17362117767334
2997,5.837163925170898,8.172842025756836
2998,6.422697067260742,8.172258377075195
2999,4.774151802062988,8.171125411987305
3000,6.243240833282471,8.170482635498047
3001,5.5109357833862305,8.169597625732422
3002,5.029833793640137,8.168551445007324
3003,5.282479286193848,8.167591094970703
3004,3.3121039867401123,8.165975570678711
3005,2.6845967769622803,8.164152145385742
3006,3.5500669479370117,8.162617683410645
3007,4.642367362976074,8.161447525024414
3008,4.751217842102051,8.160314559936523
3009,5.085886001586914,8.159293174743652
3010,5.390240669250488,8.158373832702637
3011,4.411713600158691,8.157130241394043
3012,5.0309271812438965,8.156092643737793
3013,5.416018962860107,8.155183792114258
3014,6.28675651550293,8.154563903808594
3015,4.349591255187988,8.153302192687988
3016,4.025847911834717,8.151933670043945
3017,3.0163028240203857,8.150232315063477
3018,4.9248175621032715,8.149164199829102
3019,3.418250560760498,8.147597312927246
3020,6.382815361022949,8.147013664245605
3021,5.38571310043335,8.146099090576172
3022,4.361536979675293,8.14484691619873
3023,4.773799896240234,8.143732070922852
3024,4.430802345275879,8.142504692077637
3025,4.315562725067139,8.141241073608398
3026,4.739066123962402,8.140116691589355
3027,3.2446846961975098,8.13849925994873
3028,3.6751675605773926,8.1370267868042
3029,5.175807952880859,8.136049270629883
3030,5.723969459533691,8.135252952575684
3031,3.401743173599243,8.133692741394043
3032,4.551242828369141,8.132511138916016
3033,1.7778713703155518,8.130416870117188
3034,5.158030986785889,8.129437446594238
3035,5.324531555175781,8.12851333618164
3036,5.071052551269531,8.127506256103516
3037,1.8098450899124146,8.12542724609375
3038,-0.4932008981704712,8.122591018676758
3039,2.7962160110473633,8.12083911895752
3040,2.786034345626831,8.119084358215332
3041,5.880341053009033,8.118348121643066
3042,4.9359636306762695,8.117301940917969
3043,7.826635837554932,8.117206573486328
3044,3.8667335510253906,8.115811347961426
3045,5.66185188293457,8.115005493164062
3046,4.485561370849609,8.113814353942871
3047,3.9933242797851562,8.112462997436523
3048,3.190589189529419,8.110849380493164
3049,2.8144357204437256,8.109112739562988
3050,3.137454032897949,8.10748291015625
3051,7.316512107849121,8.107223510742188
3052,-0.13057786226272583,8.104525566101074
3053,4.853997707366943,8.103460311889648
3054,3.7892684936523438,8.10204792022705
3055,3.467801570892334,8.100532531738281
3056,2.384354829788208,8.098662376403809
3057,2.1159424781799316,8.096705436706543
3058,3.9223074913024902,8.095340728759766
3059,-3.187453508377075,8.091653823852539
3060,3.3386173248291016,8.09010124206543
3061,3.1326093673706055,8.088481903076172
3062,2.405595541000366,8.086627006530762
3063,3.3829402923583984,8.085091590881348
3064,-0.011140065267682076,8.082449913024902
3065,1.3496019840240479,8.080253601074219
3066,4.341916084289551,8.079034805297852
3067,4.723183631896973,8.077940940856934
3068,2.1050896644592285,8.075994491577148
3069,4.430752277374268,8.074808120727539
3070,4.965579986572266,8.073795318603516
3071,4.2351202964782715,8.072545051574707
3072,5.097150802612305,8.071577072143555
3073,5.454817771911621,8.07072639465332
3074,4.756641864776611,8.069647789001465
3075,3.9982190132141113,8.068324089050293
3076,5.316596984863281,8.06743049621582
3077,5.520078659057617,8.06660270690918
3078,4.527178764343262,8.065452575683594
3079,4.552605628967285,8.064311981201172
3080,5.177035808563232,8.063375473022461
3081,4.883866310119629,8.062344551086426
3082,5.022261619567871,8.061357498168945
3083,4.827026844024658,8.060308456420898
3084,4.456592082977295,8.059141159057617
3085,5.7535505294799805,8.058393478393555
3086,5.472865581512451,8.05755615234375
3087,5.61082649230957,8.056763648986816
3088,6.216030120849609,8.056168556213379
3089,7.107968807220459,8.055861473083496
3090,5.16241455078125,8.054924964904785
3091,4.701373100280762,8.053840637207031
3092,9.940728187561035,8.054450988769531
3093,10.269708633422852,8.055166244506836
3094,11.444297790527344,8.05626106262207
3095,10.517972946166992,8.057056427001953
3096,9.56093692779541,8.057541847229004
3097,6.622182846069336,8.05707836151123
3098,9.218626976013184,8.057454109191895
3099,13.574722290039062,8.059233665466309
3100,11.90424919128418,8.060473442077637
3101,7.666560173034668,8.060345649719238
3102,7.115469932556152,8.060041427612305
3103,11.157846450805664,8.061039924621582
3104,11.786954879760742,8.062239646911621
3105,10.655719757080078,8.063075065612793
3106,7.276613235473633,8.062821388244629
3107,9.988049507141113,8.063441276550293
3108,6.891910552978516,8.063064575195312
3109,11.055794715881348,8.064027786254883
3110,9.62252426147461,8.064528465270996
3111,8.316277503967285,8.06460952758789
3112,9.542611122131348,8.065084457397461
3113,7.6951398849487305,8.06496524810791
3114,11.141963958740234,8.065953254699707
3115,10.953042984008789,8.066880226135254
3116,8.673752784729004,8.0670747756958
3117,9.652195930480957,8.067583084106445
3118,7.479743957519531,8.067395210266113
3119,10.674356460571289,8.068230628967285
3120,10.4728422164917,8.069001197814941
3121,10.164358139038086,8.069671630859375
3122,9.139183044433594,8.070013999938965
3123,11.165685653686523,8.071004867553711
3124,7.21189546585083,8.070730209350586
3125,7.4996466636657715,8.070547103881836
3126,9.94625473022461,8.071146965026855
3127,6.912720203399658,8.070775985717773
3128,8.831816673278809,8.071020126342773
3129,8.852320671081543,8.071269035339355
3130,8.408114433288574,8.07137680053711
3131,7.133042335510254,8.071077346801758
3132,10.153311729431152,8.071741104125977
3133,10.159758567810059,8.072407722473145
3134,10.684043884277344,8.073240280151367
3135,9.596643447875977,8.073725700378418
3136,9.853946685791016,8.07429313659668
3137,7.673227310180664,8.074166297912598
3138,9.792243003845215,8.074713706970215
3139,8.455633163452148,8.074834823608398
3140,9.547723770141602,8.075303077697754
3141,10.686348915100098,8.076133728027344
3142,10.585594177246094,8.076932907104492
3143,10.230393409729004,8.077617645263672
3144,6.0737810134887695,8.076980590820312
3145,8.63668155670166,8.077157974243164
3146,8.551605224609375,8.077308654785156
3147,9.565994262695312,8.077781677246094
3148,8.854174613952637,8.078028678894043
3149,7.099883556365967,8.077717781066895
3150,9.89754581451416,8.078295707702637
3151,8.907332420349121,8.078558921813965
3152,8.692020416259766,8.078753471374512
3153,7.723021984100342,8.07863998413086
3154,9.616239547729492,8.07912826538086
3155,10.632307052612305,8.079936981201172
3156,10.77639389038086,8.080791473388672
3157,9.782997131347656,8.081330299377441
3158,9.947358131408691,8.081921577453613
3159,9.060482025146484,8.082230567932129
3160,8.606826782226562,8.0823974609375
3161,10.075191497802734,8.083026885986328
3162,8.206432342529297,8.0830659866333
3163,9.13107967376709,8.083396911621094
3164,9.53326416015625,8.083855628967285
3165,9.761003494262695,8.08438491821289
3166,9.24780559539795,8.084753036499023
3167,10.765172958374023,8.085598945617676
3168,8.490530014038086,8.085726737976074
3169,9.67242431640625,8.086227416992188
3170,10.859272003173828,8.087101936340332
3171,9.095638275146484,8.087419509887695
3172,10.760016441345215,8.088261604309082
3173,10.237475395202637,8.08893871307373
3174,8.935795783996582,8.089205741882324
3175,10.462862014770508,8.089953422546387
3176,-1.356316089630127,8.086979866027832
3177,6.248334884643555,8.08640193939209
3178,7.172304153442383,8.086113929748535
3179,5.135071277618408,8.085186004638672
3180,-2.7577030658721924,8.08177661895752
3181,5.5673956871032715,8.080986976623535
3182,2.543731927871704,8.07924747467041
3183,6.801207542419434,8.078845977783203
3184,5.343350887298584,8.077986717224121
3185,6.304101943969727,8.077430725097656
3186,3.306483745574951,8.075933456420898
3187,6.856841564178467,8.07555103302002
3188,3.8936660289764404,8.074239730834961
3189,6.06462287902832,8.073610305786133
3190,5.454788684844971,8.072789192199707
3191,4.457615852355957,8.071657180786133
3192,5.546216011047363,8.070865631103516
3193,5.6606292724609375,8.070111274719238
3194,5.436312675476074,8.069286346435547
3195,9.408055305480957,8.069705963134766
3196,8.051071166992188,8.06969928741455
3197,10.671886444091797,8.070513725280762
3198,6.757797718048096,8.07010269165039
3199,5.874404430389404,8.069416999816895
3200,5.833308219909668,8.068718910217285
3201,5.653938293457031,8.067964553833008
3202,7.180786609649658,8.06768798828125
3203,3.608983039855957,8.066296577453613
3204,7.390776634216309,8.066085815429688
3205,6.528364181518555,8.065606117248535
3206,6.3384108543396,8.065067291259766
3207,7.767688751220703,8.064974784851074
3208,9.930204391479492,8.065555572509766
3209,6.575362205505371,8.065092086791992
3210,9.14950942993164,8.0654296875
3211,7.046735763549805,8.065113067626953
3212,7.243633270263672,8.064857482910156
3213,9.642435073852539,8.065348625183105
3214,8.292750358581543,8.06541919708252
3215,8.95622444152832,8.065696716308594
3216,12.627049446105957,8.067113876342773
3217,12.634239196777344,8.068533897399902
3218,7.141807556152344,8.068245887756348
3219,2.9480485916137695,8.066655158996582
3220,8.992069244384766,8.066943168640137
3221,5.448573112487793,8.066130638122559
3222,8.259328842163086,8.066190719604492
3223,7.289633750915527,8.065949440002441
3224,5.847100734710693,8.065261840820312
3225,5.466057777404785,8.06445598602295
3226,5.022330284118652,8.063512802124023
3227,5.642836093902588,8.062763214111328
3228,7.827112674713135,8.062689781188965
3229,5.87833833694458,8.062013626098633
3230,7.318336486816406,8.061783790588379
3231,9.152618408203125,8.062121391296387
3232,7.064809799194336,8.061812400817871
3233,10.243183135986328,8.062487602233887
3234,5.968632221221924,8.061840057373047
3235,9.320331573486328,8.06222915649414
3236,5.4991936683654785,8.061437606811523
3237,6.004497528076172,8.060802459716797
3238,6.541965484619141,8.060333251953125
3239,5.970026969909668,8.059687614440918
3240,6.542075157165527,8.059220314025879
3241,5.294402122497559,8.058366775512695
3242,7.887754440307617,8.05831527709961
3243,9.01688003540039,8.058610916137695
3244,3.3126628398895264,8.057147979736328
3245,6.4333624839782715,8.056648254394531
3246,3.1827287673950195,8.055147171020508
3247,4.880736351013184,8.054169654846191
3248,6.302724361419678,8.053630828857422
3249,6.49092960357666,8.053149223327637
3250,6.906505584716797,8.052797317504883
3251,9.17302417755127,8.053141593933105
3252,6.734490871429443,8.052736282348633
3253,7.298437118530273,8.052504539489746
3254,6.978706359863281,8.05217456817627
3255,8.75617790222168,8.052391052246094
3256,12.00041675567627,8.053603172302246
3257,6.9433488845825195,8.053261756896973
3258,12.043885231018066,8.054486274719238
3259,8.216907501220703,8.054535865783691
3260,6.988875389099121,8.054208755493164
3261,4.79914665222168,8.053211212158203
3262,6.948511600494385,8.052872657775879
3263,7.616497993469238,8.052739143371582
3264,8.72641658782959,8.052945137023926
3265,7.4726972579956055,8.052767753601074
3266,9.983450889587402,8.053359031677246
3267,7.730195999145508,8.05325984954834
3268,2.8294148445129395,8.05166244506836
3269,7.518851280212402,8.051499366760254
3270,7.621026992797852,8.05136775970459
3271,8.38782787322998,8.051471710205078
3272,7.79948616027832,8.05139446258545
3273,8.779658317565918,8.051616668701172
3274,8.348477363586426,8.05170726776123
3275,7.358621597290039,8.051495552062988
3276,7.378345012664795,8.051290512084961
3277,6.733232498168945,8.050888061523438
3278,5.857057571411133,8.05021858215332
3279,8.880332946777344,8.050472259521484
3280,8.706952095031738,8.05067253112793
3281,6.237768173217773,8.05012035369873
3282,5.910785675048828,8.049468040466309
3283,7.633284568786621,8.049341201782227
3284,8.705041885375977,8.049541473388672
3285,7.66482400894165,8.049423217773438
3286,9.427632331848145,8.049842834472656
3287,7.856894016265869,8.049784660339355
3288,7.814756393432617,8.049713134765625
3289,8.025190353393555,8.049705505371094
3290,4.563677787780762,8.048646926879883
3291,7.66326904296875,8.048529624938965
3292,7.831717491149902,8.048463821411133
3293,6.320855140686035,8.04793930053711
3294,7.687383651733398,8.047829627990723
3295,6.749225616455078,8.047435760498047
3296,5.3343915939331055,8.046612739562988
3297,7.150637626647949,8.046340942382812
3298,10.06475830078125,8.046953201293945
3299,3.9356753826141357,8.045707702636719
3300,9.194193840026855,8.04605484008789
3301,5.173705101013184,8.045185089111328
3302,8.710456848144531,8.04538631439209
3303,8.122688293457031,8.04541015625
3304,6.205297470092773,8.044853210449219
3305,5.832279205322266,8.044183731079102
3306,5.958263874053955,8.043553352355957
3307,7.911192893981934,8.043513298034668
3308,7.436113357543945,8.043330192565918
3309,5.957641124725342,8.042699813842773
3310,7.992686748504639,8.042684555053711
3311,8.621097564697266,8.042859077453613
3312,4.271914958953857,8.041720390319824
3313,5.354490756988525,8.040909767150879
3314,2.2308692932128906,8.039156913757324
3315,5.364161014556885,8.038350105285645
3316,3.2221972942352295,8.036897659301758
3317,2.531919240951538,8.035238265991211
3318,2.7326431274414062,8.03364086151123
3319,3.3154380321502686,8.032219886779785
3320,3.506890296936035,8.030858039855957
3321,4.425271034240723,8.029772758483887
3322,2.755809783935547,8.028185844421387
3323,4.649573802947998,8.027169227600098
3324,9.935615539550781,8.027743339538574
3325,5.288802146911621,8.0269193649292
3326,4.3346381187438965,8.025810241699219
3327,8.050660133361816,8.025816917419434
3328,8.197909355163574,8.02586841583252
3329,3.9695348739624023,8.024650573730469
3330,4.32963752746582,8.023541450500488
3331,3.981027841567993,8.022327423095703
3332,3.8031201362609863,8.021061897277832
3333,7.39491081237793,8.0208740234375
3334,2.5616238117218018,8.019237518310547
3335,6.5185160636901855,8.018787384033203
3336,4.474569320678711,8.017724990844727
3337,4.494655609130859,8.016669273376465
3338,3.2481141090393066,8.015241622924805
3339,6.452338695526123,8.01477336883545
3340,5.617269515991211,8.014056205749512
3341,2.835541248321533,8.012506484985352
3342,-2.607059955596924,8.009329795837402
3343,2.954561710357666,8.007818222045898
3344,5.910000801086426,8.00719165802002
3345,1.3753421306610107,8.005208969116211
3346,6.002506732940674,8.004611015319824
3347,2.5965096950531006,8.002995491027832
3348,6.067318916320801,8.002416610717773
3349,4.831165313720703,8.001470565795898
3350,9.208372116088867,8.0018310546875
3351,4.150620460510254,8.00068187713623
3352,4.492908000946045,7.999635219573975
3353,5.794973850250244,7.998978137969971
3354,7.24198055267334,7.998752593994141
3355,8.555530548095703,7.998918056488037
3356,8.824481964111328,7.99916410446167
3357,6.443380355834961,7.9987006187438965
3358,4.983686923980713,7.997803211212158
3359,1.5235650539398193,7.995876312255859
3360,3.86942195892334,7.994648456573486
3361,5.468825817108154,7.993897438049316
3362,7.583789825439453,7.993775367736816
3363,3.59954571723938,7.992469310760498
3364,5.732950210571289,7.99179744720459
3365,5.536458492279053,7.991068363189697
3366,5.599982738494873,7.990357875823975
3367,7.117130756378174,7.990098476409912
3368,4.890268325805664,7.989178657531738
3369,5.7869391441345215,7.988525390625
3370,9.674077987670898,7.989025115966797
3371,5.388732433319092,7.988254070281982
3372,1.5282461643218994,7.9863386154174805
3373,5.014050006866455,7.985457420349121
3374,7.386965274810791,7.9852800369262695
3375,-0.9415971040725708,7.982635974884033
3376,-0.4107048809528351,7.9801506996154785
3377,12.18484878540039,7.981395721435547
3378,6.493610858917236,7.980955600738525
3379,2.5089690685272217,7.979336738586426
3380,3.913536548614502,7.9781341552734375
3381,0.7572222948074341,7.975999355316162
3382,7.306389331817627,7.975801467895508
3383,6.758194446563721,7.9754414558410645
3384,7.618873119354248,7.97533655166626
3385,5.349171161651611,7.974560737609863
3386,-2.476773738861084,7.971475124359131
3387,5.512397766113281,7.970749378204346
3388,9.32115650177002,7.971147537231445
3389,6.408871650695801,7.970686435699463
3390,9.301393508911133,7.971078872680664
3391,8.376797676086426,7.971198081970215
3392,8.372302055358887,7.971316814422607
3393,7.651342391967773,7.971222400665283
3394,7.942239761352539,7.971213340759277
3395,7.829560279846191,7.971171855926514
3396,9.1489839553833,7.971518516540527
3397,7.6058197021484375,7.971410751342773
3398,8.402477264404297,7.9715375900268555
3399,8.424415588378906,7.971670627593994
3400,8.066070556640625,7.97169828414917
3401,10.008034706115723,7.972296714782715
3402,9.092228889465332,7.972625732421875
3403,7.236401557922363,7.972409725189209
3404,12.734037399291992,7.9738078117370605
3405,7.559696197509766,7.973686695098877
3406,8.686662673950195,7.973896026611328
3407,9.41684627532959,7.9743194580078125
3408,9.820382118225098,7.974860668182373
3409,10.242314338684082,7.975525856018066
3410,8.940838813781738,7.975809097290039
3411,8.48817253112793,7.975959300994873
3412,8.108391761779785,7.975997447967529
3413,7.51051664352417,7.975861072540283
3414,8.155620574951172,7.975914001464844
3415,11.81920051574707,7.977038860321045
3416,9.478034973144531,7.97747802734375
3417,8.440479278564453,7.977613925933838
3418,11.201318740844727,7.9785566329956055
3419,9.387953758239746,7.978969097137451
3420,11.525362968444824,7.980005741119385
3421,7.127825736999512,7.9797563552856445
3422,7.693211555480957,7.979672908782959
3423,7.5592942237854,7.979549884796143
3424,7.352099418640137,7.979366302490234
3425,8.66751766204834,7.979567527770996
3426,10.381889343261719,7.980268478393555
3427,9.263052940368652,7.980643272399902
3428,10.233976364135742,7.981300354003906
3429,9.447003364562988,7.981727600097656
3430,6.524205684661865,7.981302738189697
3431,8.279484748840332,7.98138952255249
3432,8.566463470458984,7.981559753417969
3433,7.453709125518799,7.981406211853027
3434,8.792033195495605,7.981642246246338
3435,9.452951431274414,7.982070446014404
3436,9.671920776367188,7.982562065124512
3437,8.344000816345215,7.982667446136475
3438,12.337103843688965,7.983933925628662
3439,11.702614784240723,7.985014915466309
3440,6.297945022583008,7.984524726867676
3441,9.603124618530273,7.984995365142822
3442,7.898338317871094,7.9849700927734375
3443,10.669560432434082,7.9857497215271
3444,10.078910827636719,7.98635721206665
3445,7.135233402252197,7.986109733581543
3446,8.37217903137207,7.986222267150879
3447,10.040864944458008,7.986818313598633
3448,6.977549076080322,7.986525535583496
3449,9.384173393249512,7.986930847167969
3450,8.196113586425781,7.9869914054870605
3451,11.056686401367188,7.987880706787109
3452,8.411150932312012,7.988003730773926
3453,10.16389274597168,7.988633632659912
3454,8.521415710449219,7.988787651062012
3455,9.459924697875977,7.989212989807129
3456,8.468158721923828,7.989351749420166
3457,6.887913703918457,7.9890336990356445
3458,5.9775848388671875,7.988452434539795
3459,7.170470237731934,7.988215923309326
3460,8.669212341308594,7.988412857055664
3461,10.103639602661133,7.989023685455322
3462,7.533404350280762,7.988892078399658
3463,9.843937873840332,7.98942756652832
3464,6.810326099395752,7.989087104797363
3465,9.129562377929688,7.989416122436523
3466,5.687499046325684,7.988752365112305
3467,8.78350830078125,7.988981246948242
3468,8.810522079467773,7.989218235015869
3469,10.877327919006348,7.990050315856934
3470,6.742573261260986,7.989690780639648
3471,6.131823539733887,7.989155292510986
3472,10.054769515991211,7.989750385284424
3473,8.499307632446289,7.98989725112915
3474,8.022994041442871,7.9899067878723145
3475,8.262292861938477,7.98998498916626
3476,7.752438545227051,7.9899163246154785
3477,7.91571044921875,7.989895343780518
3478,8.869009971618652,7.990148067474365
3479,9.593889236450195,7.9906086921691895
3480,8.066899299621582,7.990630626678467
3481,8.145751953125,7.990675449371338
3482,5.3120903968811035,7.989906311035156
3483,11.348472595214844,7.990869998931885
3484,8.480878829956055,7.991010665893555
3485,6.561762809753418,7.9906005859375
3486,8.847319602966309,7.990846633911133
3487,10.00745964050293,7.991425037384033
3488,9.724183082580566,7.991921424865723
3489,11.02465534210205,7.992790699005127
3490,8.445416450500488,7.992920398712158
3491,7.909173011779785,7.99289608001709
3492,7.420444488525391,7.992732048034668
3493,6.61794900894165,7.99233865737915
3494,8.182638168334961,7.9923930168151855
3495,9.457919120788574,7.992812156677246
3496,10.772420883178711,7.9936065673828125
3497,7.074663162231445,7.993343830108643
3498,7.88452672958374,7.993312835693359
3499,8.31730842590332,7.993405342102051
3500,8.177765846252441,7.993457794189453
3501,8.384000778198242,7.993569374084473
3502,8.154723167419434,7.993615627288818
3503,7.947757720947266,7.993602275848389
3504,10.808510780334473,7.994405269622803
3505,11.899833679199219,7.995519638061523
3506,8.672982215881348,7.995712757110596
3507,9.545856475830078,7.996154308319092
3508,7.4548139572143555,7.996000289916992
3509,6.936862945556641,7.99569845199585
3510,6.507472038269043,7.995275020599365
3511,8.811816215515137,7.995507717132568
3512,9.089893341064453,7.995819091796875
3513,7.459144115447998,7.99566650390625
3514,9.001556396484375,7.995952606201172
3515,9.2283296585083,7.996303081512451
3516,7.734039306640625,7.9962286949157715
3517,7.512440204620361,7.996090888977051
3518,9.223752975463867,7.9964399337768555
3519,10.795783042907715,7.997235298156738
3520,6.341564655303955,7.99676513671875
3521,9.127123832702637,7.997086048126221
3522,9.90048599243164,7.997626304626465
3523,8.220669746398926,7.997689247131348
3524,10.536649703979492,7.998409748077393
3525,7.311445236206055,7.9982147216796875
3526,8.19106674194336,7.998269557952881
3527,7.151493072509766,7.998029708862305
3528,7.763057708740234,7.9979634284973145
3529,8.109107971191406,7.997994899749756
3530,9.077350616455078,7.998300552368164
3531,7.772970199584961,7.998237133026123
3532,6.378662586212158,7.99777889251709
3533,6.117128849029541,7.997246742248535
3534,7.748736381530762,7.997176170349121
3535,6.233954429626465,7.996677398681641
3536,8.543254852294922,7.996831893920898
3537,6.353680610656738,7.996367454528809
3538,7.197441101074219,7.9961419105529785
3539,7.948623180389404,7.996128559112549
3540,8.61616325378418,7.996303558349609
3541,7.159921646118164,7.996067047119141
3542,7.188744068145752,7.995839595794678
3543,6.9893035888671875,7.995555877685547
3544,7.311049461364746,7.995362758636475
3545,6.172480583190918,7.994848251342773
3546,6.751708030700684,7.994497776031494
3547,8.250457763671875,7.994569778442383
3548,9.238870620727539,7.994920253753662
3549,6.605031490325928,7.9945292472839355
3550,6.845951080322266,7.994205474853516
3551,7.215597152709961,7.993986129760742
3552,7.142940044403076,7.993746280670166
3553,7.452256679534912,7.993594169616699
3554,6.780521392822266,7.993253231048584
3555,8.193862915039062,7.993309497833252
3556,5.368926525115967,7.992571830749512
3557,7.283022403717041,7.992372512817383
3558,8.870046615600586,7.992619037628174
3559,9.948650360107422,7.993168354034424
3560,8.730199813842773,7.993375301361084
3561,8.032926559448242,7.993386745452881
3562,9.260397911071777,7.993741989135742
3563,8.479208946228027,7.99387788772583
3564,6.827271461486816,7.993551254272461
3565,8.751422882080078,7.9937639236450195
3566,8.980684280395508,7.994040489196777
3567,7.7706217765808105,7.993978023529053
3568,8.75670051574707,7.994191646575928
3569,9.06570816040039,7.994492053985596
3570,6.649474143981934,7.994115352630615
3571,8.4723539352417,7.99424934387207
3572,9.77949047088623,7.994749069213867
3573,8.15660572052002,7.9947943687438965
3574,5.756710052490234,7.994167804718018
3575,9.07358169555664,7.994470119476318
3576,6.004245758056641,7.993913650512695
3577,9.356649398803711,7.9942946434021
3578,7.513275623321533,7.994160175323486
3579,7.2381086349487305,7.993948936462402
3580,7.692927837371826,7.993865013122559
3581,8.293689727783203,7.993948459625244
3582,6.565954685211182,7.9935503005981445
3583,10.121793746948242,7.994143962860107
3584,8.764571189880371,7.994358539581299
3585,4.923229694366455,7.993502140045166
3586,6.883435249328613,7.993192672729492
3587,6.360203742980957,7.992737293243408
3588,8.102182388305664,7.992767810821533
3589,10.203676223754883,7.993383407592773
3590,6.881163120269775,7.993073463439941
3591,8.644808769226074,7.993254661560059
3592,7.282333850860596,7.9930572509765625
3593,7.703242301940918,7.992976665496826
3594,8.024153709411621,7.992985248565674
3595,7.049984931945801,7.992722988128662
3596,7.252843379974365,7.992516994476318
3597,6.519063949584961,7.99210786819458
3598,9.591480255126953,7.992552280426025
3599,8.371829986572266,7.99265718460083
3600,-1.6642110347747803,7.989975452423096
3601,-1.8954007625579834,7.987231254577637
3602,1.9440968036651611,7.985554218292236
3603,-4.367680072784424,7.982126712799072
3604,-7.2038726806640625,7.977914333343506
3605,-1.2712146043777466,7.975349426269531
3606,-7.23513650894165,7.971132755279541
3607,-4.082573890686035,7.96779203414917
3608,-1.1541075706481934,7.965264320373535
3609,-2.4084699153900146,7.962390899658203
3610,-3.6788156032562256,7.959166526794434
3611,-3.996209144592285,7.955856800079346
3612,-1.960270643234253,7.9531121253967285
3613,-2.368286371231079,7.950255870819092
3614,-2.7880213260650635,7.9472856521606445
3615,-5.024809837341309,7.943697929382324
3616,-4.124731063842773,7.940361499786377
3617,-4.281208515167236,7.936983585357666
3618,-3.119748115539551,7.933928489685059
3619,-4.069314956665039,7.930613040924072
3620,-6.749331474304199,7.926558494567871
3621,-2.7373242378234863,7.923614025115967
3622,-3.5508248805999756,7.920446872711182
3623,-2.376399517059326,7.917605400085449
3624,-2.688263416290283,7.914680004119873
3625,-5.0291032791137695,7.9111104011535645
3626,-4.00885009765625,7.90782356262207
3627,-0.2982121407985687,7.905561447143555
3628,-4.056672096252441,7.9022650718688965
3629,2.196300745010376,7.900693416595459
3630,-3.7541868686676025,7.897483825683594
3631,-3.4777050018310547,7.894351482391357
3632,-8.111726760864258,7.889945983886719
3633,-3.995359420776367,7.8866753578186035
3634,-1.008813500404358,7.884227752685547
3635,-6.015057563781738,7.880404949188232
3636,-4.752415657043457,7.876931667327881
3637,-3.843083381652832,7.873709678649902
3638,-5.532548427581787,7.870025634765625
3639,-9.69474983215332,7.865200042724609
3640,1.6212992668151855,7.863484859466553
3641,2.1181015968322754,7.861907482147217
3642,-1.845580816268921,7.8592424392700195
3643,-1.1937752962112427,7.856758117675781
3644,-0.8389092683792114,7.854372501373291
3645,3.4104785919189453,7.853153705596924
3646,1.1094661951065063,7.851304531097412
3647,1.6289581060409546,7.8495988845825195
3648,0.5591546893119812,7.84760046005249
3649,-3.32480788230896,7.844539642333984
3650,-4.517561912536621,7.841153621673584
3651,-3.8414502143859863,7.837954998016357
3652,1.9096148014068604,7.836331844329834
3653,0.03564481437206268,7.834197044372559
3654,-5.363131523132324,7.8305864334106445
3655,-4.764815330505371,7.827140808105469
3656,-1.8102527856826782,7.82450532913208
3657,-3.2481842041015625,7.821478843688965
3658,0.18064600229263306,7.819390296936035
3659,15.621480941772461,7.821521759033203
3660,10.66413688659668,7.822298049926758
3661,14.014411926269531,7.823988914489746
3662,13.669404983520508,7.825584888458252
3663,13.823060035705566,7.827221393585205
3664,15.865257263183594,7.8294148445129395
3665,12.23355770111084,7.830615997314453
3666,11.697538375854492,7.831670761108398
3667,16.160696029663086,7.833941459655762
3668,13.070064544677734,7.835368633270264
3669,13.622098922729492,7.836945533752441
3670,10.402045249938965,7.837644100189209
3671,10.527984619140625,7.838376998901367
3672,10.563216209411621,7.839118480682373
3673,14.1990966796875,7.84084939956665
3674,13.81663703918457,7.842475414276123
3675,14.458805084228516,7.84427547454834
3676,13.318615913391113,7.84576416015625
3677,13.348674774169922,7.847260475158691
3678,12.913740158081055,7.84863805770874
3679,12.587546348571777,7.849925518035889
3680,11.208251953125,7.8508381843566895
3681,13.317212104797363,7.852322578430176
3682,11.255998611450195,7.853246688842773
3683,14.076775550842285,7.854936122894287
3684,12.768349647521973,7.856268882751465
3685,14.435466766357422,7.858054161071777
3686,11.513431549072266,7.859045505523682
3687,12.651041030883789,7.860344886779785
3688,12.989239692687988,7.861734867095947
3689,12.780294418334961,7.863068103790283
3690,13.918601036071777,7.864708423614502
3691,12.28056812286377,7.865904808044434
3692,13.006129264831543,7.86729621887207
3693,12.375228881835938,7.86851692199707
3694,13.342567443847656,7.869997978210449
3695,12.373808860778809,7.871216297149658
3696,12.810076713562012,7.872552394866943
3697,13.354434967041016,7.874034404754639
3698,12.72831916809082,7.875347137451172
3699,13.855382919311523,7.876963138580322
3700,13.477416038513184,7.878476142883301
3701,11.952861785888672,7.879576683044434
3702,11.946393013000488,7.880675315856934
3703,16.98297882080078,7.883132457733154
3704,11.763533592224121,7.884180068969727
3705,12.79569149017334,7.885505199432373
3706,13.236347198486328,7.886948585510254
3707,15.018420219421387,7.888871669769287
3708,16.57769775390625,7.891214370727539
3709,11.58477783203125,7.892209529876709
3710,12.05331039428711,7.8933305740356445
3711,12.406599044799805,7.8945465087890625
3712,14.21435546875,7.896248817443848
3713,14.539742469787598,7.898037433624268
3714,14.340291023254395,7.899771213531494
3715,16.03803825378418,7.901961326599121
3716,14.83466625213623,7.9038262367248535
3717,14.27493953704834,7.9055399894714355
3718,13.511598587036133,7.907047271728516
3719,12.562263488769531,7.908298492431641
3720,15.157854080200195,7.910246849060059
3721,13.375181198120117,7.911715507507324
3722,12.877091407775879,7.91304874420166
3723,13.22059154510498,7.914474010467529
3724,10.312065124511719,7.9151177406311035
3725,12.021770477294922,7.916220188140869
3726,11.583110809326172,7.9172043800354
3727,10.711554527282715,7.9179534912109375
3728,11.763177871704102,7.918984889984131
3729,9.78853988647461,7.919486045837402
3730,14.083571434020996,7.921138286590576
3731,12.591256141662598,7.922389984130859
3732,10.04305648803711,7.922957897186279
3733,12.384343147277832,7.924152851104736
3734,12.799827575683594,7.9254584312438965
3735,12.044563293457031,7.92656135559082
3736,11.989830017089844,7.927648544311523
3737,11.361104965209961,7.928567409515381
3738,12.163057327270508,7.929699420928955
3739,11.814108848571777,7.93073844909668
3740,11.112252235412598,7.931588649749756
3741,8.204839706420898,7.931661605834961
3742,11.63311767578125,7.932650089263916
3743,12.31312370300293,7.9338202476501465
3744,9.675082206726074,7.9342851638793945
3745,8.515039443969727,7.934440612792969
3746,10.721587181091309,7.935184001922607
3747,8.224054336547852,7.935261249542236
3748,11.927436828613281,7.936326026916504
3749,11.30285358428955,7.9372239112854
3750,13.404211044311523,7.938681602478027
3751,9.899029731750488,7.93920373916626
3752,9.967569351196289,7.939743995666504
3753,11.216730117797852,7.940617084503174
3754,10.820645332336426,7.9413838386535645
3755,11.937604904174805,7.942447662353516
3756,13.539900779724121,7.943937301635742
3757,13.0858154296875,7.945305824279785
3758,12.104911804199219,7.946412563323975
3759,11.565864562988281,7.947375297546387
3760,13.725482940673828,7.948911190032959
3761,11.980257987976074,7.9499831199646
3762,13.991668701171875,7.9515886306762695
3763,12.927075386047363,7.952910900115967
3764,14.134464263916016,7.95455265045166
3765,10.059536933898926,7.955111503601074
3766,12.211809158325195,7.956241130828857
3767,11.66867733001709,7.957226276397705
3768,12.386039733886719,7.958401203155518
3769,13.468485832214355,7.959863185882568
3770,14.371499061584473,7.9615631103515625
3771,10.253071784973145,7.9621710777282715
3772,13.525176048278809,7.9636454582214355
3773,14.41496467590332,7.9653544425964355
3774,11.892966270446777,7.966394901275635
3775,10.237237930297852,7.966996192932129
3776,11.522923469543457,7.967937469482422
3777,13.893789291381836,7.96950626373291
3778,11.565155029296875,7.970457553863525
3779,10.902124404907227,7.971233367919922
3780,13.60470962524414,7.972723484039307
3781,14.070915222167969,7.974335670471191
3782,9.802613258361816,7.974819183349609
3783,15.180386543273926,7.9767231941223145
3784,11.50048828125,7.977653980255127
3785,11.439712524414062,7.978568077087402
3786,15.40185832977295,7.980528354644775
3787,4.1053242683410645,7.97950553894043
3788,6.530762672424316,7.979123592376709
3789,5.705915451049805,7.978523254394531
3790,7.257593154907227,7.978333473205566
3791,1.3292829990386963,7.9765801429748535
3792,6.151226997375488,7.976098537445068
3793,4.947403430938721,7.975300312042236
3794,5.93894100189209,7.974763870239258
3795,5.639577865600586,7.974148273468018
3796,6.91959810256958,7.973870754241943
3797,8.162508010864258,7.9739203453063965
3798,5.368133544921875,7.973234176635742
3799,4.600338935852051,7.972346305847168
3800,3.7766196727752686,7.971242427825928
3801,5.29585599899292,7.97053861618042
3802,5.2763671875,7.969830513000488
3803,5.640242576599121,7.9692182540893555
3804,5.425217151641846,7.968549728393555
3805,6.390798091888428,7.968135356903076
3806,4.642787456512451,7.967261791229248
3807,10.41795825958252,7.967905044555664
3808,4.34824275970459,7.966954708099365
3809,6.28159236907959,7.966512203216553
3810,5.903772830963135,7.96597146987915
3811,4.141595840454102,7.964967727661133
3812,6.047028541564941,7.9644646644592285
3813,5.839558124542236,7.963907718658447
3814,5.01494836807251,7.963134765625
3815,4.755547523498535,7.962294578552246
3816,6.169867038726807,7.961824893951416
3817,6.261186599731445,7.961379528045654
3818,4.768858909606934,7.960543632507324
3819,5.199172496795654,7.959820747375488
3820,5.497073173522949,7.959176540374756
3821,4.505792617797852,7.958272933959961
3822,4.291996002197266,7.957314491271973
3823,5.320549488067627,7.956624507904053
3824,4.695146083831787,7.9557719230651855
3825,4.7835893630981445,7.95494270324707
3826,5.977769374847412,7.954426288604736
3827,5.958645343780518,7.95390510559082
3828,1.5007531642913818,7.952219486236572
3829,5.053897380828857,7.951463222503662
3830,0.7622218728065491,7.949586391448975
3831,4.725028038024902,7.948744773864746
3832,11.200848579406738,7.9495930671691895
3833,5.8220295906066895,7.949038505554199
3834,1.3517138957977295,7.947318077087402
3835,3.4607343673706055,7.94614839553833
3836,5.479018688201904,7.945505619049072
3837,2.3992137908935547,7.944060325622559
3838,5.429446220397949,7.9434051513671875
3839,3.5840272903442383,7.942269802093506
3840,7.470236301422119,7.942147254943848
3841,4.73480224609375,7.941312313079834
3842,4.815081596374512,7.940498352050781
3843,4.972175121307373,7.93972635269165
3844,3.2188024520874023,7.938498497009277
3845,6.787820816040039,7.938199520111084
3846,7.399554252624512,7.938059329986572
3847,7.326899528503418,7.937900543212891
3848,5.975593566894531,7.9373908042907715
3849,5.464035987854004,7.936748504638672
3850,5.753345966339111,7.936182022094727
3851,3.227994203567505,7.934959888458252
3852,6.283576965332031,7.934531211853027
3853,5.310083389282227,7.933850288391113
3854,9.838971138000488,7.93434476852417
3855,9.66693115234375,7.934793472290039
3856,7.7599077224731445,7.93474817276001
3857,6.983413219451904,7.934502124786377
3858,8.00727653503418,7.934521198272705
3859,5.886257171630859,7.933990478515625
3860,7.337667465209961,7.933835983276367
3861,7.50304651260376,7.933724880218506
3862,8.97279167175293,7.933993816375732
3863,9.219456672668457,7.934326171875
3864,5.707174301147461,7.933749675750732
3865,7.048010349273682,7.933520793914795
3866,9.859416961669922,7.934019088745117
3867,7.588797569274902,7.933929443359375
3868,6.80673360824585,7.933638095855713
3869,12.901276588439941,7.934921741485596
3870,6.826076984405518,7.934635162353516
3871,7.451486587524414,7.934510231018066
3872,7.1866655349731445,7.934317588806152
3873,9.51187515258789,7.934724807739258
3874,7.988799095153809,7.934738636016846
3875,7.803345680236816,7.934704303741455
3876,9.047467231750488,7.934991359710693
3877,7.914168357849121,7.934985637664795
3878,6.924304485321045,7.934725284576416
3879,7.8096466064453125,7.934693336486816
3880,5.732001781463623,7.934125900268555
3881,5.6688642501831055,7.933541774749756
3882,7.586410045623779,7.933452606201172
3883,8.545059204101562,7.933609962463379
3884,5.007908344268799,7.932856559753418
3885,8.787954330444336,7.93307638168335
3886,12.751530647277832,7.934316158294678
3887,6.716029644012451,7.9340033531188965
3888,1.918907642364502,7.932456016540527
3889,9.394582748413086,7.93283224105835
3890,7.720709323883057,7.932777404785156
3891,6.18912410736084,7.9323296546936035
3892,8.571471214294434,7.932494163513184
3893,8.078453063964844,7.932531356811523
3894,8.406715393066406,7.932652950286865
3895,7.647554397583008,7.93257999420166
3896,5.971405029296875,7.932076454162598
3897,6.073103904724121,7.9315996170043945
3898,4.32918119430542,7.930675983428955
3899,7.422788143157959,7.930545330047607
3900,8.151180267333984,7.930601596832275
3901,8.156858444213867,7.930659770965576
3902,7.669601917266846,7.9305925369262695
3903,5.065896987915039,7.929859161376953
3904,5.998872756958008,7.929364204406738
3905,7.568817615509033,7.929272174835205
3906,8.443826675415039,7.929403781890869
3907,7.021780490875244,7.929171085357666
3908,6.95253324508667,7.928921699523926
3909,4.603943347930908,7.928071022033691
3910,10.470686912536621,7.928720951080322
3911,6.134250640869141,7.928262710571289
3912,8.506438255310059,7.928410053253174
3913,8.353414535522461,7.928518772125244
3914,7.6780266761779785,7.928454875946045
3915,7.185938358306885,7.92826509475708
3916,9.120080947875977,7.9285688400268555
3917,7.74196195602417,7.928521633148193
3918,7.877485752105713,7.928508281707764
3919,5.15907096862793,7.927801609039307
3920,6.944948196411133,7.92755126953125
3921,5.565698146820068,7.9269490242004395
3922,7.8329901695251465,7.926924705505371
3923,6.539727210998535,7.926571369171143
3924,5.76961612701416,7.926021575927734
3925,7.002368927001953,7.925786018371582
3926,9.035466194152832,7.9260687828063965
3927,6.40897798538208,7.925682067871094
3928,10.576019287109375,7.926356792449951
3929,11.504669189453125,7.927267074584961
3930,5.791821002960205,7.926723957061768
3931,4.5068769454956055,7.925854206085205
3932,9.08521556854248,7.926149368286133
3933,6.054818153381348,7.925673484802246
3934,10.322154998779297,7.9262824058532715
3935,4.3374433517456055,7.925370693206787
3936,6.469915390014648,7.925001621246338
3937,6.20572566986084,7.924564838409424
3938,12.257926940917969,7.925664901733398
3939,6.066864013671875,7.925192832946777
3940,6.945681095123291,7.9249444007873535
3941,5.016745567321777,7.924206733703613
3942,6.115310192108154,7.923748016357422
3943,10.033921241760254,7.924282550811768
3944,6.979239463806152,7.92404317855835
3945,7.055157661437988,7.92382287979126
3946,7.412468910217285,7.9236931800842285
3947,7.47434663772583,7.923579216003418
3948,12.04469108581543,7.924623012542725
3949,15.40235710144043,7.926516056060791
3950,13.6110258102417,7.92795467376709
3951,13.147292137145996,7.9292755126953125
3952,13.008370399475098,7.930560111999512
3953,12.662561416625977,7.931756496429443
3954,14.230360984802246,7.933349132537842
3955,12.964468002319336,7.934621334075928
3956,11.985794067382812,7.93564510345459
3957,14.133756637573242,7.937211036682129
3958,13.583637237548828,7.9386372566223145
3959,13.857985496520996,7.940131664276123
3960,14.503076553344727,7.941788673400879
3961,13.801321029663086,7.943267822265625
3962,13.287065505981445,7.944616317749023
3963,14.026249885559082,7.946150302886963
3964,13.927175521850586,7.947658538818359
3965,13.635555267333984,7.949092864990234
3966,15.900873184204102,7.951097011566162
3967,14.262505531311035,7.9526872634887695
3968,11.884509086608887,7.953678131103516
3969,12.473340034484863,7.9548163414001465
3970,12.215448379516602,7.9558892250061035
3971,14.48759937286377,7.957533836364746
3972,12.613068580627441,7.958705425262451
3973,12.9874906539917,7.9599714279174805
3974,12.93059253692627,7.961221694946289
3975,12.161443710327148,7.962277889251709
3976,14.15287971496582,7.963834762573242
3977,12.769651412963867,7.965042591094971
3978,13.937904357910156,7.966543674468994
3979,14.07918930053711,7.968079566955566
3980,12.231364250183105,7.969150543212891
3981,10.774053573608398,7.969854354858398
3982,13.04814338684082,7.971129894256592
3983,11.99939250946045,7.972140789031982
3984,12.387655258178711,7.9732489585876465
3985,13.256951332092285,7.974574565887451
3986,11.749052047729492,7.975521564483643
3987,13.470447540283203,7.97689962387085
3988,13.183464050292969,7.978204727172852
3989,11.867838859558105,7.979179382324219
3990,13.192596435546875,7.980485916137695
3991,12.842752456665039,7.981703758239746
3992,13.887531280517578,7.983182430267334
3993,14.101093292236328,7.984714508056641
3994,12.462427139282227,7.985835552215576
3995,10.768119812011719,7.9865312576293945
3996,12.555285453796387,7.987674236297607
3997,15.017901420593262,7.9894328117370605
3998,13.221084594726562,7.990740776062012
3999,12.024988174438477,7.991749286651611
4000,14.755956649780273,7.9934401512146
4001,12.180412292480469,7.994486331939697
4002,13.807546615600586,7.995938301086426
4003,14.099570274353027,7.997462272644043
4004,13.162330627441406,7.998752117156982
4005,13.701363563537598,8.000175476074219
4006,13.70750904083252,8.001599311828613
4007,13.307084083557129,8.002923011779785
4008,13.818868637084961,8.004373550415039
4009,13.676204681396484,8.00578784942627
4010,13.707737922668457,8.007209777832031
4011,13.22574234008789,8.00851058959961
4012,14.801816940307617,8.01020336151123
4013,13.420439720153809,8.011550903320312
4014,14.228324890136719,8.013099670410156
4015,14.555967330932617,8.014729499816895
4016,13.888864517211914,8.016191482543945
4017,13.095439910888672,8.0174560546875
4018,12.609197616577148,8.018598556518555
4019,11.001083374023438,8.019340515136719
4020,11.233296394348145,8.020139694213867
4021,14.01578426361084,8.02163028717041
4022,13.24511432647705,8.022928237915039
4023,13.814841270446777,8.024367332458496
4024,13.372491836547852,8.025696754455566
4025,14.764860153198242,8.02737045288086
4026,16.138442993164062,8.02938461303711
4027,15.594432830810547,8.031262397766113
4028,14.111577033996582,8.032772064208984
4029,15.109976768493652,8.034527778625488
4030,14.673606872558594,8.036174774169922
4031,13.511124610900879,8.037532806396484
4032,12.708948135375977,8.038691520690918
4033,13.833093643188477,8.040127754211426
4034,14.166227340698242,8.041646003723145
4035,14.61196517944336,8.04327392578125
4036,13.644340515136719,8.044661521911621
4037,15.406107902526855,8.046483993530273
4038,13.250570297241211,8.047772407531738
4039,13.3195161819458,8.049077987670898
4040,10.957087516784668,8.049797058105469
4041,14.420829772949219,8.051373481750488
4042,13.380484580993652,8.052691459655762
4043,14.906534194946289,8.054386138916016
4044,14.977389335632324,8.056097030639648
4045,14.859058380126953,8.057779312133789
4046,12.794574737548828,8.05894947052002
4047,14.38626766204834,8.06051254272461
4048,16.04874610900879,8.062485694885254
4049,14.2655611038208,8.064017295837402
4050,15.444549560546875,8.065838813781738
4051,15.033145904541016,8.067558288574219
4052,14.608762741088867,8.069172859191895
4053,15.115467071533203,8.070910453796387
4054,14.542966842651367,8.07250690460205
4055,15.691251754760742,8.074385643005371
4056,14.564809799194336,8.075984954833984
4057,15.676504135131836,8.077857971191406
4058,14.514103889465332,8.07944393157959
4059,14.101677894592285,8.080927848815918
4060,15.39187240600586,8.082727432250977
4061,15.130905151367188,8.084463119506836
4062,17.155412673950195,8.086695671081543
4063,14.668383598327637,8.0883150100708
4064,15.4542818069458,8.090126991271973
4065,14.773834228515625,8.091771125793457
4066,14.418549537658691,8.093326568603516
4067,12.560413360595703,8.0944242477417
4068,16.518451690673828,8.096494674682617
4069,11.043009757995605,8.09721851348877
4070,13.75083065032959,8.098607063293457
4071,11.447731018066406,8.099430084228516
4072,14.401657104492188,8.100977897644043
4073,13.798717498779297,8.102375984191895
4074,13.461918830871582,8.103690147399902
4075,12.216512680053711,8.10469913482666
4076,15.073338508605957,8.106409072875977
4077,15.108760833740234,8.108125686645508
4078,16.66813087463379,8.110224723815918
4079,14.75645637512207,8.11185359954834
4080,14.357590675354004,8.113384246826172
4081,14.650348663330078,8.114985466003418
4082,8.050125122070312,8.114970207214355
4083,15.01380729675293,8.116659164428711
4084,14.752386093139648,8.118284225463867
4085,15.012726783752441,8.11997127532959
4086,14.396108627319336,8.121506690979004
4087,14.669798851013184,8.12310791015625
4088,14.525323867797852,8.124672889709473
4089,14.551727294921875,8.12624454498291
4090,14.637080192565918,8.127836227416992
4091,15.592571258544922,8.129660606384277
4092,15.767146110534668,8.131525993347168
4093,14.239143371582031,8.133017539978027
4094,14.482697486877441,8.134568214416504
4095,14.79243278503418,8.136194229125977
4096,13.733686447143555,8.137560844421387
4097,11.053629875183105,8.138272285461426
4098,16.418848037719727,8.140292167663574
4099,15.995916366577148,8.142208099365234
4100,13.726707458496094,8.143569946289062
4101,14.70650577545166,8.145170211791992
4102,12.453348159790039,8.146220207214355
4103,12.567662239074707,8.147296905517578
4104,14.750343322753906,8.148905754089355
4105,15.838814735412598,8.150778770446777
4106,14.952638626098633,8.152435302734375
4107,13.928131103515625,8.153841018676758
4108,13.144096374511719,8.15505599975586
4109,14.569889068603516,8.156617164611816
4110,14.546340942382812,8.158171653747559
4111,14.051918983459473,8.1596040725708
4112,15.067956924438477,8.161283493041992
4113,13.99756908416748,8.162701606750488
4114,14.064602851867676,8.16413688659668
4115,15.506707191467285,8.16592025756836
4116,15.347432136535645,8.167665481567383
4117,13.583995819091797,8.168980598449707
4118,12.124184608459473,8.169940948486328
4119,14.959491729736328,8.171589851379395
4120,10.335942268371582,8.172114372253418
4121,11.065179824829102,8.17281723022461
4122,11.99327564239502,8.17374324798584
4123,10.891582489013672,8.174402236938477
4124,11.740225791931152,8.17526626586914
4125,11.381338119506836,8.176043510437012
4126,11.696983337402344,8.176896095275879
4127,10.061189651489258,8.177352905273438
4128,10.839006423950195,8.177997589111328
4129,11.177728652954102,8.178723335266113
4130,12.18353271484375,8.179693222045898
4131,10.820453643798828,8.18033218383789
4132,11.55026626586914,8.181147575378418
4133,11.066949844360352,8.181845664978027
4134,12.048395156860352,8.182780265808105
4135,12.127388000488281,8.183734893798828
4136,11.083013534545898,8.18443489074707
4137,12.802748680114746,8.185551643371582
4138,10.865601539611816,8.186199188232422
4139,11.619232177734375,8.187028884887695
4140,10.618896484375,8.187616348266602
4141,12.15086555480957,8.188572883605957
4142,12.837332725524902,8.189695358276367
4143,12.982540130615234,8.190852165222168
4144,11.065167427062988,8.191545486450195
4145,11.40973949432373,8.19232177734375
4146,10.441324234008789,8.192864418029785
4147,10.445449829101562,8.19340705871582
4148,11.264947891235352,8.194148063659668
4149,12.399192810058594,8.195160865783691
4150,11.162365913391113,8.195876121520996
4151,12.903738021850586,8.197010040283203
4152,12.424908638000488,8.198027610778809
4153,11.52760124206543,8.198829650878906
4154,12.190645217895508,8.199790000915527
4155,11.080001831054688,8.200483322143555
4156,10.727237701416016,8.201090812683105
4157,13.505876541137695,8.202366828918457
4158,12.231093406677246,8.203335762023926
4159,13.169461250305176,8.20452880859375
4160,12.4794921875,8.205556869506836
4161,11.7283935546875,8.206402778625488
4162,11.057037353515625,8.207087516784668
4163,12.214564323425293,8.208049774169922
4164,11.44345474243164,8.208827018737793
4165,11.269702911376953,8.209562301635742
4166,11.753524780273438,8.210412979125977
4167,13.449931144714355,8.211669921875
4168,13.250146865844727,8.212878227233887
4169,12.023625373840332,8.213791847229004
4170,10.429426193237305,8.214323043823242
4171,11.25536823272705,8.215051651000977
4172,14.078851699829102,8.216456413269043
4173,11.207487106323242,8.217172622680664
4174,12.836540222167969,8.218279838562012
4175,10.78260612487793,8.218893051147461
4176,12.398786544799805,8.219893455505371
4177,11.3783540725708,8.220649719238281
4178,11.649681091308594,8.22146987915039
4179,12.289509773254395,8.222443580627441
4180,10.492170333862305,8.222986221313477
4181,11.63179874420166,8.223801612854004
4182,12.563166618347168,8.224838256835938
4183,11.74635124206543,8.225680351257324
4184,12.256773948669434,8.226643562316895
4185,10.411738395690918,8.227165222167969
4186,11.322324752807617,8.2279052734375
4187,11.753719329833984,8.228747367858887
4188,11.603429794311523,8.229552268981934
4189,12.902116775512695,8.230667114257812
4190,9.918463706970215,8.231069564819336
4191,11.143266677856445,8.231764793395996
4192,11.576536178588867,8.232563018798828
4193,10.753584861755371,8.233163833618164
4194,11.337461471557617,8.233903884887695
4195,11.756024360656738,8.23474407196045
4196,11.262090682983398,8.235465049743652
4197,12.04871654510498,8.236372947692871
4198,11.41901969909668,8.237130165100098
4199,9.564401626586914,8.237445831298828
4200,10.791973114013672,8.238054275512695
4201,10.154977798461914,8.238511085510254
4202,11.218853950500488,8.239219665527344
4203,11.173805236816406,8.239917755126953
4204,10.721954345703125,8.240508079528809
4205,10.660745620727539,8.241083145141602
4206,11.232972145080566,8.24179458618164
4207,11.896109580993652,8.24266242980957
4208,11.665433883666992,8.243475914001465
4209,11.802528381347656,8.2443208694458
4210,12.899755477905273,8.245426177978516
4211,12.271103858947754,8.246380805969238
4212,11.061028480529785,8.247049331665039
4213,13.182262420654297,8.248221397399902
4214,9.320493698120117,8.248475074768066
4215,10.786052703857422,8.249076843261719
4216,11.237810134887695,8.249786376953125
4217,11.636849403381348,8.250589370727539
4218,10.209742546081543,8.251053810119629
4219,12.639246940612793,8.252094268798828
4220,14.621377944946289,8.253602981567383
4221,13.030900001525879,8.25473403930664
4222,10.118173599243164,8.255175590515137
4223,10.350560188293457,8.255671501159668
4224,9.4681978225708,8.255958557128906
4225,9.222023010253906,8.256187438964844
4226,11.860647201538086,8.257040023803711
4227,12.947370529174805,8.258150100708008
4228,12.269745826721191,8.259098052978516
4229,12.934032440185547,8.26020336151123
4230,11.361461639404297,8.260936737060547
4231,8.842166900634766,8.26107406616211
4232,11.629558563232422,8.261870384216309
4233,10.959406852722168,8.262507438659668
4234,13.2688570022583,8.263689994812012
4235,12.842479705810547,8.264771461486816
4236,8.643959045410156,8.264861106872559
4237,11.57538890838623,8.265641212463379
4238,8.490175247192383,8.265693664550781
4239,9.859430313110352,8.266070365905762
4240,9.237615585327148,8.2662992477417
4241,14.077791213989258,8.267669677734375
4242,12.636794090270996,8.268698692321777
4243,12.268339157104492,8.269641876220703
4244,8.97264575958252,8.269806861877441
4245,9.967206954956055,8.270207405090332
4246,16.22066879272461,8.272079467773438
4247,11.288804054260254,8.272789001464844
4248,12.099302291870117,8.273689270019531
4249,9.219205856323242,8.273911476135254
4250,12.453620910644531,8.274894714355469
4251,9.528364181518555,8.275189399719238
4252,10.789093971252441,8.27578067779541
4253,10.848336219787598,8.276385307312012
4254,10.046076774597168,8.276801109313965
4255,12.08239459991455,8.277695655822754
4256,12.822999000549316,8.278762817382812
4257,12.693342208862305,8.279799461364746
4258,12.34917163848877,8.280755043029785
4259,10.71159839630127,8.281325340270996
4260,11.483229637145996,8.282076835632324
4261,11.943530082702637,8.282936096191406
4262,14.659523963928223,8.284432411193848
4263,15.164031982421875,8.286046028137207
4264,12.390777587890625,8.287008285522461
4265,12.463202476501465,8.28798770904541
4266,13.68228816986084,8.289252281188965
4267,13.938437461853027,8.29057502746582
4268,12.920979499816895,8.29166030883789
4269,13.410768508911133,8.292859077453613
4270,10.83161449432373,8.293453216552734
4271,13.452376365661621,8.294661521911621
4272,13.725546836853027,8.29593276977539
4273,10.47437572479248,8.296442031860352
4274,12.21687126159668,8.297359466552734
4275,12.122069358825684,8.298253059387207
4276,10.312736511230469,8.298724174499512
4277,13.211551666259766,8.299872398376465
4278,11.295528411865234,8.300573348999023
4279,13.985435485839844,8.301900863647461
4280,11.787221908569336,8.302715301513672
4281,12.166536331176758,8.303618431091309
4282,12.073003768920898,8.304498672485352
4283,10.607205390930176,8.305035591125488
4284,11.359180450439453,8.30574893951416
4285,12.180322647094727,8.306652069091797
4286,12.445502281188965,8.307618141174316
4287,9.318896293640137,8.307853698730469
4288,12.636343002319336,8.308863639831543
4289,11.825559616088867,8.309682846069336
4290,14.011739730834961,8.31101131439209
4291,13.470474243164062,8.312212944030762
4292,12.965445518493652,8.313297271728516
4293,11.73900032043457,8.314094543457031
4294,14.108084678649902,8.315443992614746
4295,12.175895690917969,8.3163423538208
4296,12.430376052856445,8.317299842834473
4297,11.560791015625,8.318055152893066
4298,11.45194149017334,8.3187837600708
4299,13.14163589477539,8.319905281066895
4300,13.447977066040039,8.321098327636719
4301,12.837745666503906,8.322147369384766
4302,14.757539749145508,8.32364273071289
4303,13.972439765930176,8.324955940246582
4304,12.782434463500977,8.325990676879883
4305,13.099752426147461,8.327099800109863
4306,12.564955711364746,8.328083992004395
4307,10.844253540039062,8.328668594360352
4308,12.491704940795898,8.329634666442871
4309,12.776116371154785,8.330666542053223
4310,11.167770385742188,8.331324577331543
4311,11.182212829589844,8.331986427307129
4312,12.139232635498047,8.332868576049805
4313,10.06306266784668,8.333270072937012
4314,14.79243278503418,8.33476734161377
4315,13.480228424072266,8.335959434509277
4316,13.706679344177246,8.337203025817871
4317,11.663884162902832,8.337973594665527
4318,13.040515899658203,8.339062690734863
4319,13.953475952148438,8.340361595153809
4320,13.77471923828125,8.341619491577148
4321,13.490341186523438,8.34281063079834
4322,12.764286041259766,8.343833923339844
4323,13.522956848144531,8.34503173828125
4324,14.765914916992188,8.346516609191895
4325,13.864154815673828,8.34779167175293
4326,11.331511497497559,8.348481178283691
4327,13.188880920410156,8.349599838256836
4328,14.447019577026367,8.351007461547852
4329,13.93944263458252,8.35229778289795
4330,14.030157089233398,8.353609085083008
4331,13.418816566467285,8.354778289794922
4332,14.85592269897461,8.356278419494629
4333,12.378503799438477,8.357206344604492
4334,10.739670753479004,8.357755661010742
4335,12.029953956604004,8.358602523803711
4336,13.384108543395996,8.359761238098145
4337,9.612627983093262,8.360050201416016
4338,12.230640411376953,8.360941886901855
4339,12.267969131469727,8.36184310913086
4340,10.370464324951172,8.362305641174316
4341,15.271073341369629,8.363896369934082
4342,13.493484497070312,8.365077018737793
4343,13.989516258239746,8.366372108459473
4344,12.376697540283203,8.367294311523438
4345,13.058558464050293,8.36837387084961
4346,14.084052085876465,8.369688987731934
4347,12.931442260742188,8.37073802947998
4348,11.835164070129395,8.37153434753418
4349,11.330202102661133,8.372215270996094
4350,13.08438777923584,8.373298645019531
4351,12.846780776977539,8.374326705932617
4352,13.451274871826172,8.375494003295898
4353,11.761449813842773,8.37627124786377
4354,13.212180137634277,8.377381324768066
4355,11.588367462158203,8.378118515014648
4356,12.1884765625,8.378993034362793
4357,13.562458992004395,8.380182266235352
4358,12.80317211151123,8.381197929382324
4359,12.628828048706055,8.382171630859375
4360,11.096392631530762,8.382794380187988
4361,13.268608093261719,8.383914947509766
4362,12.43741512298584,8.384843826293945
4363,12.891666412353516,8.385876655578613
4364,12.728837966918945,8.386871337890625
4365,12.846559524536133,8.387893676757812
4366,10.551270484924316,8.388388633728027
4367,10.955185890197754,8.38897705078125
4368,11.089018821716309,8.389595031738281
4369,10.913640975952148,8.390172958374023
4370,9.423727989196777,8.390408515930176
4371,9.058075904846191,8.3905611038208
4372,11.196694374084473,8.391202926635742
4373,10.906147956848145,8.391777992248535
4374,10.658769607543945,8.39229679107666
4375,7.755363464355469,8.39215087890625
4376,10.72559928894043,8.392683982849121
4377,10.837183952331543,8.393241882324219
4378,10.819587707519531,8.39379596710205
4379,10.027056694030762,8.394168853759766
4380,9.353338241577148,8.394387245178223
4381,9.677364349365234,8.39468002319336
4382,10.091357231140137,8.39506721496582
4383,10.368194580078125,8.395516395568848
4384,10.183284759521484,8.39592456817627
4385,10.445039749145508,8.396391868591309
4386,5.795754909515381,8.39579963684082
4387,8.498814582824707,8.395822525024414
4388,10.820196151733398,8.39637565612793
4389,10.020763397216797,8.396744728088379
4390,10.739887237548828,8.397278785705566
4391,8.313714027404785,8.397258758544922
4392,11.05557918548584,8.39786434173584
4393,7.652370929718018,8.39769458770752
4394,9.952312469482422,8.398048400878906
4395,11.914140701293945,8.398847579956055
4396,9.58566951751709,8.399118423461914
4397,9.054182052612305,8.399267196655273
4398,11.434814453125,8.399956703186035
4399,9.81881046295166,8.400279998779297
4400,10.716590881347656,8.400805473327637
4401,9.762264251708984,8.401114463806152
4402,8.51650333404541,8.401141166687012
4403,10.782662391662598,8.401680946350098
4404,8.20947265625,8.40163803100586
4405,11.324182510375977,8.402300834655762
4406,9.260473251342773,8.402496337890625
4407,8.097744941711426,8.402426719665527
4408,8.713768005371094,8.402498245239258
4409,11.904736518859863,8.403292655944824
4410,10.031379699707031,8.403661727905273
4411,10.152175903320312,8.404057502746582
4412,7.172891616821289,8.403779029846191
4413,9.618017196655273,8.404053688049316
4414,10.047564506530762,8.404425621032715
4415,10.728141784667969,8.404951095581055
4416,9.117267608642578,8.405112266540527
4417,11.265308380126953,8.405759811401367
4418,10.766851425170898,8.406293869018555
4419,7.923090934753418,8.406184196472168
4420,7.856910228729248,8.406060218811035
4421,8.330870628356934,8.40604305267334
4422,6.330737590789795,8.405574798583984
4423,11.027050018310547,8.406167030334473
4424,11.683765411376953,8.40690803527832
4425,7.9966278076171875,8.406814575195312
4426,10.178001403808594,8.407215118408203
4427,11.654525756835938,8.407949447631836
4428,10.24072265625,8.408363342285156
4429,11.030179977416992,8.408955574035645
4430,10.523442268371582,8.409432411193848
4431,8.461042404174805,8.409443855285645
4432,9.755820274353027,8.409747123718262
4433,9.132755279541016,8.409910202026367
4434,10.653373718261719,8.410415649414062
4435,13.631390571594238,8.411593437194824
4436,9.0241117477417,8.411731719970703
4437,9.81423282623291,8.412046432495117
4438,6.342564105987549,8.411581039428711
4439,9.390052795410156,8.4118013381958
4440,8.863860130310059,8.411903381347656
4441,11.087137222290039,8.412505149841309
4442,9.427240371704102,8.41273307800293
4443,8.036831855773926,8.41264820098877
4444,8.645718574523926,8.412700653076172
4445,10.473784446716309,8.413164138793945
4446,9.888206481933594,8.413495063781738
4447,10.403369903564453,8.413942337036133
4448,9.633344650268555,8.414216041564941
4449,8.02626895904541,8.414129257202148
4450,10.660548210144043,8.414633750915527
4451,9.232086181640625,8.414816856384277
4452,7.767248153686523,8.414670944213867
4453,11.179766654968262,8.415291786193848
4454,10.621323585510254,8.415786743164062
4455,9.156461715698242,8.415953636169434
4456,7.197639465332031,8.415679931640625
4457,8.492876052856445,8.41569709777832
4458,12.813236236572266,8.416683197021484
4459,10.56787109375,8.417165756225586
4460,7.51310920715332,8.416962623596191
4461,7.956065654754639,8.41685962677002
4462,8.425164222717285,8.416861534118652
4463,9.309338569641113,8.417060852050781
4464,6.756153106689453,8.4166898727417
4465,9.337363243103027,8.416895866394043
4466,8.329339981079102,8.416875839233398
4467,9.691783905029297,8.417160987854004
4468,9.580581665039062,8.417421340942383
4469,9.839437484741211,8.417739868164062
4470,8.800955772399902,8.417825698852539
4471,8.7725248336792,8.4179048538208
4472,9.26087760925293,8.41809368133545
4473,9.442779541015625,8.418322563171387
4474,9.262636184692383,8.418510437011719
4475,8.810455322265625,8.418598175048828
4476,8.994855880737305,8.418726921081543
4477,9.839393615722656,8.419044494628906
4478,9.8236722946167,8.419358253479004
4479,9.528430938720703,8.419605255126953
4480,8.73827075958252,8.419676780700684
4481,9.916230201721191,8.420010566711426
4482,10.128865242004395,8.420392036437988
4483,9.865957260131836,8.420714378356934
4484,9.19498348236084,8.420886993408203
4485,8.737404823303223,8.420958518981934
4486,9.021159172058105,8.421091079711914
4487,8.759397506713867,8.42116641998291
4488,7.662723541259766,8.420997619628906
4489,8.440119743347168,8.421002388000488
4490,6.747714996337891,8.420629501342773
4491,9.276734352111816,8.420820236206055
4492,7.098676681518555,8.420525550842285
4493,8.870234489440918,8.420625686645508
4494,8.642110824584961,8.420675277709961
4495,8.698235511779785,8.420737266540527
4496,11.269259452819824,8.421370506286621
4497,9.365960121154785,8.42158031463623
4498,11.182622909545898,8.422194480895996
4499,11.609310150146484,8.422903060913086
4500,8.841548919677734,8.422995567321777
4501,6.160339832305908,8.422492980957031
4502,8.16630744934082,8.422436714172363
4503,9.742860794067383,8.4227294921875
4504,9.712011337280273,8.423015594482422
4505,7.999715328216553,8.422921180725098
4506,8.601658821105957,8.422961235046387
4507,5.871309757232666,8.422394752502441
4508,6.766951084136963,8.422027587890625
4509,4.967321872711182,8.42126178741455
4510,4.965806007385254,8.420495986938477
4511,6.372372627258301,8.42004108428955
4512,4.901005744934082,8.419261932373047
4513,8.278044700622559,8.419230461120605
4514,6.206666946411133,8.418740272521973
4515,5.356869697570801,8.418062210083008
4516,6.135148048400879,8.417556762695312
4517,6.578930854797363,8.417149543762207
4518,5.631962776184082,8.416533470153809
4519,6.995718479156494,8.416219711303711
4520,4.647029876708984,8.415386199951172
4521,4.310259819030762,8.414478302001953
4522,5.136569976806641,8.413753509521484
4523,3.228935718536377,8.412607192993164
4524,5.651564121246338,8.41199779510498
4525,6.057860851287842,8.411478042602539
4526,5.271352767944336,8.410783767700195
4527,4.469680309295654,8.409913063049316
4528,5.705877304077148,8.409316062927246
4529,4.48829984664917,8.408451080322266
4530,4.60743522644043,8.407611846923828
4531,4.344089984893799,8.406715393066406
4532,5.218402862548828,8.406012535095215
4533,3.181246519088745,8.40485954284668
4534,4.308143138885498,8.403956413269043
4535,4.464573383331299,8.403087615966797
4536,4.267160415649414,8.402175903320312
4537,4.91373348236084,8.401407241821289
4538,4.613110542297363,8.400572776794434
4539,4.6698431968688965,8.399750709533691
4540,4.265146732330322,8.398839950561523
4541,6.061654090881348,8.39832592010498
4542,3.5025980472564697,8.397248268127441
4543,5.402420997619629,8.396589279174805
4544,5.0646185874938965,8.395856857299805
4545,6.614374160766602,8.395463943481445
4546,5.152738094329834,8.39475154876709
4547,7.585238933563232,8.394573211669922
4548,4.145632743835449,8.393638610839844
4549,4.539566993713379,8.392791748046875
4550,1.7617063522338867,8.391334533691406
4551,4.444244384765625,8.390467643737793
4552,3.404494285583496,8.389372825622559
4553,3.748274803161621,8.388354301452637
4554,6.527412414550781,8.387946128845215
4555,5.209076881408691,8.387248992919922
4556,5.118100643157959,8.386530876159668
4557,6.90802001953125,8.38620662689209
4558,6.323306083679199,8.385753631591797
4559,6.502132415771484,8.38534164428711
4560,5.668634414672852,8.384745597839355
4561,4.569351673126221,8.383909225463867
4562,5.6506733894348145,8.383310317993164
4563,5.848893642425537,8.382755279541016
4564,3.7939281463623047,8.381750106811523
4565,6.967491149902344,8.381440162658691
4566,6.200920104980469,8.380962371826172
4567,5.951394081115723,8.380431175231934
4568,5.65606689453125,8.37983512878418
4569,4.158092498779297,8.378910064697266
4570,4.2650322914123535,8.378010749816895
4571,5.883386135101318,8.37746524810791
4572,5.429984092712402,8.37682056427002
4573,4.684780120849609,8.376012802124023
4574,3.0938148498535156,8.374857902526855
4575,3.2302603721618652,8.373734474182129
4576,3.557567834854126,8.372681617736816
4577,5.971181392669678,8.37215805053711
4578,4.943291664123535,8.371408462524414
4579,5.363841533660889,8.37075138092041
4580,7.713460445404053,8.37060832977295
4581,7.872649192810059,8.370499610900879
4582,5.9557061195373535,8.369973182678223
4583,7.773519515991211,8.369842529296875
4584,7.577552795410156,8.369669914245605
4585,6.250080108642578,8.369208335876465
4586,1.4292956590652466,8.367694854736328
4587,5.1462788581848145,8.366992950439453
4588,4.372864723205566,8.366122245788574
4589,5.875241756439209,8.365578651428223
4590,7.407339096069336,8.36536979675293
4591,6.235775470733643,8.364906311035156
4592,4.787935256958008,8.364127159118652
4593,5.730320930480957,8.363554000854492
4594,4.298825740814209,8.362668991088867
4595,6.10670804977417,8.362177848815918
4596,1.8263576030731201,8.360756874084473
4597,5.608458995819092,8.36015796661377
4598,5.922168731689453,8.359627723693848
4599,6.859295845031738,8.359301567077637
4600,5.123780250549316,8.358598709106445
4601,5.923402786254883,8.35806941986084
4602,4.779534339904785,8.357292175292969
4603,6.176657199859619,8.356818199157715
4604,5.811407566070557,8.356266021728516
4605,4.659541606903076,8.355463981628418
4606,5.15083122253418,8.354768753051758
4607,5.9835920333862305,8.354253768920898
4608,3.1650378704071045,8.353127479553223
4609,6.924418926239014,8.352818489074707
4610,4.510929584503174,8.351984977722168
4611,9.35780143737793,8.352203369140625
4612,5.402195930480957,8.351564407348633
4613,6.127095699310303,8.351082801818848
4614,4.974360942840576,8.350350379943848
4615,4.416975021362305,8.349498748779297
4616,4.273919105529785,8.348615646362305
4617,7.408380031585693,8.34841251373291
4618,4.2049784660339355,8.347515106201172
4619,1.4339457750320435,8.34601879119873
4620,4.643221378326416,8.34521770477295
4621,5.618335723876953,8.344627380371094
4622,6.650708198547363,8.344261169433594
4623,4.673095226287842,8.343466758728027
4624,5.864997386932373,8.342930793762207
4625,5.335085868835449,8.342280387878418
4626,4.140928268432617,8.3413724899292
4627,5.4430670738220215,8.34074592590332
4628,14.01011848449707,8.341971397399902
4629,12.748322486877441,8.342923164367676
4630,11.241059303283691,8.343548774719238
4631,8.283933639526367,8.343536376953125
4632,11.533564567565918,8.344225883483887
4633,10.880202293395996,8.344772338867188
4634,10.203197479248047,8.345173835754395
4635,11.506041526794434,8.345855712890625
4636,10.328217506408691,8.346282958984375
4637,10.759693145751953,8.346802711486816
4638,12.175154685974121,8.347628593444824
4639,13.489118576049805,8.348736763000488
4640,11.183792114257812,8.349347114562988
4641,10.594436645507812,8.349830627441406
4642,12.391491889953613,8.350701332092285
4643,12.56934642791748,8.351609230041504
4644,9.378460884094238,8.35183048248291
4645,11.877965927124023,8.35258960723877
4646,10.478221893310547,8.353047370910645
4647,10.962438583374023,8.353608131408691
4648,12.69273567199707,8.354540824890137
4649,11.100029945373535,8.355132102966309
4650,10.484084129333496,8.355589866638184
4651,13.735313415527344,8.356745719909668
4652,11.921887397766113,8.357512474060059
4653,12.411481857299805,8.358383178710938
4654,10.630072593688965,8.358870506286621
4655,10.582084655761719,8.35934829711914
4656,10.627067565917969,8.359835624694824
4657,11.701238632202148,8.360552787780762
4658,10.35215950012207,8.360980987548828
4659,10.780952453613281,8.361499786376953
4660,8.203917503356934,8.361466407775879
4661,11.825841903686523,8.362208366394043
4662,10.495742797851562,8.362666130065918
4663,7.173764705657959,8.362411499023438
4664,14.793118476867676,8.363789558410645
4665,11.186495780944824,8.364395141601562
4666,10.446015357971191,8.364840507507324
4667,9.546099662780762,8.365094184875488
4668,8.604329109191895,8.365145683288574
4669,9.96871566772461,8.36548900604248
4670,9.756658554077148,8.3657865524292
4671,11.073503494262695,8.366366386413574
4672,11.843088150024414,8.367110252380371
4673,11.11624526977539,8.367698669433594
4674,12.279855728149414,8.368535995483398
4675,12.54941177368164,8.369430541992188
4676,7.692229747772217,8.369285583496094
4677,9.874387741088867,8.369606971740723
4678,11.422746658325195,8.370259284973145
4679,10.537729263305664,8.370722770690918
4680,12.034734725952148,8.371505737304688
4681,12.464261054992676,8.372380256652832
4682,8.437416076660156,8.372394561767578
4683,10.87539291381836,8.372928619384766
4684,8.058820724487305,8.3728609085083
4685,8.006593704223633,8.372783660888672
4686,11.17081069946289,8.373380661010742
4687,8.400819778442383,8.37338638305664
4688,11.517988204956055,8.37405776977539
4689,10.469137191772461,8.374504089355469
4690,14.685781478881836,8.375849723815918
4691,12.750750541687012,8.376782417297363
4692,10.686751365661621,8.377274513244629
4693,8.157700538635254,8.377227783203125
4694,12.292847633361816,8.378061294555664
4695,9.89934253692627,8.378385543823242
4696,10.350156784057617,8.378805160522461
4697,12.565750122070312,8.3796968460083
4698,8.498274803161621,8.379722595214844
4699,13.381301879882812,8.380786895751953
4700,14.028830528259277,8.381988525390625
4701,10.956720352172852,8.382535934448242
4702,13.198795318603516,8.383560180664062
4703,9.559438705444336,8.383810043334961
4704,11.403261184692383,8.384450912475586
4705,11.64405632019043,8.385144233703613
4706,12.226752281188965,8.385960578918457
4707,11.257086753845215,8.38656997680664
4708,10.646281242370605,8.387049674987793
4709,8.832908630371094,8.387144088745117
4710,10.583977699279785,8.38761043548584
4711,9.731704711914062,8.387894630432129
4712,11.852885246276855,8.388629913330078
4713,12.289033889770508,8.389457702636719
4714,-0.8090354204177856,8.387506484985352
4715,9.506814956665039,8.387743949890137
4716,9.29904556274414,8.387937545776367
4717,10.091306686401367,8.388298034667969
4718,11.352886199951172,8.38892650604248
4719,11.803142547607422,8.389650344848633
4720,10.931367874145508,8.390188217163086
4721,10.153373718261719,8.3905611038208
4722,9.85523796081543,8.390871047973633
4723,13.062284469604492,8.391860008239746
4724,8.846369743347168,8.39195728302002
4725,8.634084701538086,8.392007827758789
4726,10.745677947998047,8.392505645751953
4727,9.585823059082031,8.3927583694458
4728,12.26003646850586,8.393576622009277
4729,11.6314697265625,8.394261360168457
4730,9.69422435760498,8.394536018371582
4731,9.541097640991211,8.394779205322266
4732,8.872065544128418,8.394879341125488
4733,9.297263145446777,8.39507007598877
4734,8.761411666870117,8.395147323608398
4735,7.414517402648926,8.394940376281738
4736,12.88812255859375,8.395888328552246
4737,8.937071800231934,8.396002769470215
4738,11.107721328735352,8.396575927734375
4739,8.556110382080078,8.396608352661133
4740,12.578292846679688,8.397490501403809
4741,8.427976608276367,8.397497177124023
4742,12.67455005645752,8.398399353027344
4743,10.051926612854004,8.398748397827148
4744,6.10426664352417,8.39826488494873
4745,12.459209442138672,8.399120330810547
4746,14.781193733215332,8.40046501159668
4747,9.786172866821289,8.4007568359375
4748,10.663410186767578,8.401233673095703
4749,10.854334831237793,8.401749610900879
4750,10.39954948425293,8.402170181274414
4751,11.530157089233398,8.40282917022705
4752,10.606918334960938,8.403291702270508
4753,11.418977737426758,8.403925895690918
4754,9.677858352661133,8.404194831848145
4755,12.441444396972656,8.405043601989746
4756,11.147469520568848,8.405620574951172
4757,10.183368682861328,8.405993461608887
4758,10.900912284851074,8.40651798248291
4759,11.31700325012207,8.407129287719727
4760,16.672100067138672,8.408865928649902
4761,9.074522018432617,8.409005165100098
4762,10.968551635742188,8.40954303741455
4763,11.562261581420898,8.410204887390137
4764,13.701754570007324,8.411314964294434
4765,10.708850860595703,8.411797523498535
4766,7.302043437957764,8.411563873291016
4767,8.075364112854004,8.411493301391602
4768,10.340250968933105,8.411897659301758
4769,9.782597541809082,8.412184715270996
4770,12.77635669708252,8.41309928894043
4771,10.835453033447266,8.413607597351074
4772,10.616697311401367,8.414069175720215
4773,9.137863159179688,8.414220809936523
4774,10.027509689331055,8.414558410644531
4775,13.059205055236816,8.41553020477295
4776,11.27017593383789,8.416128158569336
4777,11.599754333496094,8.416794776916504
4778,13.959125518798828,8.417954444885254
4779,14.437409400939941,8.419214248657227
4780,13.145591735839844,8.420202255249023
4781,9.057014465332031,8.42033576965332
4782,11.434287071228027,8.420966148376465
4783,10.380697250366211,8.421375274658203
4784,10.334610939025879,8.421775817871094
4785,10.04045581817627,8.422113418579102
4786,9.942514419555664,8.422430992126465
4787,10.641462326049805,8.422893524169922
4788,8.79710578918457,8.422971725463867
4789,12.095304489135742,8.423738479614258
4790,12.822206497192383,8.42465591430664
4791,10.529386520385742,8.425095558166504
4792,13.35137939453125,8.42612361907959
4793,9.068629264831543,8.426258087158203
4794,11.541807174682617,8.426907539367676
4795,16.351734161376953,8.428560256958008
4796,10.174413681030273,8.428924560546875
4797,15.26298999786377,8.43034839630127
4798,12.824400901794434,8.43126392364502
4799,11.722217559814453,8.431949615478516
4800,12.39327335357666,8.432775497436523
4801,14.35805892944336,8.434009552001953
4802,11.177071571350098,8.434579849243164
4803,8.323225021362305,8.43455696105957
4804,16.585575103759766,8.436253547668457
4805,9.297064781188965,8.436432838439941
4806,8.238082885742188,8.436391830444336
4807,13.707990646362305,8.437487602233887
4808,11.034833908081055,8.438028335571289
4809,11.764644622802734,8.438719749450684
4810,12.133825302124023,8.43948745727539
4811,13.385239601135254,8.440515518188477
4812,10.218114852905273,8.440885543823242
4813,10.617181777954102,8.441337585449219
4814,11.619125366210938,8.441996574401855
4815,13.75417709350586,8.443099975585938
4816,14.18402099609375,8.444291114807129
4817,10.632265090942383,8.444746017456055
4818,8.950326919555664,8.44485092163086
4819,10.627811431884766,8.445303916931152
4820,14.043373107910156,8.446464538574219
4821,10.094615936279297,8.446805953979492
4822,12.9951171875,8.447749137878418
4823,14.736937522888184,8.449053764343262
4824,13.322772979736328,8.450063705444336
4825,13.121146202087402,8.451031684875488
4826,10.24152660369873,8.45140266418457
4827,-0.021079540252685547,8.449647903442383
4828,13.842453002929688,8.450765609741211
4829,10.335125923156738,8.451155662536621
4830,8.578083038330078,8.45118236541748
4831,7.5615668296813965,8.450998306274414
4832,12.439926147460938,8.451824188232422
4833,6.6216301918029785,8.451444625854492
4834,9.382264137268066,8.451637268066406
4835,10.174159049987793,8.451993942260742
4836,9.579339981079102,8.452226638793945
