Iteration,Result,Mean
0,10.724278450012207,10.724278450012207
1,11.557846069335938,11.141061782836914
2,12.07410717010498,11.45207691192627
3,12.297760009765625,11.663497924804688
4,12.209099769592285,11.772618293762207
5,12.597562789916992,11.910109519958496
6,12.30466079711914,11.966474533081055
7,10.00481128692627,11.721266746520996
8,10.476678848266602,11.582979202270508
9,10.883182525634766,11.512998580932617
10,10.604757308959961,11.430431365966797
11,11.174936294555664,11.409140586853027
12,11.352606773376465,11.404790878295898
13,11.293207168579102,11.396821022033691
14,13.450098037719727,11.533706665039062
15,12.726801872253418,11.608275413513184
16,11.566776275634766,11.605834007263184
17,12.572429656982422,11.659534454345703
18,12.582027435302734,11.708086967468262
19,11.696048736572266,11.707484245300293
20,11.885087966918945,11.715941429138184
21,11.431123733520508,11.702996253967285
22,10.7083740234375,11.659751892089844
23,11.334820747375488,11.646212577819824
24,12.73459529876709,11.689746856689453
25,14.353962898254395,11.792217254638672
26,13.015588760375977,11.837528228759766
27,12.704904556274414,11.868505477905273
28,12.455458641052246,11.888744354248047
29,10.183649063110352,11.831908226013184
30,11.047806739807129,11.806614875793457
31,13.35112476348877,11.854881286621094
32,12.12112808227539,11.86294937133789
33,10.652519226074219,11.827348709106445
34,12.876462936401367,11.85732364654541
35,11.5440673828125,11.848621368408203
36,12.057486534118652,11.854267120361328
37,10.927236557006836,11.829872131347656
38,12.17776107788086,11.838791847229004
39,11.711836814880371,11.835618019104004
40,12.178413391113281,11.843978881835938
41,10.427733421325684,11.810258865356445
42,13.2555570602417,11.843870162963867
43,13.27065372467041,11.876296997070312
44,11.355137825012207,11.864716529846191
45,9.369935035705566,11.810482025146484
46,11.373477935791016,11.801183700561523
47,12.146607398986816,11.808380126953125
48,10.98243236541748,11.791523933410645
49,11.600322723388672,11.787700653076172
50,10.270769119262695,11.757956504821777
51,10.638494491577148,11.736428260803223
52,12.166391372680664,11.744540214538574
53,10.353525161743164,11.718780517578125
54,12.482650756835938,11.73266887664795
55,10.16994857788086,11.704763412475586
56,11.530610084533691,11.701708793640137
57,12.661008834838867,11.71824836730957
58,12.736196517944336,11.735501289367676
59,11.657125473022461,11.7341947555542
60,11.444381713867188,11.72944450378418
61,12.764148712158203,11.746132850646973
62,10.281579971313477,11.722886085510254
63,13.028684616088867,11.74328899383545
64,12.892009735107422,11.760961532592773
65,12.205734252929688,11.767701148986816
66,9.800309181213379,11.738336563110352
67,11.451742172241211,11.734122276306152
68,8.196243286132812,11.68284797668457
69,13.026331901550293,11.702040672302246
70,12.501215934753418,11.713295936584473
71,11.061997413635254,11.70425033569336
72,11.385432243347168,11.699883460998535
73,11.895612716674805,11.702528953552246
74,10.88192367553711,11.6915864944458
75,11.444425582885742,11.688334465026855
76,7.209997177124023,11.63017463684082
77,9.41606616973877,11.601788520812988
78,11.97567081451416,11.606520652770996
79,11.463804244995117,11.604737281799316
80,12.945099830627441,11.621285438537598
81,11.469812393188477,11.619437217712402
82,11.42335033416748,11.617074966430664
83,13.265411376953125,11.636698722839355
84,11.048317909240723,11.629776954650879
85,11.259264945983887,11.625468254089355
86,12.309053421020508,11.633325576782227
87,8.374530792236328,11.596294403076172
88,11.962403297424316,11.600407600402832
89,12.4773588180542,11.610152244567871
90,12.466026306152344,11.61955738067627
91,12.313497543334961,11.627099990844727
92,7.031130790710449,11.577681541442871
93,9.19394302368164,11.552322387695312
94,9.4552640914917,11.530248641967773
95,11.660280227661133,11.531603813171387
96,9.655867576599121,11.512266159057617
97,10.17573356628418,11.498628616333008
98,9.476329803466797,11.478200912475586
99,9.64792251586914,11.459898948669434
100,9.7283296585083,11.442753791809082
101,10.302419662475586,11.431573867797852
102,9.646169662475586,11.414238929748535
103,9.492511749267578,11.395761489868164
104,9.787679672241211,11.380446434020996
105,10.461483001708984,11.371776580810547
106,7.143838882446289,11.332262992858887
107,10.31443977355957,11.32283878326416
108,10.46302604675293,11.314949989318848
109,9.066537857055664,11.294509887695312
110,9.710211753845215,11.280237197875977
111,7.585310459136963,11.247246742248535
112,10.35177993774414,11.239322662353516
113,8.745033264160156,11.217442512512207
114,9.410792350769043,11.201732635498047
115,8.816535949707031,11.181170463562012
116,10.475187301635742,11.17513656616211
117,10.261468887329102,11.167393684387207
118,10.559273719787598,11.162283897399902
119,10.457651138305664,11.156412124633789
120,11.71563720703125,11.161033630371094
121,9.62096881866455,11.14841079711914
122,9.910216331481934,11.138343811035156
123,8.796879768371582,11.119460105895996
124,8.340424537658691,11.097228050231934
125,8.19871997833252,11.074224472045898
126,8.441940307617188,11.053497314453125
127,10.049896240234375,11.04565715789795
128,10.039440155029297,11.037857055664062
129,9.496270179748535,11.02599811553955
130,9.770484924316406,11.016414642333984
131,10.450862884521484,11.012129783630371
132,7.825417995452881,10.98816967010498
133,9.994436264038086,10.980752944946289
134,13.447677612304688,10.99902629852295
135,12.93864631652832,11.013287544250488
136,7.586596488952637,10.988274574279785
137,7.457708835601807,10.962691307067871
138,9.621201515197754,10.953041076660156
139,7.07685661315918,10.92535400390625
140,8.975595474243164,10.91152572631836
141,8.583584785461426,10.895132064819336
142,10.085636138916016,10.889472007751465
143,9.843648910522461,10.882208824157715
144,10.184404373168945,10.877396583557129
145,9.730423927307129,10.86954116821289
146,10.116991996765137,10.864421844482422
147,10.224884033203125,10.860099792480469
148,10.71987247467041,10.859158515930176
149,10.809378623962402,10.858826637268066
150,8.498594284057617,10.843194961547852
151,14.801484107971191,10.869236946105957
152,8.221522331237793,10.85193157196045
153,8.641849517822266,10.837580680847168
154,10.135570526123047,10.833051681518555
155,12.448588371276855,10.84340763092041
156,10.11423110961914,10.838764190673828
157,12.864126205444336,10.851582527160645
158,12.589445114135742,10.862512588500977
159,10.194560050964355,10.858338356018066
160,9.822203636169434,10.85190200805664
161,9.789868354797363,10.845346450805664
162,8.954265594482422,10.833745002746582
163,11.205998420715332,10.836014747619629
164,10.437321662902832,10.833599090576172
165,9.533366203308105,10.825765609741211
166,8.631325721740723,10.812625885009766
167,12.692656517028809,10.823816299438477
168,11.254387855529785,10.826363563537598
169,11.572713851928711,10.830754280090332
170,9.96497917175293,10.825691223144531
171,10.991922378540039,10.826658248901367
172,11.595965385437012,10.83110523223877
173,10.38331413269043,10.828531265258789
174,8.474590301513672,10.815080642700195
175,7.689483165740967,10.797321319580078
176,10.249471664428711,10.794225692749023
177,6.602886199951172,10.770679473876953
178,8.893115997314453,10.7601900100708
179,8.434050559997559,10.74726676940918
180,10.226235389709473,10.744388580322266
181,10.658376693725586,10.743915557861328
182,9.866848945617676,10.73912239074707
183,11.249794006347656,10.741897583007812
184,10.63899040222168,10.741341590881348
185,7.989628791809082,10.726547241210938
186,6.323604583740234,10.703001976013184
187,13.781603813171387,10.719377517700195
188,8.842185974121094,10.70944595336914
189,9.132266998291016,10.70114517211914
190,16.14966583251953,10.729671478271484
191,12.447250366210938,10.738616943359375
192,9.777491569519043,10.733637809753418
193,10.54751968383789,10.732678413391113
194,11.266213417053223,10.735414505004883
195,9.835257530212402,10.73082160949707
196,12.444446563720703,10.739519119262695
197,10.430976867675781,10.737960815429688
198,13.574760437011719,10.752215385437012
199,13.723858833312988,10.767073631286621
200,12.405807495117188,10.775226593017578
201,10.817974090576172,10.775437355041504
202,10.993658065795898,10.77651309967041
203,12.003340721130371,10.782526969909668
204,12.456120491027832,10.790690422058105
205,10.708260536193848,10.790289878845215
206,12.480381965637207,10.798455238342285
207,10.317811965942383,10.796144485473633
208,11.423211097717285,10.799144744873047
209,12.624329566955566,10.807835578918457
210,12.584644317626953,10.816256523132324
211,12.530153274536133,10.824341773986816
212,13.246725082397461,10.835715293884277
213,11.018547058105469,10.836569786071777
214,9.907773971557617,10.832249641418457
215,11.45561408996582,10.835135459899902
216,12.399520874023438,10.8423433303833
217,11.36069393157959,10.844720840454102
218,12.508110046386719,10.852315902709961
219,12.265993118286133,10.858742713928223
220,10.900050163269043,10.858929634094238
221,11.992417335510254,10.864035606384277
222,10.466270446777344,10.862252235412598
223,10.897272109985352,10.862408638000488
224,11.367630004882812,10.864653587341309
225,14.319774627685547,10.879941940307617
226,12.510425567626953,10.887125015258789
227,10.665863990783691,10.886154174804688
228,9.09139347076416,10.878316879272461
229,12.153386116027832,10.88386058807373
230,13.123279571533203,10.8935546875
231,12.840561866760254,10.901947021484375
232,10.577727317810059,10.900554656982422
233,11.672723770141602,10.903854370117188
234,11.279909133911133,10.905455589294434
235,10.869866371154785,10.905304908752441
236,11.716484069824219,10.908727645874023
237,10.681314468383789,10.907772064208984
238,5.271496295928955,10.88418960571289
239,6.397360801696777,10.865494728088379
240,5.309209823608398,10.842440605163574
241,7.4007344245910645,10.828217506408691
242,6.18645715713501,10.80911636352539
243,7.585373878479004,10.795904159545898
244,3.1846446990966797,10.764838218688965
245,4.562163829803467,10.7396240234375
246,8.309406280517578,10.729784965515137
247,8.008689880371094,10.718812942504883
248,3.9324512481689453,10.691557884216309
249,5.331686973571777,10.670119285583496
250,5.883018493652344,10.651046752929688
251,2.015693426132202,10.616779327392578
252,6.898202419281006,10.602081298828125
253,1.4938948154449463,10.566222190856934
254,1.8124926090240479,10.53189468383789
255,-0.9048259258270264,10.48721981048584
256,2.0337703227996826,10.454326629638672
257,2.9828591346740723,10.42536735534668
258,1.9610087871551514,10.39268684387207
259,-1.0345923900604248,10.348734855651855
260,2.9287288188934326,10.320305824279785
261,6.441926956176758,10.305502891540527
262,6.311342716217041,10.290315628051758
263,1.4156498908996582,10.256699562072754
264,5.9939093589782715,10.24061393737793
265,3.574794292449951,10.215554237365723
266,-0.3889923691749573,10.175836563110352
267,1.8620691299438477,10.144815444946289
268,3.682591676712036,10.120792388916016
269,-0.0516187846660614,10.083117485046387
270,-0.38971182703971863,10.044472694396973
271,3.971221446990967,10.022144317626953
272,-2.9521892070770264,9.974618911743164
273,1.624650239944458,9.944145202636719
274,3.05922532081604,9.919109344482422
275,2.1084084510803223,9.890810012817383
276,-4.384895324707031,9.839272499084473
277,2.9869678020477295,9.814624786376953
278,2.8023900985717773,9.789491653442383
279,1.3462867736816406,9.759336471557617
280,2.5258584022521973,9.73359489440918
281,-0.5455867052078247,9.6971435546875
282,4.777061462402344,9.679758071899414
283,4.57765007019043,9.661792755126953
284,5.436809539794922,9.646968841552734
285,3.203880786895752,9.62444019317627
286,5.426530838012695,9.60981273651123
287,3.9139699935913086,9.590036392211914
288,-1.499213695526123,9.551665306091309
289,0.5846401453018188,9.520744323730469
290,2.7645835876464844,9.497527122497559
291,-0.2282525599002838,9.46422004699707
292,-0.5800949335098267,9.429939270019531
293,8.147014617919922,9.425575256347656
294,-9.521258354187012,9.361349105834961
295,-3.846602201461792,9.316726684570312
296,-0.9252647161483765,9.282241821289062
297,5.1749162673950195,9.268458366394043
298,-7.968051910400391,9.210811614990234
299,4.296327590942383,9.194430351257324
300,3.304290771484375,9.174861907958984
301,4.719066619873047,9.160106658935547
302,-0.6903753280639648,9.127596855163574
303,3.352938175201416,9.108601570129395
304,3.038151741027832,9.088698387145996
305,2.993931770324707,9.068780899047852
306,7.470426559448242,9.06357479095459
307,10.60239028930664,9.068570137023926
308,6.006371974945068,9.058660507202148
309,1.1603137254714966,9.033182144165039
310,-0.27137890458106995,9.003263473510742
311,-1.1642507314682007,8.970674514770508
312,4.205787181854248,8.955451965332031
313,3.9178049564361572,8.939408302307129
314,3.8618481159210205,8.923288345336914
315,3.836789131164551,8.90719223022461
316,3.1340739727020264,8.8889799118042
317,-1.115356206893921,8.85752010345459
318,4.637921333312988,8.844292640686035
319,3.1258273124694824,8.826421737670898
320,4.547638416290283,8.813092231750488
321,1.4679992198944092,8.790281295776367
322,0.5938949584960938,8.76490592956543
323,1.1783103942871094,8.741490364074707
324,-1.0595210790634155,8.711333274841309
325,5.421922206878662,8.70124340057373
326,3.414919137954712,8.685077667236328
327,0.8323146104812622,8.66113567352295
328,2.6802806854248047,8.642956733703613
329,1.2218017578125,8.620468139648438
330,1.7667572498321533,8.599761962890625
331,4.602832317352295,8.587722778320312
332,2.404201030731201,8.569153785705566
333,1.4819711446762085,8.547934532165527
334,5.207099437713623,8.537961959838867
335,5.989003658294678,8.530375480651855
336,2.798384189605713,8.51336669921875
337,1.6462507247924805,8.493049621582031
338,5.074085712432861,8.482964515686035
339,2.239999532699585,8.46460247039795
340,4.674302101135254,8.453487396240234
341,2.6532726287841797,8.436527252197266
342,4.095676422119141,8.423871994018555
343,4.723869800567627,8.413116455078125
344,6.558015823364258,8.407739639282227
345,-4.68521785736084,8.369898796081543
346,0.8153202533721924,8.348127365112305
347,4.992065906524658,8.338483810424805
348,9.794954299926758,8.342657089233398
349,9.910369873046875,8.347136497497559
350,12.494224548339844,8.358951568603516
351,11.523667335510254,8.367941856384277
352,12.484745979309082,8.37960433959961
353,13.1068696975708,8.392958641052246
354,14.1442289352417,8.409159660339355
355,13.67951488494873,8.42396354675293
356,12.547259330749512,8.435514450073242
357,13.0226411819458,8.44832706451416
358,11.057743072509766,8.455595970153809
359,9.12003231048584,8.457442283630371
360,11.025623321533203,8.464556694030762
361,12.789358139038086,8.476503372192383
362,11.68321418762207,8.485336303710938
363,12.641206741333008,8.496753692626953
364,9.421843528747559,8.499288558959961
365,12.931558609008789,8.511398315429688
366,9.873312950134277,8.515109062194824
367,9.201737403869629,8.516975402832031
368,10.89205551147461,8.523411750793457
369,11.950611114501953,8.532674789428711
370,11.814214706420898,8.541520118713379
371,8.83731746673584,8.542315483093262
372,11.22606086730957,8.54951000213623
373,11.572992324829102,8.557594299316406
374,7.779712200164795,8.555520057678223
375,8.05514907836914,8.554189682006836
376,10.099325180053711,8.558287620544434
377,9.188555717468262,8.559955596923828
378,5.528266429901123,8.551956176757812
379,10.70914363861084,8.557633399963379
380,10.856861114501953,8.563668251037598
381,13.356914520263672,8.576215744018555
382,10.387273788452148,8.580944061279297
383,8.300980567932129,8.580215454101562
384,11.954212188720703,8.58897876739502
385,11.50711441040039,8.596538543701172
386,11.789163589477539,8.604787826538086
387,10.8038911819458,8.610456466674805
388,10.819974899291992,8.61613655090332
389,9.090478897094727,8.617352485656738
390,12.15506362915039,8.6264009475708
391,9.569683074951172,8.628807067871094
392,13.86591911315918,8.642132759094238
393,13.373985290527344,8.654142379760742
394,13.201103210449219,8.665654182434082
395,11.331644058227539,8.672386169433594
396,12.883384704589844,8.682992935180664
397,13.170918464660645,8.694269180297852
398,12.825164794921875,8.704622268676758
399,12.892929077148438,8.715092658996582
400,13.413808822631836,8.726810455322266
401,10.537515640258789,8.731314659118652
402,7.386013984680176,8.72797679901123
403,11.056365013122559,8.733739852905273
404,10.465188026428223,8.738015174865723
405,11.2648286819458,8.74423885345459
406,11.718353271484375,8.751545906066895
407,13.079534530639648,8.762153625488281
408,13.39511775970459,8.773481369018555
409,12.201151847839355,8.781841278076172
410,11.989296913146973,8.789645195007324
411,12.82745361328125,8.799445152282715
412,11.362092971801758,8.80565071105957
413,11.563119888305664,8.812311172485352
414,10.412084579467773,8.816165924072266
415,9.782389640808105,8.818489074707031
416,13.101271629333496,8.82875919342041
417,11.957736015319824,8.8362455368042
418,12.728950500488281,8.845536231994629
419,11.936392784118652,8.85289478302002
420,10.132801055908203,8.855935096740723
421,13.092246055603027,8.865973472595215
422,10.421217918395996,8.869649887084961
423,7.870843410491943,8.867294311523438
424,9.88265609741211,8.869683265686035
425,10.868724822998047,8.87437629699707
426,13.518802642822266,8.885252952575684
427,9.78956127166748,8.887365341186523
428,10.438069343566895,8.890979766845703
429,11.609667778015137,8.897302627563477
430,15.050430297851562,8.911579132080078
431,12.93840503692627,8.920900344848633
432,8.608428955078125,8.92017936706543
433,11.033775329589844,8.925048828125
434,10.759553909301758,8.929265975952148
435,11.17936897277832,8.934427261352539
436,8.292542457580566,8.932957649230957
437,11.171923637390137,8.938069343566895
438,6.683340549468994,8.932933807373047
439,9.834661483764648,8.934983253479004
440,10.037318229675293,8.937482833862305
441,9.741472244262695,8.939301490783691
442,7.213004112243652,8.935404777526855
443,7.662224769592285,8.932537078857422
444,8.453901290893555,8.931461334228516
445,7.427783966064453,8.92809009552002
446,5.539361000061035,8.92050838470459
447,9.254899978637695,8.921255111694336
448,7.640075206756592,8.918401718139648
449,10.53256607055664,8.921988487243652
450,10.202413558959961,8.924827575683594
451,9.804261207580566,8.926773071289062
452,6.146026611328125,8.920634269714355
453,11.301669120788574,8.92587947845459
454,7.234408378601074,8.922161102294922
455,11.40876293182373,8.927614212036133
456,6.547889709472656,8.922407150268555
457,7.077102184295654,8.918377876281738
458,9.863224983215332,8.92043685913086
459,6.731245517730713,8.915678024291992
460,8.01028060913086,8.913714408874512
461,7.150836944580078,8.90989875793457
462,10.36719799041748,8.913045883178711
463,10.218281745910645,8.91585922241211
464,10.051885604858398,8.918301582336426
465,7.376349449157715,8.914993286132812
466,8.617398262023926,8.914355278015137
467,9.487603187561035,8.915580749511719
468,8.009218215942383,8.91364860534668
469,11.533747673034668,8.919222831726074
470,12.435927391052246,8.926689147949219
471,8.713013648986816,8.926236152648926
472,10.57645034790039,8.929725646972656
473,7.556705951690674,8.92682933807373
474,8.29026985168457,8.925488471984863
475,8.59738540649414,8.924798965454102
476,13.735875129699707,8.934885025024414
477,7.82421875,8.932560920715332
478,8.138692855834961,8.930903434753418
479,6.458682537078857,8.925752639770508
480,8.988216400146484,8.925882339477539
481,12.264284133911133,8.932808876037598
482,9.531594276428223,8.934048652648926
483,10.432336807250977,8.93714427947998
484,9.164286613464355,8.93761157989502
485,10.088260650634766,8.939979553222656
486,11.723214149475098,8.945694923400879
487,13.391083717346191,8.954804420471191
488,7.976861476898193,8.952804565429688
489,11.26478099822998,8.95752239227295
490,9.033182144165039,8.957676887512207
491,9.921826362609863,8.959636688232422
492,9.765111923217773,8.961270332336426
493,10.298656463623047,8.963977813720703
494,11.339061737060547,8.968775749206543
495,14.51639175415039,8.979960441589355
496,14.504642486572266,8.991077423095703
497,9.8248872756958,8.992751121520996
498,16.234699249267578,9.007264137268066
499,10.679655075073242,9.01060962677002
500,13.49315071105957,9.019556999206543
501,12.454451560974121,9.026399612426758
502,10.347200393676758,9.029025077819824
503,14.166481018066406,9.03921890258789
504,10.734938621520996,9.04257583618164
505,9.448163986206055,9.043377876281738
506,10.234899520874023,9.045727729797363
507,16.35663604736328,9.060118675231934
508,12.976222038269043,9.0678129196167
509,11.719098091125488,9.07301139831543
510,12.2941255569458,9.079314231872559
511,11.768707275390625,9.084567070007324
512,12.016824722290039,9.090282440185547
513,12.697552680969238,9.09730052947998
514,12.837160110473633,9.10456371307373
515,17.25759506225586,9.12036418914795
516,11.935006141662598,9.125808715820312
517,11.021493911743164,9.129467964172363
518,15.912871360778809,9.142539024353027
519,14.348849296569824,9.15255069732666
520,12.160954475402832,9.1583251953125
521,10.528450012207031,9.16094970703125
522,14.906062126159668,9.171935081481934
523,12.782464027404785,9.178824424743652
524,13.142848014831543,9.186375617980957
525,11.990293502807617,9.191705703735352
526,14.826135635375977,9.202397346496582
527,12.854007720947266,9.20931339263916
528,-0.8589046001434326,9.19028091430664
529,-1.7344512939453125,9.169668197631836
530,0.5019047856330872,9.153345108032227
531,0.9248393774032593,9.13787841796875
532,2.1530771255493164,9.124773979187012
533,1.0808874368667603,9.109710693359375
534,-0.7324251532554626,9.091314315795898
535,-1.6281778812408447,9.071314811706543
536,-0.00786298792809248,9.054407119750977
537,3.3782715797424316,9.04385757446289
538,3.3677287101745605,9.033326148986816
539,-3.3821792602539062,9.010334014892578
540,-1.0303946733474731,8.991774559020996
541,1.5739036798477173,8.97808837890625
542,4.420220375061035,8.969695091247559
543,0.8835221529006958,8.954830169677734
544,3.4028420448303223,8.944643020629883
545,2.4186089038848877,8.932690620422363
546,2.4168107509613037,8.92077922821045
547,-1.6174274682998657,8.901549339294434
548,5.498133659362793,8.895349502563477
549,-3.8382859230041504,8.872197151184082
550,1.5325255393981934,8.858877182006836
551,1.6430680751800537,8.845805168151855
552,3.258950710296631,8.835701942443848
553,2.671469211578369,8.82457447052002
554,0.7542040348052979,8.810033798217773
555,1.4936100244522095,8.796875
556,3.4026834964752197,8.787190437316895
557,2.2529444694519043,8.775481224060059
558,0.4947131276130676,8.760666847229004
559,3.3244588375091553,8.750959396362305
560,-1.1347624063491821,8.73333740234375
561,-0.05932053551077843,8.717692375183105
562,2.486154794692993,8.706624031066895
563,4.004566192626953,8.698287010192871
564,0.28468164801597595,8.683395385742188
565,5.104704856872559,8.677072525024414
566,3.718632459640503,8.668328285217285
567,-1.1811789274215698,8.65098762512207
568,4.740427017211914,8.64411449432373
569,2.0638363361358643,8.632570266723633
570,2.039095878601074,8.621023178100586
571,2.3739748001098633,8.610101699829102
572,2.1140177249908447,8.598764419555664
573,2.158292293548584,8.587544441223145
574,-3.769603729248047,8.56605339050293
575,4.392884254455566,8.558809280395508
576,2.0261893272399902,8.547487258911133
577,-1.5954725742340088,8.529938697814941
578,-1.6931511163711548,8.512282371520996
579,2.9920032024383545,8.502764701843262
580,2.8230369091033936,8.492989540100098
581,-0.26751792430877686,8.477936744689941
582,7.62605619430542,8.476475715637207
583,3.73679518699646,8.46835994720459
584,0.372836172580719,8.454521179199219
585,1.4425350427627563,8.44255542755127
586,4.269335746765137,8.435445785522461
587,2.999638557434082,8.426201820373535
588,-0.03326916694641113,8.411839485168457
589,5.690238952636719,8.4072265625
590,4.623046398162842,8.400823593139648
591,1.479543924331665,8.389132499694824
592,-10.166887283325195,8.357840538024902
593,-0.7002347111701965,8.342591285705566
594,4.06196928024292,8.335396766662598
595,3.819690704345703,8.32781982421875
596,7.213132858276367,8.325952529907227
597,2.3880794048309326,8.316022872924805
598,6.204948425292969,8.312499046325684
599,4.843135356903076,8.306716918945312
600,1.9137705564498901,8.296079635620117
601,4.29667854309082,8.289436340332031
602,3.946925640106201,8.282234191894531
603,0.3590565323829651,8.269116401672363
604,1.5697557926177979,8.25804328918457
605,2.7690181732177734,8.248985290527344
606,3.698601722717285,8.24148941040039
607,1.6201820373535156,8.230598449707031
608,0.05929112434387207,8.217181205749512
609,4.212491989135742,8.210616111755371
610,5.675556659698486,8.206466674804688
611,2.135145425796509,8.19654655456543
612,-4.754427909851074,8.175419807434082
613,6.847014427185059,8.173255920410156
614,0.047846097499132156,8.16004467010498
615,1.145220398902893,8.148655891418457
616,1.7717183828353882,8.138320922851562
617,3.750908851623535,8.131220817565918
618,-1.6516958475112915,8.115416526794434
619,1.8495168685913086,8.105310440063477
620,4.068058013916016,8.098809242248535
621,7.148499965667725,8.097281455993652
622,3.9102375507354736,8.090559959411621
623,0.5087139010429382,8.078410148620605
624,4.892141342163086,8.073311805725098
625,1.5368626117706299,8.062870025634766
626,2.4159889221191406,8.053863525390625
627,2.457425832748413,8.044952392578125
628,-5.83619499206543,8.022883415222168
629,4.793052673339844,8.017756462097168
630,-3.231125831604004,7.999929428100586
631,6.492011547088623,7.997543811798096
632,1.9614094495773315,7.98800802230835
633,2.383100986480713,7.979167938232422
634,5.284056663513184,7.974924087524414
635,0.5235775709152222,7.963207721710205
636,0.7021370530128479,7.951808929443359
637,2.298733711242676,7.942948341369629
638,0.8406597971916199,7.931833744049072
639,-2.036609411239624,7.916258335113525
640,0.6431937217712402,7.904911518096924
641,1.2442877292633057,7.89453649520874
642,3.924044609069824,7.88836145401001
643,-1.6755093336105347,7.873510837554932
644,-0.16682304441928864,7.861044883728027
645,0.44840770959854126,7.849570274353027
646,4.159554481506348,7.84386682510376
647,5.617921829223633,7.840432167053223
648,3.5772624015808105,7.833863258361816
649,-0.2698845863342285,7.8213958740234375
650,5.873510360717773,7.818403720855713
651,5.241389274597168,7.814450740814209
652,2.104191541671753,7.805706024169922
653,3.4073262214660645,7.798980236053467
654,2.040910243988037,7.790189743041992
655,3.917680025100708,7.784286022186279
656,6.892268657684326,7.782927989959717
657,2.8625102043151855,7.775449752807617
658,2.4154484272003174,7.7673163414001465
659,4.665261745452881,7.762616157531738
660,3.5753469467163086,7.75628137588501
661,-1.6464080810546875,7.742077827453613
662,-0.5463683605194092,7.729576110839844
663,-1.25828218460083,7.716040134429932
664,-5.35086727142334,7.696390151977539
665,-0.6409985423088074,7.683871746063232
666,1.4180481433868408,7.674477577209473
667,3.8454952239990234,7.668745994567871
668,2.169461488723755,7.660525798797607
669,3.341437816619873,7.654078960418701
670,4.214066505432129,7.648952007293701
671,3.202214479446411,7.642334938049316
672,4.904672622680664,7.6382670402526855
673,7.039450645446777,7.637378692626953
674,3.609743118286133,7.631412029266357
675,2.254568576812744,7.623457908630371
676,5.755892276763916,7.620699405670166
677,1.7405669689178467,7.612026691436768
678,3.7672910690307617,7.6063642501831055
679,3.6325504779815674,7.60051965713501
680,4.200042247772217,7.595526695251465
681,1.7560312747955322,7.586964130401611
682,3.9466490745544434,7.581634521484375
683,0.04584301635622978,7.570617198944092
684,-1.2234526872634888,7.557778835296631
685,2.022900104522705,7.549710750579834
686,-4.073197841644287,7.532792091369629
687,0.7593240737915039,7.522947311401367
688,0.7302271723747253,7.513088703155518
689,2.1737236976623535,7.505350589752197
690,0.9429946541786194,7.495853424072266
691,-0.6090220808982849,7.4841413497924805
692,-0.32384705543518066,7.472874641418457
693,2.811397075653076,7.466157913208008
694,-3.8537325859069824,7.449870586395264
695,5.938029766082764,7.447698593139648
696,4.381600379943848,7.443299770355225
697,-6.308708667755127,7.423597812652588
698,1.2315696477890015,7.414739608764648
699,-0.6777754426002502,7.403178691864014
700,6.225966930389404,7.4014997482299805
701,2.786273717880249,7.394925117492676
702,-4.143275260925293,7.378512382507324
703,-0.9208753108978271,7.366723537445068
704,-1.666027307510376,7.35391092300415
705,2.014194965362549,7.346347808837891
706,5.64051628112793,7.343935012817383
707,4.785845756530762,7.3403215408325195
708,2.916299819946289,7.334082126617432
709,-6.7066168785095215,7.314306735992432
710,-0.5909478664398193,7.303188323974609
711,-7.211728096008301,7.282802104949951
712,0.5150957703590393,7.27331018447876
713,-8.041351318359375,7.251860618591309
714,1.1979403495788574,7.243393421173096
715,2.1564838886260986,7.236288547515869
716,-1.1364235877990723,7.224611282348633
717,-1.8835121393203735,7.211926460266113
718,-2.4986560344696045,7.198421001434326
719,-0.25921109318733215,7.18806266784668
720,-0.5450313687324524,7.177337646484375
721,2.3708763122558594,7.170680522918701
722,5.6547346115112305,7.168583869934082
723,-2.2469348907470703,7.155579090118408
724,-0.9327976703643799,7.144423007965088
725,0.061211951076984406,7.1346659660339355
726,-4.95853328704834,7.118031978607178
727,4.058541297912598,7.113829135894775
728,-1.477998971939087,7.102043628692627
729,3.3070895671844482,7.096844673156738
730,-1.8123607635498047,7.084657192230225
731,-6.844229698181152,7.065628528594971
732,0.1603097915649414,7.056207656860352
733,-8.934124946594238,7.034422397613525
734,2.4092330932617188,7.028129577636719
735,-3.4654994010925293,7.013872146606445
736,1.6140642166137695,7.006545543670654
737,-1.688245415687561,6.9947638511657715
738,3.0323009490966797,6.989401817321777
739,3.4650943279266357,6.984639644622803
740,6.770190238952637,6.984349727630615
741,4.45543909072876,6.9809417724609375
742,-7.577471733093262,6.961347579956055
743,1.6787302494049072,6.95424747467041
744,-7.638368606567383,6.934659957885742
745,6.047122955322266,6.933470726013184
746,0.0328536257147789,6.9242329597473145
747,3.0127241611480713,6.919003486633301
748,2.9979090690612793,6.913768291473389
749,0.9917275905609131,6.905872344970703
750,-1.5422993898391724,6.894622802734375
751,5.466752529144287,6.89272403717041
752,6.735686302185059,6.892515659332275
753,-0.9365654587745667,6.882132530212402
754,-5.037581443786621,6.866344928741455
755,-3.1311991214752197,6.85312032699585
756,2.508392572402954,6.847380638122559
757,-0.7231482863426208,6.837393283843994
758,-1.2673641443252563,6.826714992523193
759,-0.17763374745845795,6.817498683929443
760,-1.7404239177703857,6.806252956390381
761,3.2923338413238525,6.801641941070557
762,-1.2482223510742188,6.7910919189453125
763,3.0560765266418457,6.786202907562256
764,1.459392786026001,6.779240131378174
765,2.4668993949890137,6.7736101150512695
766,2.9283447265625,6.768596649169922
767,-1.7053236961364746,6.757562637329102
768,-0.10937738418579102,6.748632907867432
769,3.8448235988616943,6.744861602783203
770,-3.5397772789001465,6.731522560119629
771,-3.2221710681915283,6.718629360198975
772,8.407402992248535,6.720813751220703
773,-0.35002949833869934,6.7116780281066895
774,4.340885639190674,6.708619117736816
775,5.514427185058594,6.707080364227295
776,0.17848265171051025,6.698678493499756
777,5.505414009094238,6.697144508361816
778,-7.850584983825684,6.678469657897949
779,-1.0242493152618408,6.6685943603515625
780,-3.069122791290283,6.656125545501709
781,-3.1545865535736084,6.643579483032227
782,-2.618192672729492,6.63175106048584
783,-7.292392730712891,6.613990783691406
784,7.433017730712891,6.615034103393555
785,0.8116915225982666,6.607650279998779
786,1.2405593395233154,6.600831031799316
787,-0.09910978376865387,6.5923285484313965
788,3.504974842071533,6.588415622711182
789,2.5215539932250977,6.5832672119140625
790,7.506921768188477,6.584434986114502
791,-1.9579054117202759,6.573648929595947
792,4.253279685974121,6.570723056793213
793,0.5842174291610718,6.563183307647705
794,-1.3071972131729126,6.55328369140625
795,2.8863205909729004,6.548676490783691
796,4.201923370361328,6.545732498168945
797,-2.055349826812744,6.53495454788208
798,-12.090519905090332,6.511643409729004
799,-8.14780044555664,6.493319034576416
800,4.7111663818359375,6.49109411239624
801,-5.681519031524658,6.475915908813477
802,4.120003700256348,6.472982406616211
803,2.002933979034424,6.4674224853515625
804,-13.65086555480957,6.44243049621582
805,3.2253189086914062,6.438438892364502
806,3.2168474197387695,6.434446811676025
807,1.2330965995788574,6.428009510040283
808,-3.3358688354492188,6.415940284729004
809,0.4526430666446686,6.408577919006348
810,-4.485496520996094,6.395145416259766
811,-0.3900819420814514,6.386789321899414
812,3.51937198638916,6.3832621574401855
813,1.3341243267059326,6.377059459686279
814,0.6906079649925232,6.370081901550293
815,3.071073055267334,6.366039276123047
816,1.2276670932769775,6.359749794006348
817,-2.2723708152770996,6.349196910858154
818,-0.8617509603500366,6.340392112731934
819,-0.14873120188713074,6.3324785232543945
820,0.5201154351234436,6.325398921966553
821,-3.9401822090148926,6.312910556793213
822,-4.4546380043029785,6.2998270988464355
823,-0.6282797455787659,6.29141902923584
824,3.4852089881896973,6.288017749786377
825,-1.2964913845062256,6.278835773468018
826,-6.161205768585205,6.263793468475342
827,2.270581007003784,6.258970737457275
828,5.241775989532471,6.2577433586120605
829,-0.18795914947986603,6.2499775886535645
830,-7.63917350769043,6.233263969421387
831,-3.531123161315918,6.221527576446533
832,0.26385408639907837,6.2143754959106445
833,-4.106112957000732,6.202001094818115
834,-2.3426504135131836,6.191767692565918
835,1.0917116403579712,6.185667037963867
836,0.9940363168716431,6.179464817047119
837,-3.9325287342071533,6.167397499084473
838,-12.278783798217773,6.145411968231201
839,1.6955084800720215,6.140113830566406
840,1.4190912246704102,6.134500503540039
841,1.200157880783081,6.128640174865723
842,-1.2970317602157593,6.119831562042236
843,-0.9303054213523865,6.111478328704834
844,0.5198022127151489,6.104861259460449
845,-0.6543023586273193,6.096871852874756
846,-3.1848888397216797,6.085913181304932
847,0.5548210144042969,6.079390525817871
848,-5.795529365539551,6.065403938293457
849,-4.666431427001953,6.052778244018555
850,2.83808970451355,6.049000263214111
851,-1.1471967697143555,6.040554046630859
852,-0.06030130758881569,6.033402442932129
853,-3.439297676086426,6.02230978012085
854,-2.3887522220611572,6.012472629547119
855,-1.9583170413970947,6.00316047668457
856,-2.6702346801757812,5.993040084838867
857,-0.03835063427686691,5.9860100746154785
858,0.15928030014038086,5.979226589202881
859,-0.6397950053215027,5.971530437469482
860,-1.5255433320999146,5.962822914123535
861,-2.678062677383423,5.952798843383789
862,-1.8034942150115967,5.943810939788818
863,-6.553313732147217,5.929346561431885
864,1.4736158847808838,5.924195766448975
865,-2.5271108150482178,5.914436340332031
866,0.49550023674964905,5.908186435699463
867,3.2257211208343506,5.90509557723999
868,-3.1913230419158936,5.894628047943115
869,12.510673522949219,5.902232646942139
870,11.103992462158203,5.908205032348633
871,11.081642150878906,5.914137363433838
872,12.526025772094727,5.921710968017578
873,11.959542274475098,5.928619384765625
874,12.796506881713867,5.936468124389648
875,13.703536033630371,5.9453349113464355
876,9.785222053527832,5.949713230133057
877,14.552441596984863,5.959510803222656
878,12.870253562927246,5.967372894287109
879,11.944171905517578,5.974164962768555
880,6.892333507537842,5.9752068519592285
881,12.067646980285645,5.982114791870117
882,12.86962890625,5.989914894104004
883,13.100336074829102,5.997958183288574
884,12.202451705932617,6.004969120025635
885,12.248028755187988,6.012015342712402
886,13.565841674804688,6.02053165435791
887,12.688850402832031,6.028040885925293
888,13.275166511535645,6.036193370819092
889,14.550649642944336,6.045760154724121
890,13.400525093078613,6.054014682769775
891,13.260077476501465,6.062093257904053
892,13.231348991394043,6.070121765136719
893,12.691736221313477,6.077528476715088
894,12.304084777832031,6.0844855308532715
895,11.628607749938965,6.090672969818115
896,14.493998527526855,6.100041389465332
897,11.180656433105469,6.105699062347412
898,14.621063232421875,6.115171432495117
899,12.41651725769043,6.122172832489014
900,14.30261516571045,6.131252288818359
901,11.691594123840332,6.137416362762451
902,9.008834838867188,6.140596389770508
903,10.266648292541504,6.145160675048828
904,9.245658874511719,6.148586273193359
905,13.107307434082031,6.156267166137695
906,9.980000495910645,6.160482883453369
907,13.40864086151123,6.168465614318848
908,7.6429853439331055,6.170087814331055
909,13.977261543273926,6.178667068481445
910,15.744100570678711,6.189167022705078
911,10.99397087097168,6.1944355964660645
912,13.575197219848633,6.202519416809082
913,8.723477363586426,6.205277919769287
914,11.946651458740234,6.211552619934082
915,10.292139053344727,6.216007232666016
916,8.84325122833252,6.218872547149658
917,14.247016906738281,6.2276177406311035
918,11.861428260803223,6.233747959136963
919,14.06427001953125,6.242259502410889
920,8.591873168945312,6.244810581207275
921,16.469579696655273,6.255900859832764
922,11.296480178833008,6.261361598968506
923,10.010820388793945,6.2654194831848145
924,12.453376770019531,6.272109508514404
925,10.338626861572266,6.276501178741455
926,14.352798461914062,6.285213470458984
927,13.775071144104004,6.2932844161987305
928,12.287653923034668,6.299736976623535
929,12.724592208862305,6.306645393371582
930,13.401269912719727,6.314265727996826
931,13.482331275939941,6.321957111358643
932,14.60903263092041,6.330839157104492
933,13.989816665649414,6.339039325714111
934,14.825571060180664,6.348115921020508
935,12.538515090942383,6.354729652404785
936,13.72143268585205,6.36259126663208
937,13.74332046508789,6.37045955657959
938,12.071209907531738,6.376530647277832
939,12.422063827514648,6.382962226867676
940,13.683393478393555,6.390720367431641
941,12.762249946594238,6.397484302520752
942,11.709212303161621,6.403116703033447
943,12.630935668945312,6.409714221954346
944,12.006414413452148,6.4156365394592285
945,11.816179275512695,6.421345233917236
946,12.615704536437988,6.427886486053467
947,8.6034574508667,6.430181503295898
948,15.242108345031738,6.439466953277588
949,9.621437072753906,6.442816734313965
950,12.516427040100098,6.4492034912109375
951,14.342031478881836,6.457493782043457
952,12.023027420043945,6.463333606719971
953,11.398234367370605,6.468506813049316
954,10.799551010131836,6.473041534423828
955,11.333603858947754,6.478126049041748
956,10.482888221740723,6.482310771942139
957,11.20028305053711,6.4872355461120605
958,12.759248733520508,6.493775367736816
959,11.36021614074707,6.498845100402832
960,14.351767539978027,6.507016181945801
961,14.198673248291016,6.515011787414551
962,12.969057083129883,6.521714210510254
963,13.373441696166992,6.52882194519043
964,10.206169128417969,6.532632350921631
965,12.308577537536621,6.53861141204834
966,9.765101432800293,6.541948318481445
967,10.239764213562012,6.5457682609558105
968,14.300433158874512,6.553771018981934
969,11.654298782348633,6.5590291023254395
970,10.208999633789062,6.562788009643555
971,14.603671073913574,6.571060657501221
972,13.059064865112305,6.577728748321533
973,9.087995529174805,6.580305576324463
974,13.91147518157959,6.587824821472168
975,12.217653274536133,6.593593597412109
976,13.364368438720703,6.600523471832275
977,15.486045837402344,6.6096086502075195
978,16.47353744506836,6.619684219360352
979,13.488679885864258,6.6266937255859375
980,12.028421401977539,6.632199764251709
981,11.835805892944336,6.63749885559082
982,14.91101360321045,6.645915508270264
983,11.234989166259766,6.65057897567749
984,15.301715850830078,6.659362316131592
985,13.113000869750977,6.665907382965088
986,12.155924797058105,6.671469211578369
987,9.00995922088623,6.6738362312316895
988,14.242856979370117,6.681488990783691
989,10.966830253601074,6.685817718505859
990,14.468070983886719,6.693670749664307
991,12.851804733276367,6.699878215789795
992,13.481062889099121,6.706707000732422
993,12.322131156921387,6.7123565673828125
994,12.20496940612793,6.71787691116333
995,11.937660217285156,6.723117351531982
996,11.905099868774414,6.728315353393555
997,10.188146591186523,6.731781959533691
998,11.625988006591797,6.73668098449707
999,13.919921875,6.743864059448242
1000,11.797704696655273,6.748913288116455
1001,13.511248588562012,6.755661964416504
1002,11.978507995605469,6.760869026184082
1003,12.338621139526367,6.766424655914307
1004,12.65989875793457,6.7722883224487305
1005,12.613119125366211,6.77809476852417
1006,13.063307762145996,6.784336090087891
1007,13.637346267700195,6.791134834289551
1008,12.70158576965332,6.796992778778076
1009,12.05564022064209,6.802199363708496
1010,11.690103530883789,6.807033538818359
1011,12.15853214263916,6.81232213973999
1012,13.408885955810547,6.818833827972412
1013,11.006771087646484,6.822963714599609
1014,12.247381210327148,6.82830810546875
1015,13.879508972167969,6.8352484703063965
1016,12.570656776428223,6.840888023376465
1017,11.350809097290039,6.845317840576172
1018,13.639156341552734,6.851984977722168
1019,13.361982345581055,6.858367443084717
1020,13.094621658325195,6.864475250244141
1021,12.86825180053711,6.870349884033203
1022,13.457599639892578,6.876789093017578
1023,13.290362358093262,6.883052349090576
1024,14.453878402709961,6.890438556671143
1025,12.285574913024902,6.895697116851807
1026,13.496746063232422,6.902124404907227
1027,12.658596992492676,6.907724380493164
1028,12.121453285217285,6.9127912521362305
1029,12.792763710021973,6.918499946594238
1030,12.79986572265625,6.9242048263549805
1031,13.512988090515137,6.930589199066162
1032,13.44743824005127,6.9368977546691895
1033,10.808821678161621,6.940642356872559
1034,14.668789863586426,6.948109149932861
1035,12.090191841125488,6.953072547912598
1036,10.335930824279785,6.956335067749023
1037,11.00631332397461,6.960236549377441
1038,12.305839538574219,6.965381145477295
1039,11.18126106262207,6.969435214996338
1040,11.875239372253418,6.974147319793701
1041,10.460552215576172,6.9774932861328125
1042,9.81639575958252,6.980215072631836
1043,12.544795036315918,6.9855451583862305
1044,9.53382682800293,6.987983703613281
1045,14.521924018859863,6.9951863288879395
1046,10.46441650390625,6.998499870300293
1047,12.50298023223877,7.0037522315979
1048,12.64208984375,7.009127140045166
1049,14.145570755004883,7.015923500061035
1050,13.605550765991211,7.022193431854248
1051,13.075289726257324,7.027946949005127
1052,9.740137100219727,7.03052282333374
1053,13.440744400024414,7.036604881286621
1054,12.97132682800293,7.042230129241943
1055,11.717716217041016,7.046657562255859
1056,10.075515747070312,7.04952335357666
1057,12.498771667480469,7.054673671722412
1058,12.616594314575195,7.0599260330200195
1059,12.404460906982422,7.064967632293701
1060,12.890193939208984,7.070457935333252
1061,12.612614631652832,7.075676918029785
1062,13.778511047363281,7.081982135772705
1063,12.968300819396973,7.087514400482178
1064,12.13315486907959,7.092252254486084
1065,12.795577049255371,7.097602367401123
1066,12.90357494354248,7.103044033050537
1067,12.850966453552246,7.108426094055176
1068,13.786826133728027,7.114673137664795
1069,11.367431640625,7.118647575378418
1070,10.352500915527344,7.121667385101318
1071,11.620820999145508,7.125864028930664
1072,11.53066635131836,7.129969120025635
1073,10.611084938049316,7.1332106590271
1074,13.110407829284668,7.138771057128906
1075,12.054420471191406,7.143339157104492
1076,12.3018159866333,7.148128986358643
1077,11.860466003417969,7.152500152587891
1078,13.867302894592285,7.158722877502441
1079,13.999715805053711,7.165057182312012
1080,13.349197387695312,7.170777797698975
1081,12.48670768737793,7.1756911277771
1082,14.164533615112305,7.1821441650390625
1083,11.84289836883545,7.18644380569458
1084,13.197906494140625,7.191984176635742
1085,13.760269165039062,7.198032379150391
1086,12.466331481933594,7.202878952026367
1087,10.964883804321289,7.206336498260498
1088,12.784266471862793,7.211458683013916
1089,13.076801300048828,7.21683931350708
1090,12.517770767211914,7.221697807312012
1091,11.945253372192383,7.2260236740112305
1092,12.9308500289917,7.231243133544922
1093,11.734149932861328,7.235359191894531
1094,13.464287757873535,7.2410478591918945
1095,13.24873161315918,7.2465291023254395
1096,10.980228424072266,7.249932765960693
1097,12.573125839233398,7.2547807693481445
1098,13.592575073242188,7.260548114776611
1099,12.809293746948242,7.265592098236084
1100,13.430074691772461,7.271191120147705
1101,11.463789939880371,7.274995803833008
1102,11.289363861083984,7.278635501861572
1103,13.842806816101074,7.284581184387207
1104,10.724034309387207,7.287693977355957
1105,12.708840370178223,7.292595863342285
1106,11.205815315246582,7.296130657196045
1107,12.190483093261719,7.300548076629639
1108,11.826852798461914,7.304629325866699
1109,12.187236785888672,7.309028148651123
1110,13.499435424804688,7.314599990844727
1111,13.618973731994629,7.320269584655762
1112,13.493350982666016,7.325815677642822
1113,14.135801315307617,7.331928730010986
1114,11.221735000610352,7.3354172706604
1115,14.157776832580566,7.341530799865723
1116,14.718107223510742,7.348134517669678
1117,12.665406227111816,7.3528900146484375
1118,14.196525573730469,7.359005928039551
1119,14.088953971862793,7.365014553070068
1120,13.34579086303711,7.370349884033203
1121,13.623777389526367,7.3759236335754395
1122,13.80832576751709,7.381651401519775
1123,12.45634651184082,7.386166095733643
1124,14.851200103759766,7.3928022384643555
1125,13.697708129882812,7.398401260375977
1126,13.010038375854492,7.403379917144775
1127,14.41754150390625,7.4095988273620605
1128,13.931652069091797,7.415375709533691
1129,14.743123054504395,7.421860218048096
1130,12.979280471801758,7.426774024963379
1131,14.080953598022461,7.432652473449707
1132,14.217092514038086,7.438640117645264
1133,12.64009952545166,7.4432268142700195
1134,14.78895378112793,7.4496989250183105
1135,13.074517250061035,7.454649925231934
1136,12.037561416625977,7.458680152893066
1137,12.9093656539917,7.463469982147217
1138,14.523477554321289,7.469668388366699
1139,14.787235260009766,7.4760870933532715
1140,12.690154075622559,7.48065710067749
1141,13.849844932556152,7.486234188079834
1142,13.623373031616211,7.491602897644043
1143,14.196667671203613,7.497463703155518
1144,13.507940292358398,7.502713203430176
1145,11.97069263458252,7.5066118240356445
1146,13.364852905273438,7.511719703674316
1147,9.266525268554688,7.513248443603516
1148,6.2118821144104,7.512115478515625
1149,7.693426609039307,7.51227331161499
1150,8.583100318908691,7.5132036209106445
1151,9.021724700927734,7.51451301574707
1152,7.680537700653076,7.514657020568848
1153,7.896058559417725,7.514987945556641
1154,9.199017524719238,7.516446113586426
1155,6.178784370422363,7.515288829803467
1156,8.910245895385742,7.516494274139404
1157,8.545628547668457,7.517383098602295
1158,8.366674423217773,7.518115520477295
1159,8.381083488464355,7.518859386444092
1160,9.434516906738281,7.520509719848633
1161,8.390612602233887,7.521258354187012
1162,8.62800407409668,7.522209644317627
1163,10.019947052001953,7.524355411529541
1164,9.317792892456055,7.525894641876221
1165,9.394336700439453,7.527496814727783
1166,8.504501342773438,7.528334617614746
1167,7.761979579925537,7.528534412384033
1168,7.917646408081055,7.528867721557617
1169,8.06165599822998,7.529322624206543
1170,8.788326263427734,7.530397891998291
1171,8.247004508972168,7.531009197235107
1172,9.220952033996582,7.532449722290039
1173,6.932625770568848,7.531938552856445
1174,9.182835578918457,7.53334379196167
1175,9.353017807006836,7.534890651702881
1176,9.464500427246094,7.536530017852783
1177,9.90420150756836,7.538540363311768
1178,7.170646667480469,7.538228511810303
1179,8.2899751663208,7.538865566253662
1180,8.885377883911133,7.540006160736084
1181,10.005659103393555,7.542092323303223
1182,8.373729705810547,7.542795181274414
1183,9.247747421264648,7.544235706329346
1184,6.567352294921875,7.5434112548828125
1185,9.573321342468262,7.5451226234436035
1186,9.127153396606445,7.546455383300781
1187,9.101323127746582,7.547764301300049
1188,8.713421821594238,7.548745155334473
1189,8.995355606079102,7.549960613250732
1190,8.258947372436523,7.55055570602417
1191,7.140171051025391,7.5502119064331055
1192,8.15989875793457,7.550723075866699
1193,9.946538925170898,7.552729606628418
1194,7.7911810874938965,7.552928924560547
1195,9.402765274047852,7.5544753074646
1196,7.522544860839844,7.55444860458374
1197,9.642675399780273,7.556191444396973
1198,9.64455509185791,7.557933330535889
1199,10.360017776489258,7.560268402099609
1200,10.325935363769531,7.5625715255737305
1201,10.985025405883789,7.5654191970825195
1202,6.136726379394531,7.5642313957214355
1203,9.028534889221191,7.5654473304748535
1204,9.206482887268066,7.566809177398682
1205,9.78246784210205,7.56864595413208
1206,8.676998138427734,7.569563865661621
1207,6.478730201721191,7.568660736083984
1208,8.109399795532227,7.569108009338379
1209,5.880109786987305,7.567712306976318
1210,10.381518363952637,7.570035934448242
1211,7.077273845672607,7.569629192352295
1212,7.846041679382324,7.569856643676758
1213,9.301851272583008,7.571283340454102
1214,8.376263618469238,7.571945667266846
1215,10.087918281555176,7.574014663696289
1216,5.854235649108887,7.572601795196533
1217,3.825693368911743,7.569526195526123
1218,7.908058166503906,7.569803714752197
1219,8.548643112182617,7.570606231689453
1220,6.123989105224609,7.569421291351318
1221,9.617627143859863,7.571097373962402
1222,10.110281944274902,7.573173522949219
1223,8.79999828338623,7.574175834655762
1224,10.218400955200195,7.576334476470947
1225,8.81331729888916,7.577343463897705
1226,10.24432373046875,7.579516887664795
1227,9.695257186889648,7.581240177154541
1228,10.583820343017578,7.583683013916016
1229,9.389059066772461,7.585150718688965
1230,9.997444152832031,7.5871100425720215
1231,9.496503829956055,7.588659286499023
1232,8.406946182250977,7.5893235206604
1233,8.988765716552734,7.590456962585449
1234,8.735443115234375,7.591383934020996
1235,8.17837905883789,7.591859340667725
1236,8.881424903869629,7.592902183532715
1237,10.092370986938477,7.594921588897705
1238,8.903526306152344,7.595977306365967
1239,9.874140739440918,7.597814559936523
1240,10.277691841125488,7.599973678588867
1241,11.277642250061035,7.60293436050415
1242,9.101049423217773,7.60413932800293
1243,9.381133079528809,7.605567455291748
1244,9.474658966064453,7.60706901550293
1245,9.394015312194824,7.6085028648376465
1246,5.076168060302734,7.606472015380859
1247,11.316293716430664,7.609444618225098
1248,9.221063613891602,7.610734462738037
1249,9.757208824157715,7.612451553344727
1250,8.779541015625,7.613384246826172
1251,10.12706184387207,7.615391731262207
1252,10.325485229492188,7.617554664611816
1253,10.607071876525879,7.619938850402832
1254,8.45360279083252,7.620602607727051
1255,10.070440292358398,7.62255334854126
1256,10.175887107849121,7.624584197998047
1257,10.264859199523926,7.626682758331299
1258,8.870091438293457,7.627670764923096
1259,9.240828514099121,7.628951072692871
1260,8.384977340698242,7.629550457000732
1261,9.648921012878418,7.631150245666504
1262,9.134045600891113,7.632339954376221
1263,9.46650218963623,7.633791446685791
1264,9.165716171264648,7.635002613067627
1265,7.35752534866333,7.6347832679748535
1266,9.099690437316895,7.635939598083496
1267,9.912895202636719,7.637735366821289
1268,9.839527130126953,7.63947057723999
1269,10.202436447143555,7.641488552093506
1270,9.064780235290527,7.642608165740967
1271,10.433095932006836,7.644801616668701
1272,11.971787452697754,7.648200511932373
1273,9.774577140808105,7.649869441986084
1274,10.606794357299805,7.652188301086426
1275,8.735368728637695,7.653037071228027
1276,9.778345108032227,7.654701232910156
1277,9.341043472290039,7.656020641326904
1278,10.584610939025879,7.658310890197754
1279,7.002484321594238,7.657798767089844
1280,10.670541763305664,7.66015100479126
1281,10.92389965057373,7.662696838378906
1282,9.702556610107422,7.664286136627197
1283,10.088403701782227,7.666174411773682
1284,10.179891586303711,7.668130397796631
1285,9.668529510498047,7.669686317443848
1286,9.040739059448242,7.670752048492432
1287,10.201692581176758,7.672717571258545
1288,9.853326797485352,7.67440938949585
1289,9.785202026367188,7.6760454177856445
1290,9.70113468170166,7.677614212036133
1291,10.528670310974121,7.679820537567139
1292,9.685752868652344,7.681371688842773
1293,9.94021987915039,7.683117389678955
1294,10.031444549560547,7.684930801391602
1295,9.934624671936035,7.686666488647461
1296,10.262293815612793,7.688652515411377
1297,8.873907089233398,7.689566135406494
1298,10.212251663208008,7.691507816314697
1299,8.914544105529785,7.692448139190674
1300,8.009183883666992,7.692691326141357
1301,8.694886207580566,7.6934614181518555
1302,8.011226654052734,7.693705081939697
1303,7.968722343444824,7.693915843963623
1304,7.8461198806762695,7.694032192230225
1305,6.950499534606934,7.693462371826172
1306,10.148700714111328,7.695341110229492
1307,6.828871250152588,7.694678783416748
1308,8.928433418273926,7.695621490478516
1309,8.404034614562988,7.696162223815918
1310,9.174551010131836,7.697290420532227
1311,9.254110336303711,7.698476791381836
1312,8.393648147583008,7.699006080627441
1313,8.406339645385742,7.699544429779053
1314,9.73208236694336,7.701090335845947
1315,9.602615356445312,7.702535152435303
1316,7.9657979011535645,7.70273494720459
1317,11.207531929016113,7.705394744873047
1318,10.609619140625,7.707596302032471
1319,11.626748085021973,7.710565567016602
1320,10.142925262451172,7.712406635284424
1321,11.3995943069458,7.715195178985596
1322,10.698671340942383,7.717450141906738
1323,10.077808380126953,7.71923303604126
1324,10.103487014770508,7.721032619476318
1325,11.26006031036377,7.723701477050781
1326,9.480768203735352,7.725025177001953
1327,12.001977920532227,7.728245735168457
1328,7.924196720123291,7.728393077850342
1329,8.08346939086914,7.728659629821777
1330,9.0264253616333,7.729634761810303
1331,9.503144264221191,7.730965614318848
1332,9.32547378540039,7.732161998748779
1333,9.809730529785156,7.7337188720703125
1334,10.921714782714844,7.736107349395752
1335,9.473021507263184,7.737407207489014
1336,11.490402221679688,7.740213871002197
1337,10.390636444091797,7.742194652557373
1338,9.861852645874023,7.743778228759766
1339,9.832749366760254,7.74533748626709
1340,10.865543365478516,7.747663974761963
1341,10.737781524658203,7.749891757965088
1342,10.087974548339844,7.751632213592529
1343,9.274051666259766,7.752765655517578
1344,8.21423625946045,7.753108501434326
1345,10.10227108001709,7.75485372543335
1346,9.653708457946777,7.756263256072998
1347,10.163799285888672,7.758049488067627
1348,9.759598731994629,7.759533405303955
1349,9.313925743103027,7.760684490203857
1350,11.529831886291504,7.763474464416504
1351,10.29864501953125,7.765349864959717
1352,10.49984359741211,7.76737117767334
1353,8.714818000793457,7.768070697784424
1354,9.499090194702148,7.76934814453125
1355,10.953857421875,7.771697044372559
1356,9.717045783996582,7.773130416870117
1357,9.632895469665527,7.774499416351318
1358,8.506004333496094,7.77503776550293
1359,9.536420822143555,7.776332855224609
1360,9.701519966125488,7.77774715423584
1361,9.977794647216797,7.779362201690674
1362,7.193211555480957,7.778932094573975
1363,8.667465209960938,7.77958345413208
1364,9.762939453125,7.781035900115967
1365,10.804791450500488,7.783249378204346
1366,9.352989196777344,7.784397602081299
1367,10.285985946655273,7.786226272583008
1368,11.52496337890625,7.788957595825195
1369,8.266982078552246,7.789306163787842
1370,8.277338981628418,7.7896623611450195
1371,8.679471969604492,7.790310859680176
1372,7.366745948791504,7.790002822875977
1373,9.583076477050781,7.7913079261779785
1374,11.492419242858887,7.793999195098877
1375,9.764275550842285,7.795431613922119
1376,11.153043746948242,7.79787015914917
1377,10.736692428588867,7.800002574920654
1378,11.411186218261719,7.802620887756348
1379,11.606874465942383,7.80537748336792
1380,10.987667083740234,7.807681560516357
1381,10.19130802154541,7.809406280517578
1382,11.01938247680664,7.811727523803711
1383,12.142850875854492,7.81485652923584
1384,9.919422149658203,7.816375732421875
1385,9.667433738708496,7.817711353302002
1386,9.039546966552734,7.818591594696045
1387,8.595728874206543,7.819151401519775
1388,9.404951095581055,7.820293426513672
1389,10.35886287689209,7.82211971282959
1390,8.02043628692627,7.822262287139893
1391,10.242775917053223,7.824001312255859
1392,9.793584823608398,7.82541561126709
1393,11.24523639678955,7.827868461608887
1394,8.108445167541504,7.828069686889648
1395,10.363851547241211,7.829886436462402
1396,9.169267654418945,7.830844879150391
1397,10.504129409790039,7.832756996154785
1398,10.319868087768555,7.834535121917725
1399,7.564286708831787,7.834342002868652
1400,7.345843315124512,7.833993434906006
1401,10.451337814331055,7.835860252380371
1402,11.052502632141113,7.838152885437012
1403,8.885473251342773,7.8388991355896
1404,10.625267028808594,7.840882301330566
1405,9.80961799621582,7.842282295227051
1406,10.013331413269043,7.843825817108154
1407,9.526782989501953,7.845020771026611
1408,9.831624984741211,7.846430778503418
1409,10.222877502441406,7.848115921020508
1410,10.237586975097656,7.849809169769287
1411,9.862213134765625,7.851234436035156
1412,9.821324348449707,7.852628707885742
1413,9.787313461303711,7.853997230529785
1414,8.56484603881836,7.854498863220215
1415,9.778518676757812,7.855857849121094
1416,10.099693298339844,7.857440948486328
1417,10.272546768188477,7.85914421081543
1418,8.923334121704102,7.859893798828125
1419,7.13776969909668,7.8593854904174805
1420,9.007655143737793,7.860193729400635
1421,9.802531242370605,7.8615593910217285
1422,6.982626438140869,7.8609418869018555
1423,8.003777503967285,7.861042022705078
1424,9.227106094360352,7.862000942230225
1425,10.507640838623047,7.863856315612793
1426,11.805572509765625,7.866618633270264
1427,11.964256286621094,7.86948823928833
1428,8.571889877319336,7.8699798583984375
1429,10.807558059692383,7.872034072875977
1430,11.760306358337402,7.874751567840576
1431,12.110580444335938,7.87770938873291
1432,11.827672958374023,7.880465984344482
1433,11.600875854492188,7.883060455322266
1434,8.231626510620117,7.883303165435791
1435,14.512862205505371,7.887919902801514
1436,10.174161911010742,7.889510631561279
1437,11.812129020690918,7.892238616943359
1438,13.316636085510254,7.896008014678955
1439,10.586679458618164,7.897876739501953
1440,8.136906623840332,7.89804220199585
1441,10.887490272521973,7.900115489959717
1442,11.334192276000977,7.902495384216309
1443,10.412698745727539,7.904233932495117
1444,8.032068252563477,7.904322624206543
1445,13.683511734008789,7.908319473266602
1446,10.811758995056152,7.910325527191162
1447,11.844532012939453,7.9130425453186035
1448,9.908480644226074,7.914419651031494
1449,11.342531204223633,7.916784286499023
1450,11.307889938354492,7.919120788574219
1451,8.898303985595703,7.919795513153076
1452,11.894807815551758,7.9225311279296875
1453,13.255020141601562,7.926198482513428
1454,10.980083465576172,7.928297519683838
1455,12.095149993896484,7.931159019470215
1456,10.041337013244629,7.932607173919678
1457,13.292933464050293,7.936283588409424
1458,8.252683639526367,7.936500549316406
1459,10.934709548950195,7.938554286956787
1460,13.905284881591797,7.942637920379639
1461,9.316948890686035,7.943578243255615
1462,10.074295043945312,7.945034980773926
1463,9.970544815063477,7.946418285369873
1464,10.387895584106445,7.948084831237793
1465,10.710441589355469,7.9499688148498535
1466,13.566350936889648,7.953797340393066
1467,10.118457794189453,7.9552717208862305
1468,13.957362174987793,7.959357261657715
1469,10.78274154663086,7.961278438568115
1470,9.159640312194824,7.962092876434326
1471,11.011809349060059,7.9641642570495605
1472,9.125334739685059,7.96495246887207
1473,10.482789993286133,7.966660499572754
1474,9.61275863647461,7.967776298522949
1475,11.349237442016602,7.970067501068115
1476,11.252079010009766,7.972289085388184
1477,13.044654846191406,7.97572135925293
1478,12.892340660095215,7.979045867919922
1479,11.195064544677734,7.9812188148498535
1480,9.186637878417969,7.982032775878906
1481,10.658517837524414,7.9838385581970215
1482,10.105690956115723,7.985269069671631
1483,11.376211166381836,7.98755407333374
1484,10.803923606872559,7.989450454711914
1485,13.831277847290039,7.993381500244141
1486,9.260956764221191,7.994234085083008
1487,10.788938522338867,7.99611234664917
1488,12.972929000854492,7.999454498291016
1489,9.210114479064941,8.000267028808594
1490,8.998087882995605,8.000935554504395
1491,9.904886245727539,8.002212524414062
1492,11.085930824279785,8.004278182983398
1493,10.99312686920166,8.006278038024902
1494,10.605524063110352,8.008016586303711
1495,10.945894241333008,8.009981155395508
1496,8.920042037963867,8.010588645935059
1497,12.309130668640137,8.013458251953125
1498,11.182112693786621,8.015572547912598
1499,10.553958892822266,8.017264366149902
1500,6.897302627563477,8.016518592834473
1501,11.284740447998047,8.018694877624512
1502,7.981966972351074,8.018670082092285
1503,8.550992965698242,8.019023895263672
1504,12.936883926391602,8.02229118347168
1505,10.161543846130371,8.023712158203125
1506,11.984910011291504,8.02634048461914
1507,10.375360488891602,8.027897834777832
1508,8.761983871459961,8.0283842086792
1509,9.158670425415039,8.029132843017578
1510,10.005188941955566,8.030440330505371
1511,9.170388221740723,8.031193733215332
1512,8.726340293884277,8.03165340423584
1513,10.753929138183594,8.033451080322266
1514,10.462616920471191,8.035055160522461
1515,9.342546463012695,8.035917282104492
1516,10.55651569366455,8.037579536437988
1517,9.499591827392578,8.038542747497559
1518,10.727649688720703,8.040312767028809
1519,10.565214157104492,8.041974067687988
1520,8.660164833068848,8.042380332946777
1521,9.961931228637695,8.043642044067383
1522,12.187867164611816,8.04636287689209
1523,10.360718727111816,8.047881126403809
1524,10.650350570678711,8.04958724975586
1525,12.290266036987305,8.052366256713867
1526,10.081337928771973,8.053694725036621
1527,10.986194610595703,8.055614471435547
1528,10.416542053222656,8.057158470153809
1529,11.202325820922852,8.05921459197998
1530,10.58404541015625,8.060863494873047
1531,11.309324264526367,8.062983512878418
1532,9.388070106506348,8.063847541809082
1533,10.075101852416992,8.06515884399414
1534,10.417608261108398,8.066692352294922
1535,11.170036315917969,8.06871223449707
1536,12.012748718261719,8.07127857208252
1537,9.90959644317627,8.072473526000977
1538,10.353744506835938,8.073955535888672
1539,9.115771293640137,8.07463264465332
1540,12.28972053527832,8.077367782592773
1541,11.817208290100098,8.079792976379395
1542,10.353503227233887,8.081266403198242
1543,10.595503807067871,8.082895278930664
1544,9.946771621704102,8.084101676940918
1545,5.778105735778809,8.082610130310059
1546,11.721220016479492,8.084961891174316
1547,12.545994758605957,8.087843894958496
1548,11.758313179016113,8.090213775634766
1549,10.745489120483398,8.091926574707031
1550,9.536102294921875,8.092857360839844
1551,8.535877227783203,8.093143463134766
1552,11.388779640197754,8.09526538848877
1553,12.696019172668457,8.098226547241211
1554,10.984450340270996,8.100082397460938
1555,10.126409530639648,8.101384162902832
1556,10.712231636047363,8.103060722351074
1557,9.822868347167969,8.104165077209473
1558,12.58354663848877,8.107038497924805
1559,12.070273399353027,8.109579086303711
1560,11.393031120300293,8.111681938171387
1561,10.11569881439209,8.112964630126953
1562,11.022273063659668,8.114826202392578
1563,11.451929092407227,8.116960525512695
1564,11.354425430297852,8.11902904510498
1565,11.837309837341309,8.121402740478516
1566,10.182907104492188,8.122718811035156
1567,10.808996200561523,8.124431610107422
1568,9.60002326965332,8.125371932983398
1569,11.737469673156738,8.12767219543457
1570,9.981399536132812,8.128851890563965
1571,11.49169921875,8.130990982055664
1572,11.549883842468262,8.133164405822754
1573,9.879416465759277,8.13427448272705
1574,12.729524612426758,8.137191772460938
1575,10.856786727905273,8.138916969299316
1576,12.77060317993164,8.141854286193848
1577,10.932685852050781,8.143622398376465
1578,12.293139457702637,8.14625072479248
1579,10.600958824157715,8.147804260253906
1580,11.112163543701172,8.149679183959961
1581,9.122611045837402,8.150294303894043
1582,13.727134704589844,8.153817176818848
1583,11.698419570922852,8.156055450439453
1584,13.683961868286133,8.15954303741455
1585,10.751266479492188,8.161176681518555
1586,11.32839584350586,8.163171768188477
1587,8.949121475219727,8.163666725158691
1588,12.18350887298584,8.166196823120117
1589,10.43943977355957,8.16762638092041
1590,13.066642761230469,8.170705795288086
1591,10.613604545593262,8.172240257263184
1592,12.809809684753418,8.175150871276855
1593,11.964677810668945,8.177528381347656
1594,8.837015151977539,8.177942276000977
1595,11.611337661743164,8.180092811584473
1596,12.098702430725098,8.182546615600586
1597,11.625368118286133,8.184700965881348
1598,13.244928359985352,8.1878662109375
1599,12.936418533325195,8.190834045410156
1600,10.87359619140625,8.192509651184082
1601,13.604246139526367,8.195887565612793
1602,13.461002349853516,8.199172019958496
1603,11.405116081237793,8.201170921325684
1604,12.356851577758789,8.203760147094727
1605,12.975776672363281,8.206731796264648
1606,11.134593963623047,8.208553314208984
1607,8.89919662475586,8.208983421325684
1608,14.23110580444336,8.212726593017578
1609,10.567726135253906,8.214188575744629
1610,11.593499183654785,8.216286659240723
1611,11.413642883300781,8.218270301818848
1612,12.019404411315918,8.220626831054688
1613,12.241896629333496,8.223118782043457
1614,11.077280044555664,8.224885940551758
1615,11.286941528320312,8.226780891418457
1616,13.725227355957031,8.230181694030762
1617,13.736323356628418,8.2335844039917
1618,12.176838874816895,8.2360200881958
1619,14.597166061401367,8.239946365356445
1620,11.426023483276367,8.241911888122559
1621,14.547432899475098,8.24579906463623
1622,12.227334976196289,8.248252868652344
1623,11.967068672180176,8.250542640686035
1624,13.798717498779297,8.25395679473877
1625,12.724824905395508,8.256706237792969
1626,13.461236953735352,8.259904861450195
1627,12.887741088867188,8.262747764587402
1628,12.780614852905273,8.265521049499512
1629,8.927947044372559,8.2659273147583
1630,11.980073928833008,8.268204689025879
1631,11.931558609008789,8.2704496383667
1632,10.250372886657715,8.271661758422852
1633,12.188161849975586,8.27405834197998
1634,11.683436393737793,8.276144027709961
1635,8.587760925292969,8.276334762573242
1636,13.65620231628418,8.279621124267578
1637,12.127886772155762,8.281970024108887
1638,11.442069053649902,8.28389835357666
1639,14.913482666015625,8.287940979003906
1640,11.806045532226562,8.290083885192871
1641,8.038578987121582,8.289931297302246
1642,11.566659927368164,8.291925430297852
1643,13.887142181396484,8.295329093933105
1644,13.146036148071289,8.298277854919434
1645,10.895708084106445,8.299856185913086
1646,5.7885050773620605,8.298330307006836
1647,14.438252449035645,8.302056312561035
1648,14.747604370117188,8.305965423583984
1649,7.425317287445068,8.305432319641113
1650,8.746291160583496,8.305699348449707
1651,7.071689605712891,8.304951667785645
1652,9.111543655395508,8.305439949035645
1653,8.308577537536621,8.305441856384277
1654,11.326836585998535,8.307267189025879
1655,14.496356964111328,8.311004638671875
1656,12.738866806030273,8.313676834106445
1657,10.889664649963379,8.315230369567871
1658,8.84457015991211,8.315549850463867
1659,7.979816913604736,8.315347671508789
1660,11.289824485778809,8.317138671875
1661,5.308749675750732,8.315327644348145
1662,6.017870903015137,8.313946723937988
1663,11.481746673583984,8.315850257873535
1664,8.13781452178955,8.315742492675781
1665,7.070255279541016,8.314995765686035
1666,11.343878746032715,8.316812515258789
1667,8.600720405578613,8.31698226928711
1668,6.934076309204102,8.316153526306152
1669,6.942586898803711,8.315330505371094
1670,4.512503623962402,8.313055038452148
1671,10.991195678710938,8.314657211303711
1672,10.42662525177002,8.315919876098633
1673,5.160310745239258,8.314034461975098
1674,8.461496353149414,8.314122200012207
1675,9.221343040466309,8.314663887023926
1676,8.002786636352539,8.314477920532227
1677,6.655407905578613,8.313488960266113
1678,5.483153343200684,8.311803817749023
1679,10.164285659790039,8.312906265258789
1680,8.774438858032227,8.313180923461914
1681,11.866644859313965,8.315293312072754
1682,11.45627498626709,8.317159652709961
1683,15.368308067321777,8.321346282958984
1684,14.176129341125488,8.324820518493652
1685,13.819991111755371,8.328080177307129
1686,13.295618057250977,8.331025123596191
1687,9.942047119140625,8.331979751586914
1688,10.175912857055664,8.3330717086792
1689,13.282567977905273,8.335999488830566
1690,11.276390075683594,8.337738990783691
1691,10.427979469299316,8.338973999023438
1692,15.621217727661133,8.34327507019043
1693,14.191156387329102,8.34672737121582
1694,10.895559310913086,8.348231315612793
1695,11.675209999084473,8.35019302368164
1696,12.026468276977539,8.3523588180542
1697,11.254423141479492,8.354068756103516
1698,12.624095916748047,8.356581687927246
1699,8.967331886291504,8.356941223144531
1700,9.094252586364746,8.357375144958496
1701,8.299256324768066,8.357340812683105
1702,9.166970252990723,8.357815742492676
1703,6.64613676071167,8.3568115234375
1704,8.698507308959961,8.357011795043945
1705,9.234658241271973,8.357525825500488
1706,9.328367233276367,8.358094215393066
1707,8.849655151367188,8.358382225036621
1708,7.298090934753418,8.357762336730957
1709,9.061716079711914,8.358173370361328
1710,9.44484806060791,8.358808517456055
1711,7.361174583435059,8.35822582244873
1712,9.372697830200195,8.358819007873535
1713,6.585648536682129,8.357784271240234
1714,8.659464836120605,8.357959747314453
1715,5.4683990478515625,8.356276512145996
1716,9.495288848876953,8.356939315795898
1717,5.863351821899414,8.355487823486328
1718,6.267583847045898,8.354273796081543
1719,4.900903701782227,8.352266311645508
1720,-4.888401508331299,8.344572067260742
1721,9.11803150177002,8.34502124786377
1722,-5.319811820983887,8.337090492248535
1723,11.970699310302734,8.339198112487793
1724,7.805416107177734,8.338889122009277
1725,6.125722885131836,8.337607383728027
1726,12.820999145507812,8.340203285217285
1727,7.102834701538086,8.339487075805664
1728,6.572449207305908,8.338464736938477
1729,9.901470184326172,8.33936882019043
1730,6.520969390869141,8.33831787109375
1731,9.855484962463379,8.339193344116211
1732,7.69867467880249,8.338824272155762
1733,5.939964771270752,8.337440490722656
1734,7.786225318908691,8.337122917175293
1735,9.817182540893555,8.33797550201416
1736,7.636099815368652,8.337571144104004
1737,8.235145568847656,8.337512016296387
1738,8.049722671508789,8.337347030639648
1739,7.968019485473633,8.33713436126709
1740,7.79056453704834,8.336820602416992
1741,5.944664478302002,8.335447311401367
1742,7.943396091461182,8.335222244262695
1743,7.6462225914001465,8.334827423095703
1744,6.0904340744018555,8.333541870117188
1745,7.577239990234375,8.333108901977539
1746,7.761480808258057,8.332781791687012
1747,10.517149925231934,8.334031105041504
1748,7.333440780639648,8.33345890045166
1749,8.63754653930664,8.333632469177246
1750,8.509476661682129,8.333733558654785
1751,8.258316040039062,8.333690643310547
1752,7.83420467376709,8.333405494689941
1753,9.195611000061035,8.33389663696289
1754,10.101789474487305,8.334903717041016
1755,8.548118591308594,8.335025787353516
1756,9.882171630859375,8.335906028747559
1757,9.753387451171875,8.336711883544922
1758,8.091705322265625,8.336572647094727
1759,10.077959060668945,8.337562561035156
1760,10.7066650390625,8.338907241821289
1761,10.844295501708984,8.340330123901367
1762,8.901337623596191,8.34064769744873
1763,9.033415794372559,8.34104061126709
1764,8.92429256439209,8.341370582580566
1765,8.939735412597656,8.34170913696289
1766,8.036100387573242,8.341536521911621
1767,8.232845306396484,8.341474533081055
1768,7.692893981933594,8.341108322143555
1769,7.661767482757568,8.34072494506836
1770,8.319890975952148,8.340713500976562
1771,8.152054786682129,8.340606689453125
1772,9.370146751403809,8.341187477111816
1773,7.676882266998291,8.340812683105469
1774,9.6271333694458,8.341537475585938
1775,7.861368656158447,8.341267585754395
1776,8.128003120422363,8.341147422790527
1777,9.191167831420898,8.341625213623047
1778,9.985987663269043,8.342550277709961
1779,8.060763359069824,8.342391967773438
1780,8.51603889465332,8.342489242553711
1781,8.554933547973633,8.342607498168945
1782,8.4663667678833,8.342677116394043
1783,9.260127067565918,8.343192100524902
1784,7.859158515930176,8.342920303344727
1785,8.25064754486084,8.34286880493164
1786,7.985987663269043,8.342669486999512
1787,7.010488986968994,8.341924667358398
1788,9.849525451660156,8.342767715454102
1789,9.842867851257324,8.343605041503906
1790,10.17489242553711,8.34462833404541
1791,8.817768096923828,8.344891548156738
1792,9.029593467712402,8.3452730178833
1793,8.980690002441406,8.345627784729004
1794,7.747751235961914,8.345294952392578
1795,8.030107498168945,8.34511947631836
1796,8.38396167755127,8.34514045715332
1797,7.751206398010254,8.344810485839844
1798,8.881734848022461,8.345108985900879
1799,8.519848823547363,8.345205307006836
1800,8.376319885253906,8.345222473144531
1801,8.005916595458984,8.3450345993042
1802,5.462118148803711,8.343435287475586
1803,7.1384663581848145,8.342767715454102
1804,6.955232620239258,8.341999053955078
1805,8.005117416381836,8.341812133789062
1806,8.895366668701172,8.342118263244629
1807,7.570455551147461,8.341691970825195
1808,9.03358268737793,8.342073440551758
1809,8.513656616210938,8.342168807983398
1810,9.343721389770508,8.342721939086914
1811,8.535961151123047,8.342828750610352
1812,9.822999000549316,8.343645095825195
1813,8.961630821228027,8.343985557556152
1814,10.711875915527344,8.345290184020996
1815,12.357063293457031,8.34749984741211
1816,12.482135772705078,8.349775314331055
1817,11.943008422851562,8.351752281188965
1818,12.352621078491211,8.353951454162598
1819,12.755631446838379,8.356369972229004
1820,12.434757232666016,8.358610153198242
1821,12.365422248840332,8.360808372497559
1822,13.323532104492188,8.363531112670898
1823,13.36277961730957,8.366271018981934
1824,12.742918968200684,8.368669509887695
1825,11.94540023803711,8.370628356933594
1826,12.230997085571289,8.37274169921875
1827,12.611337661743164,8.375060081481934
1828,12.998817443847656,8.377588272094727
1829,13.020214080810547,8.380125999450684
1830,13.059364318847656,8.382680892944336
1831,12.481022834777832,8.384918212890625
1832,13.526123046875,8.387723922729492
1833,12.228407859802246,8.38981819152832
1834,12.153143882751465,8.391868591308594
1835,11.777726173400879,8.393712997436523
1836,11.99153995513916,8.395670890808105
1837,12.605293273925781,8.397961616516113
1838,12.396244049072266,8.40013599395752
1839,12.508167266845703,8.402368545532227
1840,11.804054260253906,8.404215812683105
1841,11.500405311584473,8.405896186828613
1842,12.909021377563477,8.408339500427246
1843,11.78115463256836,8.410168647766113
1844,12.25733757019043,8.412254333496094
1845,11.664926528930664,8.414016723632812
1846,12.816749572753906,8.416399955749512
1847,12.03255844116211,8.418356895446777
1848,12.15341567993164,8.420376777648926
1849,11.252159118652344,8.421907424926758
1850,11.263368606567383,8.423442840576172
1851,12.496047019958496,8.425641059875488
1852,12.251581192016602,8.427706718444824
1853,10.55219841003418,8.428852081298828
1854,12.032218933105469,8.430794715881348
1855,12.938453674316406,8.433223724365234
1856,11.844844818115234,8.435060501098633
1857,12.976810455322266,8.437504768371582
1858,12.103724479675293,8.43947696685791
1859,12.800436019897461,8.441821098327637
1860,12.586421966552734,8.444047927856445
1861,14.809610366821289,8.447466850280762
1862,15.756656646728516,8.451390266418457
1863,14.674116134643555,8.454729080200195
1864,14.42152214050293,8.457928657531738
1865,14.063130378723145,8.460932731628418
1866,15.04507827758789,8.464458465576172
1867,14.884953498840332,8.4678955078125
1868,14.74966049194336,8.471257209777832
1869,14.417970657348633,8.47443675994873
1870,14.122564315795898,8.477456092834473
1871,13.638565063476562,8.480213165283203
1872,13.743790626525879,8.483023643493652
1873,13.439141273498535,8.485668182373047
1874,13.890718460083008,8.488551139831543
1875,13.800737380981445,8.491382598876953
1876,14.048213005065918,8.494342803955078
1877,14.354082107543945,8.49746322631836
1878,14.320903778076172,8.50056266784668
1879,14.835615158081055,8.50393295288086
1880,15.220378875732422,8.507503509521484
1881,15.40263557434082,8.511167526245117
1882,14.595268249511719,8.514398574829102
1883,14.179024696350098,8.517404556274414
1884,14.801229476928711,8.52073860168457
1885,14.23987865447998,8.523771286010742
1886,14.69143295288086,8.527039527893066
1887,14.607027053833008,8.53026008605957
1888,14.753336906433105,8.533554077148438
1889,15.051748275756836,8.537002563476562
1890,13.83374309539795,8.539804458618164
1891,14.676962852478027,8.543047904968262
1892,14.74770450592041,8.54632568359375
1893,14.31989574432373,8.5493745803833
1894,11.823906898498535,8.551102638244629
1895,13.752527236938477,8.55384635925293
1896,11.85473918914795,8.555585861206055
1897,14.041873931884766,8.558476448059082
1898,14.732769012451172,8.561727523803711
1899,14.232892990112305,8.564712524414062
1900,13.950531005859375,8.567544937133789
1901,13.87551498413086,8.57033634185791
1902,12.659109115600586,8.572484970092773
1903,14.016447067260742,8.57534408569336
1904,15.038646697998047,8.578737258911133
1905,12.042731285095215,8.580554962158203
1906,13.09602165222168,8.582921981811523
1907,12.404613494873047,8.584924697875977
1908,12.063196182250977,8.586747169494629
1909,11.596461296081543,8.588321685791016
1910,11.658885955810547,8.58992862701416
1911,13.123492240905762,8.592299461364746
1912,13.48029613494873,8.594854354858398
1913,12.582968711853027,8.596938133239746
1914,11.977481842041016,8.598702430725098
1915,13.178299903869629,8.601092338562012
1916,12.860774040222168,8.603315353393555
1917,12.936697006225586,8.605574607849121
1918,13.040557861328125,8.60788631439209
1919,12.593650817871094,8.60996150970459
1920,13.029157638549805,8.612262725830078
1921,11.230201721191406,8.613624572753906
1922,13.290010452270508,8.616056442260742
1923,12.797379493713379,8.618228912353516
1924,13.4395112991333,8.620733261108398
1925,12.853703498840332,8.622931480407715
1926,12.56128215789795,8.624974250793457
1927,13.617395401000977,8.627564430236816
1928,11.135908126831055,8.628864288330078
1929,12.793319702148438,8.631022453308105
1930,10.296182632446289,8.631884574890137
1931,12.076016426086426,8.633667945861816
1932,14.212297439575195,8.636553764343262
1933,13.156771659851074,8.638891220092773
1934,14.940361022949219,8.642147064208984
1935,14.533666610717773,8.645190238952637
1936,13.952532768249512,8.647930145263672
1937,14.741177558898926,8.651073455810547
1938,14.365951538085938,8.654021263122559
1939,13.630314826965332,8.656586647033691
1940,14.385082244873047,8.659537315368652
1941,14.229613304138184,8.662405967712402
1942,13.576298713684082,8.664935111999512
1943,13.81017780303955,8.667581558227539
1944,13.238874435424805,8.66993236541748
1945,13.022829055786133,8.672168731689453
1946,14.148298263549805,8.674982070922852
1947,13.286113739013672,8.677348136901855
1948,14.063817977905273,8.680112838745117
1949,14.333333015441895,8.683012008666992
1950,14.394380569458008,8.685938835144043
1951,14.278017044067383,8.688803672790527
1952,13.494224548339844,8.691264152526855
1953,11.927919387817383,8.692920684814453
1954,15.567164421081543,8.696436882019043
1955,15.737427711486816,8.700037002563477
1956,15.973297119140625,8.703752517700195
1957,14.189287185668945,8.706554412841797
1958,15.00206184387207,8.709768295288086
1959,12.727794647216797,8.71181869506836
1960,12.54809856414795,8.713774681091309
1961,13.60382080078125,8.716267585754395
1962,13.704971313476562,8.718809127807617
1963,13.572297096252441,8.721280097961426
1964,14.061665534973145,8.723998069763184
1965,13.107572555541992,8.726227760314941
1966,13.824085235595703,8.728819847106934
1967,12.870809555053711,8.730924606323242
1968,12.832773208618164,8.733007431030273
1969,13.283882141113281,8.73531723022461
1970,13.359026908874512,8.737663269042969
1971,12.855878829956055,8.739750862121582
1972,10.667989730834961,8.740728378295898
1973,13.597415924072266,8.743188858032227
1974,13.816972732543945,8.745757102966309
1975,12.047629356384277,8.747427940368652
1976,11.129709243774414,8.748632431030273
1977,11.9880952835083,8.75027084350586
1978,12.565908432006836,8.752199172973633
1979,12.096637725830078,8.753887176513672
1980,13.092803955078125,8.756078720092773
1981,12.942449569702148,8.758191108703613
1982,13.036006927490234,8.760347366333008
1983,13.870491027832031,8.762923240661621
1984,14.062496185302734,8.765593528747559
1985,12.490291595458984,8.76746940612793
1986,12.234794616699219,8.769213676452637
1987,13.15219783782959,8.771418571472168
1988,13.853659629821777,8.77397346496582
1989,14.287482261657715,8.77674388885498
1990,13.203189849853516,8.778966903686523
1991,12.667911529541016,8.780920028686523
1992,12.996474266052246,8.783034324645996
1993,12.549795150756836,8.784923553466797
1994,13.86039924621582,8.787467956542969
1995,13.760119438171387,8.789958953857422
1996,13.482083320617676,8.792308807373047
1997,14.668277740478516,8.795248985290527
1998,12.648984909057617,8.7971773147583
1999,13.748847961425781,8.799652099609375
2000,13.239789962768555,8.801871299743652
2001,11.612421035766602,8.803276062011719
2002,14.259763717651367,8.805999755859375
2003,8.842058181762695,8.806017875671387
2004,9.915922164916992,8.806571006774902
2005,8.907283782958984,8.806622505187988
2006,7.937366962432861,8.80618953704834
2007,8.147316932678223,8.80586051940918
2008,10.67498779296875,8.806791305541992
2009,9.716926574707031,8.807244300842285
2010,8.23885440826416,8.806961059570312
2011,10.57950210571289,8.807842254638672
2012,9.040987014770508,8.807958602905273
2013,8.744612693786621,8.807926177978516
2014,8.618306159973145,8.807832717895508
2015,9.222731590270996,8.808038711547852
2016,10.110058784484863,8.808683395385742
2017,7.5115203857421875,8.8080415725708
2018,7.075026035308838,8.807182312011719
2019,11.059752464294434,8.808298110961914
2020,4.159311294555664,8.805997848510742
2021,8.652545928955078,8.80592155456543
2022,4.468593120574951,8.803777694702148
2023,8.52114486694336,8.803638458251953
2024,10.595792770385742,8.804523468017578
2025,9.946972846984863,8.80508804321289
2026,6.197769641876221,8.803800582885742
2027,12.616371154785156,8.805681228637695
2028,8.27470588684082,8.805419921875
2029,10.067892074584961,8.806041717529297
2030,5.170271396636963,8.804251670837402
2031,5.60286808013916,8.802677154541016
2032,10.953545570373535,8.80373477935791
2033,10.252667427062988,8.80444622039795
2034,9.43748664855957,8.804757118225098
2035,9.605573654174805,8.805150985717773
2036,7.0398688316345215,8.80428409576416
2037,7.959876537322998,8.803869247436523
2038,10.694619178771973,8.804797172546387
2039,9.023295402526855,8.804903984069824
2040,7.882406711578369,8.804451942443848
2041,8.011760711669922,8.80406379699707
2042,8.423134803771973,8.803877830505371
2043,7.848494052886963,8.803409576416016
2044,14.67419147491455,8.806280136108398
2045,6.763842582702637,8.805282592773438
2046,9.357902526855469,8.805551528930664
2047,9.359567642211914,8.805822372436523
2048,6.871581554412842,8.804878234863281
2049,7.990708827972412,8.80448055267334
2050,8.070382118225098,8.804122924804688
2051,7.979440212249756,8.803720474243164
2052,8.219856262207031,8.803436279296875
2053,7.054800510406494,8.802584648132324
2054,8.883197784423828,8.802623748779297
2055,7.134177207946777,8.801813125610352
2056,7.498929500579834,8.801178932189941
2057,5.368660926818848,8.799511909484863
2058,9.071892738342285,8.799643516540527
2059,9.228189468383789,8.79985237121582
2060,8.147343635559082,8.799534797668457
2061,8.214437484741211,8.799251556396484
2062,9.142666816711426,8.799417495727539
2063,8.586374282836914,8.799314498901367
2064,7.530422687530518,8.798700332641602
2065,8.784409523010254,8.798693656921387
2066,4.750141620635986,8.796734809875488
2067,8.290895462036133,8.796490669250488
2068,10.69248104095459,8.797407150268555
2069,6.977500915527344,8.796527862548828
2070,8.966102600097656,8.796609878540039
2071,7.857550621032715,8.796156883239746
2072,8.273547172546387,8.795904159545898
2073,6.886505603790283,8.794983863830566
2074,6.91998291015625,8.79408073425293
2075,6.630692958831787,8.793038368225098
2076,3.923440933227539,8.790694236755371
2077,6.067219257354736,8.789382934570312
2078,4.21326208114624,8.787181854248047
2079,6.450444221496582,8.78605842590332
2080,7.749503135681152,8.785560607910156
2081,5.335493564605713,8.783904075622559
2082,6.621265411376953,8.782865524291992
2083,5.167449951171875,8.78113079071045
2084,7.042837619781494,8.78029727935791
2085,6.658267974853516,8.779279708862305
2086,8.176458358764648,8.778990745544434
2087,5.560217380523682,8.777449607849121
2088,6.407486915588379,8.776315689086914
2089,7.439940452575684,8.775675773620605
2090,5.074338912963867,8.773905754089355
2091,6.767811298370361,8.77294635772705
2092,5.87197208404541,8.771559715270996
2093,6.881253719329834,8.77065658569336
2094,6.238266944885254,8.769448280334473
2095,10.587427139282227,8.770316123962402
2096,5.624955177307129,8.768815994262695
2097,7.510040283203125,8.768216133117676
2098,5.497992038726807,8.766657829284668
2099,3.7132034301757812,8.764251708984375
2100,-0.2890390157699585,8.759942054748535
2101,0.26306280493736267,8.755900382995605
2102,7.961804389953613,8.755521774291992
2103,1.385489583015442,8.752018928527832
2104,5.234363079071045,8.750348091125488
2105,4.994967460632324,8.748564720153809
2106,1.8104689121246338,8.745271682739258
2107,2.339137077331543,8.742233276367188
2108,1.1669820547103882,8.738640785217285
2109,-0.6595107913017273,8.734186172485352
2110,2.637515068054199,8.731297492980957
2111,2.4125075340270996,8.72830581665039
2112,3.1770310401916504,8.725678443908691
2113,2.086472988128662,8.722537994384766
2114,0.053080156445503235,8.718439102172852
2115,4.69785213470459,8.716538429260254
2116,3.604909896850586,8.714123725891113
2117,1.136137843132019,8.710546493530273
2118,1.0280933380126953,8.706920623779297
2119,1.1644648313522339,8.703362464904785
2120,3.7632174491882324,8.701033592224121
2121,3.8783035278320312,8.698760986328125
2122,1.6105034351348877,8.695423126220703
2123,1.2752978801727295,8.691929817199707
2124,1.200395107269287,8.688404083251953
2125,4.6135687828063965,8.686487197875977
2126,2.0295186042785645,8.683358192443848
2127,3.893850803375244,8.681107521057129
2128,-0.448716402053833,8.67681884765625
2129,-1.1980570554733276,8.6721830368042
2130,-1.1149145364761353,8.667590141296387
2131,-1.133324146270752,8.662993431091309
2132,-1.7077441215515137,8.65813159942627
2133,0.11821899563074112,8.654129981994629
2134,0.9885430932044983,8.65053939819336
2135,1.9925174713134766,8.647422790527344
2136,-0.6273820400238037,8.643082618713379
2137,-0.0004059109487570822,8.639039993286133
2138,1.7033761739730835,8.635797500610352
2139,0.7812659740447998,8.632126808166504
2140,0.8701527714729309,8.628501892089844
2141,-0.7957833409309387,8.624102592468262
2142,-0.7002255916595459,8.6197509765625
2143,2.6434216499328613,8.616963386535645
2144,14.8861083984375,8.61988639831543
2145,13.80251407623291,8.62230110168457
2146,14.58220386505127,8.625077247619629
2147,14.856070518493652,8.627978324890137
2148,14.573137283325195,8.630743980407715
2149,14.210126876831055,8.633338928222656
2150,13.013190269470215,8.6353759765625
2151,13.604804039001465,8.637685775756836
2152,13.567862510681152,8.639975547790527
2153,14.234888076782227,8.642572402954102
2154,13.914339065551758,8.645018577575684
2155,14.430837631225586,8.647703170776367
2156,15.647867202758789,8.650948524475098
2157,13.717531204223633,8.653295516967773
2158,14.136646270751953,8.65583610534668
2159,14.135478973388672,8.658371925354004
2160,14.015811920166016,8.66085147857666
2161,14.730091094970703,8.66365909576416
2162,14.713164329528809,8.666455268859863
2163,13.911418914794922,8.668879508972168
2164,12.499383926391602,8.670648574829102
2165,13.071478843688965,8.672680854797363
2166,15.083827018737793,8.675640106201172
2167,14.876736640930176,8.678500175476074
2168,12.925140380859375,8.680458068847656
2169,13.698344230651855,8.682770729064941
2170,13.018142700195312,8.684767723083496
2171,14.8785400390625,8.68761920928955
2172,14.358282089233398,8.690228462219238
2173,12.385442733764648,8.691927909851074
2174,14.342100143432617,8.694525718688965
2175,12.811695098876953,8.696418762207031
2176,14.319038391113281,8.699000358581543
2177,13.861751556396484,8.701371192932129
2178,14.209297180175781,8.703898429870605
2179,14.1355562210083,8.706389427185059
2180,14.438703536987305,8.70901870727539
2181,13.963438034057617,8.71142578125
2182,14.376982688903809,8.714021682739258
2183,14.155598640441895,8.716513633728027
2184,16.076749801635742,8.719882011413574
2185,14.877220153808594,8.722698211669922
2186,15.599440574645996,8.725842475891113
2187,14.166866302490234,8.728328704833984
2188,13.920318603515625,8.730700492858887
2189,14.503745079040527,8.733336448669434
2190,12.882214546203613,8.735230445861816
2191,13.885664939880371,8.737580299377441
2192,13.770895957946777,8.739875793457031
2193,13.390626907348633,8.741994857788086
2194,14.796939849853516,8.74475383758545
2195,14.083504676818848,8.747184753417969
2196,11.608850479125977,8.74848747253418
2197,12.861224174499512,8.750358581542969
2198,14.55126953125,8.752996444702148
2199,14.52838134765625,8.755621910095215
2200,15.930835723876953,8.758882522583008
2201,13.791238784790039,8.761167526245117
2202,14.051700592041016,8.763568878173828
2203,14.645905494689941,8.76623821258545
2204,15.233469009399414,8.769171714782715
2205,14.35749626159668,8.77170467376709
2206,13.58447551727295,8.773885726928711
2207,15.477359771728516,8.776921272277832
2208,14.134678840637207,8.779346466064453
2209,15.445526123046875,8.782362937927246
2210,13.425840377807617,8.784462928771973
2211,12.986774444580078,8.786362648010254
2212,12.019821166992188,8.787823677062988
2213,15.250953674316406,8.790741920471191
2214,12.837456703186035,8.792569160461426
2215,15.410953521728516,8.795555114746094
2216,13.764777183532715,8.797797203063965
2217,15.037010192871094,8.800610542297363
2218,14.99376106262207,8.803401947021484
2219,12.750104904174805,8.805179595947266
2220,13.237970352172852,8.807175636291504
2221,0.2282273918390274,8.803314208984375
2222,1.6594582796096802,8.800101280212402
2223,3.6526007652282715,8.797786712646484
2224,1.3155992031097412,8.794424057006836
2225,4.232850551605225,8.792374610900879
2226,0.5907682180404663,8.788691520690918
2227,0.03229404240846634,8.784761428833008
2228,0.6375831365585327,8.781105995178223
2229,4.369880676269531,8.779128074645996
2230,1.7156243324279785,8.775961875915527
2231,0.36848846077919006,8.772194862365723
2232,0.9036707282066345,8.768671035766602
2233,0.09880594164133072,8.764790534973145
2234,1.6129932403564453,8.761590957641602
2235,4.177058219909668,8.759541511535645
2236,4.561471939086914,8.75766372680664
2237,6.60999870300293,8.756704330444336
2238,0.34178030490875244,8.752945899963379
2239,5.849981307983398,8.751649856567383
2240,2.552683115005493,8.748883247375488
2241,0.5456070899963379,8.745223999023438
2242,-1.4865201711654663,8.740662574768066
2243,-3.6719820499420166,8.73513126373291
2244,3.5300755500793457,8.732812881469727
2245,5.9448089599609375,8.731571197509766
2246,3.17336106300354,8.729098320007324
2247,-2.558699131011963,8.724077224731445
2248,6.354401111602783,8.7230224609375
2249,3.4072766304016113,8.720660209655762
2250,3.8221395015716553,8.718484878540039
2251,0.49710410833358765,8.714834213256836
2252,2.5513453483581543,8.712098121643066
2253,7.60929536819458,8.71160888671875
2254,1.376476526260376,8.708356857299805
2255,-2.1717638969421387,8.703533172607422
2256,6.605542182922363,8.702604293823242
2257,-0.6417360901832581,8.698465347290039
2258,1.3147141933441162,8.695197105407715
2259,1.5681284666061401,8.69204330444336
2260,6.555588722229004,8.6910982131958
2261,6.067817687988281,8.68993854522705
2262,3.9273600578308105,8.687833786010742
2263,4.476048469543457,8.68597412109375
2264,3.6683690547943115,8.683758735656738
2265,3.083852767944336,8.681286811828613
2266,4.7062530517578125,8.679533958435059
2267,5.366522789001465,8.67807388305664
2268,2.3487069606781006,8.675284385681152
2269,5.731635093688965,8.673988342285156
2270,0.16213008761405945,8.67024040222168
2271,4.3315558433532715,8.668330192565918
2272,4.0379319190979,8.666293144226074
2273,0.6034834384918213,8.662747383117676
2274,2.3576431274414062,8.6599760055542
2275,3.586124897003174,8.657746315002441
2276,1.9020026922225952,8.654779434204102
2277,-0.3508744239807129,8.650826454162598
2278,4.400937080383301,8.648961067199707
2279,3.454993963241577,8.646682739257812
2280,-0.08617307990789413,8.642854690551758
2281,0.7307994961738586,8.639387130737305
2282,2.5901079177856445,8.636737823486328
2283,2.744305372238159,8.634157180786133
2284,-0.6502895951271057,8.630094528198242
2285,3.835221767425537,8.627997398376465
2286,0.7965958714485168,8.62457275390625
2287,2.9501118659973145,8.622092247009277
2288,0.25079989433288574,8.61843490600586
2289,3.3129632472991943,8.616118431091309
2290,2.41055965423584,8.613409042358398
2291,0.8975019454956055,8.6100435256958
2292,6.4213151931762695,8.609088897705078
2293,-6.623990535736084,8.602448463439941
2294,-1.2960642576217651,8.598134994506836
2295,2.9176571369171143,8.595661163330078
2296,1.5277825593948364,8.592584609985352
2297,4.242062091827393,8.590691566467285
2298,1.581203818321228,8.587642669677734
2299,4.489678382873535,8.585861206054688
2300,-3.3873863220214844,8.580657958984375
2301,2.6904478073120117,8.578099250793457
2302,-0.299770325422287,8.57424545288086
2303,6.975086212158203,8.573551177978516
2304,4.642496109008789,8.571845054626465
2305,0.8074897527694702,8.568477630615234
2306,-11.952569961547852,8.559582710266113
2307,5.23679780960083,8.55814266204834
2308,8.89079475402832,8.558286666870117
2309,2.41231107711792,8.555625915527344
2310,3.728795051574707,8.553537368774414
2311,3.5530738830566406,8.551374435424805
2312,4.784687042236328,8.549745559692383
2313,3.8969593048095703,8.547735214233398
2314,-2.8392460346221924,8.542816162109375
2315,-3.3321187496185303,8.537689208984375
2316,-0.8844351768493652,8.533621788024902
2317,1.0809552669525146,8.530406951904297
2318,4.566918849945068,8.52869701385498
2319,3.25958514213562,8.526426315307617
2320,0.336050808429718,8.522897720336914
2321,-1.8498075008392334,8.51842975616455
2322,0.7419227957725525,8.515082359313965
2323,1.6213268041610718,8.512116432189941
2324,-3.5975565910339355,8.50690746307373
2325,-0.310896098613739,8.503116607666016
2326,4.909318923950195,8.501572608947754
2327,6.877752304077148,8.500875473022461
2328,4.102095603942871,8.49898624420166
2329,5.974733829498291,8.497902870178223
2330,4.607593536376953,8.496233940124512
2331,6.616191387176514,8.495427131652832
2332,3.5465261936187744,8.493306159973145
2333,-7.018476486206055,8.48666000366211
2334,7.5391645431518555,8.486254692077637
2335,3.4653873443603516,8.484105110168457
2336,3.8277077674865723,8.482112884521484
2337,5.113095760345459,8.480671882629395
2338,0.27423661947250366,8.477163314819336
2339,-2.5818567276000977,8.472436904907227
2340,-2.120195150375366,8.467911720275879
2341,-0.8524019718170166,8.463932037353516
2342,-6.758554458618164,8.457435607910156
2343,0.3859545588493347,8.45399284362793
2344,2.184113025665283,8.451318740844727
2345,1.6862303018569946,8.448434829711914
2346,-1.4095323085784912,8.444233894348145
2347,-3.6776623725891113,8.439071655273438
2348,4.833230495452881,8.437536239624023
2349,9.231407165527344,8.437873840332031
2350,6.238212585449219,8.436938285827637
2351,-0.4415716230869293,8.4331636428833
2352,0.8596216440200806,8.42994499206543
2353,1.559224247932434,8.42702579498291
2354,-2.1021065711975098,8.422554969787598
2355,0.41243377327919006,8.41915512084961
2356,-5.044589996337891,8.413442611694336
2357,0.937676727771759,8.410272598266602
2358,1.9799952507019043,8.407546997070312
2359,2.020921230316162,8.404840469360352
2360,1.4251314401626587,8.401885032653809
2361,-0.8758330345153809,8.397956848144531
2362,5.30992317199707,8.396650314331055
2363,0.7642378807067871,8.39342212677002
2364,-2.0191714763641357,8.389019012451172
2365,5.685096740722656,8.387876510620117
2366,-4.284906387329102,8.382521629333496
2367,7.631158351898193,8.38220500946045
2368,2.299609661102295,8.379636764526367
2369,3.8967368602752686,8.377744674682617
2370,-0.5239438414573669,8.373991012573242
2371,-0.3989255130290985,8.370292663574219
2372,1.339820146560669,8.367329597473145
2373,2.99459171295166,8.365066528320312
2374,3.281745433807373,8.36292552947998
2375,3.829507827758789,8.361018180847168
2376,1.0471503734588623,8.357941627502441
2377,-1.3359429836273193,8.353864669799805
2378,7.05636739730835,8.35331916809082
2379,3.2292640209198,8.351165771484375
2380,2.918335437774658,8.348884582519531
2381,5.45651388168335,8.347670555114746
2382,3.7184009552001953,8.345727920532227
2383,4.631343364715576,8.344169616699219
2384,1.544543981552124,8.34131908416748
2385,6.4414238929748535,8.340522766113281
2386,4.150818347930908,8.338767051696777
2387,1.4617128372192383,8.33588695526123
2388,3.0284528732299805,8.33366584777832
2389,1.1449618339538574,8.330657958984375
2390,-4.841629981994629,8.325148582458496
2391,3.086676597595215,8.322957992553711
2392,8.999744415283203,8.323241233825684
2393,9.102663040161133,8.323566436767578
2394,-2.9130282402038574,8.318875312805176
2395,-1.3621455430984497,8.314835548400879
2396,-5.295803070068359,8.309157371520996
2397,-1.9323569536209106,8.304886817932129
2398,5.785688877105713,8.303836822509766
2399,5.55129337310791,8.302689552307129
2400,5.117625713348389,8.301362991333008
2401,4.21938419342041,8.299663543701172
2402,-3.0901474952697754,8.294923782348633
2403,-3.690812826156616,8.289937973022461
2404,-9.883074760437012,8.282381057739258
2405,-2.1861979961395264,8.278030395507812
2406,6.44422721862793,8.277268409729004
2407,1.5713547468185425,8.274483680725098
2408,4.985942363739014,8.27311897277832
2409,-0.7682258486747742,8.269367218017578
2410,5.013131618499756,8.268016815185547
2411,0.8178794980049133,8.264928817749023
2412,0.4177996516227722,8.261676788330078
2413,2.1563479900360107,8.259147644042969
2414,-0.5188531279563904,8.255512237548828
2415,0.5761268138885498,8.252333641052246
2416,3.8924965858459473,8.250530242919922
2417,0.546033501625061,8.247344017028809
2418,2.5136642456054688,8.244974136352539
2419,0.5150861144065857,8.241780281066895
2420,4.153449058532715,8.240091323852539
2421,4.956737995147705,8.238736152648926
2422,-1.895899772644043,8.234553337097168
2423,2.996398448944092,8.232392311096191
2424,-2.531787872314453,8.227953910827637
2425,-3.2984354496002197,8.223201751708984
2426,-7.118819236755371,8.216880798339844
2427,-7.082347393035889,8.210579872131348
2428,1.4969067573547363,8.207815170288086
2429,0.9701350331306458,8.20483684539795
2430,-1.6944005489349365,8.200764656066895
2431,0.6613811254501343,8.197665214538574
2432,2.2942728996276855,8.195239067077637
2433,-4.827661991119385,8.189888000488281
2434,-0.47776636481285095,8.186327934265137
2435,10.486978530883789,8.187272071838379
2436,-1.3216590881347656,8.183370590209961
2437,-1.0803945064544678,8.179570198059082
2438,1.1341361999511719,8.176682472229004
2439,-2.6853814125061035,8.17223072052002
2440,-3.8488528728485107,8.167304992675781
2441,5.718457221984863,8.166302680969238
2442,-2.832888126373291,8.161800384521484
2443,3.1763319969177246,8.159760475158691
2444,2.7905070781707764,8.157565116882324
2445,-2.946908712387085,8.153024673461914
2446,8.282926559448242,8.153078079223633
2447,-0.2860986888408661,8.14963150024414
2448,0.23776859045028687,8.146400451660156
2449,-10.12647819519043,8.138941764831543
2450,-1.7610247135162354,8.134902954101562
2451,5.953604698181152,8.134013175964355
2452,-1.5259110927581787,8.130075454711914
2453,-5.204643726348877,8.124641418457031
2454,-1.2319965362548828,8.120829582214355
2455,5.05615234375,8.119582176208496
2456,-0.01375634130090475,8.11627197265625
2457,4.972320079803467,8.11499309539795
2458,0.035841990262269974,8.111706733703613
2459,-0.53800368309021,8.10819149017334
2460,1.0576717853546143,8.105326652526855
2461,-0.3575369119644165,8.101889610290527
2462,4.618941307067871,8.100475311279297
2463,5.732860088348389,8.09951400756836
2464,4.2546491622924805,8.097953796386719
2465,2.6969001293182373,8.09576416015625
2466,-0.29957008361816406,8.092361450195312
2467,1.48173189163208,8.089683532714844
2468,-2.089468002319336,8.085559844970703
2469,6.844512939453125,8.085057258605957
2470,0.14871200919151306,8.0818452835083
2471,2.7004024982452393,8.079668998718262
2472,1.646720051765442,8.077067375183105
2473,5.854241371154785,8.07616901397705
2474,7.304348945617676,8.075857162475586
2475,-0.14082956314086914,8.072538375854492
2476,4.7610039710998535,8.071202278137207
2477,6.071422100067139,8.070395469665527
2478,7.993574142456055,8.070364952087402
2479,0.915447473526001,8.067480087280273
2480,9.135366439819336,8.067910194396973
2481,1.7923994064331055,8.06538200378418
2482,1.0720287561416626,8.062564849853516
2483,1.0793969631195068,8.059754371643066
2484,-0.6979666948318481,8.056230545043945
2485,-12.046426773071289,8.04814338684082
2486,-0.6156278848648071,8.044660568237305
2487,-6.2583394050598145,8.038911819458008
2488,4.205769062042236,8.037371635437012
2489,-3.5490453243255615,8.032718658447266
2490,-3.6452999114990234,8.028030395507812
2491,4.503796577453613,8.026616096496582
2492,-0.13146492838859558,8.023344039916992
2493,1.2974648475646973,8.020647048950195
2494,-5.1298828125,8.015376091003418
2495,-1.367849349975586,8.011616706848145
2496,-0.6100964546203613,8.008164405822754
2497,0.9684008955955505,8.005346298217773
2498,3.455960512161255,8.003525733947754
2499,11.433845520019531,8.004898071289062
2500,11.950987815856934,8.006475448608398
2501,5.805756568908691,8.005596160888672
2502,12.040021896362305,8.007207870483398
2503,7.785976409912109,8.007119178771973
2504,12.837286949157715,8.009047508239746
2505,12.201892852783203,8.010720252990723
2506,9.624160766601562,8.011363983154297
2507,8.567493438720703,8.01158618927002
2508,11.781611442565918,8.013089179992676
2509,7.800339698791504,8.013004302978516
2510,7.324700832366943,8.01272964477539
2511,9.70556926727295,8.01340389251709
2512,11.03262710571289,8.014605522155762
2513,12.406396865844727,8.016352653503418
2514,10.29328727722168,8.017257690429688
2515,8.208255767822266,8.017333984375
2516,10.03587532043457,8.018135070800781
2517,9.212774276733398,8.018610000610352
2518,8.716930389404297,8.01888656616211
2519,7.436183929443359,8.018655776977539
2520,10.506597518920898,8.019641876220703
2521,10.709035873413086,8.020708084106445
2522,7.944581985473633,8.020678520202637
2523,8.130558967590332,8.020722389221191
2524,10.750428199768066,8.02180290222168
2525,9.65598201751709,8.02245044708252
2526,10.692448616027832,8.023507118225098
2527,6.118566989898682,8.022753715515137
2528,10.636900901794434,8.023787498474121
2529,11.501155853271484,8.025161743164062
2530,8.534767150878906,8.02536392211914
2531,8.922607421875,8.025717735290527
2532,11.147872924804688,8.02695083618164
2533,10.212316513061523,8.027812957763672
2534,12.034430503845215,8.029394149780273
2535,9.983728408813477,8.03016471862793
2536,8.87250804901123,8.030497550964355
2537,7.054393768310547,8.030112266540527
2538,13.137287139892578,8.032123565673828
2539,11.636696815490723,8.03354263305664
2540,9.534746170043945,8.034133911132812
2541,10.018024444580078,8.034914016723633
2542,11.093253135681152,8.036116600036621
2543,10.380352020263672,8.037038803100586
2544,9.558090209960938,8.037636756896973
2545,7.96032190322876,8.037606239318848
2546,10.039678573608398,8.038392066955566
2547,9.29959487915039,8.038887023925781
2548,10.444494247436523,8.039831161499023
2549,10.982604026794434,8.040985107421875
2550,11.747001647949219,8.042437553405762
2551,12.074005126953125,8.04401683807373
2552,11.108871459960938,8.045217514038086
2553,12.092218399047852,8.046802520751953
2554,12.802390098571777,8.048664093017578
2555,12.631016731262207,8.050456047058105
2556,8.224481582641602,8.050524711608887
2557,9.734002113342285,8.051182746887207
2558,6.971595764160156,8.050760269165039
2559,10.422154426574707,8.051687240600586
2560,12.98193359375,8.053611755371094
2561,8.309874534606934,8.053712844848633
2562,7.620006561279297,8.053543090820312
2563,8.063966751098633,8.053546905517578
2564,8.211817741394043,8.053608894348145
2565,9.495545387268066,8.054170608520508
2566,11.842249870300293,8.055645942687988
2567,11.617427825927734,8.05703353881836
2568,11.140070915222168,8.058233261108398
2569,13.437688827514648,8.06032657623291
2570,8.680221557617188,8.060567855834961
2571,11.751995086669922,8.062002182006836
2572,10.803264617919922,8.063067436218262
2573,9.999350547790527,8.063819885253906
2574,11.678000450134277,8.065223693847656
2575,7.096382141113281,8.064846992492676
2576,9.6740140914917,8.065471649169922
2577,10.47845458984375,8.066408157348633
2578,10.968818664550781,8.067533493041992
2579,8.61107063293457,8.067744255065918
2580,11.22826099395752,8.068968772888184
2581,12.499152183532715,8.070684432983398
2582,10.585128784179688,8.07165813446045
2583,8.950374603271484,8.071998596191406
2584,7.215188980102539,8.071667671203613
2585,10.541646957397461,8.072622299194336
2586,6.068276882171631,8.071846961975098
2587,11.676986694335938,8.073240280151367
2588,9.794355392456055,8.073905944824219
2589,11.823301315307617,8.075353622436523
2590,8.365535736083984,8.075465202331543
2591,6.642329216003418,8.074913024902344
2592,4.107613563537598,8.073382377624512
2593,8.912335395812988,8.073705673217773
2594,6.188258171081543,8.072978973388672
2595,7.447243690490723,8.072737693786621
2596,4.672236919403076,8.071428298950195
2597,6.294793605804443,8.070744514465332
2598,3.9329566955566406,8.06915283203125
2599,6.006316184997559,8.068359375
2600,5.644773483276367,8.067427635192871
2601,6.959021091461182,8.067001342773438
2602,4.575356960296631,8.06566047668457
2603,5.782164573669434,8.064783096313477
2604,5.711814880371094,8.06387996673584
2605,6.541402339935303,8.063295364379883
2606,6.565159797668457,8.06272029876709
2607,5.828049182891846,8.061863899230957
2608,4.592957973480225,8.060534477233887
2609,5.48316764831543,8.05954647064209
2610,2.4745922088623047,8.05740737915039
2611,6.947640895843506,8.056982040405273
2612,3.1299664974212646,8.055097579956055
2613,4.23372220993042,8.053635597229004
2614,4.357809543609619,8.05222225189209
2615,2.768069267272949,8.050201416015625
2616,5.773382186889648,8.049331665039062
2617,3.7367477416992188,8.047684669494629
2618,4.660374641418457,8.046390533447266
2619,4.186591625213623,8.044918060302734
2620,4.118826866149902,8.043420791625977
2621,5.536103248596191,8.042463302612305
2622,3.7673234939575195,8.040833473205566
2623,5.46032190322876,8.039851188659668
2624,5.187343597412109,8.038763999938965
2625,4.592578411102295,8.03745174407959
2626,4.483173370361328,8.03609848022461
2627,5.008798599243164,8.03494644165039
2628,6.397154808044434,8.034323692321777
2629,5.019262313842773,8.033177375793457
2630,5.251516819000244,8.032119750976562
2631,4.900702953338623,8.030930519104004
2632,6.005423069000244,8.030160903930664
2633,5.483075141906738,8.029193878173828
2634,2.8476405143737793,8.027227401733398
2635,6.131113052368164,8.026508331298828
2636,4.1975178718566895,8.025055885314941
2637,7.856467247009277,8.024991989135742
2638,2.3812124729156494,8.02285385131836
2639,4.998382568359375,8.021707534790039
2640,3.6561756134033203,8.020054817199707
2641,8.139005661010742,8.020099639892578
2642,3.3661422729492188,8.018338203430176
2643,4.5541791915893555,8.01702880859375
2644,3.6264452934265137,8.015368461608887
2645,4.027420520782471,8.013861656188965
2646,4.900656700134277,8.012685775756836
2647,5.429608345031738,8.011710166931152
2648,4.7606306076049805,8.010481834411621
2649,4.531899452209473,8.009169578552246
2650,5.36940860748291,8.008173942565918
2651,5.4955525398254395,8.00722599029541
2652,4.746468544006348,8.005996704101562
2653,6.614849090576172,8.005473136901855
2654,5.975070476531982,8.004708290100098
2655,5.255280017852783,8.003673553466797
2656,6.379805564880371,8.003061294555664
2657,5.148205280303955,8.00198745727539
2658,0.8567008972167969,7.999300956726074
2659,3.556570529937744,7.997630596160889
2660,5.4284210205078125,7.996665000915527
2661,6.1156768798828125,7.995957851409912
2662,5.45033073425293,7.995002269744873
2663,6.307676315307617,7.9943695068359375
2664,6.758084297180176,7.993905544281006
2665,5.608530044555664,7.993010997772217
2666,8.466757774353027,7.993188381195068
2667,7.376313209533691,7.992957592010498
2668,6.409967422485352,7.992364406585693
2669,7.325695037841797,7.992115020751953
2670,6.172252655029297,7.991433620452881
2671,5.349697113037109,7.990444660186768
2672,7.2328572273254395,7.990161418914795
2673,6.723320007324219,7.989687442779541
2674,7.218695640563965,7.989398956298828
2675,6.557960510253906,7.988864421844482
2676,6.8021240234375,7.988421440124512
2677,7.623038291931152,7.988285064697266
2678,12.67057991027832,7.990032196044922
2679,7.768501281738281,7.9899492263793945
2680,9.634488105773926,7.990562915802002
2681,6.406459331512451,7.989972114562988
2682,8.02558708190918,7.989985466003418
2683,6.7231903076171875,7.989513397216797
2684,8.680547714233398,7.989770412445068
2685,7.718481540679932,7.989669322967529
2686,7.544955253601074,7.989503860473633
2687,7.829131603240967,7.989444732666016
2688,9.231966972351074,7.9899067878723145
2689,7.449774265289307,7.989705562591553
2690,7.059425354003906,7.9893598556518555
2691,9.592665672302246,7.989954948425293
2692,7.20488977432251,7.989663600921631
2693,7.499661445617676,7.9894819259643555
2694,11.258009910583496,7.990694522857666
2695,9.619306564331055,7.991298675537109
2696,8.769026756286621,7.991587162017822
2697,7.0232954025268555,7.991228103637695
2698,6.42846155166626,7.990649223327637
2699,7.805765151977539,7.990581035614014
2700,7.733585357666016,7.990486145019531
2701,9.548362731933594,7.991062641143799
2702,5.188823223114014,7.990026473999023
2703,7.863225936889648,7.989979267120361
2704,6.061451435089111,7.9892659187316895
2705,8.715997695922852,7.989534854888916
2706,5.913642883300781,7.988768100738525
2707,6.62664794921875,7.988265514373779
2708,5.982115268707275,7.98752498626709
2709,6.832465171813965,7.987098693847656
2710,7.832413196563721,7.987041473388672
2711,8.083577156066895,7.987077236175537
2712,9.33559513092041,7.987574100494385
2713,4.991761684417725,7.986470699310303
2714,8.032726287841797,7.986487865447998
2715,9.459894180297852,7.987030029296875
2716,7.01120138168335,7.986670970916748
2717,8.743711471557617,7.986949920654297
2718,9.668932914733887,7.987567901611328
2719,6.3774213790893555,7.98697566986084
2720,7.285417556762695,7.986717700958252
2721,9.387414932250977,7.987232208251953
2722,8.296761512756348,7.9873456954956055
2723,6.965401649475098,7.9869704246521
2724,7.136948108673096,7.986658573150635
2725,8.413022994995117,7.986814498901367
2726,8.721503257751465,7.987083911895752
2727,7.441685676574707,7.986883640289307
2728,5.962361812591553,7.986142158508301
2729,7.773313045501709,7.9860639572143555
2730,5.923595905303955,7.98530912399292
2731,6.850110054016113,7.984893321990967
2732,6.258998394012451,7.984261989593506
2733,6.439672470092773,7.983696937561035
2734,6.861460208892822,7.9832868576049805
2735,6.534161567687988,7.982756614685059
2736,7.203733444213867,7.982471942901611
2737,5.908228874206543,7.981714248657227
2738,7.74140739440918,7.981626987457275
2739,6.724643707275391,7.981167793273926
2740,6.089520454406738,7.980477809906006
2741,7.632070064544678,7.980351448059082
2742,7.757070064544678,7.980269908905029
2743,7.612421989440918,7.980136394500732
2744,7.262396812438965,7.979874610900879
2745,7.666658401489258,7.97976016998291
2746,7.667203426361084,7.979646682739258
2747,6.737893104553223,7.9791951179504395
2748,6.714456081390381,7.978734970092773
2749,8.076749801635742,7.978770732879639
2750,7.18394660949707,7.978481769561768
2751,8.328948020935059,7.97860860824585
2752,5.723319053649902,7.977788925170898
2753,10.578176498413086,7.978733539581299
2754,12.007406234741211,7.980195999145508
2755,12.376955032348633,7.981791019439697
2756,9.906941413879395,7.982489109039307
2757,9.588350296020508,7.983071327209473
2758,10.519475936889648,7.983990669250488
2759,8.44129467010498,7.984156131744385
2760,12.282712936401367,7.985713481903076
2761,10.456287384033203,7.986608028411865
2762,10.70849609375,7.987593650817871
2763,11.653497695922852,7.988920211791992
2764,9.174789428710938,7.989348411560059
2765,10.854166984558105,7.990384101867676
2766,10.872696876525879,7.99142599105835
2767,8.923392295837402,7.991762638092041
2768,9.8156156539917,7.992421627044678
2769,11.210033416748047,7.993583679199219
2770,10.145169258117676,7.994359970092773
2771,11.391435623168945,7.995584964752197
2772,10.029009819030762,7.996318340301514
2773,10.116510391235352,7.9970831871032715
2774,9.40478515625,7.997590065002441
2775,11.79802417755127,7.998959541320801
2776,9.562893867492676,7.9995222091674805
2777,11.644208908081055,8.000834465026855
2778,10.144205093383789,8.001605987548828
2779,10.538464546203613,8.002518653869629
2780,10.892049789428711,8.003558158874512
2781,8.397262573242188,8.00369930267334
2782,9.839911460876465,8.004359245300293
2783,10.773138999938965,8.005353927612305
2784,12.557440757751465,8.006987571716309
2785,11.274526596069336,8.008160591125488
2786,12.025976181030273,8.009602546691895
2787,11.900114059448242,8.010997772216797
2788,11.946693420410156,8.012409210205078
2789,13.67764663696289,8.014439582824707
2790,13.555685043334961,8.016425132751465
2791,10.59862995147705,8.017350196838379
2792,11.246108055114746,8.018506050109863
2793,10.015739440917969,8.019221305847168
2794,10.929017066955566,8.020261764526367
2795,11.576116561889648,8.021533966064453
2796,10.441865921020508,8.022398948669434
2797,10.65241813659668,8.02333927154541
2798,11.068764686584473,8.02442741394043
2799,10.862821578979492,8.02544116973877
2800,10.177242279052734,8.026208877563477
2801,10.141117095947266,8.02696418762207
2802,11.511383056640625,8.028206825256348
2803,11.976442337036133,8.02961540222168
2804,12.207793235778809,8.03110408782959
2805,12.273138999938965,8.03261661529541
2806,12.502398490905762,8.034208297729492
2807,12.487460136413574,8.035795211791992
2808,11.381865501403809,8.036986351013184
2809,11.716320037841797,8.03829574584961
2810,12.029739379882812,8.039715766906738
2811,11.179699897766113,8.04083251953125
2812,11.226285934448242,8.041964530944824
2813,11.94338321685791,8.043351173400879
2814,11.154613494873047,8.044456481933594
2815,10.88140869140625,8.045463562011719
2816,13.368711471557617,8.047353744506836
2817,11.660627365112305,8.048635482788086
2818,10.493617057800293,8.049503326416016
2819,12.593761444091797,8.051114082336426
2820,13.086160659790039,8.052899360656738
2821,11.459750175476074,8.054105758666992
2822,11.788597106933594,8.055429458618164
2823,12.371249198913574,8.056957244873047
2824,11.987602233886719,8.058348655700684
2825,10.686225891113281,8.05927848815918
2826,12.744144439697266,8.060935974121094
2827,13.663028717041016,8.06291675567627
2828,10.390678405761719,8.063738822937012
2829,12.562065124511719,8.065328598022461
2830,11.27101993560791,8.066461563110352
2831,11.900388717651367,8.067814826965332
2832,10.833707809448242,8.068791389465332
2833,11.297755241394043,8.069931030273438
2834,11.733078956604004,8.071222305297852
2835,11.82375431060791,8.072546005249023
2836,12.523200988769531,8.074114799499512
2837,12.1739501953125,8.075559616088867
2838,12.446081161499023,8.077098846435547
2839,12.56166934967041,8.078678131103516
2840,12.62081527709961,8.080276489257812
2841,11.45544147491455,8.081463813781738
2842,12.493819236755371,8.083016395568848
2843,12.824911117553711,8.084683418273926
2844,12.378321647644043,8.086193084716797
2845,10.277129173278809,8.086962699890137
2846,12.773391723632812,8.088608741760254
2847,12.692557334899902,8.090226173400879
2848,13.652509689331055,8.092178344726562
2849,12.848801612854004,8.093847274780273
2850,11.7506742477417,8.09512996673584
2851,11.292972564697266,8.096250534057617
2852,14.265338897705078,8.098413467407227
2853,12.981524467468262,8.10012435913086
2854,12.062691688537598,8.101512908935547
2855,13.259939193725586,8.103318214416504
2856,12.710176467895508,8.104931831359863
2857,11.177252769470215,8.106006622314453
2858,10.933696746826172,8.106995582580566
2859,11.961029052734375,8.108343124389648
2860,12.820741653442383,8.109990119934082
2861,12.038700103759766,8.11136245727539
2862,11.402698516845703,8.112512588500977
2863,12.0241117477417,8.11387825012207
2864,11.646546363830566,8.115111351013184
2865,12.454206466674805,8.11662483215332
2866,12.4371337890625,8.118132591247559
2867,12.70480728149414,8.119731903076172
2868,12.555704116821289,8.121277809143066
2869,11.814417839050293,8.122565269470215
2870,10.907426834106445,8.12353515625
2871,4.127195358276367,8.122143745422363
2872,6.170491695404053,8.121463775634766
2873,7.982542991638184,8.121416091918945
2874,6.6355156898498535,8.120899200439453
2875,4.272334098815918,8.119560241699219
2876,7.44347620010376,8.119325637817383
2877,7.260914325714111,8.119027137756348
2878,7.204232215881348,8.118709564208984
2879,4.23135232925415,8.11736011505127
2880,7.683012962341309,8.117209434509277
2881,7.71826171875,8.117071151733398
2882,7.79217004776001,8.116958618164062
2883,7.653022289276123,8.11679744720459
2884,4.8759050369262695,8.115674018859863
2885,7.074961185455322,8.115312576293945
2886,6.0886993408203125,8.11461067199707
2887,7.442172050476074,8.114377975463867
2888,7.787107944488525,8.114264488220215
2889,5.702890872955322,8.11343002319336
2890,9.200719833374023,8.113805770874023
2891,7.4216485023498535,8.113567352294922
2892,6.719259262084961,8.11308479309082
2893,8.527690887451172,8.113227844238281
2894,2.162217140197754,8.111172676086426
2895,5.3090715408325195,8.110204696655273
2896,6.451745510101318,8.109631538391113
2897,7.6422929763793945,8.10947036743164
2898,7.6020121574401855,8.109295845031738
2899,8.284866333007812,8.109355926513672
2900,6.06408166885376,8.108651161193848
2901,0.6670255064964294,8.106087684631348
2902,7.285912036895752,8.105804443359375
2903,6.542739391326904,8.105266571044922
2904,6.208080768585205,8.104613304138184
2905,8.031198501586914,8.104588508605957
2906,7.201611518859863,8.104277610778809
2907,6.540029525756836,8.103739738464355
2908,6.082292556762695,8.103044509887695
2909,7.947310447692871,8.102991104125977
2910,5.8047919273376465,8.102201461791992
2911,4.446598529815674,8.100946426391602
2912,7.483278274536133,8.100733757019043
2913,3.9605119228363037,8.099312782287598
2914,1.3211299180984497,8.0969877243042
2915,5.473184585571289,8.096087455749512
2916,7.458196640014648,8.095869064331055
2917,6.364648818969727,8.09527587890625
2918,7.349283695220947,8.095020294189453
2919,6.052556991577148,8.094321250915527
2920,7.332496166229248,8.094059944152832
2921,7.311131477355957,8.093791961669922
2922,4.837592124938965,8.09267807006836
2923,5.304947853088379,8.091724395751953
2924,6.064691066741943,8.091032028198242
2925,2.460496664047241,8.089107513427734
2926,6.224803447723389,8.088470458984375
2927,6.366086483001709,8.087882041931152
2928,4.8518757820129395,8.086776733398438
2929,5.821077346801758,8.086003303527832
2930,6.973123550415039,8.085623741149902
2931,5.5192999839782715,8.084748268127441
2932,3.309953212738037,8.083120346069336
2933,5.923635959625244,8.082385063171387
2934,7.716236114501953,8.082260131835938
2935,10.126524925231934,8.082956314086914
2936,5.624608516693115,8.082119941711426
2937,3.887596607208252,8.08069133758545
2938,6.7414422035217285,8.080236434936523
2939,7.1295952796936035,8.079913139343262
2940,7.761168479919434,8.079804420471191
2941,6.038804054260254,8.079111099243164
2942,5.99655818939209,8.07840347290039
2943,5.871309280395508,8.077652931213379
2944,4.663473606109619,8.076494216918945
2945,4.701564311981201,8.075348854064941
2946,5.197471618652344,8.074372291564941
2947,2.732088565826416,8.072559356689453
2948,3.2214255332946777,8.070914268493652
2949,5.352471351623535,8.069993019104004
2950,6.584327697753906,8.069489479064941
2951,0.817432165145874,8.067032814025879
2952,4.291867256164551,8.065753936767578
2953,5.346377372741699,8.064833641052246
2954,3.0113658905029297,8.06312370300293
2955,3.585205078125,8.06160831451416
2956,4.525664806365967,8.060412406921387
2957,5.1120381355285645,8.059415817260742
2958,4.983748912811279,8.05837631225586
2959,4.871984004974365,8.057299613952637
2960,4.294411659240723,8.056029319763184
2961,5.4144134521484375,8.055137634277344
2962,4.964727878570557,8.054094314575195
2963,5.327853202819824,8.05317497253418
2964,6.109104156494141,8.052518844604492
2965,6.253237724304199,8.051912307739258
2966,6.185743808746338,8.051283836364746
2967,5.994622707366943,8.050590515136719
2968,4.770947456359863,8.04948616027832
2969,7.876086711883545,8.04942798614502
2970,3.819613218307495,8.048004150390625
2971,4.468040466308594,8.046799659729004
2972,3.5376315116882324,8.045283317565918
2973,5.368295192718506,8.04438304901123
2974,5.248075008392334,8.04344367980957
2975,3.3025970458984375,8.041850090026855
2976,7.760019779205322,8.041755676269531
2977,4.2026238441467285,8.04046630859375
2978,5.131812572479248,8.03948974609375
2979,4.687522888183594,8.038365364074707
2980,4.002004623413086,8.03701114654541
2981,4.659867286682129,8.035879135131836
2982,4.739339828491211,8.034773826599121
2983,5.012245178222656,8.033761024475098
2984,6.399560928344727,8.03321361541748
2985,5.460902214050293,8.032352447509766
2986,4.0091400146484375,8.031005859375
2987,0.09621559083461761,8.028349876403809
2988,2.9910664558410645,8.026663780212402
2989,6.294156074523926,8.026084899902344
2990,6.87300968170166,8.025699615478516
2991,8.080273628234863,8.025717735290527
2992,-0.5501346588134766,8.022851943969727
2993,3.7170066833496094,8.021413803100586
2994,4.909881114959717,8.02037525177002
2995,6.2018723487854,8.019767761230469
2996,4.3095269203186035,8.018529891967773
2997,5.283831596374512,8.017617225646973
2998,6.406898021697998,8.017080307006836
2999,4.3471856117248535,8.015856742858887
3000,5.8054375648498535,8.015119552612305
3001,5.609129905700684,8.014318466186523
3002,4.9704766273498535,8.013304710388184
3003,5.3766770362854,8.01242733001709
3004,3.2281155586242676,8.010835647583008
3005,2.686174154281616,8.009063720703125
3006,3.6807971000671387,8.007624626159668
3007,4.552890777587891,8.006476402282715
3008,4.518333435058594,8.005316734313965
3009,4.940817356109619,8.00429916381836
3010,5.045228958129883,8.003315925598145
3011,4.524541854858398,8.002161026000977
3012,4.696789741516113,8.00106430053711
3013,5.4018449783325195,8.000202178955078
3014,6.269135475158691,7.999628067016602
3015,4.123355865478516,7.998342990875244
3016,4.022768020629883,7.997025489807129
3017,3.2856178283691406,7.995463848114014
3018,5.010540962219238,7.9944748878479
3019,3.384551763534546,7.992948532104492
3020,6.480958461761475,7.992447853088379
3021,5.101548194885254,7.991491317749023
3022,4.233591556549072,7.990248680114746
3023,4.721251487731934,7.989167213439941
3024,4.164719581604004,7.987903118133545
3025,4.1627092361450195,7.98663854598999
3026,4.550443649291992,7.985503673553467
3027,3.4914419651031494,7.984019756317139
3028,3.734217643737793,7.982616424560547
3029,4.649811744689941,7.9815168380737305
3030,5.818724632263184,7.9808030128479
3031,3.566293239593506,7.979347229003906
3032,4.650491714477539,7.978249549865723
3033,1.7623347043991089,7.976200580596924
3034,5.047650337219238,7.975235462188721
3035,5.201718807220459,7.9743218421936035
3036,5.122735500335693,7.973382949829102
3037,1.8175007104873657,7.9713568687438965
3038,-0.7620241641998291,7.9684834480285645
3039,3.0267512798309326,7.96685791015625
3040,2.5771141052246094,7.965085029602051
3041,5.855917453765869,7.964391708374023
3042,5.020763397216797,7.9634246826171875
3043,7.5744428634643555,7.963296890258789
3044,3.4904167652130127,7.961827754974365
3045,5.245304107666016,7.960936069488525
3046,4.669748783111572,7.959856033325195
3047,3.8494479656219482,7.958507537841797
3048,3.3165955543518066,7.956984996795654
3049,3.191531181335449,7.955422878265381
3050,3.3030872344970703,7.953897476196289
3051,7.428966522216797,7.953725814819336
3052,0.29705971479415894,7.951218128204346
3053,4.53764009475708,7.950099945068359
3054,3.8304991722106934,7.948751449584961
3055,3.4646573066711426,7.94728422164917
3056,2.5621886253356934,7.945522785186768
3057,2.2722837924957275,7.943667411804199
3058,4.053582668304443,7.942395210266113
3059,-3.047095775604248,7.9388041496276855
3060,3.621469497680664,7.937393665313721
3061,3.3871092796325684,7.935907363891602
3062,2.8244736194610596,7.934238433837891
3063,3.5374860763549805,7.932803153991699
3064,0.0380154550075531,7.930227279663086
3065,1.6302686929702759,7.928172588348389
3066,4.725982666015625,7.927128791809082
3067,4.7449798583984375,7.926091194152832
3068,2.2623605728149414,7.924245834350586
3069,4.49077033996582,7.923127174377441
3070,5.07416296005249,7.922199249267578
3071,4.280162811279297,7.921013355255127
3072,4.883246421813965,7.920024871826172
3073,5.396127700805664,7.919203758239746
3074,4.68653678894043,7.918152809143066
3075,4.085566997528076,7.91690731048584
3076,5.41584587097168,7.9160943031311035
3077,5.4246110916137695,7.915284633636475
3078,4.587244033813477,7.914204120635986
3079,4.514461994171143,7.913099765777588
3080,5.291620254516602,7.912248611450195
3081,4.988960266113281,7.911300182342529
3082,5.1248273849487305,7.910396575927734
3083,4.970892906188965,7.909443378448486
3084,4.380533218383789,7.908299446105957
3085,5.3978705406188965,7.9074859619140625
3086,5.62772274017334,7.906747341156006
3087,5.978424549102783,7.90612268447876
3088,6.248931884765625,7.905586242675781
3089,7.184689044952393,7.90535306930542
3090,5.163962364196777,7.904466152191162
3091,4.743436813354492,7.903444290161133
3092,9.950218200683594,7.904106140136719
3093,9.995981216430664,7.904782295227051
3094,11.358222961425781,7.905898094177246
3095,10.434327125549316,7.90671443939209
3096,9.357072830200195,7.907182693481445
3097,6.056448936462402,7.906585216522217
3098,8.995796203613281,7.906937122344971
3099,13.68751335144043,7.908801555633545
3100,11.939562797546387,7.910101413726807
3101,7.765950679779053,7.910054683685303
3102,6.661603927612305,7.9096527099609375
3103,10.73596477508545,7.9105634689331055
3104,11.647575378417969,7.91176700592041
3105,10.39787769317627,7.912567615509033
3106,7.129651069641113,7.912315368652344
3107,9.690564155578613,7.912888050079346
3108,6.69867467880249,7.912497520446777
3109,10.725661277770996,7.913402557373047
3110,9.216059684753418,7.913821220397949
3111,8.061372756958008,7.913868427276611
3112,9.349614143371582,7.914330005645752
3113,7.361983299255371,7.914152145385742
3114,10.765220642089844,7.915067672729492
3115,10.64797306060791,7.915944576263428
3116,8.355514526367188,7.916085720062256
3117,9.517704010009766,7.916599273681641
3118,7.318392276763916,7.916407585144043
3119,10.448345184326172,7.917219638824463
3120,10.431997299194336,7.918025016784668
3121,9.988544464111328,7.9186882972717285
3122,9.016338348388672,7.919039249420166
3123,10.932733535766602,7.920004367828369
3124,6.841472625732422,7.91965913772583
3125,7.328636646270752,7.919470310211182
3126,9.810789108276367,7.920074939727783
3127,6.53425407409668,7.9196319580078125
3128,8.616321563720703,7.919855117797852
3129,8.584593772888184,7.920067310333252
3130,8.133051872253418,7.920135021209717
3131,6.963935375213623,7.919830322265625
3132,9.83303451538086,7.920441150665283
3133,9.823779106140137,7.921048641204834
3134,10.411163330078125,7.9218430519104
3135,9.413548469543457,7.922318935394287
3136,9.69817066192627,7.922884941101074
3137,7.250279426574707,7.922670364379883
3138,9.595235824584961,7.923203468322754
3139,8.280144691467285,7.923316955566406
3140,9.206952095031738,7.923725605010986
3141,10.602059364318848,7.924577713012695
3142,10.351158142089844,7.925350189208984
3143,9.973027229309082,7.926001071929932
3144,6.009700775146484,7.925391674041748
3145,8.733473777770996,7.925649166107178
3146,8.208081245422363,7.92573881149292
3147,9.506677627563477,7.926240921020508
3148,8.488436698913574,7.926419258117676
3149,6.808631420135498,7.926064491271973
3150,9.724227905273438,7.926635265350342
3151,8.743892669677734,7.926894664764404
3152,8.555994987487793,7.927094459533691
3153,7.659876823425293,7.9270100593566895
3154,9.344887733459473,7.927459716796875
3155,10.449211120605469,7.928258419036865
3156,10.569034576416016,7.9290947914123535
3157,9.616378784179688,7.929629325866699
3158,10.080589294433594,7.930310249328613
3159,8.830205917358398,7.9305949211120605
3160,8.638235092163086,7.930819034576416
3161,9.7052583694458,7.931379795074463
3162,8.075580596923828,7.93142557144165
3163,9.065159797668457,7.931783676147461
3164,9.28925895690918,7.932212829589844
3165,9.634381294250488,7.932750225067139
3166,9.152420997619629,7.933135509490967
3167,10.614777565002441,7.9339823722839355
3168,8.140890121459961,7.934047222137451
3169,9.542025566101074,7.9345550537109375
3170,10.64165210723877,7.935409069061279
3171,8.633949279785156,7.935629367828369
3172,10.533716201782227,7.936448097229004
3173,9.97907829284668,7.93709135055542
3174,8.879465103149414,7.937387943267822
3175,10.213079452514648,7.938104629516602
3176,-1.5397542715072632,7.935121536254883
3177,6.203360080718994,7.934576511383057
3178,7.118489742279053,7.934319972991943
3179,5.122601509094238,7.933435916900635
3180,-3.03586483001709,7.929987907409668
3181,5.662413597106934,7.929275035858154
3182,2.245331048965454,7.927489757537842
3183,6.696159839630127,7.927102565765381
3184,4.987274646759033,7.9261794090271
3185,6.372657299041748,7.925691604614258
3186,3.1365389823913574,7.92418909072876
3187,6.6817216873168945,7.923799514770508
3188,3.4859275817871094,7.922407627105713
3189,5.788814544677734,7.921739101409912
3190,5.309826850891113,7.9209208488464355
3191,4.097105026245117,7.919723033905029
3192,5.4145355224609375,7.918938159942627
3193,5.380170822143555,7.9181437492370605
3194,5.174252986907959,7.9172844886779785
3195,9.130768775939941,7.917664527893066
3196,7.749867916107178,7.917612075805664
3197,10.2559232711792,7.9183430671691895
3198,6.789156913757324,7.917990207672119
3199,5.572957992553711,7.917257308959961
3200,5.758485794067383,7.9165825843811035
3201,5.375017166137695,7.915788650512695
3202,6.7880859375,7.915436744689941
3203,3.224912643432617,7.913972854614258
3204,7.227921962738037,7.913759231567383
3205,6.2617878913879395,7.913243770599365
3206,5.862820148468018,7.912604331970215
3207,7.3916425704956055,7.912442207336426
3208,9.638144493103027,7.912980556488037
3209,6.469808578491211,7.912530899047852
3210,9.038792610168457,7.912881851196289
3211,6.880847930908203,7.91256046295166
3212,7.033013820648193,7.912286758422852
3213,9.457234382629395,7.91276741027832
3214,8.006132125854492,7.912796497344971
3215,8.864275932312012,7.913092613220215
3216,12.394474983215332,7.914485454559326
3217,12.771283149719238,7.915995121002197
3218,7.033261299133301,7.9157209396362305
3219,2.6416409015655518,7.914083003997803
3220,9.028938293457031,7.914429187774658
3221,5.674989223480225,7.913734436035156
3222,8.216097831726074,7.913828372955322
3223,7.092654705047607,7.913573741912842
3224,5.782466411590576,7.912912845611572
3225,5.309243202209473,7.912105560302734
3226,5.023892402648926,7.911210536956787
3227,5.4559526443481445,7.910449504852295
3228,7.189452171325684,7.910226345062256
3229,5.687489986419678,7.909538269042969
3230,7.177809715270996,7.909311771392822
3231,8.822969436645508,7.9095940589904785
3232,7.377633571624756,7.909429550170898
3233,10.008545875549316,7.910078525543213
3234,5.786441802978516,7.909421920776367
3235,8.925501823425293,7.909736156463623
3236,5.175519943237305,7.908891677856445
3237,6.0501813888549805,7.908317565917969
3238,6.30801248550415,7.9078240394592285
3239,6.237868785858154,7.907308578491211
3240,6.4130425453186035,7.90684700012207
3241,5.190487384796143,7.906009674072266
3242,7.516432762145996,7.90588903427124
3243,8.896885871887207,7.906194686889648
3244,3.718621253967285,7.904904365539551
3245,6.248834133148193,7.904393672943115
3246,3.2963788509368896,7.902974605560303
3247,4.818266868591309,7.90202522277832
3248,6.285378456115723,7.901527404785156
3249,5.894017219543457,7.900909900665283
3250,6.608817100524902,7.9005126953125
3251,9.034513473510742,7.9008612632751465
3252,6.581601619720459,7.900455951690674
3253,7.206474304199219,7.900242805480957
3254,6.764238357543945,7.899893760681152
3255,8.74279499053955,7.900152683258057
3256,12.07358169555664,7.901433944702148
3257,6.9404072761535645,7.901138782501221
3258,11.945362091064453,7.902379512786865
3259,8.144235610961914,7.902453899383545
3260,6.972484588623047,7.9021687507629395
3261,4.52582311630249,7.9011335372924805
3262,6.939761638641357,7.900838851928711
3263,7.638527870178223,7.900758743286133
3264,8.864974021911621,7.9010539054870605
3265,7.329741477966309,7.900879383087158
3266,9.790971755981445,7.901457786560059
3267,7.674690246582031,7.901388168334961
3268,2.4570770263671875,7.899722576141357
3269,7.458700656890869,7.899588108062744
3270,7.438997268676758,7.899446964263916
3271,8.294292449951172,7.8995680809021
3272,7.963650226593018,7.899587631225586
3273,8.660624504089355,7.899819850921631
3274,8.281699180603027,7.899936199188232
3275,7.294913291931152,7.899751663208008
3276,7.681241035461426,7.899684906005859
3277,6.819336891174316,7.899355888366699
3278,5.903480052947998,7.898747444152832
3279,8.702255249023438,7.898992538452148
3280,8.53032112121582,7.8991851806640625
3281,6.218052864074707,7.898673057556152
3282,5.877551555633545,7.898057460784912
3283,7.445250511169434,7.897919654846191
3284,8.785728454589844,7.898189544677734
3285,7.676260471343994,7.8981218338012695
3286,9.439547538757324,7.898590564727783
3287,7.519684791564941,7.898475646972656
3288,7.837625503540039,7.898457050323486
3289,7.878274917602539,7.898451328277588
3290,4.54170560836792,7.897430896759033
3291,7.671082019805908,7.897362232208252
3292,7.684873580932617,7.897298336029053
3293,6.262722969055176,7.8968024253845215
3294,7.496761322021484,7.8966803550720215
3295,6.757900714874268,7.896335124969482
3296,5.217204570770264,7.895522117614746
3297,7.137099266052246,7.895292282104492
3298,10.546435356140137,7.896096229553223
3299,4.052525043487549,7.894931316375732
3300,9.210846900939941,7.89532995223999
3301,5.052554607391357,7.894469261169434
3302,8.66579532623291,7.894702911376953
3303,7.90581750869751,7.8947062492370605
3304,6.085853576660156,7.894158840179443
3305,5.961930274963379,7.8935747146606445
3306,6.203548431396484,7.893063545227051
3307,7.808596611022949,7.893038272857666
3308,6.9234209060668945,7.892745018005371
3309,6.231644630432129,7.892243385314941
3310,7.983124256134033,7.892270565032959
3311,8.518465995788574,7.892459392547607
3312,4.233860015869141,7.891355514526367
3313,5.514225006103516,7.8906378746032715
3314,2.2639505863189697,7.888940334320068
3315,5.2553391456604,7.88814640045166
3316,3.101672887802124,7.8867034912109375
3317,2.4191572666168213,7.885056018829346
3318,2.438000202178955,7.883414268493652
3319,3.433624267578125,7.882074356079102
3320,3.404802083969116,7.880725860595703
3321,4.090211391448975,7.879584789276123
3322,2.3646273612976074,7.877925395965576
3323,4.603747844696045,7.8769402503967285
3324,9.973725318908691,7.877571105957031
3325,5.138100624084473,7.8767476081848145
3326,4.423594951629639,7.875709533691406
3327,7.894295692443848,7.875715255737305
3328,7.889720916748047,7.875720024108887
3329,3.5824270248413086,7.8744306564331055
3330,4.012738227844238,7.873271465301514
3331,3.921271324157715,7.8720855712890625
3332,3.7490739822387695,7.870848655700684
3333,7.54856014251709,7.870752334594727
3334,2.2795729637145996,7.869075775146484
3335,6.634520530700684,7.868705749511719
3336,4.18391752243042,7.86760139465332
3337,4.4729695320129395,7.866584300994873
3338,3.2556021213531494,7.865203380584717
3339,6.425642490386963,7.864772319793701
3340,5.464315414428711,7.864054203033447
3341,2.5063369274139404,7.86245059967041
3342,-3.2452392578125,7.859127998352051
3343,2.66875958442688,7.857575416564941
3344,5.588736534118652,7.856896877288818
3345,1.1185170412063599,7.854883193969727
3346,5.9141387939453125,7.854303359985352
3347,2.553069591522217,7.852719783782959
3348,6.352760314941406,7.852272033691406
3349,4.4417548179626465,7.851253986358643
3350,8.953489303588867,7.851583003997803
3351,4.059391498565674,7.850451469421387
3352,4.2677717208862305,7.8493828773498535
3353,5.61051607131958,7.848715305328369
3354,6.826148986816406,7.848410606384277
3355,8.725186347961426,7.848671913146973
3356,8.746840476989746,7.848938941955566
3357,6.319936752319336,7.848484039306641
3358,4.952906608581543,7.847621917724609
3359,1.21259343624115,7.84564733505249
3360,3.8412210941314697,7.844456195831299
3361,5.526216506958008,7.843766212463379
3362,7.663486480712891,7.84371280670166
3363,2.9691460132598877,7.842263698577881
3364,5.787410736083984,7.841652870178223
3365,4.857840061187744,7.840766429901123
3366,5.501387596130371,7.840071678161621
3367,6.664149284362793,7.839722633361816
3368,4.622468948364258,7.8387675285339355
3369,5.592328071594238,7.838100910186768
3370,9.7477445602417,7.838667392730713
3371,5.094752311706543,7.837853908538818
3372,2.1576430797576904,7.836170196533203
3373,4.920124530792236,7.835306167602539
3374,7.3398237228393555,7.8351593017578125
3375,-1.8829822540283203,7.83228063583374
3376,-0.702139139175415,7.829753875732422
3377,11.843412399291992,7.830942153930664
3378,6.398618698120117,7.830517768859863
3379,2.4916579723358154,7.8289384841918945
3380,3.2534384727478027,7.827585220336914
3381,0.6533030271530151,7.825463771820068
3382,7.026885032653809,7.825227737426758
3383,6.888318061828613,7.824951171875
3384,7.432771682739258,7.824835777282715
3385,5.375337600708008,7.8241119384765625
3386,-2.3727502822875977,7.821101188659668
3387,5.54796028137207,7.820430755615234
3388,8.982892990112305,7.820773601531982
3389,6.238646984100342,7.820306777954102
3390,9.177390098571777,7.820706844329834
3391,8.0350341796875,7.820770263671875
3392,8.131270408630371,7.82086181640625
3393,7.223834037780762,7.820685863494873
3394,7.625899314880371,7.8206281661987305
3395,7.469127178192139,7.8205246925354
3396,8.790793418884277,7.820810317993164
3397,7.457119941711426,7.820703506469727
3398,8.159286499023438,7.820803165435791
3399,8.102181434631348,7.82088565826416
3400,7.787321090698242,7.820875644683838
3401,9.628084182739258,7.821407318115234
3402,8.818353652954102,7.821700096130371
3403,6.964907646179199,7.821448802947998
3404,12.434578895568848,7.822803497314453
3405,7.546008110046387,7.822722434997559
3406,8.985555648803711,7.82306432723999
3407,9.038455963134766,7.823421001434326
3408,9.634514808654785,7.8239521980285645
3409,10.012792587280273,7.824594497680664
3410,8.631153106689453,7.824831008911133
3411,8.391119956970215,7.824996471405029
3412,7.980304718017578,7.825042247772217
3413,7.508755207061768,7.824949264526367
3414,8.163177490234375,7.825048446655273
3415,11.409350395202637,7.8260979652404785
3416,9.119584083557129,7.826476573944092
3417,8.178023338317871,7.8265790939331055
3418,11.104257583618164,7.827537536621094
3419,9.411165237426758,7.828001022338867
3420,11.533536911010742,7.8290839195251465
3421,6.960777282714844,7.828830242156982
3422,7.635283946990967,7.8287739753723145
3423,7.4292683601379395,7.828657150268555
3424,7.305290699005127,7.8285040855407715
3425,8.257351875305176,7.828629493713379
3426,10.23291015625,7.829330921173096
3427,8.700034141540527,7.82958459854126
3428,9.847350120544434,7.830173015594482
3429,9.19797134399414,7.83057165145874
3430,5.988789081573486,7.8300347328186035
3431,7.937634468078613,7.830066204071045
3432,8.170853614807129,7.830165386199951
3433,6.971621036529541,7.8299150466918945
3434,8.399249076843262,7.830080509185791
3435,9.068513870239258,7.830440998077393
3436,9.625667572021484,7.830963134765625
3437,8.00241470336914,7.831012725830078
3438,11.95035171508789,7.832210540771484
3439,11.308961868286133,7.833221435546875
3440,6.0179924964904785,7.832693576812744
3441,9.69433307647705,7.8332343101501465
3442,7.406358242034912,7.833110332489014
3443,10.194653511047363,7.83379602432251
3444,9.842412948608398,7.834379196166992
3445,7.1576128005981445,7.8341827392578125
3446,8.261726379394531,7.834306716918945
3447,9.660052299499512,7.834836483001709
3448,6.753814697265625,7.834522724151611
3449,8.921757698059082,7.834837913513184
3450,7.9205474853515625,7.83486270904541
3451,10.773130416870117,7.835713863372803
3452,7.965456008911133,7.835751533508301
3453,9.648290634155273,7.836276054382324
3454,8.448616027832031,7.836453437805176
3455,9.58715534210205,7.836960315704346
3456,8.274516105651855,7.837087154388428
3457,6.75144100189209,7.83677339553833
3458,5.634849548339844,7.836136817932129
3459,6.960973739624023,7.835884094238281
3460,8.544059753417969,7.83608865737915
3461,9.80278491973877,7.83665657043457
3462,7.263273239135742,7.836491107940674
3463,9.761685371398926,7.837047100067139
3464,6.104862213134766,7.836547374725342
3465,8.861496925354004,7.836843013763428
3466,5.502317428588867,7.836169719696045
3467,8.512077331542969,7.836364269256592
3468,8.515841484069824,7.836560249328613
3469,10.60024642944336,7.8373565673828125
3470,6.392612457275391,7.836940288543701
3471,5.562566757202148,7.83628511428833
3472,9.492059707641602,7.836761951446533
3473,8.488832473754883,7.836949348449707
3474,7.7790398597717285,7.83693265914917
3475,7.778444290161133,7.836916446685791
3476,7.550491809844971,7.836833953857422
3477,7.801870346069336,7.836824417114258
3478,8.580404281616211,7.837038040161133
3479,9.394023895263672,7.837485313415527
3480,7.922605514526367,7.837509632110596
3481,7.639307498931885,7.837452411651611
3482,5.296860694885254,7.836723327636719
3483,10.880136489868164,7.837596893310547
3484,8.077417373657227,7.837666034698486
3485,6.2667131423950195,7.837215423583984
3486,8.461941719055176,7.837394714355469
3487,9.506763458251953,7.837873458862305
3488,9.365245819091797,7.838311195373535
3489,10.651796340942383,7.839117527008057
3490,8.197443962097168,7.83922004699707
3491,7.716958522796631,7.839184761047363
3492,7.113356113433838,7.838976860046387
3493,6.569001197814941,7.838613510131836
3494,7.972557067871094,7.838651657104492
3495,9.076725959777832,7.839005947113037
3496,10.436100959777832,7.839748382568359
3497,6.810545921325684,7.839454174041748
3498,7.620379447937012,7.839391708374023
3499,7.970235824584961,7.839428901672363
3500,7.9086761474609375,7.839448928833008
3501,7.785635948181152,7.839433193206787
3502,7.7756547927856445,7.839415073394775
3503,7.758625030517578,7.839391708374023
3504,10.632928848266602,7.840188503265381
3505,11.464814186096191,7.841222763061523
3506,8.34209156036377,7.841365337371826
3507,9.498859405517578,7.841837406158447
3508,7.199234962463379,7.841654300689697
3509,6.715652942657471,7.841333389282227
3510,6.365499496459961,7.840912818908691
3511,8.589581489562988,7.841125965118408
3512,8.826339721679688,7.841406345367432
3513,6.999415397644043,7.841166973114014
3514,8.681781768798828,7.841406345367432
3515,9.225833892822266,7.841800212860107
3516,7.588632583618164,7.841728210449219
3517,7.20979118347168,7.841547966003418
3518,8.982585906982422,7.841872215270996
3519,10.533705711364746,7.842637062072754
3520,5.944037437438965,7.842097759246826
3521,9.062860488891602,7.842443943023682
3522,9.738425254821777,7.842982292175293
3523,8.174912452697754,7.843076705932617
3524,10.235504150390625,7.843755722045898
3525,7.055531024932861,7.843531608581543
3526,8.08544921875,7.843600273132324
3527,6.897913932800293,7.843332767486572
3528,7.250959873199463,7.843164443969727
3529,7.80194091796875,7.84315299987793
3530,8.701471328735352,7.843396186828613
3531,7.557638168334961,7.843315124511719
3532,6.152980804443359,7.842836856842041
3533,5.896091938018799,7.842286109924316
3534,7.353271484375,7.8421478271484375
3535,5.979125022888184,7.841620445251465
3536,8.418824195861816,7.84178352355957
3537,6.23429536819458,7.841329097747803
3538,6.945819854736328,7.841075897216797
3539,7.739998817443848,7.841047763824463
3540,8.35948371887207,7.841194152832031
3541,6.805973529815674,7.840901851654053
3542,7.0366740226745605,7.840674877166748
3543,6.664618492126465,7.840342998504639
3544,7.023971080780029,7.840112686157227
3545,5.899161338806152,7.839565277099609
3546,6.262944221496582,7.839120864868164
3547,7.861772060394287,7.839127063751221
3548,8.967331886291504,7.839444637298584
3549,6.1952619552612305,7.838981628417969
3550,6.65933084487915,7.838649749755859
3551,6.955997943878174,7.838400840759277
3552,6.762045860290527,7.838098049163818
3553,7.41054630279541,7.837977409362793
3554,6.647946834564209,7.837642669677734
3555,7.972751617431641,7.837680816650391
3556,5.208527565002441,7.836941719055176
3557,7.1045427322387695,7.83673620223999
3558,8.673833847045898,7.836971282958984
3559,9.55264663696289,7.837453365325928
3560,8.684959411621094,7.837691307067871
3561,7.8625640869140625,7.837698936462402
3562,9.154085159301758,7.838068008422852
3563,8.242610931396484,7.838181495666504
3564,6.723180770874023,7.837868690490723
3565,8.464954376220703,7.8380446434021
3566,8.546079635620117,7.83824348449707
3567,7.730312824249268,7.838212966918945
3568,8.437495231628418,7.838380813598633
3569,8.749144554138184,7.83863639831543
3570,6.310962677001953,7.838208198547363
3571,8.388075828552246,7.838362693786621
3572,9.447687149047852,7.838812828063965
3573,7.748822212219238,7.83878755569458
3574,5.560847282409668,7.8381500244140625
3575,8.46099853515625,7.838324069976807
3576,5.886830806732178,7.837778568267822
3577,9.002083778381348,7.838104248046875
3578,7.3111701011657715,7.837956428527832
3579,6.971730709075928,7.837715148925781
3580,7.546998023986816,7.8376336097717285
3581,8.025350570678711,7.837686061859131
3582,6.487388610839844,7.83730936050415
3583,10.002617835998535,7.837913513183594
3584,8.57148551940918,7.838118553161621
3585,5.033903121948242,7.83733606338501
3586,6.654501914978027,7.837006568908691
3587,6.207822799682617,7.836552143096924
3588,7.917906761169434,7.836574554443359
3589,9.898393630981445,7.837149143218994
3590,6.692490100860596,7.8368306159973145
3591,8.366943359375,7.836978435516357
3592,7.225756645202637,7.836808204650879
3593,7.554848670959473,7.836730003356934
3594,7.682681560516357,7.836687088012695
3595,6.925884246826172,7.8364338874816895
3596,7.108304023742676,7.836231231689453
3597,6.625502586364746,7.835894584655762
3598,9.36666202545166,7.836319923400879
3599,8.182890892028809,7.836416721343994
3600,-0.6502694487571716,7.834059715270996
3601,-1.6587083339691162,7.831424713134766
3602,2.414390802383423,7.829920768737793
3603,-2.348114252090454,7.827096939086914
3604,-2.7658753395080566,7.824158668518066
3605,-0.34607839584350586,7.821893215179443
3606,-5.493548393249512,7.818201065063477
3607,-2.3047633171081543,7.815395355224609
3608,-0.26230400800704956,7.813157558441162
3609,-0.40287360548973083,7.810881614685059
3610,-1.269601583480835,7.8083672523498535
3611,-1.783850908279419,7.80571174621582
3612,-1.1349637508392334,7.803236961364746
3613,-1.2009040117263794,7.800745487213135
3614,-1.0910372734069824,7.798285484313965
3615,-2.0623888969421387,7.795558929443359
3616,-2.4860877990722656,7.792716026306152
3617,-2.142662286758423,7.7899699211120605
3618,-1.6316431760787964,7.78736686706543
3619,-3.2506415843963623,7.784317970275879
3620,-4.9263081550598145,7.7808074951171875
3621,-2.207782745361328,7.778049945831299
3622,-1.2242445945739746,7.775565147399902
3623,-1.7934386730194092,7.772924900054932
3624,-2.3443455696105957,7.770133972167969
3625,-3.401176929473877,7.767053604125977
3626,-2.3839564323425293,7.764254570007324
3627,0.11094233393669128,7.762145042419434
3628,-2.510336399078369,7.75931453704834
3629,2.727208137512207,7.757928371429443
3630,-2.779233694076538,7.755026340484619
3631,-0.9932370185852051,7.752617359161377
3632,-7.185799598693848,7.748505592346191
3633,-1.9253528118133545,7.745843410491943
3634,0.04378366470336914,7.743724346160889
3635,-4.587482452392578,7.74033260345459
3636,-4.141095161437988,7.73706579208374
3637,-2.6117782592773438,7.734221458435059
3638,-3.93634295463562,7.731014728546143
3639,-7.968103885650635,7.726701259613037
3640,1.5896379947662354,7.725016117095947
3641,1.4840724468231201,7.723302364349365
3642,-1.0940979719161987,7.720882415771484
3643,-0.5437613725662231,7.71861457824707
3644,-0.42864876985549927,7.716379642486572
3645,3.110556125640869,7.715116500854492
3646,0.9390369057655334,7.713258743286133
3647,1.3724874258041382,7.711520671844482
3648,-0.01822930946946144,7.709402561187744
3649,-3.2153310775756836,7.706409454345703
3650,-2.8927838802337646,7.7035064697265625
3651,-4.51262092590332,7.700161457061768
3652,1.5017026662826538,7.698464870452881
3653,-0.7191722393035889,7.696161270141602
3654,-4.071008682250977,7.692942142486572
3655,-2.5113179683685303,7.690150737762451
3656,-0.808436393737793,7.687826633453369
3657,-2.504650592803955,7.685040473937988
3658,0.7401715517044067,7.68314266204834
3659,15.628032684326172,7.685313701629639
3660,10.431347846984863,7.686063766479492
3661,13.866711616516113,7.687751770019531
3662,13.527828216552734,7.689345836639404
3663,13.80455493927002,7.691014766693115
3664,15.803716659545898,7.693228721618652
3665,12.120718002319336,7.694436550140381
3666,11.549054145812988,7.6954874992370605
3667,16.45357894897461,7.697875499725342
3668,13.419334411621094,7.699434757232666
3669,13.535257339477539,7.701025009155273
3670,10.404596328735352,7.701761245727539
3671,10.391616821289062,7.702494144439697
3672,10.609506607055664,7.7032856941223145
3673,14.166722297668457,7.705044746398926
3674,13.549108505249023,7.706634998321533
3675,14.331756591796875,7.708436965942383
3676,13.259235382080078,7.709946632385254
3677,13.200793266296387,7.711440086364746
3678,12.832823753356934,7.712831497192383
3679,12.481428146362305,7.714127063751221
3680,10.944677352905273,7.715004920959473
3681,13.205961227416992,7.716495990753174
3682,11.266570091247559,7.717459678649902
3683,13.811161041259766,7.719113826751709
3684,12.575504302978516,7.720431804656982
3685,14.299554824829102,7.722216606140137
3686,11.533666610717773,7.723249912261963
3687,12.733935356140137,7.724608898162842
3688,12.770597457885742,7.725976943969727
3689,12.656694412231445,7.727313041687012
3690,13.532818794250488,7.728886127471924
3691,12.085029602050781,7.730066299438477
3692,12.989418029785156,7.731490612030029
3693,12.130799293518066,7.7326812744140625
3694,13.125802993774414,7.734140872955322
3695,12.307012557983398,7.735377788543701
3696,12.576451301574707,7.736687183380127
3697,13.154349327087402,7.738152503967285
3698,12.521564483642578,7.739445686340332
3699,13.717710494995117,7.741061210632324
3700,13.33471393585205,7.74257230758667
3701,11.781476974487305,7.743663311004639
3702,11.764669418334961,7.744749069213867
3703,16.60896110534668,7.747142314910889
3704,11.608602523803711,7.748185157775879
3705,12.736181259155273,7.749530792236328
3706,13.002537727355957,7.750947952270508
3707,14.719291687011719,7.752827167510986
3708,16.660932540893555,7.755228519439697
3709,11.380972862243652,7.7562055587768555
3710,11.814203262329102,7.757299423217773
3711,12.181947708129883,7.758491039276123
3712,14.07815933227539,7.760193347930908
3713,14.432912826538086,7.761990070343018
3714,14.102548599243164,7.763697147369385
3715,15.78701400756836,7.7658562660217285
3716,14.725910186767578,7.767728805541992
3717,14.04354476928711,7.769416809082031
3718,13.067390441894531,7.770841598510742
3719,12.380924224853516,7.772080898284912
3720,14.652982711791992,7.773930072784424
3721,13.16285228729248,7.77537727355957
3722,12.725449562072754,7.776706695556641
3723,13.095277786254883,7.778135299682617
3724,10.151005744934082,7.778771877288818
3725,11.892927169799805,7.779876232147217
3726,11.48486328125,7.780869960784912
3727,10.58442211151123,7.781621932983398
3728,11.640663146972656,7.782656669616699
3729,9.681073188781738,7.78316593170166
3730,13.883602142333984,7.784801006317139
3731,12.336235046386719,7.786020278930664
3732,9.663416862487793,7.786523342132568
3733,12.25916862487793,7.787721157073975
3734,12.573898315429688,7.789002895355225
3735,11.692760467529297,7.790048122406006
3736,11.586061477661133,7.7910637855529785
3737,11.143077850341797,7.7919602394104
3738,11.884703636169434,7.793055057525635
3739,12.034557342529297,7.794188976287842
3740,11.015514373779297,7.795050144195557
3741,8.299875259399414,7.795185565948486
3742,11.365852355957031,7.796139240264893
3743,12.107769012451172,7.797290802001953
3744,9.428862571716309,7.797726631164551
3745,8.438033103942871,7.7978973388671875
3746,10.537830352783203,7.798628330230713
3747,7.9030961990356445,7.798655986785889
3748,11.641716003417969,7.799681663513184
3749,10.953115463256836,7.800522327423096
3750,12.887216567993164,7.801878452301025
3751,9.303821563720703,7.802278995513916
3752,9.872394561767578,7.802830696105957
3753,11.086230278015137,7.803705215454102
3754,10.505605697631836,7.80442476272583
3755,11.540111541748047,7.805419445037842
3756,13.34394359588623,7.806893825531006
3757,12.854996681213379,7.808237075805664
3758,11.982836723327637,7.809347629547119
3759,11.517952919006348,7.810333728790283
3760,13.661968231201172,7.8118896484375
3761,11.9149169921875,7.8129801750183105
3762,13.98271656036377,7.814619541168213
3763,12.695829391479492,7.815916538238525
3764,14.01481819152832,7.817563056945801
3765,9.836563110351562,7.818099021911621
3766,11.92898178100586,7.819190502166748
3767,11.31447982788086,7.820117950439453
3768,12.003721237182617,7.82122802734375
3769,13.274198532104492,7.82267427444458
3770,13.803162574768066,7.824260234832764
3771,9.803580284118652,7.824784755706787
3772,13.269448280334473,7.82622766494751
3773,14.261034965515137,7.827932834625244
3774,11.474813461303711,7.828898906707764
3775,9.843239784240723,7.829432487487793
3776,11.372672080993652,7.830370903015137
3777,13.623138427734375,7.83190393447876
3778,11.374643325805664,7.832841873168945
3779,10.794906616210938,7.833625316619873
3780,13.293052673339844,7.835069179534912
3781,13.874979972839355,7.836666107177734
3782,9.611693382263184,7.837135314941406
3783,14.77598762512207,7.838968753814697
3784,11.42950439453125,7.8399176597595215
3785,11.037644386291504,7.840762138366699
3786,15.06185531616211,7.8426690101623535
3787,3.436936855316162,7.841506004333496
3788,6.322055816650391,7.841104984283447
3789,5.205804824829102,7.840409755706787
3790,7.247900485992432,7.8402533531188965
3791,2.32318377494812,7.8387980461120605
3792,5.884398937225342,7.838283061981201
3793,4.840234279632568,7.8374924659729
3794,4.817043304443359,7.836696624755859
3795,5.198081970214844,7.836001396179199
3796,6.810312271118164,7.835731029510498
3797,8.09805965423584,7.8358001708984375
3798,5.1361284255981445,7.835089683532715
3799,4.207303524017334,7.834135055541992
3800,3.53301739692688,7.833003520965576
3801,5.134586334228516,7.83229398727417
3802,5.037593364715576,7.831558704376221
3803,5.271360874176025,7.830885887145996
3804,5.273867130279541,7.83021354675293
3805,6.243297576904297,7.82979679107666
3806,4.363003253936768,7.82888650894165
3807,10.406713485717773,7.829563140869141
3808,4.3773298263549805,7.8286566734313965
3809,5.592700004577637,7.828069686889648
3810,5.504438877105713,7.827459812164307
3811,3.6408753395080566,7.826361656188965
3812,5.708600997924805,7.825806140899658
3813,5.671830177307129,7.825241565704346
3814,4.631312847137451,7.824404239654541
3815,4.586755275726318,7.8235554695129395
3816,6.021790981292725,7.823083400726318
3817,6.114893913269043,7.822636127471924
3818,4.6920671463012695,7.8218159675598145
3819,5.046883583068848,7.821089744567871
3820,5.129055023193359,7.820384979248047
3821,4.185415267944336,7.81943416595459
3822,4.096664905548096,7.818459987640381
3823,5.181111812591553,7.817770481109619
3824,4.520932674407959,7.816908836364746
3825,4.927096843719482,7.816153526306152
3826,5.966084003448486,7.815670490264893
3827,5.885997295379639,7.815166473388672
3828,1.5863680839538574,7.813539505004883
3829,5.150276184082031,7.812844276428223
3830,0.8174866437911987,7.811018466949463
3831,4.522637844085693,7.8101606369018555
3832,11.320535659790039,7.8110761642456055
3833,5.8646559715271,7.810568809509277
3834,1.6349815130233765,7.808958530426025
3835,3.1489360332489014,7.807743549346924
3836,4.419134616851807,7.806860446929932
3837,2.049177646636963,7.805360317230225
3838,5.2023701667785645,7.80468225479126
3839,2.993300199508667,7.80342960357666
3840,7.5975823402404785,7.803376197814941
3841,4.397952079772949,7.802489757537842
3842,4.337569713592529,7.801588535308838
3843,4.645750999450684,7.800767421722412
3844,3.1101417541503906,7.79954719543457
3845,6.372163772583008,7.7991766929626465
3846,7.11468505859375,7.798998832702637
3847,7.583951950073242,7.798943042755127
3848,4.87611722946167,7.798183917999268
3849,5.310490608215332,7.797537326812744
3850,5.408415794372559,7.796916961669922
3851,3.011533737182617,7.795674800872803
3852,6.079725742340088,7.795229434967041
3853,4.909788608551025,7.794480800628662
3854,9.739426612854004,7.794985771179199
3855,9.560650825500488,7.795443534851074
3856,7.5214643478393555,7.795372486114502
3857,6.770069599151611,7.795106887817383
3858,7.81472110748291,7.795111656188965
3859,5.7268829345703125,7.7945756912231445
3860,7.187952995300293,7.7944183349609375
3861,7.288046836853027,7.794287204742432
3862,8.797409057617188,7.794546604156494
3863,8.707582473754883,7.794782638549805
3864,5.987057685852051,7.794314861297607
3865,6.888323783874512,7.79408073425293
3866,9.552475929260254,7.7945356369018555
3867,7.338883876800537,7.794417858123779
3868,6.573938846588135,7.794102668762207
3869,12.428396224975586,7.795300006866455
3870,6.761578559875488,7.795032978057861
3871,7.14160680770874,7.794864177703857
3872,6.858513832092285,7.794622898101807
3873,9.220091819763184,7.7949910163879395
3874,7.727236270904541,7.794973373413086
3875,7.567570686340332,7.794914722442627
3876,8.925551414489746,7.795206546783447
3877,7.575223922729492,7.795149803161621
3878,6.758019924163818,7.794882774353027
3879,7.586843490600586,7.79482889175415
3880,5.71312141418457,7.794292449951172
3881,5.635874271392822,7.793736457824707
3882,7.308287620544434,7.793611526489258
3883,8.22935962677002,7.7937235832214355
3884,5.215871810913086,7.793060302734375
3885,8.248442649841309,7.793177127838135
3886,12.573358535766602,7.794407367706299
3887,6.257607936859131,7.794012069702148
3888,1.9041341543197632,7.792497634887695
3889,8.718838691711426,7.792735576629639
3890,7.69101095199585,7.792709827423096
3891,6.063292026519775,7.79226541519165
3892,8.952764511108398,7.792563438415527
3893,7.8639068603515625,7.792581558227539
3894,7.5876688957214355,7.792529106140137
3895,7.342073440551758,7.792413234710693
3896,5.589174747467041,7.791848182678223
3897,6.021931171417236,7.791393756866455
3898,4.081787586212158,7.79044246673584
3899,7.1716461181640625,7.790284156799316
3900,8.02891731262207,7.790345191955566
3901,7.977535724639893,7.790392875671387
3902,7.3842926025390625,7.790288925170898
3903,5.217362403869629,7.789629936218262
3904,5.814693450927734,7.789124011993408
3905,7.278257369995117,7.788992881774902
3906,8.210694313049316,7.7891011238098145
3907,6.792591094970703,7.788846015930176
3908,6.847929000854492,7.788605213165283
3909,4.6669602394104,7.787806510925293
3910,10.170684814453125,7.788415908813477
3911,6.076035022735596,7.787978172302246
3912,8.16313362121582,7.788074016571045
3913,7.733911514282227,7.788060665130615
3914,7.2439141273498535,7.78792142868042
3915,6.583798408508301,7.787614345550537
3916,8.91288948059082,7.787901401519775
3917,7.378725051879883,7.787796974182129
3918,7.535476207733154,7.787732124328613
3919,5.170403480529785,7.787064552307129
3920,6.8936357498168945,7.786837100982666
3921,4.912550926208496,7.78610372543335
3922,7.783327102661133,7.786103248596191
3923,6.379668235778809,7.785744667053223
3924,5.801432132720947,7.785238742828369
3925,6.630779266357422,7.784945011138916
3926,8.517928123474121,7.785131454467773
3927,5.8779072761535645,7.7846455574035645
3928,10.245254516601562,7.785272121429443
3929,10.974594116210938,7.786083698272705
3930,5.535219192504883,7.785511016845703
3931,4.530623435974121,7.7846832275390625
3932,8.642217636108398,7.7849016189575195
3933,5.670435428619385,7.784363746643066
3934,10.181678771972656,7.78497314453125
3935,3.901872396469116,7.783986568450928
3936,6.360702037811279,7.78362512588501
3937,5.935347080230713,7.783155918121338
3938,11.804680824279785,7.784176826477051
3939,5.8669939041137695,7.783690452575684
3940,6.767742156982422,7.783432483673096
3941,4.622550964355469,7.782630920410156
3942,5.8193440437316895,7.782133102416992
3943,10.028833389282227,7.782702922821045
3944,7.1534624099731445,7.782543659210205
3945,6.79994010925293,7.782294750213623
3946,7.1926116943359375,7.7821455001831055
3947,7.213735103607178,7.782001495361328
3948,11.820030212402344,7.783024311065674
3949,15.186880111694336,7.78489875793457
3950,13.560384750366211,7.786360263824463
3951,12.992276191711426,7.787677764892578
3952,13.064037322998047,7.789012432098389
3953,12.864992141723633,7.79029655456543
3954,14.448403358459473,7.791980266571045
3955,13.007133483886719,7.793298721313477
3956,12.02643871307373,7.794368743896484
3957,14.37042236328125,7.796030044555664
3958,13.737720489501953,7.7975311279296875
3959,13.654135704040527,7.799010276794434
3960,14.497479438781738,7.800701141357422
3961,14.097622871398926,7.802290916442871
3962,13.34754753112793,7.803689956665039
3963,14.107978820800781,7.8052802085876465
3964,13.796810150146484,7.806791305541992
3965,13.510714530944824,7.808229446411133
3966,16.20726203918457,7.810346603393555
3967,14.4804105758667,7.812027454376221
3968,11.831984519958496,7.813040256500244
3969,12.476217269897461,7.814215183258057
3970,12.262636184692383,7.815334796905518
3971,14.497275352478027,7.817017555236816
3972,12.51131820678711,7.818199157714844
3973,13.028992652893066,7.819510459899902
3974,12.965502738952637,7.820805072784424
3975,12.198420524597168,7.821906089782715
3976,14.38365364074707,7.823555946350098
3977,12.664670944213867,7.824772357940674
3978,14.132270812988281,7.826357841491699
3979,14.29883098602295,7.82798433303833
3980,12.252883911132812,7.829095363616943
3981,10.664648056030273,7.829807281494141
3982,13.128170013427734,7.831137657165527
3983,11.867185592651367,7.832150936126709
3984,12.503145217895508,7.833323001861572
3985,13.231478691101074,7.834677696228027
3986,11.669173240661621,7.835639476776123
3987,13.1573486328125,7.836974143981934
3988,13.556751251220703,7.83840799331665
3989,11.798115730285645,7.839400768280029
3990,13.172722816467285,7.8407368659973145
3991,13.052940368652344,7.842042446136475
3992,13.955592155456543,7.843573570251465
3993,14.476133346557617,7.845234394073486
3994,12.473299026489258,7.846392631530762
3995,10.76193618774414,7.8471221923828125
3996,12.668262481689453,7.848328113555908
3997,15.340851783752441,7.850202560424805
3998,13.474474906921387,7.851608753204346
3999,12.020866394042969,7.852651596069336
4000,14.764628410339355,7.854378700256348
4001,12.045783996582031,7.855425834655762
4002,13.754981994628906,7.856899738311768
4003,14.043339729309082,7.858444690704346
4004,13.093793869018555,7.859752178192139
4005,14.033280372619629,7.861292839050293
4006,14.012736320495605,7.862828254699707
4007,13.453033447265625,7.864223003387451
4008,14.467248916625977,7.865869998931885
4009,13.745233535766602,7.867336750030518
4010,13.531888961791992,7.868748664855957
4011,13.277441024780273,7.870096683502197
4012,15.605403900146484,7.8720245361328125
4013,13.438167572021484,7.873410701751709
4014,14.47812271118164,7.87505578994751
4015,14.70417594909668,7.87675666809082
4016,13.946533203125,7.878267765045166
4017,13.010343551635742,7.879545211791992
4018,12.433574676513672,7.880678176879883
4019,11.255561828613281,7.8815178871154785
4020,11.327320098876953,7.8823747634887695
4021,14.343830108642578,7.883981227874756
4022,13.352548599243164,7.885341167449951
4023,13.908073425292969,7.886837482452393
4024,13.600320816040039,7.888257026672363
4025,15.29055404663086,7.8900957107543945
4026,15.911493301391602,7.892087936401367
4027,15.582423210144043,7.893996715545654
4028,14.433751106262207,7.895619869232178
4029,15.317245483398438,7.897461414337158
4030,14.943672180175781,7.899209499359131
4031,13.529436111450195,7.90060567855835
4032,12.677445411682129,7.901790142059326
4033,13.708285331726074,7.903229713439941
4034,14.208654403686523,7.904792308807373
4035,14.325626373291016,7.906383514404297
4036,13.421651840209961,7.907749652862549
4037,15.052862167358398,7.909519195556641
4038,13.209209442138672,7.910831451416016
4039,13.132528305053711,7.912123680114746
4040,10.779560089111328,7.912833213806152
4041,14.390924453735352,7.914435863494873
4042,13.242061614990234,7.9157538414001465
4043,14.731040000915527,7.917438983917236
4044,14.726978302001953,7.919122219085693
4045,14.738990783691406,7.920807838439941
4046,12.40574836730957,7.9219160079956055
4047,14.085112571716309,7.923438549041748
4048,15.944086074829102,7.925419330596924
4049,14.122499465942383,7.926949977874756
4050,15.447530746459961,7.928806304931641
4051,14.848366737365723,7.930513858795166
4052,14.095953941345215,7.932034969329834
4053,15.087514877319336,7.933799743652344
4054,14.422688484191895,7.935400009155273
4055,15.5645751953125,7.937281131744385
4056,14.315086364746094,7.938852787017822
4057,15.634517669677734,7.940749168395996
4058,14.242589950561523,7.9423017501831055
4059,13.888188362121582,7.9437665939331055
4060,15.331924438476562,7.94558572769165
4061,15.005651473999023,7.947323799133301
4062,16.92876625061035,7.9495344161987305
4063,14.584844589233398,7.951167106628418
4064,14.967472076416016,7.952892780303955
4065,14.593790054321289,7.954526424407959
4066,14.364603042602539,7.95610237121582
4067,12.582427024841309,7.957239627838135
4068,15.910165786743164,7.959194183349609
4069,10.677770614624023,7.959862232208252
4070,13.410848617553711,7.961200714111328
4071,11.251925468444824,7.962008953094482
4072,14.187468528747559,7.963537693023682
4073,13.58897590637207,7.964918613433838
4074,13.225900650024414,7.966209888458252
4075,11.892914772033691,7.967173099517822
4076,14.794212341308594,7.968847751617432
4077,15.038724899291992,7.970581531524658
4078,16.52211570739746,7.972677707672119
4079,14.45305061340332,7.974266052246094
4080,13.964469909667969,7.975734233856201
4081,14.428281784057617,7.977314472198486
4082,8.013702392578125,7.977323532104492
4083,15.25508975982666,7.9791059494018555
4084,14.56026840209961,7.980716705322266
4085,14.88920783996582,7.982407569885254
4086,14.083727836608887,7.983900547027588
4087,14.537092208862305,7.985503673553467
4088,14.270506858825684,7.9870405197143555
4089,15.188708305358887,7.9888014793396
4090,14.566652297973633,7.990408897399902
4091,15.341891288757324,7.992205619812012
4092,15.71837329864502,7.994093418121338
4093,13.816329956054688,7.9955153465271
4094,14.276861190795898,7.997049331665039
4095,14.491318702697754,7.998635292053223
4096,13.686610221862793,8.00002384185791
4097,11.025762557983398,8.000762939453125
4098,16.255229949951172,8.002776145935059
4099,16.06889533996582,8.004743576049805
4100,12.965680122375488,8.005952835083008
4101,14.570456504821777,8.007553100585938
4102,12.395902633666992,8.008623123168945
4103,12.184897422790527,8.009639739990234
4104,14.657461166381836,8.011259078979492
4105,15.567282676696777,8.01309871673584
4106,14.803567886352539,8.014752388000488
4107,13.737750053405762,8.016145706176758
4108,13.107224464416504,8.01738452911377
4109,14.216365814208984,8.018892288208008
4110,14.402387619018555,8.020444869995117
4111,13.74063491821289,8.02183723449707
4112,15.001482963562012,8.023533821105957
4113,13.771023750305176,8.024930000305176
4114,14.008708000183105,8.026384353637695
4115,15.380888938903809,8.02817153930664
4116,15.101629257202148,8.029889106750488
4117,13.651691436767578,8.031254768371582
4118,11.733698844909668,8.032154083251953
4119,15.069561004638672,8.033862113952637
4120,10.029077529907227,8.034345626831055
4121,11.01559829711914,8.035069465637207
4122,11.691597938537598,8.035955429077148
4123,10.632871627807617,8.036585807800293
4124,11.506880760192871,8.037426948547363
4125,11.177547454833984,8.038187980651855
4126,11.514602661132812,8.039030075073242
4127,9.918275833129883,8.039485931396484
4128,10.722025871276855,8.040135383605957
4129,11.090688705444336,8.040873527526855
4130,11.9844331741333,8.041828155517578
4131,10.689297676086426,8.042469024658203
4132,11.340335845947266,8.043266296386719
4133,10.883668899536133,8.043952941894531
4134,11.831060409545898,8.044869422912598
4135,11.949200630187988,8.04581356048584
4136,10.910839080810547,8.04650592803955
4137,12.55582332611084,8.047595024108887
4138,10.592126846313477,8.048210144042969
4139,11.41357421875,8.049023628234863
4140,10.472689628601074,8.049609184265137
4141,11.974275588989258,8.050556182861328
4142,12.958639144897461,8.051739692687988
4143,12.903214454650879,8.052910804748535
4144,10.83264446258545,8.053581237792969
4145,11.398035049438477,8.054388046264648
4146,10.286548614501953,8.054925918579102
4147,10.349782943725586,8.055479049682617
4148,11.126821517944336,8.056219100952148
4149,12.21156120300293,8.057220458984375
4150,10.930007934570312,8.057912826538086
4151,12.832385063171387,8.059062004089355
4152,12.41595458984375,8.060111045837402
4153,11.398154258728027,8.060914993286133
4154,12.012212753295898,8.06186580657959
4155,10.89378547668457,8.062546730041504
4156,10.61850643157959,8.063161849975586
4157,13.338968276977539,8.064430236816406
4158,12.310224533081055,8.065450668334961
4159,13.06249713897705,8.066652297973633
4160,12.313536643981934,8.067672729492188
4161,11.522455215454102,8.068503379821777
4162,11.12303352355957,8.069235801696777
4163,12.155257225036621,8.070218086242676
4164,11.14248275756836,8.070955276489258
4165,11.041121482849121,8.07166862487793
4166,11.467999458312988,8.072484016418457
4167,13.312618255615234,8.07374095916748
4168,13.094539642333984,8.074944496154785
4169,11.860872268676758,8.075852394104004
4170,10.340278625488281,8.076395034790039
4171,11.051292419433594,8.077108383178711
4172,14.037381172180176,8.078536987304688
4173,11.220382690429688,8.079289436340332
4174,12.783713340759277,8.080416679382324
4175,10.302329063415527,8.080947875976562
4176,12.276283264160156,8.081953048706055
4177,11.368470191955566,8.082738876342773
4178,11.650825500488281,8.083593368530273
4179,12.143158912658691,8.084565162658691
4180,10.215415954589844,8.085074424743652
4181,11.53598690032959,8.085899353027344
4182,12.396483421325684,8.086929321289062
4183,11.699061393737793,8.08779239654541
4184,12.10140323638916,8.088751792907715
4185,10.289484024047852,8.089277267456055
4186,11.105533599853516,8.089997291564941
4187,11.649518966674805,8.09084701538086
4188,11.457539558410645,8.09165096282959
4189,12.802897453308105,8.092775344848633
4190,9.707828521728516,8.093160629272461
4191,11.078569412231445,8.093873023986816
4192,11.35372543334961,8.094651222229004
4193,10.533286094665527,8.095232963562012
4194,11.245538711547852,8.095983505249023
4195,11.70211410522461,8.096843719482422
4196,11.16546630859375,8.097574234008789
4197,11.822105407714844,8.098461151123047
4198,11.302982330322266,8.099225044250488
4199,9.229947090148926,8.099493980407715
4200,10.69349479675293,8.100111961364746
4201,9.845495223999023,8.100526809692383
4202,10.902706146240234,8.10119342803955
4203,10.929950714111328,8.101866722106934
4204,10.573538780212402,8.10245418548584
4205,10.223424911499023,8.102958679199219
4206,11.130561828613281,8.103677749633789
4207,11.816320419311523,8.104559898376465
4208,11.579590797424316,8.105384826660156
4209,11.731136322021484,8.106245994567871
4210,12.941642761230469,8.107394218444824
4211,11.918922424316406,8.108299255371094
4212,10.880986213684082,8.108957290649414
4213,13.085508346557617,8.110138893127441
4214,9.051080703735352,8.11036205291748
4215,10.552007675170898,8.110940933227539
4216,11.007421493530273,8.111627578735352
4217,11.33242416381836,8.112391471862793
4218,10.009897232055664,8.112841606140137
4219,12.594138145446777,8.113903045654297
4220,14.529577255249023,8.115423202514648
4221,12.678542137145996,8.116504669189453
4222,9.937154769897461,8.116935729980469
4223,10.08026123046875,8.117401123046875
4224,9.236906051635742,8.117666244506836
4225,8.989240646362305,8.11787223815918
4226,11.661876678466797,8.1187105178833
4227,12.681840896606445,8.119790077209473
4228,12.148519515991211,8.120742797851562
4229,12.901772499084473,8.121872901916504
4230,11.042701721191406,8.122563362121582
4231,8.589546203613281,8.122673988342285
4232,11.441855430603027,8.123457908630371
4233,10.781035423278809,8.124085426330566
4234,13.138572692871094,8.125268936157227
4235,12.71206283569336,8.126352310180664
4236,8.129443168640137,8.126352310180664
4237,11.374211311340332,8.127119064331055
4238,8.183351516723633,8.127132415771484
4239,9.513068199157715,8.127458572387695
4240,8.99142074584961,8.127662658691406
4241,13.849540710449219,8.129011154174805
4242,12.476757049560547,8.130035400390625
4243,12.024117469787598,8.130952835083008
4244,8.678460121154785,8.131082534790039
4245,9.624715805053711,8.131434440612793
4246,14.963590621948242,8.13304328918457
4247,10.809942245483398,8.133673667907715
4248,11.904476165771484,8.134561538696289
4249,9.054588317871094,8.134778022766113
4250,12.509960174560547,8.135807037353516
4251,9.071186065673828,8.136027336120605
4252,10.649648666381836,8.136617660522461
4253,10.664894104003906,8.137211799621582
4254,9.746509552001953,8.137590408325195
4255,11.773540496826172,8.138443946838379
4256,12.756620407104492,8.13952922821045
4257,12.522314071655273,8.140559196472168
4258,12.145246505737305,8.141499519348145
4259,10.131138801574707,8.141966819763184
4260,10.97903060913086,8.142632484436035
4261,11.74685001373291,8.143478393554688
4262,14.404560089111328,8.144947052001953
4263,15.106669425964355,8.14657974243164
4264,12.07888412475586,8.147500991821289
4265,12.315469741821289,8.148478507995605
4266,13.399982452392578,8.14970874786377
4267,13.781620025634766,8.151028633117676
4268,12.671351432800293,8.152087211608887
4269,13.215047836303711,8.153273582458496
4270,10.53923511505127,8.153831481933594
4271,13.497929573059082,8.155082702636719
4272,13.328200340270996,8.156292915344238
4273,10.131415367126465,8.156755447387695
4274,11.980173110961914,8.157649993896484
4275,11.921339988708496,8.158530235290527
4276,9.964962005615234,8.158952713012695
4277,12.955883979797363,8.160074234008789
4278,10.997549057006836,8.160737037658691
4279,13.822040557861328,8.16205883026123
4280,11.485892295837402,8.162835121154785
4281,11.86631965637207,8.163700103759766
4282,11.740574836730957,8.164535522460938
4283,10.147745132446289,8.164999008178711
4284,10.96792221069336,8.165653228759766
4285,11.78952407836914,8.166499137878418
4286,12.197746276855469,8.167439460754395
4287,9.136589050292969,8.167665481567383
4288,12.17674446105957,8.168600082397461
4289,11.578999519348145,8.169394493103027
4290,13.623553276062012,8.170665740966797
4291,13.223417282104492,8.171843528747559
4292,12.831925392150879,8.172928810119629
4293,11.470808029174805,8.173697471618652
4294,13.948234558105469,8.175042152404785
4295,11.82675838470459,8.175891876220703
4296,12.164371490478516,8.176820755004883
4297,11.300910949707031,8.177547454833984
4298,11.037259101867676,8.178213119506836
4299,13.163141250610352,8.17937183380127
4300,12.939921379089355,8.180479049682617
4301,12.52568244934082,8.181489944458008
4302,14.544012069702148,8.182968139648438
4303,13.859342575073242,8.184287071228027
4304,12.581949234008789,8.185308456420898
4305,12.913019180297852,8.186407089233398
4306,12.489459991455078,8.187405586242676
4307,10.696008682250977,8.18798828125
4308,12.366985321044922,8.188958168029785
4309,12.606477737426758,8.189982414245605
4310,10.865467071533203,8.190603256225586
4311,10.933245658874512,8.191239356994629
4312,11.62103271484375,8.192034721374512
4313,9.719526290893555,8.192388534545898
4314,14.804777145385742,8.193921089172363
4315,13.426213264465332,8.195133209228516
4316,13.722726821899414,8.19641399383545
4317,11.516164779663086,8.197182655334473
4318,12.951727867126465,8.198283195495605
4319,13.792437553405762,8.199578285217285
4320,13.462759017944336,8.200796127319336
4321,13.2315673828125,8.201959609985352
4322,12.434004783630371,8.2029390335083
4323,13.27599048614502,8.20411205291748
4324,14.5796537399292,8.205586433410645
4325,13.7210693359375,8.20686149597168
4326,11.275312423706055,8.20757007598877
4327,13.017134666442871,8.208681106567383
4328,14.429606437683105,8.210118293762207
4329,13.759870529174805,8.211400032043457
4330,14.05856990814209,8.212750434875488
4331,13.31337833404541,8.213927268981934
4332,14.833272933959961,8.215455055236816
4333,12.140774726867676,8.216361045837402
4334,10.411100387573242,8.216866493225098
4335,11.897455215454102,8.217716217041016
4336,13.125504493713379,8.218847274780273
4337,9.33902645111084,8.21910572052002
4338,11.865676879882812,8.21994686126709
4339,11.892459869384766,8.220791816711426
4340,10.088085174560547,8.221222877502441
4341,15.021230697631836,8.22278881072998
4342,13.243705749511719,8.223944664001465
4343,13.7335205078125,8.225213050842285
4344,12.192034721374512,8.226125717163086
4345,12.752344131469727,8.227167129516602
4346,13.93241024017334,8.228480339050293
4347,12.807186126708984,8.229533195495605
4348,11.674154281616211,8.230325698852539
4349,11.317068099975586,8.231035232543945
4350,13.044782638549805,8.232141494750977
4351,12.686957359313965,8.23316478729248
4352,13.479413032531738,8.234370231628418
4353,11.647649765014648,8.23515510559082
4354,13.045133590698242,8.236259460449219
4355,11.153931617736816,8.236928939819336
4356,12.007909774780273,8.237794876098633
4357,13.335619926452637,8.238964080810547
4358,12.616080284118652,8.239968299865723
4359,12.400993347167969,8.240922927856445
4360,10.88558292388916,8.241530418395996
4361,13.167153358459473,8.242659568786621
4362,12.214716911315918,8.243570327758789
4363,12.644944190979004,8.24457836151123
4364,12.596674919128418,8.245575904846191
4365,12.775384902954102,8.246612548828125
4366,10.684381484985352,8.247170448303223
4367,10.878596305847168,8.247773170471191
4368,11.024669647216797,8.248408317565918
4369,10.756771087646484,8.248982429504395
4370,9.41921329498291,8.249250411987305
4371,8.881150245666504,8.249395370483398
4372,11.190103530883789,8.250067710876465
4373,10.83218002319336,8.25065803527832
4374,10.524635314941406,8.251177787780762
4375,7.578566074371338,8.25102424621582
4376,10.54291820526123,8.251547813415527
4377,11.05721664428711,8.252188682556152
4378,10.75656795501709,8.252760887145996
4379,9.996048927307129,8.253158569335938
4380,9.312664031982422,8.253400802612305
4381,9.515490531921387,8.25368881225586
4382,9.949947357177734,8.25407600402832
4383,10.198690414428711,8.25451946258545
4384,9.9222412109375,8.254899978637695
4385,10.523141860961914,8.255416870117188
4386,5.628722190856934,8.254817962646484
4387,8.122346878051758,8.25478744506836
4388,10.803618431091309,8.25536823272705
4389,9.937326431274414,8.255751609802246
4390,10.555697441101074,8.256275177001953
4391,8.153255462646484,8.256251335144043
4392,10.776086807250977,8.25682544708252
4393,7.445982933044434,8.256640434265137
4394,9.569758415222168,8.256939888000488
4395,11.710176467895508,8.257725715637207
4396,9.499751091003418,8.258008003234863
4397,8.89528751373291,8.258152961730957
4398,11.449413299560547,8.258877754211426
4399,9.581258773803711,8.25917911529541
4400,10.716821670532227,8.259737968444824
4401,9.628835678100586,8.260048866271973
4402,8.477262496948242,8.26009750366211
4403,10.516483306884766,8.26060962677002
4404,7.932104587554932,8.260536193847656
4405,11.184684753417969,8.261198997497559
4406,8.97795295715332,8.261361122131348
4407,8.10917854309082,8.261326789855957
4408,8.426488876342773,8.261363983154297
4409,11.951387405395508,8.262201309204102
4410,9.955196380615234,8.262585639953613
4411,9.9428129196167,8.26296615600586
4412,6.853270053863525,8.262646675109863
4413,9.516919136047363,8.262929916381836
4414,9.84743595123291,8.263289451599121
4415,10.621577262878418,8.263823509216309
4416,8.906023979187012,8.263968467712402
4417,10.97681999206543,8.264582633972168
4418,10.577716827392578,8.265106201171875
4419,7.803194046020508,8.265002250671387
4420,7.832088470458984,8.264904022216797
4421,8.369309425354004,8.264927864074707
4422,6.0266547203063965,8.264422416687012
4423,10.886116027832031,8.2650146484375
4424,11.494657516479492,8.265745162963867
4425,7.8134050369262695,8.265643119812012
4426,10.055828094482422,8.266046524047852
4427,11.762794494628906,8.266836166381836
4428,10.2106294631958,8.267274856567383
4429,10.628860473632812,8.267807960510254
4430,10.420095443725586,8.268294334411621
4431,8.375804901123047,8.268318176269531
4432,9.720173835754395,8.268645286560059
4433,8.794926643371582,8.26876449584961
4434,10.496878623962402,8.269267082214355
4435,13.68126392364502,8.270486831665039
4436,8.921743392944336,8.270633697509766
4437,10.049928665161133,8.271034240722656
4438,6.343960762023926,8.270600318908691
4439,9.151596069335938,8.270798683166504
4440,8.662823677062988,8.27088737487793
4441,11.004204750061035,8.271502494812012
4442,9.320035934448242,8.27173900604248
4443,7.9169921875,8.271658897399902
4444,8.602386474609375,8.271733283996582
4445,10.501075744628906,8.272234916687012
4446,9.793476104736328,8.272576332092285
4447,10.421735763549805,8.273059844970703
4448,9.310281753540039,8.273292541503906
4449,7.972742080688477,8.273224830627441
4450,10.44410228729248,8.273713111877441
4451,9.062984466552734,8.273890495300293
4452,7.592487812042236,8.273737907409668
4453,11.08795166015625,8.274370193481445
4454,10.42509937286377,8.274852752685547
4455,9.424363136291504,8.275111198425293
4456,6.656744480133057,8.274747848510742
4457,8.436909675598145,8.274784088134766
4458,12.800518035888672,8.275799751281738
4459,10.29050064086914,8.276250839233398
4460,7.242064476013184,8.276019096374512
4461,8.141911506652832,8.275988578796387
4462,8.087818145751953,8.275945663452148
4463,8.980781555175781,8.276103973388672
4464,6.544652938842773,8.275715827941895
4465,9.147859573364258,8.275911331176758
4466,8.186849594116211,8.275891304016113
4467,9.386256217956543,8.276140213012695
4468,9.42420482635498,8.276396751403809
4469,9.583277702331543,8.276689529418945
4470,8.659436225891113,8.276775360107422
4471,8.718595504760742,8.276873588562012
4472,9.074369430541992,8.27705192565918
4473,9.23376178741455,8.277266502380371
4474,9.04196548461914,8.277437210083008
4475,8.543349266052246,8.277496337890625
4476,8.847819328308105,8.277624130249023
4477,9.727624893188477,8.277947425842285
4478,9.728821754455566,8.278271675109863
4479,9.486473083496094,8.278541564941406
4480,8.5943603515625,8.27861213684082
4481,9.760590553283691,8.278943061828613
4482,9.977327346801758,8.279321670532227
4483,9.894174575805664,8.279682159423828
4484,9.220667839050293,8.279891014099121
4485,9.030784606933594,8.280058860778809
4486,8.998687744140625,8.280219078063965
4487,8.542465209960938,8.280278205871582
4488,7.481096267700195,8.280099868774414
4489,8.276773452758789,8.280098915100098
4490,6.746030807495117,8.279757499694824
4491,9.165332794189453,8.279953956604004
4492,7.520718574523926,8.27978515625
4493,9.019781112670898,8.279949188232422
4494,8.503424644470215,8.279999732971191
4495,8.707503318786621,8.280094146728516
4496,10.861830711364746,8.280669212341309
4497,9.118575096130371,8.280855178833008
4498,10.998412132263184,8.281458854675293
4499,11.19904899597168,8.28210735321045
4500,8.67837905883789,8.282196044921875
4501,6.045536518096924,8.281699180603027
4502,8.26698112487793,8.281696319580078
4503,9.692705154418945,8.28200912475586
4504,9.5931396484375,8.282299995422363
4505,7.608668327331543,8.282150268554688
4506,8.562541961669922,8.28221321105957
4507,5.762845039367676,8.28165340423584
4508,6.42845344543457,8.281243324279785
4509,4.884898662567139,8.28049087524414
4510,5.019762992858887,8.279767036437988
4511,6.108786582946777,8.27928638458252
4512,4.8470845222473145,8.278526306152344
4513,8.240479469299316,8.278517723083496
4514,6.041829586029053,8.278022766113281
4515,5.25971794128418,8.27735424041748
4516,6.07400369644165,8.27686595916748
4517,6.489908695220947,8.276470184326172
4518,5.6860833168029785,8.275897979736328
4519,6.807649612426758,8.275572776794434
4520,4.477385520935059,8.27473258972168
4521,4.334619522094727,8.2738618850708
4522,5.0434088706970215,8.273147583007812
4523,3.243182897567749,8.272035598754883
4524,5.546111583709717,8.271432876586914
4525,5.972776889801025,8.270925521850586
4526,5.148345947265625,8.270235061645508
4527,4.581350803375244,8.269420623779297
4528,5.666550636291504,8.26884651184082
4529,4.475832462310791,8.268009185791016
4530,4.111020565032959,8.267091751098633
4531,4.162092685699463,8.26618480682373
4532,4.984076499938965,8.265460968017578
4533,3.1257872581481934,8.264327049255371
4534,4.325484752655029,8.263458251953125
4535,4.110997200012207,8.262542724609375
4536,4.169041633605957,8.261640548706055
4537,4.504274368286133,8.260812759399414
4538,4.465766429901123,8.259976387023926
4539,4.455982208251953,8.259138107299805
4540,3.8036680221557617,8.258157730102539
4541,5.689966678619385,8.25759220123291
4542,3.4526472091674805,8.256534576416016
4543,5.2230143547058105,8.255867004394531
4544,4.885376930236816,8.255125999450684
4545,6.802757263183594,8.254806518554688
4546,5.246979713439941,8.254144668579102
4547,7.408243179321289,8.253959655761719
4548,4.302756309509277,8.253091812133789
4549,4.494615077972412,8.252265930175781
4550,1.7726809978485107,8.250842094421387
4551,4.061841011047363,8.249921798706055
4552,4.089509963989258,8.249008178710938
4553,3.617260694503784,8.247991561889648
4554,6.449493885040283,8.24759578704834
4555,5.132216930389404,8.246912956237793
4556,5.300659656524658,8.24626636505127
4557,6.854660511016846,8.24596118927002
4558,6.352626800537109,8.245545387268066
4559,6.413188934326172,8.24514389038086
4560,5.786013603210449,8.244604110717773
4561,4.514183521270752,8.243786811828613
4562,5.556583881378174,8.243197441101074
4563,5.725087642669678,8.242646217346191
4564,3.6885621547698975,8.24164867401123
4565,6.770827770233154,8.241326332092285
4566,6.1679911613464355,8.240872383117676
4567,5.529562950134277,8.240279197692871
4568,5.3035383224487305,8.239636421203613
4569,3.9102306365966797,8.238689422607422
4570,4.748626708984375,8.23792552947998
4571,5.668558120727539,8.237363815307617
4572,5.011475086212158,8.236658096313477
4573,4.477524280548096,8.235836029052734
4574,3.008492946624756,8.23469352722168
4575,3.1415257453918457,8.233580589294434
4576,3.8029770851135254,8.232612609863281
4577,5.797408103942871,8.232080459594727
4578,4.948554992675781,8.231363296508789
4579,5.50253963470459,8.230768203735352
4580,7.774612903594971,8.230668067932129
4581,7.491996765136719,8.230506896972656
4582,5.790774345397949,8.229974746704102
4583,7.731173038482666,8.229865074157715
4584,7.379709243774414,8.229680061340332
4585,6.0397629737854,8.229202270507812
4586,1.8188135623931885,8.227805137634277
4587,4.940554618835449,8.227088928222656
4588,4.527364253997803,8.226282119750977
4589,5.599422931671143,8.225709915161133
4590,7.224706649780273,8.225492477416992
4591,6.276419639587402,8.225068092346191
4592,4.620072841644287,8.224283218383789
4593,5.534374713897705,8.223697662353516
4594,4.212186813354492,8.222824096679688
4595,6.366665840148926,8.222420692443848
4596,1.6705825328826904,8.220995903015137
4597,5.511138916015625,8.220406532287598
4598,5.394705772399902,8.219792366027832
4599,6.888124942779541,8.219502449035645
4600,5.168176174163818,8.218838691711426
4601,5.868830680847168,8.218328475952148
4602,4.558152198791504,8.217533111572266
4603,6.186807632446289,8.217092514038086
4604,5.74165153503418,8.216554641723633
4605,4.588601112365723,8.215766906738281
4606,4.709173679351807,8.215006828308105
4607,5.741706371307373,8.214469909667969
4608,3.4923267364501953,8.213445663452148
4609,6.844836235046387,8.21314811706543
4610,4.523402690887451,8.212347984313965
4611,9.200138092041016,8.21256160736084
4612,5.442225933074951,8.21196174621582
4613,5.81842041015625,8.211442947387695
4614,4.740477561950684,8.210691452026367
4615,4.296955585479736,8.209843635559082
4616,4.107832431793213,8.208954811096191
4617,7.243348121643066,8.208745956420898
4618,4.309671878814697,8.207901000976562
4619,0.9912515878677368,8.206339836120605
4620,4.9365949630737305,8.205632209777832
4621,5.514101982116699,8.205050468444824
4622,6.395969390869141,8.204658508300781
4623,4.6068291664123535,8.203880310058594
4624,5.835885047912598,8.203368186950684
4625,5.425256729125977,8.202767372131348
4626,3.9673752784729004,8.201852798461914
4627,5.289092063903809,8.201223373413086
4628,13.725019454956055,8.202417373657227
4629,12.587310791015625,8.203363418579102
4630,11.319931983947754,8.204036712646484
4631,8.314550399780273,8.204061508178711
4632,11.427061080932617,8.204756736755371
4633,10.703535079956055,8.20529556274414
4634,10.100143432617188,8.205704689025879
4635,11.52993106842041,8.206421852111816
4636,10.325010299682617,8.206878662109375
4637,10.533559799194336,8.207381248474121
4638,12.094534873962402,8.208218574523926
4639,13.370401382446289,8.209331512451172
4640,11.031695365905762,8.209939002990723
4641,10.702547073364258,8.21047592163086
4642,12.48568058013916,8.211397171020508
4643,12.511405944824219,8.212323188781738
4644,9.009148597717285,8.212493896484375
4645,11.979704856872559,8.213305473327637
4646,10.217751502990723,8.213736534118652
4647,10.822830200195312,8.214298248291016
4648,12.641247749328613,8.215250015258789
4649,10.992422103881836,8.215847969055176
4650,10.21941089630127,8.216278076171875
4651,13.52193832397461,8.217418670654297
4652,11.72498893737793,8.218173027038574
4653,12.104961395263672,8.219008445739746
4654,10.408129692077637,8.219478607177734
4655,10.49187183380127,8.219966888427734
4656,10.076508522033691,8.220365524291992
4657,11.599248886108398,8.221090316772461
4658,10.240220069885254,8.22152328491211
4659,10.59709358215332,8.222033500671387
4660,8.032672882080078,8.221992492675781
4661,11.682071685791016,8.222735404968262
4662,10.374446868896484,8.223196983337402
4663,7.209015846252441,8.222979545593262
4664,14.55872917175293,8.224337577819824
4665,11.002664566040039,8.224933624267578
4666,10.375624656677246,8.225394248962402
4667,9.080623626708984,8.225577354431152
4668,8.189970016479492,8.225570678710938
4669,9.69789981842041,8.225885391235352
4670,9.660691261291504,8.226192474365234
4671,10.901001930236816,8.226765632629395
4672,11.722949981689453,8.227513313293457
4673,10.87067985534668,8.228079795837402
4674,12.371167182922363,8.228965759277344
4675,12.4385986328125,8.229866027832031
4676,7.284710884094238,8.229663848876953
4677,9.802857398986816,8.230000495910645
4678,11.293353080749512,8.2306547164917
4679,10.500550270080566,8.23114013671875
4680,11.606786727905273,8.231861114501953
4681,12.434581756591797,8.232758522033691
4682,8.217875480651855,8.232754707336426
4683,10.830175399780273,8.233309745788574
4684,8.022042274475098,8.233264923095703
4685,7.866946220397949,8.233186721801758
4686,11.01248550415039,8.233779907226562
4687,8.233256340026855,8.233779907226562
4688,11.249631881713867,8.234423637390137
4689,10.451553344726562,8.234896659851074
4690,14.623427391052246,8.236258506774902
4691,12.801156044006348,8.237231254577637
4692,10.590702056884766,8.237732887268066
4693,8.199396133422852,8.237724304199219
4694,12.824466705322266,8.238701820373535
4695,9.569181442260742,8.238985061645508
4696,10.178794860839844,8.239398002624512
4697,12.554649353027344,8.240316390991211
4698,8.051715850830078,8.240276336669922
4699,13.452615737915039,8.241385459899902
4700,13.921453475952148,8.242593765258789
4701,10.659639358520508,8.243107795715332
4702,13.069733619689941,8.244133949279785
4703,9.473926544189453,8.24439525604248
4704,11.463065147399902,8.24507999420166
4705,11.628334045410156,8.24579906463623
4706,12.293333053588867,8.246659278869629
4707,11.207281112670898,8.24728775024414
4708,11.118565559387207,8.247897148132324
4709,9.122961044311523,8.248082160949707
4710,10.22346019744873,8.248501777648926
4711,9.78396224975586,8.248827934265137
4712,11.468243598937988,8.249510765075684
4713,12.26709270477295,8.25036334991455
4714,-1.0527567863464355,8.24838924407959
4715,9.95573902130127,8.248751640319824
4716,9.23570442199707,8.248960494995117
4717,10.04057788848877,8.249340057373047
4718,11.242599487304688,8.249974250793457
4719,11.923486709594727,8.250752449035645
4720,10.770330429077148,8.251285552978516
4721,9.926365852355957,8.251640319824219
4722,9.550240516662598,8.25191593170166
4723,12.727607727050781,8.252862930297852
4724,8.615643501281738,8.25294017791748
4725,8.481975555419922,8.2529878616333
4726,10.862417221069336,8.2535400390625
4727,9.838860511779785,8.253875732421875
4728,12.2403564453125,8.254718780517578
4729,11.523289680480957,8.255410194396973
4730,9.359766006469727,8.255643844604492
4731,9.211751937866211,8.255845069885254
4732,8.680109024047852,8.255934715270996
4733,9.548985481262207,8.256208419799805
4734,8.735420227050781,8.256309509277344
4735,7.368218898773193,8.256121635437012
4736,12.725427627563477,8.257065773010254
4737,8.566723823547363,8.25713062286377
4738,11.041544914245605,8.257718086242676
4739,8.481045722961426,8.257765769958496
4740,12.46070384979248,8.258651733398438
4741,8.234796524047852,8.258646965026855
4742,12.6007661819458,8.259562492370605
4743,9.914332389831543,8.25991153717041
4744,5.95815372467041,8.25942611694336
4745,12.352338790893555,8.26028823852539
4746,14.746809959411621,8.2616548538208
4747,9.605863571166992,8.261937141418457
4748,10.341075897216797,8.262374877929688
4749,10.566617012023926,8.262860298156738
4750,9.891584396362305,8.263202667236328
4751,11.386474609375,8.263859748840332
4752,10.634918212890625,8.264359474182129
4753,11.360774040222168,8.265010833740234
4754,9.601134300231934,8.265291213989258
4755,12.473406791687012,8.266176223754883
4756,10.946165084838867,8.266738891601562
4757,10.192544937133789,8.267144203186035
4758,10.63859748840332,8.2676420211792
4759,11.426076889038086,8.268304824829102
4760,16.82813262939453,8.270103454589844
4761,9.100948333740234,8.270277976989746
4762,10.768856048583984,8.27080249786377
4763,11.335176467895508,8.271446228027344
4764,13.763248443603516,8.272598266601562
4765,10.631598472595215,8.273093223571777
4766,7.025934219360352,8.272831916809082
4767,8.205501556396484,8.272818565368652
4768,10.007417678833008,8.273181915283203
4769,9.655731201171875,8.27347183227539
4770,12.506855964660645,8.274359703063965
4771,10.729330062866211,8.274873733520508
4772,10.425261497497559,8.275324821472168
4773,8.712444305419922,8.275416374206543
4774,9.94670581817627,8.275765419006348
4775,13.020258903503418,8.276759147644043
4776,11.294098854064941,8.277390480041504
4777,11.667622566223145,8.27810001373291
4778,13.745326042175293,8.279244422912598
4779,14.069891929626465,8.280455589294434
4780,12.951238632202148,8.28143310546875
4781,8.578384399414062,8.281495094299316
4782,11.14195442199707,8.282093048095703
4783,9.951858520507812,8.282442092895508
4784,10.204644203186035,8.282843589782715
4785,9.773524284362793,8.28315544128418
4786,9.842382431030273,8.283480644226074
4787,10.51480484008789,8.283946990966797
4788,8.828818321228027,8.28406047821045
4789,12.068998336791992,8.28485107421875
4790,12.37895393371582,8.28570556640625
4791,10.456275939941406,8.286158561706543
4792,13.173608779907227,8.287178039550781
4793,8.728647232055664,8.287270545959473
4794,11.412330627441406,8.287922859191895
4795,16.01361656188965,8.289533615112305
4796,10.19343376159668,8.28993034362793
4797,15.31407356262207,8.291394233703613
4798,12.738823890686035,8.29232120513916
4799,11.627925872802734,8.293015480041504
4800,12.516473770141602,8.293895721435547
4801,14.400049209594727,8.295166969299316
4802,11.16301155090332,8.295763969421387
4803,8.435335159301758,8.295792579650879
4804,16.099437713623047,8.297416687011719
4805,9.347336769104004,8.297635078430176
4806,8.13139533996582,8.297600746154785
4807,13.640347480773926,8.298711776733398
4808,10.981975555419922,8.299269676208496
4809,11.717452049255371,8.299980163574219
4810,12.010690689086914,8.300751686096191
4811,13.426679611206055,8.301816940307617
4812,9.999427795410156,8.302169799804688
4813,10.533848762512207,8.302633285522461
4814,11.295101165771484,8.303256034851074
4815,13.528671264648438,8.304340362548828
4816,14.460227966308594,8.305618286132812
4817,10.55437183380127,8.306085586547852
4818,8.916399002075195,8.306212425231934
4819,10.430188179016113,8.306653022766113
4820,14.09227466583252,8.307852745056152
4821,10.184207916259766,8.308241844177246
4822,12.729195594787598,8.309159278869629
4823,15.077008247375488,8.310562133789062
4824,13.446453094482422,8.311626434326172
4825,13.010078430175781,8.312600135803223
4826,10.075464248657227,8.312965393066406
4827,0.06558960676193237,8.311257362365723
4828,13.644051551818848,8.312361717224121
4829,10.10525894165039,8.312732696533203
4830,8.724650382995605,8.31281852722168
4831,7.531295299530029,8.31265640258789
4832,12.409163475036621,8.313504219055176
4833,6.518242359161377,8.313133239746094
4834,9.186816215515137,8.313314437866211
4835,9.856213569641113,8.31363296508789
4836,9.408967971801758,8.313859939575195
