Iteration,Result,Mean
0,10.863433837890625,10.863433837890625
1,11.467681884765625,11.165557861328125
2,12.24483871459961,11.525318145751953
3,12.471562385559082,11.761878967285156
4,12.293834686279297,11.868269920349121
5,12.683467864990234,12.004136085510254
6,12.477941513061523,12.071823120117188
7,10.186769485473633,11.836191177368164
8,10.724100112915039,11.712625503540039
9,11.052717208862305,11.646635055541992
10,10.702131271362305,11.560770988464355
11,11.68087387084961,11.570778846740723
12,11.354613304138184,11.55415153503418
13,11.19655990600586,11.528609275817871
14,13.416780471801758,11.654486656188965
15,12.769036293029785,11.724146842956543
16,11.61736011505127,11.717864990234375
17,12.570291519165039,11.765222549438477
18,12.868831634521484,11.823307037353516
19,11.952224731445312,11.829752922058105
20,12.007797241210938,11.838231086730957
21,11.622978210449219,11.828446388244629
22,10.7401762008667,11.78113079071045
23,11.354340553283691,11.763347625732422
24,12.707575798034668,11.801116943359375
25,14.302772521972656,11.897334098815918
26,13.145379066467285,11.943558692932129
27,12.871464729309082,11.97669792175293
28,12.536609649658203,11.996005058288574
29,10.27176284790039,11.938530921936035
30,11.054691314697266,11.910019874572754
31,13.583032608032227,11.962301254272461
32,12.293787956237793,11.972346305847168
33,10.641459465026855,11.933202743530273
34,13.013094902038574,11.964056015014648
35,11.405119895935059,11.948530197143555
36,12.421102523803711,11.961302757263184
37,11.087905883789062,11.938319206237793
38,12.440958976745605,11.951207160949707
39,11.876724243164062,11.949345588684082
40,12.1871337890625,11.955144882202148
41,10.527046203613281,11.921142578125
42,13.387725830078125,11.955248832702637
43,13.475624084472656,11.989803314208984
44,11.396321296691895,11.976613998413086
45,9.445002555847168,11.921579360961914
46,11.529552459716797,11.913237571716309
47,12.387227058410645,11.923111915588379
48,11.124176979064941,11.906807899475098
49,11.50190258026123,11.898709297180176
50,10.24323558807373,11.866249084472656
51,10.72170639038086,11.84423828125
52,12.250263214111328,11.851899147033691
53,10.682507514953613,11.830243110656738
54,12.615646362304688,11.844523429870605
55,10.289889335632324,11.816762924194336
56,11.733476638793945,11.815300941467285
57,12.834454536437988,11.832873344421387
58,13.018625259399414,11.852970123291016
59,11.772583961486816,11.851630210876465
60,11.385637283325195,11.84399127960205
61,12.928792953491211,11.86148738861084
62,10.312670707702637,11.83690357208252
63,13.009084701538086,11.855218887329102
64,12.928146362304688,11.871726036071777
65,12.228080749511719,11.877124786376953
66,9.69084358215332,11.844493865966797
67,11.398486137390137,11.837935447692871
68,8.424346923828125,11.78846263885498
69,13.005748748779297,11.805851936340332
70,12.812070846557617,11.820024490356445
71,11.145991325378418,11.810663223266602
72,11.870488166809082,11.811482429504395
73,11.997933387756348,11.81400203704834
74,10.898887634277344,11.801799774169922
75,11.575538635253906,11.798823356628418
76,7.253954887390137,11.739799499511719
77,9.738116264343262,11.714136123657227
78,12.189774513244629,11.7201566696167
79,11.888457298278809,11.722260475158691
80,13.297605514526367,11.741708755493164
81,11.518087387084961,11.738981246948242
82,11.456012725830078,11.73557186126709
83,13.31252670288086,11.754344940185547
84,11.224126815795898,11.748106956481934
85,11.339069366455078,11.743350982666016
86,12.374948501586914,11.7506103515625
87,8.62883472442627,11.715134620666504
88,12.021373748779297,11.718575477600098
89,12.517353057861328,11.72745132446289
90,12.629961013793945,11.737369537353516
91,12.402195930480957,11.744595527648926
92,7.088566303253174,11.694531440734863
93,9.495078086853027,11.671133041381836
94,9.512989044189453,11.648415565490723
95,11.44064998626709,11.646251678466797
96,9.63652515411377,11.625532150268555
97,10.120549201965332,11.610176086425781
98,9.579252243041992,11.589661598205566
99,9.808303833007812,11.571847915649414
100,9.717103958129883,11.553484916687012
101,10.316878318786621,11.541361808776855
102,9.310384750366211,11.519701957702637
103,9.556108474731445,11.500822067260742
104,10.004619598388672,11.486572265625
105,10.537508010864258,11.477618217468262
106,7.15606689453125,11.437231063842773
107,10.424695014953613,11.427855491638184
108,10.600929260253906,11.420269012451172
109,9.300372123718262,11.40099811553955
110,9.747773170471191,11.386103630065918
111,7.702013969421387,11.35321044921875
112,10.466072082519531,11.345359802246094
113,8.687156677246094,11.322041511535645
114,9.465313911437988,11.305896759033203
115,8.680909156799316,11.2832670211792
116,10.575111389160156,11.277214050292969
117,10.660375595092773,11.271986961364746
118,10.424180030822754,11.264863014221191
119,10.545674324035645,11.258869171142578
120,11.916333198547363,11.264303207397461
121,9.557472229003906,11.250312805175781
122,9.805835723876953,11.238569259643555
123,9.086423873901367,11.221213340759277
124,8.555066108703613,11.199883460998535
125,8.411739349365234,11.177755355834961
126,8.220423698425293,11.15446949005127
127,10.034292221069336,11.145718574523926
128,10.187281608581543,11.138288497924805
129,9.804607391357422,11.128028869628906
130,10.23519515991211,11.121213912963867
131,10.764860153198242,11.118515014648438
132,7.355315208435059,11.09022045135498
133,10.101313591003418,11.082839965820312
134,14.138998031616211,11.105478286743164
135,13.363099098205566,11.122078895568848
136,7.288119792938232,11.094094276428223
137,7.422918319702148,11.06749153137207
138,9.608809471130371,11.056997299194336
139,6.852434158325195,11.02696418762207
140,9.037883758544922,11.012857437133789
141,8.759420394897461,10.996987342834473
142,9.97519588470459,10.989842414855957
143,9.661748886108398,10.980619430541992
144,10.439362525939941,10.976886749267578
145,9.815629005432129,10.96893310546875
146,9.892175674438477,10.96160888671875
147,10.190118789672852,10.956395149230957
148,10.565168380737305,10.95376968383789
149,10.914763450622559,10.953510284423828
150,8.685859680175781,10.938492774963379
151,14.81463623046875,10.963994026184082
152,8.184529304504395,10.94582748413086
153,8.485559463500977,10.929852485656738
154,10.279265403747559,10.925655364990234
155,12.093253135681152,10.93313980102539
156,10.795766830444336,10.932265281677246
157,12.732307434082031,10.943657875061035
158,12.606697082519531,10.954116821289062
159,10.12242317199707,10.948919296264648
160,9.981334686279297,10.942909240722656
161,9.866287231445312,10.936263084411621
162,8.88565731048584,10.923683166503906
163,11.330617904663086,10.926163673400879
164,10.488399505615234,10.923510551452637
165,9.610502243041992,10.915600776672363
166,8.76099967956543,10.90269947052002
167,12.387643814086914,10.911538124084473
168,11.363334655761719,10.91421127319336
169,11.528324127197266,10.917823791503906
170,10.130979537963867,10.913222312927246
171,11.006399154663086,10.913763999938965
172,11.470107078552246,10.916979789733887
173,10.329178810119629,10.913601875305176
174,8.7625732421875,10.901309967041016
175,7.829519271850586,10.883856773376465
176,10.323935508728027,10.880693435668945
177,6.896527290344238,10.858309745788574
178,8.740169525146484,10.846476554870605
179,8.47240161895752,10.833287239074707
180,10.367074966430664,10.830711364746094
181,10.657264709472656,10.829758644104004
182,9.907373428344727,10.82471752166748
183,11.197263717651367,10.826742172241211
184,10.62259578704834,10.825638771057129
185,8.109458923339844,10.811036109924316
186,6.430536270141602,10.78761100769043
187,13.821581840515137,10.80374813079834
188,8.981050491333008,10.79410457611084
189,9.35997486114502,10.7865571975708
190,16.50018882751465,10.816471099853516
191,12.649770736694336,10.826019287109375
192,9.662214279174805,10.819988250732422
193,10.6382417678833,10.819051742553711
194,11.518035888671875,10.822636604309082
195,9.951661109924316,10.818192481994629
196,12.764289855957031,10.828071594238281
197,10.619359016418457,10.827017784118652
198,14.027071952819824,10.843098640441895
199,14.012870788574219,10.85894775390625
200,12.556653022766113,10.86739444732666
201,11.038179397583008,10.868239402770996
202,11.161126136779785,10.869681358337402
203,12.164318084716797,10.876028060913086
204,12.761658668518066,10.885226249694824
205,10.890775680541992,10.88525390625
206,12.624796867370605,10.893657684326172
207,10.395269393920898,10.891261100769043
208,11.530403137207031,10.894319534301758
209,12.863179206848145,10.903696060180664
210,12.726645469665527,10.912335395812988
211,12.835180282592773,10.921404838562012
212,13.35549259185791,10.932832717895508
213,11.292220115661621,10.9345121383667
214,9.969573974609375,10.930023193359375
215,11.791891098022461,10.934014320373535
216,12.506187438964844,10.941258430480957
217,11.58212661743164,10.944198608398438
218,12.715296745300293,10.952285766601562
219,12.537545204162598,10.959491729736328
220,11.136940002441406,10.960294723510742
221,12.245282173156738,10.966083526611328
222,10.82234001159668,10.965437889099121
223,11.070133209228516,10.96590518951416
224,11.624414443969727,10.968832015991211
225,14.330439567565918,10.9837064743042
226,12.895421981811523,10.992128372192383
227,10.912982940673828,10.991781234741211
228,9.566258430480957,10.985556602478027
229,12.373847961425781,10.991592407226562
230,13.387140274047852,11.001962661743164
231,13.189841270446777,11.011393547058105
232,10.836774826049805,11.01064395904541
233,11.85495376586914,11.014251708984375
234,11.374846458435059,11.015786170959473
235,11.132067680358887,11.016279220581055
236,11.791467666625977,11.019549369812012
237,10.77579116821289,11.018526077270508
238,5.56275749206543,10.995697975158691
239,6.459493637084961,10.976797103881836
240,5.5080037117004395,10.954105377197266
241,7.713379859924316,10.940713882446289
242,6.194698810577393,10.921182632446289
243,7.791865348815918,10.908357620239258
244,3.0462703704833984,10.876267433166504
245,4.672797679901123,10.85105037689209
246,8.347475051879883,10.840913772583008
247,8.08213996887207,10.829790115356445
248,4.0538434982299805,10.80257797241211
249,5.3656158447265625,10.780830383300781
250,6.025629997253418,10.761884689331055
251,1.5557703971862793,10.72535228729248
252,6.772350788116455,10.709728240966797
253,1.252254843711853,10.672493934631348
254,1.940467357635498,10.638250350952148
255,-1.1805921792984009,10.592082977294922
256,1.8804123401641846,10.558185577392578
257,2.975987434387207,10.528797149658203
258,1.9705817699432373,10.49575424194336
259,-1.1338696479797363,10.451025009155273
260,2.726926565170288,10.421430587768555
261,6.449201583862305,10.406270027160645
262,6.437887668609619,10.391180992126465
263,1.5935291051864624,10.357856750488281
264,6.033524990081787,10.341538429260254
265,3.751579523086548,10.316762924194336
266,-0.45209527015686035,10.276430130004883
267,1.5520824193954468,10.243876457214355
268,3.786370277404785,10.219870567321777
269,-0.25266966223716736,10.181083679199219
270,-0.30222564935684204,10.142399787902832
271,4.015174865722656,10.119873046875
272,-2.916581153869629,10.072120666503906
273,1.6243904829025269,10.041290283203125
274,3.18239164352417,10.016348838806152
275,2.0758395195007324,9.987579345703125
276,-4.082464218139648,9.936784744262695
277,3.2799668312072754,9.91283893585205
278,2.867600440979004,9.887587547302246
279,1.2031524181365967,9.856572151184082
280,2.474058151245117,9.830299377441406
281,-0.9200519919395447,9.792177200317383
282,4.618860244750977,9.773897171020508
283,4.983428001403809,9.75702953338623
284,5.620894908905029,9.74251651763916
285,3.1589579582214355,9.719496726989746
286,5.2543206214904785,9.703939437866211
287,3.6604747772216797,9.682954788208008
288,-1.579941987991333,9.643982887268066
289,0.5752058625221252,9.612710952758789
290,2.8693904876708984,9.58953857421875
291,-0.26740890741348267,9.555782318115234
292,-0.32910555601119995,9.522045135498047
293,8.362872123718262,9.518101692199707
294,-9.852373123168945,9.452439308166504
295,-3.199662923812866,9.409695625305176
296,-0.7818347215652466,9.375381469726562
297,5.360989093780518,9.361910820007324
298,-7.155550003051758,9.306668281555176
299,4.319340229034424,9.290043830871582
300,3.840059995651245,9.271937370300293
301,4.656916618347168,9.256656646728516
302,-0.7579740881919861,9.223604202270508
303,3.2837085723876953,9.204065322875977
304,2.9318370819091797,9.183501243591309
305,3.0843029022216797,9.163568496704102
306,7.4005866050720215,9.15782642364502
307,10.906187057495117,9.16350269317627
308,5.9412617683410645,9.153074264526367
309,0.8679777383804321,9.126348495483398
310,-0.7448181509971619,9.094608306884766
311,-1.2048213481903076,9.061596870422363
312,4.4297285079956055,9.046798706054688
313,3.5832958221435547,9.029398918151855
314,3.8511834144592285,9.012959480285645
315,3.9504644870758057,8.996938705444336
316,3.1902403831481934,8.978621482849121
317,-1.6418805122375488,8.945223808288574
318,4.453348159790039,8.931142807006836
319,2.895965099334717,8.912282943725586
320,4.882940769195557,8.899730682373047
321,1.5446418523788452,8.876888275146484
322,0.2568029463291168,8.850201606750488
323,1.0474876165390015,8.826119422912598
324,-1.1107300519943237,8.795543670654297
325,5.544354438781738,8.785571098327637
326,3.1166818141937256,8.768235206604004
327,0.8677462339401245,8.744148254394531
328,2.6290435791015625,8.725561141967773
329,1.3698034286499023,8.703271865844727
330,1.6110789775848389,8.681844711303711
331,4.726759433746338,8.66993236541748
332,2.3650031089782715,8.65099811553955
333,1.508329153060913,8.629612922668457
334,5.054776191711426,8.618941307067871
335,6.039080619812012,8.611263275146484
336,2.9749231338500977,8.594537734985352
337,1.543647289276123,8.573678016662598
338,5.155826568603516,8.56359577178955
339,2.3299334049224854,8.545260429382324
340,5.0280303955078125,8.53494644165039
341,2.6715028285980225,8.517801284790039
342,3.998530149459839,8.504626274108887
343,4.757607460021973,8.493733406066895
344,6.602468967437744,8.488251686096191
345,-4.593803405761719,8.45044231414795
346,0.6631186604499817,8.428000450134277
347,4.630312442779541,8.41708755493164
348,9.93948745727539,8.421449661254883
349,9.425329208374023,8.424317359924316
350,13.02910327911377,8.437437057495117
351,11.799372673034668,8.44698715209961
352,12.659783363342285,8.458921432495117
353,13.206120491027832,8.472331047058105
354,14.198037147521973,8.488459587097168
355,13.858241081237793,8.503543853759766
356,12.694913864135742,8.515283584594727
357,13.096023559570312,8.52807903289795
358,11.191890716552734,8.53549861907959
359,9.136709213256836,8.537169456481934
360,11.461869239807129,8.545270919799805
361,12.870149612426758,8.557217597961426
362,11.984658241271973,8.566659927368164
363,12.634899139404297,8.577836990356445
364,9.629822731018066,8.580718994140625
365,13.09524154663086,8.593053817749023
366,9.899123191833496,8.596612930297852
367,9.17050552368164,8.598172187805176
368,10.976869583129883,8.604618072509766
369,12.066267967224121,8.613973617553711
370,12.0643949508667,8.623273849487305
371,8.943737030029297,8.624135971069336
372,11.298318862915039,8.631304740905762
373,11.723922729492188,8.63957405090332
374,7.924674987792969,8.637667655944824
375,8.048184394836426,8.636098861694336
376,10.188908576965332,8.640218734741211
377,9.321853637695312,8.642021179199219
378,5.549041748046875,8.63386058807373
379,10.762375831604004,8.6394624710083
380,10.9611234664917,8.64555549621582
381,13.531669616699219,8.658347129821777
382,10.459268569946289,8.66304874420166
383,8.313909530639648,8.662139892578125
384,12.186971664428711,8.671295166015625
385,11.009407043457031,8.677352905273438
386,11.68037223815918,8.685112953186035
387,11.011787414550781,8.691109657287598
388,10.922664642333984,8.696846008300781
389,9.17746353149414,8.698078155517578
390,12.486879348754883,8.707768440246582
391,9.98318862915039,8.711021423339844
392,13.97866439819336,8.724425315856934
393,13.650527000427246,8.736928939819336
394,13.423992156982422,8.748794555664062
395,11.98479175567627,8.756966590881348
396,13.117975234985352,8.767951011657715
397,13.300518989562988,8.779339790344238
398,12.97982120513916,8.789867401123047
399,12.951791763305664,8.800271987915039
400,13.635563850402832,8.81233024597168
401,10.65291976928711,8.816908836364746
402,7.441043376922607,8.813494682312012
403,11.20557975769043,8.819416046142578
404,10.584832191467285,8.823774337768555
405,11.460660934448242,8.830269813537598
406,11.945638656616211,8.837924003601074
407,13.706480026245117,8.84985637664795
408,13.98635482788086,8.862415313720703
409,12.281746864318848,8.870755195617676
410,11.917884826660156,8.878169059753418
411,12.969005584716797,8.88809871673584
412,11.89158821105957,8.895370483398438
413,11.672791481018066,8.902079582214355
414,10.757979393005371,8.906551361083984
415,9.611421585083008,8.908246040344238
416,13.256525993347168,8.918673515319824
417,12.17338752746582,8.926460266113281
418,12.752443313598633,8.935590744018555
419,11.928353309631348,8.942716598510742
420,10.471221923828125,8.9463472366333
421,13.344058990478516,8.956768989562988
422,10.596759796142578,8.96064567565918
423,7.997875690460205,8.958374977111816
424,10.12602710723877,8.961121559143066
425,10.925435066223145,8.965733528137207
426,13.777694702148438,8.977002143859863
427,10.006071090698242,8.979406356811523
428,10.740701675415039,8.983511924743652
429,11.695610046386719,8.989819526672363
430,15.534486770629883,9.005003929138184
431,13.035530090332031,9.014334678649902
432,8.632527351379395,9.013452529907227
433,11.199883460998535,9.0184907913208
434,10.8984375,9.022811889648438
435,11.224910736083984,9.027862548828125
436,8.27798843383789,9.02614688873291
437,11.291170120239258,9.031318664550781
438,6.823339939117432,9.026288986206055
439,10.016023635864258,9.028538703918457
440,10.116394996643066,9.031004905700684
441,9.799668312072754,9.032744407653809
442,7.404158115386963,9.029067993164062
443,7.683733940124512,9.02603816986084
444,8.741411209106445,9.025398254394531
445,7.3954572677612305,9.021743774414062
446,5.7587480545043945,9.014444351196289
447,9.442598342895508,9.015399932861328
448,7.7296977043151855,9.012537002563477
449,10.691736221313477,9.016267776489258
450,10.331436157226562,9.019184112548828
451,9.896273612976074,9.021124839782715
452,6.386783599853516,9.01530933380127
453,11.32149887084961,9.02038860321045
454,7.077857971191406,9.016119956970215
455,11.779531478881836,9.02217960357666
456,6.491876602172852,9.016642570495605
457,7.129376411437988,9.012521743774414
458,9.953103065490723,9.014571189880371
459,6.627078056335449,9.009380340576172
460,8.18837833404541,9.007599830627441
461,7.306942939758301,9.003918647766113
462,10.45254135131836,9.007047653198242
463,10.0612154006958,9.009319305419922
464,10.068001747131348,9.011595726013184
465,7.499711990356445,9.00835132598877
466,8.57957935333252,9.00743293762207
467,9.408134460449219,9.008289337158203
468,8.09846019744873,9.006349563598633
469,11.69461727142334,9.012069702148438
470,12.529144287109375,9.019537925720215
471,8.772704124450684,9.019014358520508
472,10.526065826416016,9.022199630737305
473,7.693974494934082,9.019397735595703
474,8.504819869995117,9.018314361572266
475,8.92072868347168,9.018109321594238
476,14.012423515319824,9.028579711914062
477,7.757475852966309,9.025919914245605
478,8.186731338500977,9.02416706085205
479,6.606827259063721,9.019131660461426
480,9.205317497253418,9.01951789855957
481,12.144821166992188,9.026002883911133
482,9.610760688781738,9.027213096618652
483,10.48838996887207,9.030232429504395
484,9.211311340332031,9.03060531616211
485,10.06456470489502,9.032732963562012
486,11.694694519042969,9.038199424743652
487,13.363115310668945,9.047061920166016
488,7.8711981773376465,9.044657707214355
489,11.385889053344727,9.049434661865234
490,9.250718116760254,9.049844741821289
491,10.012940406799316,9.051802635192871
492,10.002180099487305,9.053730010986328
493,10.451311111450195,9.056558609008789
494,11.25190544128418,9.060994148254395
495,14.70580005645752,9.07237434387207
496,14.594756126403809,9.08348560333252
497,9.859355926513672,9.085042953491211
498,16.34324073791504,9.099588394165039
499,10.64706802368164,9.102684020996094
500,13.6505708694458,9.111761093139648
501,12.408772468566895,9.118328094482422
502,10.349584579467773,9.120776176452637
503,14.609064102172852,9.131665229797363
504,10.820310592651367,9.135008811950684
505,9.53811264038086,9.1358060836792
506,10.133764266967773,9.137774467468262
507,16.49582290649414,9.152257919311523
508,13.151516914367676,9.160115242004395
509,11.861562728881836,9.165411949157715
510,12.634637832641602,9.172201156616211
511,11.912397384643555,9.177553176879883
512,12.187345504760742,9.183420181274414
513,12.683168411254883,9.190229415893555
514,13.099055290222168,9.197819709777832
515,17.83979034423828,9.214567184448242
516,11.982166290283203,9.21992015838623
517,11.094647407531738,9.223539352416992
518,16.64938735961914,9.237847328186035
519,14.786423683166504,9.248517990112305
520,12.399020195007324,9.254565238952637
521,10.646095275878906,9.257230758666992
522,15.058297157287598,9.268321990966797
523,12.649945259094238,9.274775505065918
524,13.32827091217041,9.282496452331543
525,11.92653751373291,9.28752326965332
526,15.114730834960938,9.29858112335205
527,13.00798511505127,9.3056058883667
528,-0.9300149083137512,9.286256790161133
529,-1.715065360069275,9.26550006866455
530,0.4864625930786133,9.248966217041016
531,0.6929522156715393,9.23288345336914
532,2.017793655395508,9.219346046447754
533,1.144887089729309,9.204225540161133
534,-0.427689790725708,9.186222076416016
535,-1.6180391311645508,9.166065216064453
536,-0.06484351307153702,9.14887523651123
537,3.3757615089416504,9.138144493103027
538,3.3221688270568848,9.127354621887207
539,-3.5158987045288086,9.103940963745117
540,-0.6906305551528931,9.085836410522461
541,1.685339331626892,9.072182655334473
542,4.713404178619385,9.064155578613281
543,1.1228842735290527,9.04955768585205
544,3.5462136268615723,9.039460182189941
545,2.263775587081909,9.027050018310547
546,1.9879698753356934,9.014181137084961
547,-2.063026189804077,8.99396800994873
548,5.843759059906006,8.988229751586914
549,-3.4604177474975586,8.965595245361328
550,1.5605555772781372,8.952156066894531
551,1.7633920907974243,8.939132690429688
552,3.172861099243164,8.928705215454102
553,2.5185229778289795,8.917135238647461
554,0.6505945324897766,8.902239799499512
555,1.1777803897857666,8.888346672058105
556,3.525148391723633,8.878718376159668
557,2.3016226291656494,8.866931915283203
558,0.42019155621528625,8.851821899414062
559,3.075927734375,8.841506958007812
560,-1.0451767444610596,8.823884010314941
561,0.01606149785220623,8.808211326599121
562,2.6026344299316406,8.797188758850098
563,3.8898398876190186,8.788487434387207
564,0.20181713998317719,8.773289680480957
565,5.154206275939941,8.766895294189453
566,3.9256908893585205,8.758358001708984
567,-1.2388218641281128,8.74075698852539
568,4.824299335479736,8.733874320983887
569,1.9102340936660767,8.721902847290039
570,1.9084621667861938,8.709970474243164
571,2.3835816383361816,8.6989107131958
572,2.0421924591064453,8.68729305267334
573,2.087754726409912,8.675795555114746
574,-3.344710111618042,8.654890060424805
575,4.360990047454834,8.647435188293457
576,1.7080146074295044,8.635408401489258
577,-1.7063815593719482,8.61751651763916
578,-2.1638097763061523,8.598896026611328
579,2.8050293922424316,8.588906288146973
580,3.0731372833251953,8.579413414001465
581,-0.39635902643203735,8.563990592956543
582,7.853229522705078,8.562771797180176
583,3.5443153381347656,8.554178237915039
584,0.4872160851955414,8.540389060974121
585,1.3879742622375488,8.528183937072754
586,4.105140686035156,8.520648002624512
587,2.813429355621338,8.510942459106445
588,-0.1430085450410843,8.496249198913574
589,5.679849624633789,8.491476058959961
590,4.457169055938721,8.484649658203125
591,0.958599328994751,8.471936225891113
592,-10.707159996032715,8.439594268798828
593,-0.41286391019821167,8.424690246582031
594,3.703855514526367,8.416755676269531
595,3.7246389389038086,8.408883094787598
596,7.2327351570129395,8.406913757324219
597,2.0700440406799316,8.396316528320312
598,6.309173107147217,8.392831802368164
599,5.1798415184021,8.387475967407227
600,1.7084894180297852,8.376363754272461
601,4.446093559265137,8.369834899902344
602,3.658142328262329,8.362021446228027
603,0.38002505898475647,8.34880542755127
604,1.5061829090118408,8.337495803833008
605,2.737915277481079,8.328255653381348
606,3.738060474395752,8.320693969726562
607,1.4731807708740234,8.309431076049805
608,0.26477333903312683,8.296221733093262
609,4.142161846160889,8.289411544799805
610,5.700160026550293,8.285173416137695
611,2.104090452194214,8.275074005126953
612,-5.703923225402832,8.252269744873047
613,7.683167457580566,8.2513427734375
614,0.20762714743614197,8.238263130187988
615,1.5599173307418823,8.227421760559082
616,1.6991145610809326,8.216840744018555
617,4.116278171539307,8.210206031799316
618,-1.7597776651382446,8.194099426269531
619,1.6728233098983765,8.183581352233887
620,4.154843330383301,8.177093505859375
621,7.1146416664123535,8.175385475158691
622,3.5895819664001465,8.168024063110352
623,0.12579482793807983,8.155136108398438
624,4.725002765655518,8.149648666381836
625,1.374133825302124,8.138824462890625
626,2.443296432495117,8.129740715026855
627,2.5116071701049805,8.120795249938965
628,-6.765255928039551,8.097128868103027
629,4.638852119445801,8.091639518737793
630,-4.704773902893066,8.07136058807373
631,6.760456562042236,8.06928539276123
632,1.7053172588348389,8.059231758117676
633,2.380188465118408,8.050274848937988
634,5.223896503448486,8.04582405090332
635,0.4424750506877899,8.033868789672852
636,0.3087136149406433,8.021740913391113
637,2.56471586227417,8.013188362121582
638,0.8393388390541077,8.001961708068848
639,-2.32216215133667,7.985829830169678
640,0.8369971513748169,7.974677085876465
641,1.0970168113708496,7.963964462280273
642,4.235945701599121,7.958166599273682
643,-1.9126988649368286,7.9428391456604
644,-0.9711918234825134,7.929018974304199
645,0.3734457194805145,7.917323112487793
646,4.046774387359619,7.911341190338135
647,5.555486679077148,7.907705783843994
648,3.568873643875122,7.901020526885986
649,-0.044301487505435944,7.888796806335449
650,5.87680721282959,7.885705947875977
651,5.6554484367370605,7.882285118103027
652,2.376253128051758,7.87385368347168
653,3.0614116191864014,7.866495609283447
654,1.9428305625915527,7.857451915740967
655,3.802372932434082,7.8512701988220215
656,7.079305171966553,7.850094795227051
657,2.9570605754852295,7.842658519744873
658,2.331878185272217,7.834296226501465
659,4.431448459625244,7.829140663146973
660,3.5994818210601807,7.822741985321045
661,-1.754462718963623,7.80827522277832
662,-0.6927016377449036,7.795453071594238
663,-1.465743064880371,7.781505107879639
664,-5.857710361480713,7.760994911193848
665,-0.3400898575782776,7.748830795288086
666,1.3882218599319458,7.739294528961182
667,3.8592782020568848,7.733486175537109
668,2.610492706298828,7.725828170776367
669,3.5406277179718018,7.719581604003906
670,3.8813517093658447,7.713861465454102
671,3.046006202697754,7.706914901733398
672,5.036835670471191,7.70294713973999
673,6.9159955978393555,7.701779842376709
674,3.622036933898926,7.695735454559326
675,2.3711531162261963,7.687859058380127
676,5.918496131896973,7.685245513916016
677,1.31594717502594,7.675851345062256
678,3.9522435665130615,7.670367240905762
679,3.68609881401062,7.664507865905762
680,4.119927406311035,7.659303188323975
681,1.9485571384429932,7.650929927825928
682,3.7360775470733643,7.64519739151001
683,0.0672767385840416,7.634119033813477
684,-1.2614864110946655,7.6211323738098145
685,2.133446216583252,7.613132476806641
686,-4.319180011749268,7.595763683319092
687,-0.14181795716285706,7.584517478942871
688,0.729814887046814,7.574568748474121
689,2.0342416763305664,7.566539287567139
690,1.1318987607955933,7.55722713470459
691,-1.0964070558547974,7.544722080230713
692,-0.071598120033741,7.533731460571289
693,2.7878828048706055,7.526893615722656
694,-3.9052913188934326,7.510444164276123
695,5.925273418426514,7.508166790008545
696,3.822376251220703,7.502878665924072
697,-6.552209377288818,7.4827423095703125
698,1.341736078262329,7.473957061767578
699,-1.0491461753845215,7.461781024932861
700,6.2996826171875,7.460123062133789
701,3.025707960128784,7.4538068771362305
702,-4.746171951293945,7.436452388763428
703,-1.132768154144287,7.424280166625977
704,-1.7260022163391113,7.411301136016846
705,1.0685631036758423,7.402316570281982
706,5.092123031616211,7.399049282073975
707,4.67546272277832,7.395202159881592
708,3.383721351623535,7.389544486999512
709,-7.167139530181885,7.36904239654541
710,-1.0567476749420166,7.357192039489746
711,-8.510072708129883,7.334906101226807
712,0.7371806502342224,7.325652599334717
713,-9.43118953704834,7.302183628082275
714,1.2657444477081299,7.293741226196289
715,2.553386688232422,7.287120342254639
716,-1.915972352027893,7.274284839630127
717,-1.9789661169052124,7.261396884918213
718,-2.6328635215759277,7.247635841369629
719,-0.1513655185699463,7.237359523773193
720,-0.4134899377822876,7.226747989654541
721,2.4549152851104736,7.220139026641846
722,5.566301345825195,7.217851638793945
723,-2.2908859252929688,7.204718112945557
724,-1.176836371421814,7.193157196044922
725,-0.4608951508998871,7.182614326477051
726,-5.40501594543457,7.165300369262695
727,4.276675224304199,7.161332607269287
728,-1.2814528942108154,7.149751663208008
729,3.6480391025543213,7.144954681396484
730,-1.971358299255371,7.132483959197998
731,-6.743317604064941,7.113528251647949
732,0.415722131729126,7.1043901443481445
733,-9.093997955322266,7.0823211669921875
734,2.277059316635132,7.0757832527160645
735,-4.023026466369629,7.060703277587891
736,1.0707945823669434,7.052576065063477
737,-1.7679157257080078,7.040624141693115
738,2.7412400245666504,7.034806251525879
739,3.738224983215332,7.030351161956787
740,7.800796031951904,7.031391143798828
741,4.748267650604248,7.028313636779785
742,-7.635158538818359,7.008578300476074
743,2.1426596641540527,7.00203800201416
744,-6.670424461364746,6.983685493469238
745,6.3518171310424805,6.9828386306762695
746,-0.11097655445337296,6.973342418670654
747,2.7828803062438965,6.967740058898926
748,2.639301061630249,6.961960792541504
749,1.1115540266036987,6.954160213470459
750,-1.884016752243042,6.942391872406006
751,5.487075328826904,6.940456867218018
752,6.959813117980957,6.940483093261719
753,-0.9398820996284485,6.9300312995910645
754,-5.765974998474121,6.913215160369873
755,-2.5636208057403564,6.900680065155029
756,1.9703643321990967,6.894166946411133
757,-0.8180767893791199,6.883992671966553
758,-1.5102885961532593,6.8729329109191895
759,-0.17780767381191254,6.863656044006348
760,-1.6995769739151,6.852403163909912
761,2.737183094024658,6.8470025062561035
762,-1.3613468408584595,6.836244583129883
763,3.1422791481018066,6.831409454345703
764,1.5022844076156616,6.824443340301514
765,2.2735049724578857,6.818501949310303
766,2.4213922023773193,6.812769412994385
767,-2.3545308113098145,6.800832748413086
768,0.4305974841117859,6.792549133300781
769,3.473618268966675,6.788238525390625
770,-3.6178338527679443,6.774742126464844
771,-3.598261833190918,6.761305809020996
772,8.461584091186523,6.763504981994629
773,-0.8241519927978516,6.753701686859131
774,3.9880428314208984,6.750133514404297
775,5.793091773986816,6.748899936676025
776,0.3618001341819763,6.740679740905762
777,5.563836574554443,6.739167213439941
778,-8.105180740356445,6.720111846923828
779,-1.2167479991912842,6.709936618804932
780,-3.0215272903442383,6.697476387023926
781,-3.675283193588257,6.684211730957031
782,-2.3772408962249756,6.672638893127441
783,-8.447958946228027,6.653352737426758
784,7.2706122398376465,6.654139041900635
785,0.6277812123298645,6.646471977233887
786,1.205040454864502,6.639557838439941
787,-0.09489353746175766,6.631011962890625
788,3.0485806465148926,6.626471042633057
789,2.829935312271118,6.6216654777526855
790,7.755249977111816,6.623098850250244
791,-2.0263376235961914,6.612177848815918
792,3.8807260990142822,6.608733177185059
793,0.8379337787628174,6.601465225219727
794,-0.8576328158378601,6.592082977294922
795,3.162706136703491,6.587774753570557
796,4.36095666885376,6.584980487823486
797,-1.929772973060608,6.574310302734375
798,-12.797985076904297,6.550065040588379
799,-8.885595321655273,6.530770301818848
800,4.769598007202148,6.528571605682373
801,-5.6943535804748535,6.513330936431885
802,3.9332213401794434,6.510117530822754
803,1.7953133583068848,6.50425386428833
804,-16.64204978942871,6.475500583648682
805,3.248865842819214,6.471497535705566
806,3.257668972015381,6.467514991760254
807,1.186450481414795,6.460978984832764
808,-3.5913453102111816,6.448553562164307
809,0.36056193709373474,6.441037178039551
810,-4.562931537628174,6.427468776702881
811,-0.33315080404281616,6.419143199920654
812,3.6162285804748535,6.415695667266846
813,2.2116522789001465,6.4105305671691895
814,0.669185996055603,6.4034857749938965
815,3.139068841934204,6.399485111236572
816,1.505361795425415,6.393495082855225
817,-2.481663942337036,6.382645130157471
818,-0.9337610602378845,6.373712062835693
819,0.09666016697883606,6.366057395935059
820,0.23860909044742584,6.358593940734863
821,-3.7126808166503906,6.346341609954834
822,-4.168383598327637,6.333565711975098
823,-0.4754350185394287,6.3253021240234375
824,3.3528878688812256,6.321699142456055
825,-1.565212607383728,6.312150478363037
826,-6.547270774841309,6.296600818634033
827,1.9552289247512817,6.291357517242432
828,5.291224002838135,6.290151119232178
829,-0.2943652272224426,6.282217502593994
830,-8.20051383972168,6.264789581298828
831,-4.017134666442871,6.252431392669678
832,0.21217778325080872,6.245180606842041
833,-4.638089179992676,6.232131004333496
834,-2.498028516769409,6.221675395965576
835,1.1920182704925537,6.215659141540527
836,0.9819073677062988,6.20940637588501
837,-4.164553642272949,6.19702672958374
838,-12.263764381408691,6.175023555755615
839,1.39759361743927,6.169335842132568
840,1.491452932357788,6.163773536682129
841,1.1234854459762573,6.157787322998047
842,-1.5770833492279053,6.148612022399902
843,-0.7797200679779053,6.140402793884277
844,0.4864218831062317,6.133711814880371
845,-1.0952061414718628,6.125166893005371
846,-3.062587022781372,6.114319324493408
847,0.9084172248840332,6.108180046081543
848,-5.363741874694824,6.094667911529541
849,-5.9149370193481445,6.080538749694824
850,3.076038122177124,6.077008247375488
851,-0.911529541015625,6.068805694580078
852,-0.7707324624061584,6.060787677764893
853,-3.753142833709717,6.0492963790893555
854,-2.875962495803833,6.038857460021973
855,-2.1873714923858643,6.029247283935547
856,-2.615121841430664,6.019160270690918
857,-0.047245562076568604,6.012089729309082
858,0.4106702208518982,6.005568981170654
859,-1.276663064956665,5.997100830078125
860,-1.7510285377502441,5.988101959228516
861,-2.9708938598632812,5.97770881652832
862,-1.8997656106948853,5.968580722808838
863,-7.200257778167725,5.953339099884033
864,1.4612081050872803,5.948146343231201
865,-2.7389016151428223,5.938115119934082
866,-0.5909567475318909,5.93058443069458
867,3.1520047187805176,5.9273834228515625
868,-3.603060483932495,5.916416168212891
869,12.389245986938477,5.923856258392334
870,11.171882629394531,5.929881572723389
871,10.94710922241211,5.935635566711426
872,12.548381805419922,5.943210124969482
873,12.018238067626953,5.950160503387451
874,12.917682647705078,5.958123207092285
875,13.737353324890137,5.96700382232666
876,9.579934120178223,5.971123695373535
877,14.678038597106934,5.9810404777526855
878,13.017436981201172,5.9890456199646
879,11.866291999816895,5.995724201202393
880,6.453567028045654,5.996243953704834
881,11.984302520751953,6.00303316116333
882,12.842387199401855,6.010778903961182
883,12.996374130249023,6.018681049346924
884,12.330212593078613,6.02581262588501
885,12.019729614257812,6.0325775146484375
886,13.575390815734863,6.041080951690674
887,12.858613967895508,6.048758506774902
888,13.286266326904297,6.056899547576904
889,14.608769416809082,6.0665082931518555
890,13.398406982421875,6.074737071990967
891,13.325712203979492,6.082866191864014
892,13.079727172851562,6.090701103210449
893,12.753839492797852,6.098154544830322
894,12.499452590942383,6.105306625366211
895,12.080641746520996,6.11197566986084
896,14.568190574645996,6.121402740478516
897,10.871805191040039,6.126692771911621
898,14.65990161895752,6.136184215545654
899,12.287854194641113,6.143019676208496
900,14.261746406555176,6.1520304679870605
901,11.650278091430664,6.158126354217529
902,9.103754043579102,6.161387920379639
903,10.199084281921387,6.165854454040527
904,8.791175842285156,6.168755531311035
905,13.118858337402344,6.176426410675049
906,9.799344062805176,6.180420875549316
907,13.675590515136719,6.188675403594971
908,7.727553367614746,6.19036865234375
909,13.983868598937988,6.198932647705078
910,15.851374626159668,6.20952844619751
911,11.031723976135254,6.214816093444824
912,13.655990600585938,6.222965717315674
913,8.439749717712402,6.225391387939453
914,12.211933135986328,6.231934070587158
915,10.260139465332031,6.236331939697266
916,8.656097412109375,6.238970756530762
917,14.386688232421875,6.2478461265563965
918,11.899515151977539,6.253995895385742
919,14.083606719970703,6.262506484985352
920,8.472077369689941,6.2649054527282715
921,16.674854278564453,6.276196002960205
922,11.082839965820312,6.2814040184021
923,9.873698234558105,6.28529167175293
924,12.453353881835938,6.291959285736084
925,10.533926010131836,6.296540260314941
926,14.435853958129883,6.305320739746094
927,13.720406532287598,6.313310623168945
928,12.340415954589844,6.319798469543457
929,12.688551902770996,6.326646327972412
930,13.446731567382812,6.334294319152832
931,13.553777694702148,6.342040538787842
932,14.727773666381836,6.351027965545654
933,14.223933219909668,6.359457492828369
934,14.861117362976074,6.3685503005981445
935,12.706284523010254,6.375321388244629
936,13.851720809936523,6.383300304412842
937,13.736968040466309,6.391139984130859
938,12.013370513916016,6.397127151489258
939,12.36046314239502,6.403470993041992
940,13.847441673278809,6.411381721496582
941,12.891130447387695,6.41826057434082
942,11.772695541381836,6.423938274383545
943,12.891818046569824,6.430789947509766
944,12.129981994628906,6.4368205070495605
945,11.984737396240234,6.442685127258301
946,12.679267883300781,6.449270725250244
947,8.684271812438965,6.4516282081604
948,15.452831268310547,6.461112976074219
949,9.407458305358887,6.464214324951172
950,12.648294448852539,6.470716953277588
951,14.275371551513672,6.478915214538574
952,12.118378639221191,6.484832763671875
953,11.444735527038574,6.490031719207764
954,10.616029739379883,6.494352340698242
955,11.144134521484375,6.499216079711914
956,10.455979347229004,6.503350734710693
957,11.254443168640137,6.508309841156006
958,13.132129669189453,6.515217304229736
959,11.692184448242188,6.5206098556518555
960,14.552359580993652,6.52896785736084
961,14.279058456420898,6.537024021148682
962,13.159476280212402,6.543900966644287
963,13.47459888458252,6.551090717315674
964,10.2681245803833,6.554942607879639
965,12.080785751342773,6.560662746429443
966,10.029678344726562,6.5642499923706055
967,10.284683227539062,6.568093776702881
968,14.271261215209961,6.576043605804443
969,11.672907829284668,6.581297874450684
970,10.27110481262207,6.585097789764404
971,14.664463996887207,6.593410015106201
972,13.168639183044434,6.600167274475098
973,9.249129295349121,6.602887153625488
974,14.088661193847656,6.610564708709717
975,12.204360008239746,6.616296291351318
976,13.607915878295898,6.623452663421631
977,15.488247871398926,6.632516860961914
978,16.619497299194336,6.642718315124512
979,13.54076862335205,6.649756908416748
980,12.108305931091309,6.65532112121582
981,11.681741714477539,6.660439491271973
982,15.026935577392578,6.66895055770874
983,11.240144729614258,6.673596382141113
984,15.40700912475586,6.6824631690979
985,13.092813491821289,6.688964366912842
986,12.070730209350586,6.6944169998168945
987,8.66107177734375,6.696407794952393
988,14.370936393737793,6.70416784286499
989,10.810035705566406,6.708314895629883
990,14.576438903808594,6.716254711151123
991,12.911445617675781,6.722500324249268
992,13.550629615783691,6.729376792907715
993,11.952033996582031,6.734631061553955
994,12.196453094482422,6.740119934082031
995,11.919293403625488,6.7453203201293945
996,11.87490463256836,6.750465393066406
997,10.18069839477539,6.753902435302734
998,11.66146183013916,6.758814811706543
999,14.100425720214844,6.7661566734313965
1000,11.663862228393555,6.771049976348877
1001,13.654862403869629,6.777919769287109
1002,12.1118745803833,6.783237457275391
1003,12.427530288696289,6.788859844207764
1004,12.801820755004883,6.794842720031738
1005,12.61558723449707,6.800628662109375
1006,13.256671905517578,6.807040214538574
1007,13.798849105834961,6.813976287841797
1008,12.924371719360352,6.820032119750977
1009,12.136651039123535,6.825296401977539
1010,11.47352409362793,6.829894065856934
1011,12.22997760772705,6.835230350494385
1012,13.325591087341309,6.841637134552002
1013,11.080669403076172,6.845817565917969
1014,12.391925811767578,6.851282119750977
1015,14.122608184814453,6.858438968658447
1016,12.643548011779785,6.864127159118652
1017,11.293556213378906,6.868478298187256
1018,13.893097877502441,6.875371932983398
1019,13.620918273925781,6.881985187530518
1020,13.218423843383789,6.888191223144531
1021,13.192968368530273,6.894360065460205
1022,13.613178253173828,6.900928020477295
1023,13.499628067016602,6.907371997833252
1024,14.692279815673828,6.914967060089111
1025,12.398664474487305,6.920311450958252
1026,13.624654769897461,6.926839351654053
1027,12.509493827819824,6.932270050048828
1028,12.120000839233398,6.93731164932251
1029,13.04042911529541,6.9432373046875
1030,12.843932151794434,6.948960304260254
1031,13.603422164916992,6.955408573150635
1032,13.563501358032227,6.96180534362793
1033,10.948304176330566,6.965660572052002
1034,14.845916748046875,6.973274230957031
1035,12.218233108520508,6.978336811065674
1036,10.33544635772705,6.981574535369873
1037,11.174163818359375,6.9856133460998535
1038,12.623559951782227,6.991039752960205
1039,11.10171127319336,6.994992256164551
1040,11.860393524169922,6.999666213989258
1041,10.315235137939453,7.002848148345947
1042,9.79185962677002,7.00552225112915
1043,12.643885612487793,7.010923385620117
1044,9.426154136657715,7.013234615325928
1045,14.75517463684082,7.020636081695557
1046,10.485066413879395,7.023944854736328
1047,12.613809585571289,7.029278755187988
1048,12.872981071472168,7.034849643707275
1049,14.568964004516602,7.042024612426758
1050,13.802956581115723,7.048457622528076
1051,13.356367111206055,7.054453372955322
1052,9.667522430419922,7.0569353103637695
1053,13.46553897857666,7.063014984130859
1054,13.202195167541504,7.06883430480957
1055,11.836949348449707,7.073349475860596
1056,10.2808837890625,7.0763840675354
1057,12.758379936218262,7.081754207611084
1058,12.724934577941895,7.087083339691162
1059,12.50123405456543,7.092191219329834
1060,12.934060096740723,7.0976972579956055
1061,12.71763801574707,7.102989196777344
1062,14.042340278625488,7.109517574310303
1063,13.041476249694824,7.115092754364014
1064,12.319750785827637,7.1199798583984375
1065,13.049277305603027,7.125541687011719
1066,13.124317169189453,7.131164073944092
1067,12.901437759399414,7.136567115783691
1068,13.983390808105469,7.142971992492676
1069,11.463483810424805,7.14700984954834
1070,10.358558654785156,7.150008201599121
1071,11.745450973510742,7.154294967651367
1072,11.53169059753418,7.158374786376953
1073,10.621997833251953,7.161599636077881
1074,13.266562461853027,7.16727876663208
1075,12.062780380249023,7.171828746795654
1076,12.442941665649414,7.176723003387451
1077,11.907029151916504,7.1811113357543945
1078,14.144936561584473,7.187565326690674
1079,14.192047119140625,7.1940507888793945
1080,13.705521583557129,7.200074195861816
1081,12.680816650390625,7.205139636993408
1082,14.608049392700195,7.21197509765625
1083,12.03829288482666,7.216426849365234
1084,13.451797485351562,7.222173690795898
1085,13.827306747436523,7.228255748748779
1086,12.541419982910156,7.2331438064575195
1087,10.848034858703613,7.236466407775879
1088,13.010293960571289,7.2417683601379395
1089,13.253820419311523,7.247283935546875
1090,12.767789840698242,7.252343654632568
1091,12.135009765625,7.256815433502197
1092,13.108309745788574,7.262168884277344
1093,11.906248092651367,7.266414165496826
1094,13.811582565307617,7.272391319274902
1095,13.710023880004883,7.278264999389648
1096,11.050381660461426,7.281703472137451
1097,12.636737823486328,7.286580562591553
1098,13.755571365356445,7.292466640472412
1099,12.769123077392578,7.297445297241211
1100,13.311280250549316,7.302907943725586
1101,11.495750427246094,7.306712627410889
1102,11.307610511779785,7.31033992767334
1103,14.102667808532715,7.316492080688477
1104,10.814937591552734,7.319658279418945
1105,12.957742691040039,7.324755668640137
1106,11.159348487854004,7.328219413757324
1107,12.322620391845703,7.332726955413818
1108,11.959556579589844,7.336899280548096
1109,12.338799476623535,7.341405391693115
1110,13.570576667785645,7.347012519836426
1111,13.72448444366455,7.352747440338135
1112,13.664388656616211,7.3584184646606445
1113,14.181793212890625,7.364543437957764
1114,11.108355522155762,7.36790132522583
1115,14.249991416931152,7.374068260192871
1116,14.987677574157715,7.380883693695068
1117,12.810033798217773,7.385739803314209
1118,14.290397644042969,7.391909599304199
1119,14.629659652709961,7.398372173309326
1120,13.43585205078125,7.403757572174072
1121,13.637274742126465,7.409313678741455
1122,13.92335033416748,7.415114879608154
1123,12.411521911621094,7.419559478759766
1124,15.199045181274414,7.4264750480651855
1125,13.790266036987305,7.432126522064209
1126,13.195229530334473,7.437240123748779
1127,14.525262832641602,7.44352388381958
1128,14.116424560546875,7.449434280395508
1129,15.103099822998047,7.456207752227783
1130,13.09348201751709,7.4611921310424805
1131,14.20114517211914,7.467146396636963
1132,14.363609313964844,7.473232746124268
1133,12.5789213180542,7.47773551940918
1134,14.932478904724121,7.4843034744262695
1135,13.14078140258789,7.489282608032227
1136,12.04322624206543,7.493287563323975
1137,13.074049949645996,7.498191833496094
1138,14.652939796447754,7.504473686218262
1139,14.91412353515625,7.5109734535217285
1140,12.719197273254395,7.515537738800049
1141,13.919949531555176,7.521145820617676
1142,13.68092155456543,7.526534557342529
1143,14.38327407836914,7.532527923583984
1144,13.49306869506836,7.537733554840088
1145,11.955644607543945,7.541589260101318
1146,13.366352081298828,7.546667098999023
1147,8.981937408447266,7.54791784286499
1148,6.090498924255371,7.546649932861328
1149,7.850534915924072,7.546914100646973
1150,8.574629783630371,7.547806739807129
1151,9.222134590148926,7.549259662628174
1152,7.824316501617432,7.549498081207275
1153,8.023062705993652,7.549908638000488
1154,9.196897506713867,7.551334857940674
1155,6.221754550933838,7.550184726715088
1156,9.063793182373047,7.551492691040039
1157,8.731454849243164,7.552511692047119
1158,8.50725269317627,7.553335189819336
1159,8.459999084472656,7.554116725921631
1160,9.610767364501953,7.555887699127197
1161,8.227975845336914,7.5564656257629395
1162,8.758601188659668,7.557499408721924
1163,9.980127334594727,7.559581279754639
1164,9.337786674499512,7.561107635498047
1165,9.539576530456543,7.562804698944092
1166,8.111037254333496,7.56327486038208
1167,7.588321685791016,7.563295841217041
1168,7.883571624755859,7.563570022583008
1169,8.012330055236816,7.563953876495361
1170,9.008074760437012,7.565186977386475
1171,8.358170509338379,7.565863609313965
1172,9.284420013427734,7.567328929901123
1173,7.08670711517334,7.566919326782227
1174,9.285322189331055,7.5683817863464355
1175,9.468121528625488,7.5699968338012695
1176,9.358611106872559,7.571516513824463
1177,9.963055610656738,7.573546409606934
1178,7.255290985107422,7.573276042938232
1179,8.386631965637207,7.573965549468994
1180,8.777823448181152,7.574984550476074
1181,10.087501525878906,7.577110290527344
1182,8.366414070129395,7.57777738571167
1183,9.2609281539917,7.579198837280273
1184,6.479811191558838,7.57827091217041
1185,9.658831596374512,7.5800251960754395
1186,9.214761734008789,7.581402778625488
1187,8.944108009338379,7.582550048828125
1188,8.818156242370605,7.58358907699585
1189,8.852087020874023,7.58465576171875
1190,8.121498107910156,7.585105895996094
1191,7.199086666107178,7.584782123565674
1192,8.012600898742676,7.585141181945801
1193,9.827131271362305,7.587018966674805
1194,7.933133125305176,7.587308883666992
1195,9.4058837890625,7.588829517364502
1196,7.54601526260376,7.588793754577637
1197,10.023681640625,7.590826034545898
1198,9.764982223510742,7.592638969421387
1199,10.588187217712402,7.59513521194458
1200,10.442655563354492,7.597506046295166
1201,11.317902565002441,7.6006011962890625
1202,6.225566387176514,7.59945821762085
1203,9.129453659057617,7.600729465484619
1204,9.208551406860352,7.60206413269043
1205,10.172212600708008,7.6041951179504395
1206,8.679286003112793,7.605085849761963
1207,6.557978630065918,7.60421895980835
1208,8.280102729797363,7.604778289794922
1209,5.752241611480713,7.603246688842773
1210,10.51384162902832,7.605650424957275
1211,6.80215311050415,7.604987144470215
1212,7.602110385894775,7.604984760284424
1213,9.386502265930176,7.606452465057373
1214,8.432337760925293,7.607132434844971
1215,10.291949272155762,7.609340667724609
1216,5.500088691711426,7.607607364654541
1217,3.4577677249908447,7.60420036315918
1218,7.84421968460083,7.604396820068359
1219,8.495575904846191,7.605126857757568
1220,6.105557441711426,7.603898525238037
1221,9.672089576721191,7.6055908203125
1222,10.374124526977539,7.607854843139648
1223,8.802291870117188,7.60883092880249
1224,10.282938003540039,7.611013889312744
1225,8.920243263244629,7.612081527709961
1226,10.31928539276123,7.614287853240967
1227,9.703768730163574,7.615989685058594
1228,10.561439514160156,7.618386745452881
1229,9.325437545776367,7.619774341583252
1230,10.010709762573242,7.621716499328613
1231,9.52535629272461,7.623261451721191
1232,8.193364143371582,7.623723983764648
1233,9.165383338928223,7.624973297119141
1234,8.762231826782227,7.625894546508789
1235,8.104555130004883,7.62628173828125
1236,8.864106178283691,7.62728214263916
1237,10.030936241149902,7.6292243003845215
1238,8.851901054382324,7.630210876464844
1239,10.010887145996094,7.6321306228637695
1240,10.204568862915039,7.63420295715332
1241,11.410943031311035,7.63724422454834
1242,9.107337951660156,7.638426780700684
1243,9.427863121032715,7.639864921569824
1244,9.549661636352539,7.641399383544922
1245,9.395194053649902,7.6428070068359375
1246,5.071197032928467,7.640744686126709
1247,11.627884864807129,7.64393949508667
1248,9.060267448425293,7.645073890686035
1249,9.725808143615723,7.646738052368164
1250,8.359572410583496,7.647307872772217
1251,10.210952758789062,7.649355411529541
1252,10.390840530395508,7.651543140411377
1253,10.495807647705078,7.653811931610107
1254,8.721054077148438,7.654661655426025
1255,10.0643310546875,7.656580448150635
1256,10.229711532592773,7.658627510070801
1257,10.12424087524414,7.660587310791016
1258,8.876704216003418,7.661553382873535
1259,9.273255348205566,7.662832260131836
1260,8.117441177368164,7.6631927490234375
1261,9.739782333374023,7.664838790893555
1262,9.343399047851562,7.666167736053467
1263,9.537727355957031,7.667648792266846
1264,9.156327247619629,7.668825626373291
1265,6.896815299987793,7.668215751647949
1266,9.250244140625,7.669464111328125
1267,9.93288803100586,7.671248912811279
1268,9.780169486999512,7.672910690307617
1269,10.00678825378418,7.674748420715332
1270,9.175216674804688,7.675928592681885
1271,10.659188270568848,7.678274154663086
1272,12.472780227661133,7.682040214538574
1273,10.229296684265137,7.684040069580078
1274,10.810066223144531,7.686491966247559
1275,8.504249572753906,7.687132835388184
1276,9.764936447143555,7.6887593269348145
1277,9.352845191955566,7.690061569213867
1278,10.609869003295898,7.692344665527344
1279,7.209746360778809,7.691967964172363
1280,10.913589477539062,7.694483280181885
1281,10.578865051269531,7.696732997894287
1282,9.56180477142334,7.69818639755249
1283,10.176591873168945,7.700117111206055
1284,10.324202537536621,7.7021589279174805
1285,9.792994499206543,7.703784942626953
1286,9.001276016235352,7.7047929763793945
1287,10.25367259979248,7.7067718505859375
1288,9.857690811157227,7.70844030380249
1289,9.779150009155273,7.71004581451416
1290,9.776851654052734,7.71164608001709
1291,10.62344741821289,7.713899612426758
1292,9.776971817016602,7.715495586395264
1293,9.817183494567871,7.7171196937561035
1294,10.116813659667969,7.718973159790039
1295,9.876129150390625,7.720637798309326
1296,10.246660232543945,7.722585678100586
1297,9.071306228637695,7.7236247062683105
1298,10.377644538879395,7.725667953491211
1299,8.967557907104492,7.72662353515625
1300,7.947110652923584,7.726792812347412
1301,8.774328231811523,7.727597713470459
1302,8.034296989440918,7.727832794189453
1303,7.9277873039245605,7.7279863357543945
1304,7.6130218505859375,7.727898120880127
1305,6.889786720275879,7.7272562980651855
1306,10.15620231628418,7.729115009307861
1307,6.778196334838867,7.728387832641602
1308,9.000362396240234,7.7293596267700195
1309,8.612171173095703,7.7300333976745605
1310,9.27271842956543,7.731209754943848
1311,9.34447193145752,7.7324395179748535
1312,8.624934196472168,7.733119487762451
1313,8.344136238098145,7.733584403991699
1314,10.067863464355469,7.735359191894531
1315,9.707757949829102,7.736857891082764
1316,8.012527465820312,7.737067222595215
1317,11.183643341064453,7.739682197570801
1318,10.595711708068848,7.741847515106201
1319,11.702215194702148,7.744847774505615
1320,10.102323532104492,7.7466325759887695
1321,11.572016716003418,7.749526500701904
1322,10.633734703063965,7.751706600189209
1323,10.403366088867188,7.753709316253662
1324,10.091690063476562,7.755474090576172
1325,11.274643898010254,7.758127689361572
1326,9.121172904968262,7.759154796600342
1327,12.079887390136719,7.76240873336792
1328,7.997235298156738,7.762585163116455
1329,7.913604736328125,7.762699127197266
1330,9.039946556091309,7.76365852355957
1331,9.267181396484375,7.764787673950195
1332,9.683395385742188,7.7662272453308105
1333,9.927145004272461,7.767846584320068
1334,11.230194091796875,7.770440578460693
1335,9.488736152648926,7.771726131439209
1336,11.641361236572266,7.774620532989502
1337,10.228300094604492,7.776454925537109
1338,9.942022323608398,7.778072357177734
1339,9.70046615600586,7.779506683349609
1340,10.905960083007812,7.781838417053223
1341,10.933308601379395,7.784186840057373
1342,10.1381196975708,7.7859392166137695
1343,9.30539321899414,7.787070274353027
1344,7.991915702819824,7.787222862243652
1345,10.068583488464355,7.788917541503906
1346,9.692612648010254,7.790330410003662
1347,10.369049072265625,7.792243480682373
1348,10.240371704101562,7.794058322906494
1349,9.60248851776123,7.795397758483887
1350,11.75471305847168,7.798328876495361
1351,10.518828392028809,7.80034065246582
1352,10.567912101745605,7.802386283874512
1353,8.579557418823242,7.80295991897583
1354,10.235332489013672,7.804755210876465
1355,10.947734832763672,7.807072639465332
1356,9.90081787109375,7.808615207672119
1357,9.258331298828125,7.809683322906494
1358,8.541460990905762,7.810221195220947
1359,9.611645698547363,7.8115458488464355
1360,9.760540008544922,7.8129777908325195
1361,10.279794692993164,7.814789295196533
1362,7.1583051681518555,7.814307689666748
1363,8.662160873413086,7.814929008483887
1364,9.961529731750488,7.816502094268799
1365,10.786849021911621,7.818676948547363
1366,9.123605728149414,7.819631576538086
1367,10.504549980163574,7.821594715118408
1368,11.74134349822998,7.82445764541626
1369,8.117918968200684,7.824672222137451
1370,8.105236053466797,7.82487678527832
1371,8.681114196777344,7.82550048828125
1372,6.921430587768555,7.82484245300293
1373,9.546743392944336,7.826096057891846
1374,11.541815757751465,7.828798294067383
1375,9.684191703796387,7.830146789550781
1376,11.300555229187012,7.832667350769043
1377,10.819344520568848,7.834834575653076
1378,11.21156120300293,7.837283611297607
1379,11.775016784667969,7.840137481689453
1380,11.142586708068848,7.842528820037842
1381,10.502753257751465,7.844453811645508
1382,11.470359802246094,7.847075939178467
1383,12.254112243652344,7.850259780883789
1384,10.237984657287598,7.851984024047852
1385,9.628480911254883,7.85326623916626
1386,9.17178726196289,7.854217052459717
1387,8.876132011413574,7.854952812194824
1388,9.713057518005371,7.856290817260742
1389,10.490713119506836,7.858185768127441
1390,7.838783264160156,7.858171463012695
1391,10.551576614379883,7.860106945037842
1392,9.87529468536377,7.861553192138672
1393,11.358590126037598,7.8640618324279785
1394,8.242826461791992,7.864333629608154
1395,10.36129379272461,7.866122245788574
1396,9.09207534790039,7.866999626159668
1397,10.582022666931152,7.868941307067871
1398,10.347119331359863,7.870712757110596
1399,7.73087215423584,7.870612621307373
1400,7.593502998352051,7.870414733886719
1401,10.454050064086914,7.872257709503174
1402,11.292048454284668,7.874695301055908
1403,8.808454513549805,7.875360488891602
1404,10.552957534790039,7.877265930175781
1405,9.539329528808594,7.878448009490967
1406,10.023332595825195,7.879972457885742
1407,9.57229232788086,7.881174087524414
1408,9.698442459106445,7.8824639320373535
1409,10.384201049804688,7.884237766265869
1410,10.283513069152832,7.8859381675720215
1411,10.047418594360352,7.887469291687012
1412,10.033430099487305,7.8889875411987305
1413,9.983319282531738,7.890469074249268
1414,8.737709999084473,7.8910675048828125
1415,9.691837310791016,7.892338752746582
1416,10.280279159545898,7.894023895263672
1417,10.537680625915527,7.895888805389404
1418,9.126445770263672,7.896755695343018
1419,6.818472862243652,7.89599609375
1420,9.131152153015137,7.896864891052246
1421,10.180464744567871,7.898471355438232
1422,7.2175211906433105,7.8979926109313965
1423,7.974215507507324,7.898046493530273
1424,9.53481674194336,7.899195671081543
1425,10.634889602661133,7.901113986968994
1426,12.097042083740234,7.904054164886475
1427,11.909810066223145,7.906859397888184
1428,8.740145683288574,7.907442569732666
1429,11.00782299041748,7.909610748291016
1430,11.933185577392578,7.9124226570129395
1431,12.362693786621094,7.915530204772949
1432,12.167144775390625,7.918497085571289
1433,11.824806213378906,7.9212212562561035
1434,8.546591758728027,7.921657085418701
1435,15.028841018676758,7.92660665512085
1436,10.589028358459473,7.928459644317627
1437,12.252565383911133,7.931466579437256
1438,13.888859748840332,7.935606479644775
1439,10.811715126037598,7.937603950500488
1440,8.097320556640625,7.93771505355835
1441,11.228867530822754,7.939996719360352
1442,11.552109718322754,7.942500114440918
1443,10.71937370300293,7.944423198699951
1444,8.303242683410645,7.944671630859375
1445,13.891863822937012,7.948784351348877
1446,10.979691505432129,7.950879096984863
1447,12.095329284667969,7.953741550445557
1448,10.232828140258789,7.9553141593933105
1449,11.404362678527832,7.957692623138428
1450,11.445050239562988,7.96009635925293
1451,9.131449699401855,7.960903167724609
1452,12.38099193572998,7.963945388793945
1453,13.606884002685547,7.967825889587402
1454,11.109992980957031,7.969985485076904
1455,12.426200866699219,7.973045825958252
1456,10.196436882019043,7.974571704864502
1457,13.639450073242188,7.978457450866699
1458,8.718693733215332,7.978964805603027
1459,11.250371932983398,7.981204986572266
1460,14.000473022460938,7.985324859619141
1461,9.617278099060059,7.986441135406494
1462,10.486473083496094,7.988149642944336
1463,10.141505241394043,7.989620685577393
1464,10.542191505432129,7.991363048553467
1465,10.989152908325195,7.993407726287842
1466,13.884037971496582,7.99742317199707
1467,10.41516399383545,7.999070167541504
1468,14.430828094482422,8.003448486328125
1469,10.934089660644531,8.00544261932373
1470,9.193145751953125,8.00624942779541
1471,11.560540199279785,8.00866413116455
1472,9.19708251953125,8.00947093963623
1473,10.661234855651855,8.011270523071289
1474,9.933079719543457,8.0125732421875
1475,11.628384590148926,8.015022277832031
1476,11.767694473266602,8.017562866210938
1477,13.36973762512207,8.021183967590332
1478,12.708341598510742,8.02435302734375
1479,11.969951629638672,8.027019500732422
1480,9.522878646850586,8.02802848815918
1481,10.838272094726562,8.029924392700195
1482,10.346260070800781,8.031487464904785
1483,11.693225860595703,8.033954620361328
1484,11.039200782775879,8.035978317260742
1485,13.735237121582031,8.039813995361328
1486,9.451089859008789,8.040762901306152
1487,11.111063003540039,8.042826652526855
1488,13.217066764831543,8.046300888061523
1489,9.24105453491211,8.047102928161621
1490,9.287525177001953,8.047934532165527
1491,10.169596672058105,8.049357414245605
1492,11.205716133117676,8.051471710205078
1493,11.173705101013184,8.053561210632324
1494,11.063684463500977,8.055574417114258
1495,11.327489852905273,8.057761192321777
1496,9.145153999328613,8.058487892150879
1497,12.241273880004883,8.061280250549316
1498,11.357261657714844,8.06347942352295
1499,10.707298278808594,8.065241813659668
1500,7.169282913208008,8.064644813537598
1501,10.857429504394531,8.066503524780273
1502,8.373697280883789,8.0667085647583
1503,8.844805717468262,8.067225456237793
1504,13.338107109069824,8.070727348327637
1505,10.576071739196777,8.072391510009766
1506,12.228970527648926,8.075149536132812
1507,10.409146308898926,8.07669734954834
1508,8.826733589172363,8.077194213867188
1509,9.366527557373047,8.078047752380371
1510,10.140254974365234,8.079413414001465
1511,9.337793350219727,8.080245018005371
1512,8.828326225280762,8.080739974975586
1513,11.111000061035156,8.082741737365723
1514,10.60405158996582,8.084405899047852
1515,9.23721694946289,8.085165977478027
1516,10.72801685333252,8.086908340454102
1517,9.395113945007324,8.087770462036133
1518,10.79841423034668,8.089554786682129
1519,10.837098121643066,8.091362953186035
1520,8.723348617553711,8.091777801513672
1521,10.159205436706543,8.09313678741455
1522,12.35403823852539,8.095934867858887
1523,10.761505126953125,8.097683906555176
1524,10.808996200561523,8.099461555480957
1525,12.356244087219238,8.102251052856445
1526,10.33352279663086,8.103713035583496
1527,11.239946365356445,8.105765342712402
1528,10.762471199035645,8.107502937316895
1529,11.298864364624023,8.109588623046875
1530,10.962148666381836,8.111452102661133
1531,11.605366706848145,8.11373233795166
1532,9.593950271606445,8.11469841003418
1533,10.130914688110352,8.116012573242188
1534,10.578150749206543,8.117616653442383
1535,11.275702476501465,8.119671821594238
1536,12.063580513000488,8.122238159179688
1537,10.127488136291504,8.123541831970215
1538,10.565990447998047,8.125129699707031
1539,9.233006477355957,8.125848770141602
1540,12.530912399291992,8.128707885742188
1541,11.860370635986328,8.131128311157227
1542,10.738502502441406,8.132817268371582
1543,10.794294357299805,8.134541511535645
1544,10.191272735595703,8.135872840881348
1545,6.090635299682617,8.134549140930176
1546,11.917046546936035,8.136994361877441
1547,12.482742309570312,8.139801979064941
1548,11.878705024719238,8.142215728759766
1549,10.910734176635742,8.144001960754395
1550,9.70556640625,8.145008087158203
1551,8.652591705322266,8.14533519744873
1552,11.40466594696045,8.14743423461914
1553,12.866724967956543,8.150470733642578
1554,11.133651733398438,8.152389526367188
1555,10.44876480102539,8.153865814208984
1556,10.983023643493652,8.155682563781738
1557,10.002089500427246,8.156867980957031
1558,12.91793441772461,8.159921646118164
1559,12.316302299499512,8.162586212158203
1560,11.53109359741211,8.16474437713623
1561,10.263801574707031,8.166088104248047
1562,11.17810344696045,8.168014526367188
1563,11.646114349365234,8.170239448547363
1564,11.587414741516113,8.172422409057617
1565,12.314835548400879,8.175067901611328
1566,10.580039978027344,8.176602363586426
1567,11.125909805297852,8.178483963012695
1568,9.729673385620117,8.179471969604492
1569,12.158212661743164,8.1820068359375
1570,10.05552864074707,8.183198928833008
1571,11.658677101135254,8.185409545898438
1572,11.75152587890625,8.187677383422852
1573,9.947091102600098,8.18879508972168
1574,13.1136474609375,8.19192123413086
1575,10.898846626281738,8.193638801574707
1576,13.113221168518066,8.196758270263672
1577,11.085250854492188,8.198588371276855
1578,12.48878002166748,8.201306343078613
1579,10.779476165771484,8.202938079833984
1580,11.280101776123047,8.20488452911377
1581,9.241190910339355,8.20553970336914
1582,14.010315895080566,8.209206581115723
1583,11.951091766357422,8.211568832397461
1584,14.18643856048584,8.215338706970215
1585,10.929801940917969,8.217049598693848
1586,11.590051651000977,8.219175338745117
1587,9.035256385803223,8.21968936920166
1588,12.346057891845703,8.222285270690918
1589,10.536513328552246,8.223740577697754
1590,13.331586837768555,8.226951599121094
1591,10.789284706115723,8.228561401367188
1592,13.040277481079102,8.231581687927246
1593,12.103304862976074,8.234010696411133
1594,9.016216278076172,8.234500885009766
1595,11.89486312866211,8.236794471740723
1596,12.214555740356445,8.239285469055176
1597,11.864273071289062,8.24155330657959
1598,13.505631446838379,8.24484634399414
1599,13.117951393127441,8.247891426086426
1600,11.147344589233398,8.249703407287598
1601,13.849992752075195,8.253198623657227
1602,13.612385749816895,8.25654125213623
1603,11.568450927734375,8.25860595703125
1604,12.725051879882812,8.261388778686523
1605,13.310235977172852,8.264533042907715
1606,11.479063987731934,8.266533851623535
1607,9.419099807739258,8.267250061035156
1608,14.242109298706055,8.270963668823242
1609,10.811824798583984,8.272541999816895
1610,11.811605453491211,8.274738311767578
1611,11.764795303344727,8.27690315246582
1612,12.415416717529297,8.279468536376953
1613,12.326069831848145,8.281975746154785
1614,11.395973205566406,8.283904075622559
1615,11.487702369689941,8.28588581085205
1616,13.828298568725586,8.289313316345215
1617,13.972061157226562,8.292825698852539
1618,12.519301414489746,8.29543685913086
1619,14.761624336242676,8.29942798614502
1620,11.672210693359375,8.301507949829102
1621,14.793438911437988,8.305510520935059
1622,12.44040298461914,8.30805778503418
1623,12.130366325378418,8.31041145324707
1624,13.922157287597656,8.313864707946777
1625,12.925989151000977,8.31670093536377
1626,13.672464370727539,8.319993019104004
1627,13.11217212677002,8.32293701171875
1628,13.120149612426758,8.325881958007812
1629,9.12096118927002,8.326369285583496
1630,12.249783515930176,8.328775405883789
1631,11.987935066223145,8.33101749420166
1632,10.416994094848633,8.332295417785645
1633,12.401117324829102,8.334785461425781
1634,11.948118209838867,8.336995124816895
1635,8.662191390991211,8.337194442749023
1636,13.784313201904297,8.340521812438965
1637,12.28314208984375,8.342928886413574
1638,11.599968910217285,8.344915390014648
1639,15.192131996154785,8.349090576171875
1640,12.104856491088867,8.35137939453125
1641,8.058297157287598,8.351201057434082
1642,11.761571884155273,8.353276252746582
1643,14.110652923583984,8.356778144836426
1644,13.368959426879883,8.359825134277344
1645,11.184805870056152,8.361541748046875
1646,6.346855640411377,8.360318183898926
1647,14.557731628417969,8.364078521728516
1648,15.108609199523926,8.368168830871582
1649,7.251513481140137,8.36749267578125
1650,9.550779342651367,8.368208885192871
1651,7.205678939819336,8.367505073547363
1652,9.249171257019043,8.36803913116455
1653,8.651252746582031,8.368209838867188
1654,11.608905792236328,8.370168685913086
1655,14.690469741821289,8.373985290527344
1656,12.96766185760498,8.376757621765137
1657,11.11986255645752,8.378412246704102
1658,8.939336776733398,8.37874984741211
1659,7.887163162231445,8.378454208374023
1660,11.724091529846191,8.380467414855957
1661,5.275522232055664,8.378599166870117
1662,5.9694504737854,8.377151489257812
1663,11.452129364013672,8.378998756408691
1664,8.093297958374023,8.378828048706055
1665,7.0782880783081055,8.378046989440918
1666,10.852930068969727,8.379530906677246
1667,8.669017791748047,8.379704475402832
1668,6.927254676818848,8.37883472442627
1669,7.407534599304199,8.378252983093262
1670,4.5262250900268555,8.375947952270508
1671,11.471078872680664,8.377799034118652
1672,10.680235862731934,8.379175186157227
1673,5.288315296173096,8.377328872680664
1674,8.761090278625488,8.377557754516602
1675,9.435894012451172,8.378189086914062
1676,8.216752052307129,8.378092765808105
1677,6.9215874671936035,8.377224922180176
1678,5.386415481567383,8.375443458557129
1679,10.301017761230469,8.37658977508545
1680,9.090970993041992,8.377015113830566
1681,12.292343139648438,8.379342079162598
1682,11.8758544921875,8.381420135498047
1683,15.745542526245117,8.38579273223877
1684,14.414350509643555,8.38936996459961
1685,14.01414680480957,8.392705917358398
1686,13.466068267822266,8.395712852478027
1687,9.955175399780273,8.396636962890625
1688,10.598913192749023,8.397940635681152
1689,13.337936401367188,8.400863647460938
1690,11.295904159545898,8.402575492858887
1691,10.504752159118652,8.403818130493164
1692,15.775690078735352,8.408172607421875
1693,14.28946304321289,8.411643981933594
1694,11.400690078735352,8.413407325744629
1695,11.577338218688965,8.41527271270752
1696,11.975931167602539,8.417370796203613
1697,11.371280670166016,8.419110298156738
1698,12.696769714355469,8.42162799835205
1699,8.956934928894043,8.421942710876465
1700,9.28819465637207,8.422451972961426
1701,8.616708755493164,8.422566413879395
1702,9.220232963562012,8.42303466796875
1703,6.685884475708008,8.422015190124512
1704,8.768108367919922,8.422218322753906
1705,9.446903228759766,8.422819137573242
1706,9.541154861450195,8.423474311828613
1707,8.924971580505371,8.423768043518066
1708,7.31173038482666,8.423117637634277
1709,9.13234806060791,8.423532485961914
1710,9.609146118164062,8.424225807189941
1711,7.382333755493164,8.423617362976074
1712,9.29371452331543,8.424124717712402
1713,6.932170867919922,8.42325496673584
1714,9.006418228149414,8.423595428466797
1715,5.405824184417725,8.421836853027344
1716,9.809468269348145,8.422645568847656
1717,5.738933563232422,8.421083450317383
1718,6.404653072357178,8.419909477233887
1719,5.232089996337891,8.41805648803711
1720,-5.095272541046143,8.410204887390137
1721,9.309245109558105,8.410726547241211
1722,-5.29792594909668,8.40277099609375
1723,11.704922676086426,8.404685974121094
1724,7.53124475479126,8.404179573059082
1725,6.211065292358398,8.402909278869629
1726,13.219612121582031,8.4056978225708
1727,7.092380523681641,8.404938697814941
1728,6.689637184143066,8.403945922851562
1729,9.849464416503906,8.404781341552734
1730,6.429229736328125,8.403640747070312
1731,10.104809761047363,8.404623031616211
1732,7.78143310546875,8.404263496398926
1733,5.8021955490112305,8.402762413024902
1734,7.782770156860352,8.40240478515625
1735,9.596524238586426,8.403093338012695
1736,7.523568153381348,8.402586936950684
1737,8.119296073913574,8.402423858642578
1738,7.956044673919678,8.402167320251465
1739,7.971358776092529,8.4019193649292
1740,7.824025630950928,8.40158748626709
1741,5.756288528442383,8.400069236755371
1742,8.067413330078125,8.399877548217773
1743,7.5862884521484375,8.39941120147705
1744,6.098598957061768,8.398093223571777
1745,7.739465236663818,8.39771556854248
1746,7.786266326904297,8.39736557006836
1747,10.341583251953125,8.398477554321289
1748,7.2802019119262695,8.397838592529297
1749,8.727754592895508,8.398026466369629
1750,8.490931510925293,8.398079872131348
1751,8.293733596801758,8.39802074432373
1752,7.755755424499512,8.39765453338623
1753,9.290608406066895,8.398163795471191
1754,9.977458000183105,8.399063110351562
1755,8.473368644714355,8.3991060256958
1756,9.850013732910156,8.399931907653809
1757,9.631217956542969,8.40063190460205
1758,7.988237380981445,8.400397300720215
1759,10.062435150146484,8.401341438293457
1760,10.858826637268066,8.40273666381836
1761,10.864839553833008,8.404134750366211
1762,8.864191055297852,8.40439510345459
1763,9.012353897094727,8.404740333557129
1764,8.850251197814941,8.404993057250977
1765,8.93525218963623,8.405293464660645
1766,8.00256633758545,8.405065536499023
1767,8.310798645019531,8.405012130737305
1768,7.644925594329834,8.404582023620605
1769,7.679720878601074,8.404172897338867
1770,8.15675163269043,8.404033660888672
1771,8.121053695678711,8.403873443603516
1772,9.248181343078613,8.404349327087402
1773,7.62139368057251,8.403907775878906
1774,9.713748931884766,8.404645919799805
1775,7.910404205322266,8.404367446899414
1776,8.087353706359863,8.404189109802246
1777,9.170733451843262,8.404620170593262
1778,9.991501808166504,8.405511856079102
1779,8.041215896606445,8.40530776977539
1780,8.440159797668457,8.405326843261719
1781,8.556225776672363,8.405411720275879
1782,8.452141761779785,8.405438423156738
1783,9.315996170043945,8.405948638916016
1784,7.945363998413086,8.405691146850586
1785,8.193260192871094,8.405571937561035
1786,7.9694695472717285,8.405327796936035
1787,6.892792701721191,8.404481887817383
1788,9.961071014404297,8.405351638793945
1789,9.787485122680664,8.406124114990234
1790,10.232229232788086,8.407143592834473
1791,8.700627326965332,8.407307624816895
1792,9.196176528930664,8.407747268676758
1793,9.103382110595703,8.408135414123535
1794,7.721862316131592,8.407752990722656
1795,8.116249084472656,8.40758991241455
1796,8.32785701751709,8.407546043395996
1797,7.710190296173096,8.407157897949219
1798,8.844640731811523,8.407401084899902
1799,8.553131103515625,8.407482147216797
1800,8.362763404846191,8.40745735168457
1801,8.027555465698242,8.407245635986328
1802,5.235686302185059,8.405487060546875
1803,7.05613374710083,8.404738426208496
1804,6.8305583000183105,8.403865814208984
1805,7.96478271484375,8.403623580932617
1806,8.972627639770508,8.403938293457031
1807,7.6065778732299805,8.403496742248535
1808,9.212930679321289,8.40394401550293
1809,8.584025382995605,8.404044151306152
1810,9.485004425048828,8.404641151428223
1811,8.50459098815918,8.404696464538574
1812,9.957695960998535,8.405552864074707
1813,8.946696281433105,8.405851364135742
1814,10.835721969604492,8.407190322875977
1815,12.430936813354492,8.409405708312988
1816,12.541169166564941,8.4116792678833
1817,12.038683891296387,8.413674354553223
1818,12.4632568359375,8.415901184082031
1819,12.792623519897461,8.418305397033691
1820,12.451666831970215,8.420520782470703
1821,12.576005935668945,8.422801971435547
1822,13.544034004211426,8.425610542297363
1823,13.429919242858887,8.428354263305664
1824,12.911737442016602,8.430810928344727
1825,12.052635192871094,8.432794570922852
1826,12.468348503112793,8.435004234313965
1827,12.728225708007812,8.437352180480957
1828,12.988956451416016,8.439841270446777
1829,13.327125549316406,8.442511558532715
1830,13.352670669555664,8.44519329071045
1831,12.707447052001953,8.44752025604248
1832,13.767104148864746,8.450422286987305
1833,12.153477668762207,8.452441215515137
1834,12.3063325881958,8.454541206359863
1835,11.733590126037598,8.456327438354492
1836,12.072065353393555,8.458295822143555
1837,12.718400001525879,8.460614204406738
1838,12.494853973388672,8.462807655334473
1839,12.602248191833496,8.465057373046875
1840,11.986564636230469,8.466970443725586
1841,11.52457332611084,8.468629837036133
1842,12.930506706237793,8.471051216125488
1843,11.809478759765625,8.472861289978027
1844,12.35306167602539,8.47496509552002
1845,11.756258010864258,8.4767427444458
1846,12.843642234802246,8.479106903076172
1847,12.260476112365723,8.48115348815918
1848,12.21611499786377,8.483173370361328
1849,11.133156776428223,8.484604835510254
1850,11.358161926269531,8.486157417297363
1851,12.687627792358398,8.488426208496094
1852,12.468470573425293,8.49057388305664
1853,10.88287353515625,8.491864204406738
1854,12.044654846191406,8.493780136108398
1855,12.978141784667969,8.496196746826172
1856,11.921833992004395,8.498041152954102
1857,13.166451454162598,8.500553131103516
1858,12.374019622802734,8.502636909484863
1859,12.999300956726074,8.505054473876953
1860,12.694524765014648,8.507305145263672
1861,15.112772941589355,8.510852813720703
1862,16.131248474121094,8.51494312286377
1863,15.1670560836792,8.518511772155762
1864,14.788736343383789,8.52187442779541
1865,14.186555862426758,8.524909973144531
1866,15.29171085357666,8.528533935546875
1867,15.076028823852539,8.532039642333984
1868,14.984583854675293,8.535491943359375
1869,14.575200080871582,8.538721084594727
1870,14.295398712158203,8.541797637939453
1871,13.870851516723633,8.544645309448242
1872,13.884076118469238,8.54749584197998
1873,13.62601089477539,8.55020523071289
1874,14.11077880859375,8.553171157836914
1875,14.17529010772705,8.556167602539062
1876,14.311614990234375,8.559233665466309
1877,14.555709838867188,8.562426567077637
1878,14.471773147583008,8.565571784973145
1879,15.18539810180664,8.569092750549316
1880,15.33174991607666,8.572688102722168
1881,15.851081848144531,8.576556205749512
1882,14.59251594543457,8.579751014709473
1883,14.356168746948242,8.582817077636719
1884,15.135926246643066,8.58629322052002
1885,14.277992248535156,8.589311599731445
1886,14.900453567504883,8.592656135559082
1887,14.685718536376953,8.5958833694458
1888,14.917468070983887,8.59922981262207
1889,15.366981506347656,8.60280990600586
1890,13.988815307617188,8.605658531188965
1891,14.75654411315918,8.608909606933594
1892,14.776453018188477,8.612168312072754
1893,14.43531608581543,8.615242958068848
1894,11.862144470214844,8.616955757141113
1895,13.738285064697266,8.619657516479492
1896,11.797128677368164,8.621332168579102
1897,14.128763198852539,8.624234199523926
1898,14.774168968200684,8.627472877502441
1899,14.242258071899414,8.630427360534668
1900,14.161139488220215,8.63333797454834
1901,14.023667335510254,8.636171340942383
1902,12.798871040344238,8.638359069824219
1903,14.143630981445312,8.641250610351562
1904,15.040656089782715,8.644610404968262
1905,11.95140266418457,8.646345138549805
1906,13.147669792175293,8.64870548248291
1907,12.513877868652344,8.650731086730957
1908,12.0104398727417,8.652490615844727
1909,11.644845962524414,8.654057502746582
1910,11.659337997436523,8.655631065368652
1911,13.108963966369629,8.657959938049316
1912,13.609149932861328,8.660548210144043
1913,12.652227401733398,8.662633895874023
1914,11.955879211425781,8.664353370666504
1915,13.222064018249512,8.666731834411621
1916,12.727713584899902,8.668850898742676
1917,13.022786140441895,8.671121597290039
1918,13.066156387329102,8.673412322998047
1919,12.797446250915527,8.675559043884277
1920,12.890935897827148,8.677753448486328
1921,11.057910919189453,8.67899227142334
1922,13.279252052307129,8.681385040283203
1923,12.737472534179688,8.683493614196777
1924,13.710575103759766,8.686104774475098
1925,12.700216293334961,8.688189506530762
1926,12.468863487243652,8.69015121459961
1927,13.883756637573242,8.69284439086914
1928,10.97320556640625,8.694026947021484
1929,12.711578369140625,8.696107864379883
1930,10.31863784790039,8.696948051452637
1931,11.921316146850586,8.698616981506348
1932,14.256223678588867,8.701492309570312
1933,13.359058380126953,8.703900337219238
1934,15.19644832611084,8.707256317138672
1935,14.563013076782227,8.710280418395996
1936,13.95272159576416,8.712987899780273
1937,14.805980682373047,8.716132164001465
1938,14.3583984375,8.71904182434082
1939,13.30384635925293,8.721405982971191
1940,14.199848175048828,8.724227905273438
1941,14.129110336303711,8.727010726928711
1942,13.468932151794434,8.729451179504395
1943,13.837194442749023,8.73207950592041
1944,13.50274658203125,8.73453140258789
1945,13.15792465209961,8.736804962158203
1946,14.304998397827148,8.739665031433105
1947,13.294361114501953,8.742003440856934
1948,14.00343132019043,8.744702339172363
1949,14.20454216003418,8.747503280639648
1950,14.475751876831055,8.750439643859863
1951,14.08564567565918,8.753172874450684
1952,13.431024551391602,8.755568504333496
1953,11.732667922973633,8.757091522216797
1954,15.513806343078613,8.760547637939453
1955,15.738720893859863,8.764115333557129
1956,15.854970932006836,8.767738342285156
1957,14.043079376220703,8.77043342590332
1958,15.089420318603516,8.773658752441406
1959,12.661430358886719,8.775642395019531
1960,12.596227645874023,8.77759075164795
1961,13.767311096191406,8.780134201049805
1962,14.146430969238281,8.782867431640625
1963,13.686366081237793,8.785364151000977
1964,14.1857328414917,8.78811264038086
1965,13.118210792541504,8.790315628051758
1966,13.880266189575195,8.792902946472168
1967,12.98002815246582,8.79503059387207
1968,12.949323654174805,8.797141075134277
1969,13.351631164550781,8.799452781677246
1970,13.151857376098633,8.801661491394043
1971,13.016407012939453,8.803797721862793
1972,10.755691528320312,8.804787635803223
1973,13.640156745910645,8.80723762512207
1974,13.883204460144043,8.809806823730469
1975,12.142472267150879,8.811493873596191
1976,11.076092720031738,8.812639236450195
1977,11.954803466796875,8.814228057861328
1978,12.612353324890137,8.816147804260254
1979,11.983850479125977,8.817748069763184
1980,13.018192291259766,8.819868087768555
1981,12.933541297912598,8.821943283081055
1982,13.216833114624023,8.824159622192383
1983,13.676399230957031,8.826604843139648
1984,14.124166488647461,8.82927417755127
1985,12.490872383117676,8.831117630004883
1986,12.44178295135498,8.832934379577637
1987,13.018692970275879,8.835040092468262
1988,14.068721771240234,8.837671279907227
1989,14.508174896240234,8.840520858764648
1990,13.362351417541504,8.842792510986328
1991,12.783699989318848,8.844770431518555
1992,13.106071472167969,8.846908569335938
1993,12.632699012756348,8.848807334899902
1994,14.066905975341797,8.851422309875488
1995,13.876646041870117,8.8539400100708
1996,13.46438980102539,8.85624885559082
1997,14.770088195800781,8.859209060668945
1998,12.77139663696289,8.861166000366211
1999,13.830240249633789,8.86365032196045
2000,13.322952270507812,8.86587905883789
2001,11.516475677490234,8.867201805114746
2002,14.292206764221191,8.869911193847656
2003,8.701993942260742,8.869826316833496
2004,9.855915069580078,8.870318412780762
2005,8.831931114196777,8.870299339294434
2006,7.7435197830200195,8.869738578796387
2007,7.914450645446777,8.869261741638184
2008,10.859207153320312,8.87025260925293
2009,9.53398609161377,8.870582580566406
2010,8.273015975952148,8.870285987854004
2011,10.590805053710938,8.871140480041504
2012,8.946483612060547,8.87117862701416
2013,8.552457809448242,8.871020317077637
2014,8.547235488891602,8.870859146118164
2015,9.19352912902832,8.87101936340332
2016,10.270432472229004,8.871712684631348
2017,7.52490758895874,8.871045112609863
2018,6.900507926940918,8.87006950378418
2019,11.478772163391113,8.871360778808594
2020,3.5746636390686035,8.868739128112793
2021,8.630654335021973,8.868621826171875
2022,4.3868889808654785,8.866406440734863
2023,8.3611478805542,8.866156578063965
2024,10.506120681762695,8.866966247558594
2025,9.974553108215332,8.867513656616211
2026,6.221819877624512,8.86620807647705
2027,12.603395462036133,8.868051528930664
2028,8.027914047241211,8.867636680603027
2029,10.259732246398926,8.868322372436523
2030,5.593500137329102,8.866710662841797
2031,5.345906734466553,8.864977836608887
2032,10.872258186340332,8.865965843200684
2033,10.112052917480469,8.866578102111816
2034,9.563096046447754,8.86691951751709
2035,9.309896469116211,8.867137908935547
2036,6.773055076599121,8.866109848022461
2037,7.696685314178467,8.8655366897583
2038,10.709674835205078,8.866440773010254
2039,9.074602127075195,8.866541862487793
2040,7.733683109283447,8.865987777709961
2041,8.204081535339355,8.865662574768066
2042,8.19958782196045,8.865336418151855
2043,7.498623847961426,8.864667892456055
2044,15.225425720214844,8.867777824401855
2045,6.881036758422852,8.866806983947754
2046,9.202733039855957,8.866971015930176
2047,9.173050880432129,8.867120742797852
2048,7.058281898498535,8.86623764038086
2049,7.79727840423584,8.865716934204102
2050,8.102062225341797,8.865344047546387
2051,8.081413269042969,8.864962577819824
2052,7.715635776519775,8.864401817321777
2053,7.213225364685059,8.863597869873047
2054,9.061591148376465,8.86369514465332
2055,7.05259370803833,8.862813949584961
2056,7.615685939788818,8.862207412719727
2057,5.409145355224609,8.860528945922852
2058,9.126461029052734,8.860658645629883
2059,9.370735168457031,8.860906600952148
2060,8.39065170288086,8.860677719116211
2061,8.242780685424805,8.86037826538086
2062,8.839214324951172,8.860367774963379
2063,8.440423965454102,8.860164642333984
2064,7.600669860839844,8.859554290771484
2065,8.84239387512207,8.859545707702637
2066,4.414086818695068,8.85739517211914
2067,8.407506942749023,8.857177734375
2068,10.896768569946289,8.858163833618164
2069,7.158075332641602,8.857342720031738
2070,8.93964672088623,8.857381820678711
2071,7.769343376159668,8.856857299804688
2072,8.300081253051758,8.856589317321777
2073,6.640222072601318,8.855520248413086
2074,7.03292179107666,8.854641914367676
2075,6.2789201736450195,8.853402137756348
2076,3.619415283203125,8.850881576538086
2077,6.134905815124512,8.84957504272461
2078,3.9410319328308105,8.847213745117188
2079,6.6432342529296875,8.84615421295166
2080,7.9300971031188965,8.84571361541748
2081,5.308635711669922,8.844014167785645
2082,6.694789409637451,8.84298324584961
2083,4.867122650146484,8.84107494354248
2084,6.988443851470947,8.840187072753906
2085,6.751377105712891,8.83918571472168
2086,8.073159217834473,8.838817596435547
2087,5.445742607116699,8.83719253540039
2088,6.646389484405518,8.83614444732666
2089,7.801619052886963,8.835648536682129
2090,5.437346458435059,8.834023475646973
2091,6.930703163146973,8.833114624023438
2092,6.170853614807129,8.831841468811035
2093,6.914143085479736,8.830925941467285
2094,6.262531757354736,8.829699516296387
2095,10.872221946716309,8.830674171447754
2096,5.489433288574219,8.829081535339355
2097,7.531039237976074,8.828462600708008
2098,5.40179443359375,8.826830863952637
2099,3.8653013706207275,8.824467658996582
2100,-0.43744534254074097,8.820059776306152
2101,0.263100802898407,8.81598949432373
2102,8.456748008728027,8.815818786621094
2103,1.0648386478424072,8.8121337890625
2104,5.591153621673584,8.810604095458984
2105,4.981088638305664,8.808785438537598
2106,1.9836485385894775,8.805546760559082
2107,2.258667230606079,8.802440643310547
2108,1.3394947052001953,8.79890251159668
2109,-0.798924446105957,8.794353485107422
2110,2.646672487258911,8.791440963745117
2111,2.5560803413391113,8.78848934173584
2112,3.2149317264556885,8.78585147857666
2113,1.9516299962997437,8.782618522644043
2114,-0.012905709445476532,8.778459548950195
2115,4.692812919616699,8.776528358459473
2116,3.683631181716919,8.774123191833496
2117,1.0277132987976074,8.770465850830078
2118,0.880262017250061,8.766741752624512
2119,1.1960827112197876,8.76317024230957
2120,3.8431856632232666,8.76085090637207
2121,3.911924362182617,8.758565902709961
2122,1.4486466646194458,8.755123138427734
2123,1.166446566581726,8.751550674438477
2124,1.3023306131362915,8.748044967651367
2125,4.3036298751831055,8.745954513549805
2126,2.0220301151275635,8.742793083190918
2127,4.164780139923096,8.740640640258789
2128,0.04244320094585419,8.736556053161621
2129,-1.2024496793746948,8.731888771057129
2130,-1.0075156688690186,8.72731876373291
2131,-0.9929254055023193,8.722760200500488
2132,-1.9019997119903564,8.717778205871582
2133,0.12437983602285385,8.713751792907715
2134,0.9989327788352966,8.710138320922852
2135,2.2343342304229736,8.707106590270996
2136,-0.40466272830963135,8.702842712402344
2137,-0.10255876928567886,8.698723793029785
2138,1.8242099285125732,8.695509910583496
2139,0.9282899498939514,8.691880226135254
2140,1.0042593479156494,8.688288688659668
2141,-1.0995063781738281,8.683719635009766
2142,-0.9054087996482849,8.679244995117188
2143,2.7080211639404297,8.676460266113281
2144,15.21776294708252,8.679509162902832
2145,14.003914833068848,8.681989669799805
2146,14.877514839172363,8.68487548828125
2147,15.189756393432617,8.68790340423584
2148,14.993475914001465,8.690837860107422
2149,14.477373123168945,8.69352912902832
2150,13.249186515808105,8.695647239685059
2151,14.043797492980957,8.698132514953613
2152,13.9827299118042,8.700586318969727
2153,14.659167289733887,8.703352928161621
2154,14.17552375793457,8.705891609191895
2155,14.641332626342773,8.70864486694336
2156,15.910320281982422,8.711983680725098
2157,14.026071548461914,8.714445114135742
2158,14.392278671264648,8.71707534790039
2159,14.55014419555664,8.719776153564453
2160,14.298788070678711,8.722357749938965
2161,14.974618911743164,8.725250244140625
2162,14.98706340789795,8.728144645690918
2163,14.179269790649414,8.730663299560547
2164,12.190763473510742,8.73226261138916
2165,13.273956298828125,8.734358787536621
2166,15.487069129943848,8.73747444152832
2167,15.089211463928223,8.740405082702637
2168,13.210591316223145,8.74246597290039
2169,13.825504302978516,8.744808197021484
2170,13.10911750793457,8.746818542480469
2171,15.060491561889648,8.749725341796875
2172,14.775583267211914,8.752498626708984
2173,11.809369087219238,8.753904342651367
2174,14.434333801269531,8.756515502929688
2175,12.889389991760254,8.758415222167969
2176,14.705873489379883,8.761146545410156
2177,14.035862922668457,8.763567924499512
2178,14.583043098449707,8.766239166259766
2179,14.52488899230957,8.768880844116211
2180,14.830193519592285,8.771659851074219
2181,14.632967948913574,8.774346351623535
2182,14.815644264221191,8.777113914489746
2183,14.482327461242676,8.779726028442383
2184,16.440683364868164,8.783232688903809
2185,15.37055492401123,8.786246299743652
2186,16.008522033691406,8.78954792022705
2187,14.624164581298828,8.792215347290039
2188,14.304080963134766,8.794734001159668
2189,14.760917663574219,8.79745864868164
2190,12.95400619506836,8.799354553222656
2191,14.051575660705566,8.801751136779785
2192,14.266378402709961,8.804242134094238
2193,13.612088203430176,8.80643367767334
2194,14.810310363769531,8.809168815612793
2195,14.347698211669922,8.811690330505371
2196,11.78367805480957,8.813043594360352
2197,12.997502326965332,8.814947128295898
2198,14.86672592163086,8.817699432373047
2199,14.611662864685059,8.820332527160645
2200,16.158334732055664,8.8236665725708
2201,14.019111633300781,8.82602596282959
2202,14.0449800491333,8.82839584350586
2203,15.039857864379883,8.831212997436523
2204,15.558904647827148,8.834264755249023
2205,14.509507179260254,8.836836814880371
2206,13.657651901245117,8.839021682739258
2207,15.806379318237305,8.842177391052246
2208,14.18514633178711,8.844595909118652
2209,16.10015296936035,8.847879409790039
2210,13.605630874633789,8.850030899047852
2211,13.054986953735352,8.85193157196045
2212,12.084599494934082,8.853391647338867
2213,15.538291931152344,8.856411933898926
2214,12.855347633361816,8.858217239379883
2215,15.796380043029785,8.861348152160645
2216,13.950040817260742,8.863643646240234
2217,14.906569480895996,8.86636734008789
2218,15.131324768066406,8.86919116973877
2219,12.912854194641113,8.871011734008789
2220,13.479320526123047,8.873085975646973
2221,0.03812938183546066,8.869111061096191
2222,1.9964511394500732,8.866019248962402
2223,4.032519340515137,8.863845825195312
2224,1.543060541152954,8.860555648803711
2225,4.075757026672363,8.858406066894531
2226,0.3515511155128479,8.854586601257324
2227,-0.4964790344238281,8.85038948059082
2228,0.9074431657791138,8.846826553344727
2229,4.419968605041504,8.844841003417969
2230,1.480839490890503,8.841540336608887
2231,0.2940237820148468,8.837711334228516
2232,0.8436169624328613,8.834131240844727
2233,-0.010466651059687138,8.830172538757324
2234,1.773723840713501,8.827014923095703
2235,4.469859600067139,8.825066566467285
2236,4.534733772277832,8.823148727416992
2237,6.547818183898926,8.822132110595703
2238,0.5333218574523926,8.818429946899414
2239,6.054998397827148,8.817195892333984
2240,2.3492136001586914,8.814310073852539
2241,0.6424592733383179,8.810665130615234
2242,-1.5931422710418701,8.806026458740234
2243,-3.1739661693573,8.800687789916992
2244,3.4416582584381104,8.798300743103027
2245,5.764174461364746,8.79694938659668
2246,3.2771968841552734,8.794493675231934
2247,-2.5029125213623047,8.789467811584473
2248,6.775141716003418,8.788572311401367
2249,3.4924254417419434,8.786218643188477
2250,3.7715063095092773,8.783990859985352
2251,0.3871566355228424,8.780261993408203
2252,2.650906801223755,8.777541160583496
2253,7.789011001586914,8.77710247039795
2254,1.1992062330245972,8.77374267578125
2255,-2.479618549346924,8.768754005432129
2256,6.771390914916992,8.767868995666504
2257,-1.111850380897522,8.763493537902832
2258,1.346156120300293,8.760210037231445
2259,1.2766697406768799,8.756898880004883
2260,6.168692588806152,8.755753517150879
2261,6.146448135375977,8.754600524902344
2262,4.03824520111084,8.752516746520996
2263,4.625295639038086,8.750693321228027
2264,3.3781557083129883,8.748321533203125
2265,3.0842971801757812,8.745821952819824
2266,4.838352203369141,8.744098663330078
2267,5.204583168029785,8.742538452148438
2268,2.2186050415039062,8.739663124084473
2269,5.940151214599609,8.738429069519043
2270,0.08515086770057678,8.734619140625
2271,4.53861141204834,8.732772827148438
2272,3.852519989013672,8.73062515258789
2273,0.3725862503051758,8.726949691772461
2274,2.262249231338501,8.72410774230957
2275,3.608630895614624,8.721860885620117
2276,1.8777360916137695,8.718854904174805
2277,-0.8017719388008118,8.714674949645996
2278,4.336356163024902,8.712753295898438
2279,3.521976947784424,8.710476875305176
2280,-0.1313120424747467,8.706600189208984
2281,0.799441397190094,8.70313549041748
2282,2.421964168548584,8.700384140014648
2283,2.3873023986816406,8.697619438171387
2284,-0.5455120801925659,8.693574905395508
2285,3.9732859134674072,8.691509246826172
2286,0.5893635749816895,8.687967300415039
2287,3.0994601249694824,8.685524940490723
2288,0.36727455258369446,8.681890487670898
2289,3.3213675022125244,8.679550170898438
2290,2.1852638721466064,8.676715850830078
2291,1.1087727546691895,8.67341423034668
2292,6.840110778808594,8.672614097595215
2293,-6.868711471557617,8.665839195251465
2294,-1.5332950353622437,8.661395072937012
2295,3.089674711227417,8.658968925476074
2296,1.651688575744629,8.65591812133789
2297,4.104719161987305,8.653938293457031
2298,1.2391985654830933,8.650712966918945
2299,4.352126598358154,8.648843765258789
2300,-3.189666271209717,8.643698692321777
2301,2.7680490016937256,8.641145706176758
2302,-0.16226863861083984,8.637323379516602
2303,7.265118598937988,8.636728286743164
2304,4.160027027130127,8.634785652160645
2305,0.8628976941108704,8.631415367126465
2306,-12.238265991210938,8.622369766235352
2307,5.419745445251465,8.62098217010498
2308,8.80017375946045,8.621060371398926
2309,2.419806957244873,8.618375778198242
2310,3.4657821655273438,8.616145133972168
2311,3.7947747707366943,8.614060401916504
2312,4.916522979736328,8.61246109008789
2313,4.317194938659668,8.610605239868164
2314,-2.78813099861145,8.605680465698242
2315,-3.6207642555236816,8.600400924682617
2316,-1.2848763465881348,8.596135139465332
2317,0.8130925893783569,8.592777252197266
2318,4.477721214294434,8.591002464294434
2319,2.80879545211792,8.588510513305664
2320,0.20417289435863495,8.584897994995117
2321,-1.6404147148132324,8.58049488067627
2322,0.41216492652893066,8.576977729797363
2323,1.805044174194336,8.574064254760742
2324,-4.797746658325195,8.568313598632812
2325,-0.6293478012084961,8.564358711242676
2326,5.151467800140381,8.56289291381836
2327,7.066249370574951,8.562250137329102
2328,3.8119401931762695,8.560210227966309
2329,6.331027030944824,8.559253692626953
2330,4.874665260314941,8.557672500610352
2331,6.881695747375488,8.556953430175781
2332,3.9030542373657227,8.55495834350586
2333,-7.341001510620117,8.548148155212402
2334,7.368302822113037,8.547642707824707
2335,3.7959790229797363,8.545609474182129
2336,3.8448050022125244,8.543598175048828
2337,5.165280818939209,8.542153358459473
2338,0.40318605303764343,8.538673400878906
2339,-2.7309205532073975,8.533857345581055
2340,-2.828017473220825,8.529004096984863
2341,-1.0329705476760864,8.524921417236328
2342,-7.096601486206055,8.518254280090332
2343,0.41310277581214905,8.51479721069336
2344,2.1234378814697266,8.512070655822754
2345,1.7505956888198853,8.509188652038574
2346,-1.274080514907837,8.505020141601562
2347,-3.998056650161743,8.499695777893066
2348,4.96510124206543,8.498190879821777
2349,9.18920612335205,8.49848461151123
2350,6.6335530281066895,8.49769115447998
2351,-0.5186576843261719,8.493857383728027
2352,0.6236138343811035,8.49051284790039
2353,1.9766039848327637,8.48774528503418
2354,-2.2010927200317383,8.483206748962402
2355,-0.03501538932323456,8.47959041595459
2356,-5.635830879211426,8.473601341247559
2357,0.9865614175796509,8.470426559448242
2358,2.2122535705566406,8.4677734375
2359,1.5982637405395508,8.464862823486328
2360,1.9713726043701172,8.462112426757812
2361,-0.3455609083175659,8.458383560180664
2362,5.940526008605957,8.457318305969238
2363,0.8541678190231323,8.4541015625
2364,-2.679436683654785,8.449394226074219
2365,5.4175262451171875,8.448112487792969
2366,-4.246391773223877,8.442749977111816
2367,8.386444091796875,8.442726135253906
2368,2.337021589279175,8.440149307250977
2369,4.009422779083252,8.438279151916504
2370,-0.6948032379150391,8.434427261352539
2371,-0.49937281012535095,8.43066120147705
2372,0.9726142287254333,8.427517890930176
2373,3.2225654125213623,8.425325393676758
2374,3.3227057456970215,8.423176765441895
2375,3.839299201965332,8.421247482299805
2376,0.9424775242805481,8.418102264404297
2377,-1.6373887062072754,8.413873672485352
2378,7.1982316970825195,8.413362503051758
2379,2.9501760005950928,8.411066055297852
2380,2.8448877334594727,8.40872859954834
2381,5.425586700439453,8.407476425170898
2382,3.4253957271575928,8.405385971069336
2383,4.286474704742432,8.403658866882324
2384,1.612968921661377,8.400811195373535
2385,6.869839668273926,8.400169372558594
2386,4.0830302238464355,8.398361206054688
2387,1.7388570308685303,8.395572662353516
2388,2.766683578491211,8.393217086791992
2389,0.977916419506073,8.390113830566406
2390,-4.5936431884765625,8.384683609008789
2391,2.862165927886963,8.38237476348877
2392,9.394044876098633,8.382798194885254
2393,9.38259220123291,8.38321590423584
2394,-2.482095241546631,8.378678321838379
2395,-1.4239680767059326,8.374587059020996
2396,-5.907202243804932,8.368629455566406
2397,-1.5335367918014526,8.364500999450684
2398,5.684928894042969,8.363384246826172
2399,5.5630693435668945,8.36221694946289
2400,5.176959991455078,8.36089038848877
2401,4.064481735229492,8.359102249145508
2402,-3.336649179458618,8.35423469543457
2403,-4.149461269378662,8.34903335571289
2404,-10.679189682006836,8.341121673583984
2405,-2.1880812644958496,8.336745262145996
2406,6.404595851898193,8.335942268371582
2407,1.6336054801940918,8.333158493041992
2408,4.2972002029418945,8.331482887268066
2409,-0.6859928369522095,8.327741622924805
2410,5.363215923309326,8.326512336730957
2411,1.0237269401550293,8.323484420776367
2412,0.08278144896030426,8.320069313049316
2413,2.161158561706543,8.31751823425293
2414,-0.6985595226287842,8.3137845993042
2415,1.218023419380188,8.310847282409668
2416,3.9329733848571777,8.309036254882812
2417,0.49158066511154175,8.305804252624512
2418,2.3186821937561035,8.303328514099121
2419,0.661471426486969,8.3001708984375
2420,4.1313796043396,8.29844856262207
2421,4.960000038146973,8.297070503234863
2422,-2.3018345832824707,8.292695999145508
2423,3.073697090148926,8.290543556213379
2424,-2.789320707321167,8.285974502563477
2425,-3.2278976440429688,8.281228065490723
2426,-6.445036888122559,8.275160789489746
2427,-7.158212661743164,8.268803596496582
2428,1.9672296047210693,8.266209602355957
2429,1.1354323625564575,8.263275146484375
2430,-1.42885160446167,8.25928783416748
2431,0.33623623847961426,8.256030082702637
2432,2.2287609577178955,8.253552436828613
2433,-4.991423606872559,8.248109817504883
2434,-0.8145031332969666,8.244388580322266
2435,10.504323959350586,8.245315551757812
2436,-1.5245535373687744,8.24130630493164
2437,-0.8290168046951294,8.237586975097656
2438,0.7176807522773743,8.234502792358398
2439,-2.86535382270813,8.22995376586914
2440,-4.034641265869141,8.224929809570312
2441,5.161116123199463,8.223674774169922
2442,-2.918295383453369,8.21911334991455
2443,3.018878936767578,8.216986656188965
2444,2.7323851585388184,8.214742660522461
2445,-2.7756717205047607,8.210249900817871
2446,8.532292366027832,8.210381507873535
2447,-0.13093693554401398,8.206974983215332
2448,0.05121098831295967,8.203643798828125
2449,-9.789055824279785,8.196300506591797
2450,-1.7374945878982544,8.19224739074707
2451,6.081514358520508,8.191386222839355
2452,-1.1300127506256104,8.187585830688477
2453,-5.931151390075684,8.181832313537598
2454,-1.397276520729065,8.17793083190918
2455,5.152244567871094,8.176698684692383
2456,-0.22439375519752502,8.173279762268066
2457,4.801797389984131,8.171908378601074
2458,-0.22243402898311615,8.16849422454834
2459,-0.5881527662277222,8.164935111999512
2460,0.6369102597236633,8.16187572479248
2461,-0.2287813425064087,8.158468246459961
2462,4.351034164428711,8.156922340393066
2463,5.556978702545166,8.155867576599121
2464,4.101183891296387,8.15422248840332
2465,2.5744078159332275,8.151959419250488
2466,-0.578805148601532,8.148421287536621
2467,1.6369813680648804,8.145782470703125
2468,-2.3418831825256348,8.141534805297852
2469,6.346621513366699,8.14080810546875
2470,0.050514064729213715,8.137534141540527
2471,2.4537882804870605,8.135233879089355
2472,1.4203810691833496,8.132518768310547
2473,6.01052188873291,8.131660461425781
2474,7.286687850952148,8.131319046020508
2475,0.13744886219501495,8.128090858459473
2476,4.563054084777832,8.1266508102417
2477,6.162992000579834,8.125858306884766
2478,8.30029582977295,8.12592887878418
2479,0.7878783345222473,8.122969627380371
2480,9.334156036376953,8.123457908630371
2481,1.6313843727111816,8.120841979980469
2482,0.9209786653518677,8.117942810058594
2483,1.3304803371429443,8.115209579467773
2484,-0.7806308269500732,8.111629486083984
2485,-14.209694862365723,8.102651596069336
2486,-0.7220953702926636,8.099102973937988
2487,-5.8861613273620605,8.093481063842773
2488,4.197326183319092,8.09191608428955
2489,-3.5884902477264404,8.087225914001465
2490,-3.8970236778259277,8.082414627075195
2491,4.6734395027160645,8.081047058105469
2492,-0.04524199292063713,8.077787399291992
2493,1.2700790166854858,8.075057029724121
2494,-5.4174394607543945,8.069649696350098
2495,-1.8309290409088135,8.065683364868164
2496,0.06578491628170013,8.062479972839355
2497,1.2044034004211426,8.059734344482422
2498,3.271374225616455,8.057818412780762
2499,11.66525650024414,8.059261322021484
2500,12.260852813720703,8.060941696166992
2501,5.42447566986084,8.059887886047363
2502,12.171586990356445,8.061531066894531
2503,7.7932257652282715,8.061423301696777
2504,13.48776912689209,8.063590049743652
2505,12.230015754699707,8.065252304077148
2506,9.545108795166016,8.065842628479004
2507,8.878655433654785,8.066166877746582
2508,11.914033889770508,8.067700386047363
2509,7.66450309753418,8.067540168762207
2510,7.127241611480713,8.06716537475586
2511,9.381539344787598,8.06768798828125
2512,10.862074851989746,8.06879997253418
2513,12.542961120605469,8.070579528808594
2514,10.393098831176758,8.071502685546875
2515,8.3604097366333,8.07161808013916
2516,10.243597984313965,8.072481155395508
2517,9.081782341003418,8.072882652282715
2518,8.532917022705078,8.073064804077148
2519,7.390838623046875,8.072793960571289
2520,10.454883575439453,8.073739051818848
2521,10.984267234802246,8.0748929977417
2522,7.692013263702393,8.07474136352539
2523,8.28933048248291,8.07482624053955
2524,10.839448928833008,8.075921058654785
2525,9.572487831115723,8.076513290405273
2526,10.794705390930176,8.07758903503418
2527,6.161725997924805,8.076831817626953
2528,10.706701278686523,8.077871322631836
2529,11.975001335144043,8.079411506652832
2530,8.598372459411621,8.07961654663086
2531,8.7620210647583,8.079886436462402
2532,11.201562881469727,8.0811185836792
2533,10.216254234313965,8.081960678100586
2534,12.279991149902344,8.083617210388184
2535,9.837228775024414,8.084308624267578
2536,8.867137908935547,8.084617614746094
2537,6.923192977905273,8.084159851074219
2538,13.405477523803711,8.08625602722168
2539,11.712695121765137,8.08768367767334
2540,9.547228813171387,8.088257789611816
2541,9.994787216186523,8.089007377624512
2542,11.40791130065918,8.090312957763672
2543,10.431570053100586,8.091233253479004
2544,9.619165420532227,8.09183406829834
2545,7.850811958312988,8.091739654541016
2546,10.217804908752441,8.092574119567871
2547,9.468547821044922,8.093114852905273
2548,10.527716636657715,8.094069480895996
2549,10.995521545410156,8.095207214355469
2550,11.985577583312988,8.096733093261719
2551,12.247318267822266,8.098360061645508
2552,10.82539176940918,8.099428176879883
2553,12.029243469238281,8.100966453552246
2554,12.987586975097656,8.102879524230957
2555,12.765655517578125,8.104703903198242
2556,8.26822280883789,8.104767799377441
2557,10.000799179077148,8.105508804321289
2558,6.875367164611816,8.105027198791504
2559,10.520301818847656,8.10597038269043
2560,12.952812194824219,8.107863426208496
2561,8.349623680114746,8.10795783996582
2562,7.664881229400635,8.107784271240234
2563,8.012720108032227,8.107748031616211
2564,8.37424373626709,8.1078519821167
2565,9.762945175170898,8.108497619628906
2566,11.823047637939453,8.109944343566895
2567,11.706999778747559,8.111345291137695
2568,11.212404251098633,8.11255168914795
2569,13.853474617004395,8.114786148071289
2570,8.54277515411377,8.114952087402344
2571,11.740413665771484,8.116361618041992
2572,10.73453426361084,8.117379188537598
2573,10.147464752197266,8.118168830871582
2574,11.678646087646484,8.119550704956055
2575,6.735241889953613,8.119012832641602
2576,9.755765914916992,8.119647979736328
2577,10.353950500488281,8.120514869689941
2578,11.212682723999023,8.121713638305664
2579,8.577482223510742,8.121891021728516
2580,11.524120330810547,8.123208999633789
2581,12.54727840423584,8.124921798706055
2582,10.751245498657227,8.12593936920166
2583,8.93121337890625,8.126251220703125
2584,6.869156360626221,8.125764846801758
2585,10.42957878112793,8.126655578613281
2586,5.913731575012207,8.125800132751465
2587,11.833209037780762,8.127233505249023
2588,9.517372131347656,8.12777042388916
2589,12.015893936157227,8.129271507263184
2590,8.719137191772461,8.129498481750488
2591,6.652863502502441,8.128929138183594
2592,3.962231159210205,8.12732219696045
2593,8.836945533752441,8.127595901489258
2594,6.365533828735352,8.126916885375977
2595,7.422299385070801,8.1266450881958
2596,4.717618942260742,8.125332832336426
2597,6.289024829864502,8.124625205993652
2598,3.9999661445617676,8.123038291931152
2599,6.06011438369751,8.122245788574219
2600,5.713816165924072,8.121318817138672
2601,7.1283769607543945,8.12093734741211
2602,4.378909111022949,8.119500160217285
2603,5.825017929077148,8.118618965148926
2604,5.798220634460449,8.117728233337402
2605,6.576156139373779,8.11713695526123
2606,6.614526748657227,8.116559982299805
2607,6.040833473205566,8.115764617919922
2608,4.548968315124512,8.114397048950195
2609,5.4614949226379395,8.113380432128906
2610,2.234609603881836,8.111128807067871
2611,7.020469665527344,8.110711097717285
2612,3.3134615421295166,8.108875274658203
2613,4.384921550750732,8.107450485229492
2614,4.422915935516357,8.10604190826416
2615,2.685413360595703,8.10396957397461
2616,5.554894924163818,8.102995872497559
2617,3.6912777423858643,8.101310729980469
2618,4.484898090362549,8.099928855895996
2619,4.356204509735107,8.09850025177002
2620,4.11606502532959,8.096980094909668
2621,5.642274856567383,8.096044540405273
2622,3.828057289123535,8.094417572021484
2623,5.481412410736084,8.09342098236084
2624,5.111566543579102,8.09228515625
2625,4.346042633056641,8.090858459472656
2626,4.2470598220825195,8.089394569396973
2627,5.135478496551514,8.08827018737793
2628,6.26496696472168,8.087576866149902
2629,4.9534831047058105,8.086385726928711
2630,5.441829681396484,8.085379600524902
2631,4.945868492126465,8.084186553955078
2632,5.85887336730957,8.083341598510742
2633,5.567655563354492,8.08238697052002
2634,2.581852912902832,8.080299377441406
2635,6.325491905212402,8.079634666442871
2636,4.502723693847656,8.078277587890625
2637,7.866572380065918,8.078197479248047
2638,1.8333656787872314,8.075831413269043
2639,4.8552446365356445,8.07461166381836
2640,3.582068681716919,8.07291030883789
2641,8.643848419189453,8.073126792907715
2642,2.6157946586608887,8.071062088012695
2643,4.403609275817871,8.06967544555664
2644,3.549903631210327,8.06796646118164
2645,4.237295627593994,8.066518783569336
2646,5.274215221405029,8.065463066101074
2647,5.725183486938477,8.064579010009766
2648,4.979164123535156,8.063414573669434
2649,4.15470552444458,8.061939239501953
2650,5.323580741882324,8.060906410217285
2651,5.478010177612305,8.059932708740234
2652,4.216048240661621,8.058484077453613
2653,6.85062837600708,8.058029174804688
2654,6.034910202026367,8.057267189025879
2655,5.0585246086120605,8.056138038635254
2656,6.896448135375977,8.055702209472656
2657,5.326694488525391,8.054675102233887
2658,1.2218611240386963,8.052105903625488
2659,3.433103322982788,8.050369262695312
2660,5.212339878082275,8.04930305480957
2661,6.476132392883301,8.048711776733398
2662,5.476627826690674,8.047746658325195
2663,6.5259270668029785,8.047174453735352
2664,6.65118932723999,8.046650886535645
2665,5.283559799194336,8.045614242553711
2666,8.35574722290039,8.045730590820312
2667,7.605109691619873,8.045565605163574
2668,6.346435070037842,8.044928550720215
2669,7.430549621582031,8.044697761535645
2670,6.287270545959473,8.044039726257324
2671,5.2621917724609375,8.042998313903809
2672,7.202000141143799,8.042683601379395
2673,6.8125410079956055,8.042223930358887
2674,7.281919479370117,8.041938781738281
2675,6.550436019897461,8.0413818359375
2676,6.810298919677734,8.040922164916992
2677,7.540053844451904,8.040735244750977
2678,12.831887245178223,8.042524337768555
2679,7.720181941986084,8.042404174804688
2680,9.840527534484863,8.043074607849121
2681,6.599908828735352,8.042535781860352
2682,8.1181001663208,8.042564392089844
2683,6.920255661010742,8.042145729064941
2684,8.732927322387695,8.042403221130371
2685,7.706665992736816,8.042278289794922
2686,7.527256011962891,8.042086601257324
2687,7.79362154006958,8.041994094848633
2688,9.092792510986328,8.04238510131836
2689,7.441091537475586,8.042160987854004
2690,7.01910924911499,8.041781425476074
2691,9.754040718078613,8.042417526245117
2692,7.2413010597229,8.042119979858398
2693,7.635593891143799,8.041969299316406
2694,11.446809768676758,8.043232917785645
2695,9.981231689453125,8.043951034545898
2696,9.036911964416504,8.044319152832031
2697,7.077221870422363,8.043961524963379
2698,6.52490234375,8.0433988571167
2699,7.805070400238037,8.043310165405273
2700,7.949041366577148,8.043274879455566
2701,9.723978996276855,8.04389762878418
2702,5.202712059020996,8.0428466796875
2703,7.912613868713379,8.042798042297363
2704,5.872260093688965,8.041996002197266
2705,8.724096298217773,8.042248725891113
2706,6.095962047576904,8.041529655456543
2707,6.746755599975586,8.041050910949707
2708,6.069854736328125,8.040323257446289
2709,6.886654376983643,8.039897918701172
2710,7.973600387573242,8.039873123168945
2711,8.254549026489258,8.039952278137207
2712,9.76352596282959,8.040587425231934
2713,5.111439228057861,8.039507865905762
2714,8.423053741455078,8.039649963378906
2715,9.695489883422852,8.04025936126709
2716,6.9629693031311035,8.039862632751465
2717,9.146049499511719,8.04026985168457
2718,9.978477478027344,8.040982246398926
2719,6.2667317390441895,8.04033088684082
2720,7.257215976715088,8.040042877197266
2721,9.553237915039062,8.04059886932373
2722,8.124089241027832,8.040629386901855
2723,7.141590595245361,8.040299415588379
2724,7.164299011230469,8.03997802734375
2725,8.019207954406738,8.039970397949219
2726,8.757466316223145,8.040233612060547
2727,7.435910701751709,8.040011405944824
2728,5.898388862609863,8.039227485656738
2729,7.792466163635254,8.03913688659668
2730,5.981925010681152,8.038383483886719
2731,6.82612943649292,8.03794002532959
2732,6.118696212768555,8.037238121032715
2733,6.367679595947266,8.036626815795898
2734,6.9825358390808105,8.03624153137207
2735,6.469290256500244,8.03566837310791
2736,7.485943794250488,8.035468101501465
2737,5.806214332580566,8.034653663635254
2738,7.981171131134033,8.034634590148926
2739,6.6052961349487305,8.034112930297852
2740,6.118650436401367,8.033413887023926
2741,7.578293800354004,8.033247947692871
2742,7.701645374298096,8.033126831054688
2743,7.785201549530029,8.033036231994629
2744,7.391310214996338,8.03280258178711
2745,7.681918144226074,8.032674789428711
2746,7.719387054443359,8.032560348510742
2747,6.759868621826172,8.032096862792969
2748,6.820342540740967,8.031656265258789
2749,8.32984447479248,8.03176498413086
2750,7.362028121948242,8.03152084350586
2751,8.485427856445312,8.031686782836914
2752,5.667331218719482,8.030827522277832
2753,10.32591724395752,8.031661033630371
2754,11.914222717285156,8.03307056427002
2755,12.693228721618652,8.034761428833008
2756,9.788455963134766,8.03539752960205
2757,9.682062149047852,8.035994529724121
2758,10.552815437316895,8.036907196044922
2759,8.197891235351562,8.036965370178223
2760,12.66368293762207,8.038640975952148
2761,10.428031921386719,8.039505958557129
2762,11.019129753112793,8.040584564208984
2763,12.085809707641602,8.042048454284668
2764,9.189361572265625,8.042463302612305
2765,10.863090515136719,8.043482780456543
2766,11.11933708190918,8.044594764709473
2767,8.876947402954102,8.04489517211914
2768,9.894204139709473,8.045562744140625
2769,11.287616729736328,8.046732902526855
2770,10.359530448913574,8.047568321228027
2771,11.339091300964355,8.048755645751953
2772,9.87797737121582,8.049415588378906
2773,10.260457038879395,8.050211906433105
2774,9.434916496276855,8.050711631774902
2775,12.023348808288574,8.052143096923828
2776,9.75356674194336,8.052755355834961
2777,11.677562713623047,8.054059982299805
2778,10.455924034118652,8.054924011230469
2779,10.6107759475708,8.0558443069458
2780,10.865724563598633,8.056854248046875
2781,8.236624717712402,8.05691909790039
2782,9.875436782836914,8.057572364807129
2783,10.69398307800293,8.058518409729004
2784,12.422969818115234,8.060086250305176
2785,11.22933578491211,8.061223030090332
2786,12.146018981933594,8.062688827514648
2787,12.087608337402344,8.064132690429688
2788,11.931048393249512,8.065519332885742
2789,13.815540313720703,8.067581176757812
2790,13.990375518798828,8.069703102111816
2791,10.226701736450195,8.070475578308105
2792,11.458457946777344,8.071688652038574
2793,9.711130142211914,8.072275161743164
2794,11.059534072875977,8.073344230651855
2795,11.722021102905273,8.0746488571167
2796,10.744056701660156,8.075603485107422
2797,10.992376327514648,8.076645851135254
2798,11.239479064941406,8.077775955200195
2799,11.019367218017578,8.078826904296875
2800,10.214444160461426,8.079588890075684
2801,10.2769193649292,8.080373764038086
2802,11.66645622253418,8.081652641296387
2803,11.950897216796875,8.083032608032227
2804,12.574888229370117,8.084633827209473
2805,12.335868835449219,8.086149215698242
2806,12.51356315612793,8.087726593017578
2807,12.529215812683105,8.08930778503418
2808,11.68674087524414,8.09058952331543
2809,11.901837348937988,8.09194564819336
2810,12.182132720947266,8.093400955200195
2811,11.102218627929688,8.094470024108887
2812,11.260448455810547,8.095595359802246
2813,12.12281322479248,8.097026824951172
2814,11.289849281311035,8.098160743713379
2815,11.050158500671387,8.09920883178711
2816,13.491880416870117,8.101123809814453
2817,11.662836074829102,8.102387428283691
2818,10.548797607421875,8.103255271911621
2819,12.84101390838623,8.104935646057129
2820,13.151961326599121,8.106724739074707
2821,11.655271530151367,8.10798168182373
2822,11.85851001739502,8.1093111038208
2823,12.563697814941406,8.110888481140137
2824,12.134719848632812,8.112312316894531
2825,10.910534858703613,8.113302230834961
2826,12.88403606414795,8.114990234375
2827,13.724593162536621,8.116973876953125
2828,10.450464248657227,8.117798805236816
2829,12.805317878723145,8.119455337524414
2830,11.466789245605469,8.120637893676758
2831,11.60056209564209,8.121866226196289
2832,10.891827583312988,8.122843742370605
2833,11.453572273254395,8.124019622802734
2834,11.675931930541992,8.125271797180176
2835,11.91257095336914,8.126606941223145
2836,12.615264892578125,8.128190040588379
2837,12.3333740234375,8.129671096801758
2838,12.488117218017578,8.131206512451172
2839,12.517412185668945,8.13275146484375
2840,12.632759094238281,8.1343355178833
2841,11.561569213867188,8.135541915893555
2842,12.628084182739258,8.13712215423584
2843,13.007078170776367,8.138834953308105
2844,12.446089744567871,8.140348434448242
2845,10.187748908996582,8.141067504882812
2846,12.825738906860352,8.14271354675293
2847,12.84427261352539,8.144364356994629
2848,13.860042572021484,8.146369934082031
2849,13.017923355102539,8.148078918457031
2850,11.732264518737793,8.149335861206055
2851,11.407240867614746,8.150479316711426
2852,14.43203353881836,8.152680397033691
2853,13.003856658935547,8.154380798339844
2854,12.269373893737793,8.155821800231934
2855,13.524304389953613,8.15770149230957
2856,12.966899871826172,8.159384727478027
2857,11.209529876708984,8.160451889038086
2858,10.941596984863281,8.16142463684082
2859,11.92561149597168,8.162740707397461
2860,12.856554985046387,8.16438102722168
2861,12.065532684326172,8.16574478149414
2862,11.570745468139648,8.1669340133667
2863,12.028560638427734,8.168282508850098
2864,11.79248332977295,8.169548034667969
2865,12.568598747253418,8.171082496643066
2866,12.432607650756836,8.172568321228027
2867,12.875880241394043,8.17420768737793
2868,12.749750137329102,8.175803184509277
2869,11.98771858215332,8.177131652832031
2870,10.863656997680664,8.178067207336426
2871,5.080408573150635,8.17698860168457
2872,6.175116539001465,8.176291465759277
2873,7.963564872741699,8.176217079162598
2874,6.647049903869629,8.17568588256836
2875,4.943539142608643,8.174561500549316
2876,7.614612102508545,8.17436695098877
2877,7.087390422821045,8.173989295959473
2878,7.130813121795654,8.173626899719238
2879,4.37326192855835,8.172307968139648
2880,7.833516597747803,8.17219066619873
2881,7.972888469696045,8.172121047973633
2882,7.891986846923828,8.17202377319336
2883,7.583438873291016,8.171819686889648
2884,4.735738754272461,8.170629501342773
2885,7.313284397125244,8.170331954956055
2886,5.844760417938232,8.169527053833008
2887,7.659543991088867,8.169350624084473
2888,7.61415433883667,8.169157981872559
2889,5.558414936065674,8.168254852294922
2890,9.351178169250488,8.16866397857666
2891,7.314732551574707,8.168368339538574
2892,6.532742500305176,8.167803764343262
2893,8.660849571228027,8.167973518371582
2894,2.3170831203460693,8.165952682495117
2895,5.021151542663574,8.16486644744873
2896,6.475305557250977,8.16428279876709
2897,7.52997350692749,8.164063453674316
2898,7.367640018463135,8.163788795471191
2899,8.311434745788574,8.163839340209961
2900,6.2666707038879395,8.163186073303223
2901,-0.33629852533340454,8.160257339477539
2902,7.352662086486816,8.159978866577148
2903,6.561760425567627,8.159429550170898
2904,6.122432231903076,8.15872859954834
2905,7.926917552947998,8.158648490905762
2906,7.058377265930176,8.158269882202148
2907,6.480027198791504,8.157692909240723
2908,6.022409915924072,8.15695858001709
2909,7.851175308227539,8.156853675842285
2910,5.980576992034912,8.156105995178223
2911,4.778674602508545,8.154946327209473
2912,7.542372703552246,8.154736518859863
2913,4.038113117218018,8.153324127197266
2914,0.8386406302452087,8.1508150100708
2915,5.296445369720459,8.149835586547852
2916,7.820568561553955,8.149723052978516
2917,6.308610439300537,8.149091720581055
2918,7.159426689147949,8.14875316619873
2919,5.829457759857178,8.14795970916748
2920,7.302037239074707,8.147669792175293
2921,7.064564228057861,8.147298812866211
2922,4.77074670791626,8.146143913269043
2923,5.168905735015869,8.145125389099121
2924,6.062589645385742,8.144413948059082
2925,2.255481243133545,8.142401695251465
2926,6.073756217956543,8.141695022583008
2927,6.441576957702637,8.141114234924316
2928,4.809045314788818,8.139976501464844
2929,5.346741199493408,8.139022827148438
2930,6.859615325927734,8.13858699798584
2931,5.530107498168945,8.137696266174316
2932,3.4804141521453857,8.1361083984375
2933,5.999297618865967,8.135380744934082
2934,7.757806301116943,8.135251998901367
2935,10.391731262207031,8.13602066040039
2936,5.749736785888672,8.135208129882812
2937,3.8057198524475098,8.133735656738281
2938,6.464649200439453,8.133167266845703
2939,6.921503067016602,8.132755279541016
2940,7.661760330200195,8.13259506225586
2941,6.156593322753906,8.13192367553711
2942,5.716338157653809,8.131102561950684
2943,5.832483291625977,8.130322456359863
2944,4.3473615646362305,8.129037857055664
2945,4.732740879058838,8.127884864807129
2946,5.391889572143555,8.12695598602295
2947,2.594231367111206,8.125079154968262
2948,2.5276315212249756,8.123181343078613
2949,5.190274715423584,8.122186660766602
2950,6.593050479888916,8.121668815612793
2951,-0.35077396035194397,8.11879825592041
2952,4.239193916320801,8.117484092712402
2953,5.013039588928223,8.116434097290039
2954,2.7900900840759277,8.114631652832031
2955,3.117664098739624,8.112940788269043
2956,4.697494029998779,8.111785888671875
2957,4.497643947601318,8.110564231872559
2958,4.880000114440918,8.109472274780273
2959,5.130404472351074,8.108466148376465
2960,4.269292831420898,8.107170104980469
2961,4.952261924743652,8.106104850769043
2962,5.0059003829956055,8.105058670043945
2963,4.418453693389893,8.103815078735352
2964,5.686920166015625,8.102999687194824
2965,6.231424331665039,8.102368354797363
2966,6.039417266845703,8.101673126220703
2967,6.39192008972168,8.101097106933594
2968,4.486895561218262,8.09988021850586
2969,7.808505058288574,8.09978199005127
2970,3.8704898357391357,8.098358154296875
2971,3.575493812561035,8.096837043762207
2972,2.9459962844848633,8.095104217529297
2973,4.799137115478516,8.093996047973633
2974,5.387416362762451,8.093085289001465
2975,2.9387831687927246,8.091353416442871
2976,7.560647010803223,8.09117603302002
2977,3.8479483127593994,8.089750289916992
2978,4.833785057067871,8.08865737915039
2979,3.209118604660034,8.087019920349121
2980,4.197231292724609,8.085715293884277
2981,4.586301326751709,8.084541320800781
2982,4.4358720779418945,8.083318710327148
2983,4.741755962371826,8.082199096679688
2984,6.790680408477783,8.081766128540039
2985,4.885863304138184,8.080696105957031
2986,4.080903053283691,8.079357147216797
2987,-0.8401119112968445,8.076372146606445
2988,2.5458855628967285,8.0745210647583
2989,6.571415901184082,8.074018478393555
2990,6.812540054321289,8.073596954345703
2991,7.68116569519043,8.073466300964355
2992,-1.3205819129943848,8.070327758789062
2993,2.8456029891967773,8.068582534790039
2994,4.3671369552612305,8.067346572875977
2995,6.123828411102295,8.06669807434082
2996,4.174009323120117,8.065399169921875
2997,5.339827060699463,8.064489364624023
2998,6.443306922912598,8.063948631286621
2999,3.9932804107666016,8.062592506408691
3000,5.8136887550354,8.061842918395996
3001,5.367465019226074,8.060945510864258
3002,5.378746509552002,8.060052871704102
3003,5.0248260498046875,8.059041976928711
3004,2.9954326152801514,8.057357788085938
3005,2.698336124420166,8.055575370788574
3006,3.4878528118133545,8.054056167602539
3007,4.374629020690918,8.05283260345459
3008,4.09710168838501,8.051518440246582
3009,4.881464958190918,8.05046558380127
3010,4.830612659454346,8.049395561218262
3011,3.9884936809539795,8.048047065734863
3012,4.218439102172852,8.04677677154541
3013,5.226977348327637,8.045841217041016
3014,6.053183555603027,8.04517936706543
3015,4.003082275390625,8.043839454650879
3016,3.6931519508361816,8.042397499084473
3017,2.5707485675811768,8.040584564208984
3018,4.464818000793457,8.039400100708008
3019,3.271106481552124,8.037821769714355
3020,6.449859619140625,8.0372953414917
3021,5.063174247741699,8.036311149597168
3022,4.1391096115112305,8.035021781921387
3023,4.3191680908203125,8.033792495727539
3024,4.24525260925293,8.032540321350098
3025,3.989802837371826,8.031205177307129
3026,4.216019630432129,8.02994441986084
3027,3.1806132793426514,8.028343200683594
3028,3.422211170196533,8.026822090148926
3029,5.169920921325684,8.02587890625
3030,5.781341075897217,8.025138854980469
3031,3.820829153060913,8.023752212524414
3032,4.757233142852783,8.022675514221191
3033,1.4861688613891602,8.02052116394043
3034,5.455917835235596,8.019675254821777
3035,5.036632537841797,8.018692970275879
3036,4.920261383056641,8.017672538757324
3037,1.8106805086135864,8.015629768371582
3038,-1.068457841873169,8.012639999389648
3039,2.8512587547302246,8.010942459106445
3040,2.3923697471618652,8.009095191955566
3041,6.145859241485596,8.008482933044434
3042,5.1295671463012695,8.007536888122559
3043,7.474162578582764,8.00736141204834
3044,3.485304832458496,8.005875587463379
3045,5.262664794921875,8.004975318908691
3046,3.907963752746582,8.003630638122559
3047,3.7377896308898926,8.00223159790039
3048,3.073535442352295,8.000615119934082
3049,3.046818733215332,7.998991012573242
3050,3.10556697845459,7.997386932373047
3051,7.37313175201416,7.997182369232178
3052,-0.20719414949417114,7.994494915008545
3053,4.560169696807861,7.993370532989502
3054,3.9509191513061523,7.992047309875488
3055,3.2826428413391113,7.990506649017334
3056,2.2510104179382324,7.988629341125488
3057,1.7579936981201172,7.986591815948486
3058,3.9909353256225586,7.98528528213501
3059,-3.542957305908203,7.981518268585205
3060,3.2841567993164062,7.979983329772949
3061,3.1031980514526367,7.978390693664551
3062,2.4450507164001465,7.976583957672119
3063,3.5476901531219482,7.9751386642456055
3064,-0.42024439573287964,7.9723992347717285
3065,1.279707908630371,7.970216274261475
3066,4.4927473068237305,7.969082355499268
3067,4.645503044128418,7.96799898147583
3068,2.028660535812378,7.966063499450684
3069,4.136098384857178,7.964816570281982
3070,4.788780212402344,7.96378231048584
3071,3.771846055984497,7.9624176025390625
3072,4.840819358825684,7.961401462554932
3073,5.1151204109191895,7.960475444793701
3074,4.592088222503662,7.959380149841309
3075,3.8624281883239746,7.958048343658447
3076,5.066473484039307,7.957108497619629
3077,5.31059455871582,7.956248760223389
3078,4.3916168212890625,7.95509147644043
3079,4.329928874969482,7.953914642333984
3080,4.884009838104248,7.952918529510498
3081,4.693618297576904,7.9518609046936035
3082,4.709080696105957,7.950809001922607
3083,4.683597087860107,7.94974946975708
3084,4.28679084777832,7.948562145233154
3085,5.091217041015625,7.947636604309082
3086,5.363426208496094,7.946799278259277
3087,5.801776885986328,7.946105003356934
3088,6.071680068969727,7.945498466491699
3089,7.0932512283325195,7.945222854614258
3090,5.140778541564941,7.944315433502197
3091,4.354529857635498,7.943154811859131
3092,9.864662170410156,7.9437761306762695
3093,10.19853401184082,7.944505214691162
3094,11.51054573059082,7.945657253265381
3095,10.385241508483887,7.946444988250732
3096,9.479804992675781,7.9469404220581055
3097,6.319553852081299,7.946414947509766
3098,9.063786506652832,7.946775913238525
3099,13.638689041137695,7.948612213134766
3100,11.851432800292969,7.949870586395264
3101,7.506612777709961,7.949727535247803
3102,6.916553497314453,7.949394226074219
3103,10.923723220825195,7.950352668762207
3104,11.591015815734863,7.9515252113342285
3105,10.604568481445312,7.9523797035217285
3106,7.14204740524292,7.95211935043335
3107,9.877954483032227,7.952739238739014
3108,6.612441062927246,7.952308177947998
3109,10.870312690734863,7.9532470703125
3110,9.337804794311523,7.9536919593811035
3111,8.140362739562988,7.953752040863037
3112,9.359319686889648,7.9542036056518555
3113,7.461589813232422,7.954045295715332
3114,10.839905738830566,7.9549713134765625
3115,10.751151084899902,7.955869197845459
3116,8.42380142211914,7.956019401550293
3117,9.611650466918945,7.956550121307373
3118,7.170032501220703,7.956297874450684
3119,10.474949836730957,7.9571051597595215
3120,10.328849792480469,7.957864761352539
3121,9.988636016845703,7.958515167236328
3122,9.15361213684082,7.958898067474365
3123,11.128496170043945,7.9599127769470215
3124,6.89086389541626,7.959570407867432
3125,7.1845622062683105,7.959322452545166
3126,9.864809036254883,7.95993185043335
3127,6.569826602935791,7.959487438201904
3128,8.627846717834473,7.959701061248779
3129,8.622823715209961,7.9599127769470215
3130,8.093978881835938,7.95995569229126
3131,6.95450496673584,7.959634780883789
3132,10.027139663696289,7.960294723510742
3133,10.061236381530762,7.960965156555176
3134,10.49319839477539,7.961772918701172
3135,9.34177303314209,7.962213039398193
3136,9.54734992980957,7.9627180099487305
3137,7.479883193969727,7.962564468383789
3138,9.592065811157227,7.963083744049072
3139,8.27253532409668,7.96318244934082
3140,9.236648559570312,7.963587760925293
3141,10.46281909942627,7.964383125305176
3142,10.395974159240723,7.9651570320129395
3143,10.042989730834961,7.965817928314209
3144,5.859320640563965,7.965147972106934
3145,8.590394973754883,7.965346813201904
3146,8.292734146118164,7.965450763702393
3147,9.433588027954102,7.965917110443115
3148,8.492631912231445,7.966084003448486
3149,6.905786514282227,7.965747833251953
3150,9.734057426452637,7.966309070587158
3151,8.66219711303711,7.966529846191406
3152,8.635284423828125,7.966741561889648
3153,7.689328193664551,7.966653823852539
3154,9.49118423461914,7.967136859893799
3155,10.399266242980957,7.967906951904297
3156,10.668460845947266,7.968762397766113
3157,9.742475509643555,7.969324111938477
3158,10.07000732421875,7.969988822937012
3159,8.77028751373291,7.970242023468018
3160,8.43895149230957,7.970390319824219
3161,9.964488983154297,7.9710211753845215
3162,7.954698085784912,7.9710164070129395
3163,9.010724067687988,7.971344470977783
3164,9.412110328674316,7.971799850463867
3165,9.59372329711914,7.972311973571777
3166,9.185667037963867,7.9726948738098145
3167,10.669784545898438,7.973546504974365
3168,8.233759880065918,7.973628997802734
3169,9.495305061340332,7.974109172821045
3170,10.698362350463867,7.974968433380127
3171,8.650382995605469,7.975181579589844
3172,10.615740776062012,7.976013660430908
3173,10.04162883758545,7.976664066314697
3174,8.842384338378906,7.976936340332031
3175,10.272623062133789,7.977659702301025
3176,-1.9329224824905396,7.974539756774902
3177,5.930871486663818,7.9738969802856445
3178,7.005516052246094,7.973592758178711
3179,4.922757625579834,7.972632884979248
3180,-3.634103536605835,7.968984127044678
3181,5.348203182220459,7.968160152435303
3182,2.2476906776428223,7.966362953186035
3183,6.754417896270752,7.965982437133789
3184,4.867863178253174,7.9650092124938965
3185,5.919566631317139,7.964367389678955
3186,2.7721352577209473,7.962738037109375
3187,6.463290214538574,7.9622673988342285
3188,3.2219033241271973,7.960781097412109
3189,5.693131446838379,7.960070610046387
3190,5.154912948608398,7.95919132232666
3191,3.9310240745544434,7.957929611206055
3192,5.321303367614746,7.957104206085205
3193,5.142233371734619,7.956223011016846
3194,4.94785213470459,7.9552812576293945
3195,9.410204887390137,7.95573616027832
3196,7.757181644439697,7.955674171447754
3197,10.619184494018555,7.956507205963135
3198,6.617606163024902,7.956088542938232
3199,5.501733303070068,7.955321788787842
3200,5.413233757019043,7.954527854919434
3201,5.178985595703125,7.95366096496582
3202,6.717873573303223,7.953275680541992
3203,2.942763328552246,7.951712131500244
3204,7.1026082038879395,7.951447486877441
3205,6.1510138511657715,7.950885772705078
3206,5.845985412597656,7.950229167938232
3207,7.629149436950684,7.95012903213501
3208,9.618730545043945,7.950649261474609
3209,6.373051643371582,7.950157642364502
3210,9.064347267150879,7.950504779815674
3211,6.780271053314209,7.950139999389648
3212,6.821301460266113,7.949789047241211
3213,9.667008399963379,7.950323581695557
3214,8.382710456848145,7.95045804977417
3215,8.764566421508789,7.950710773468018
3216,12.50241756439209,7.952125549316406
3217,12.944210052490234,7.953676700592041
3218,6.858117580413818,7.953336238861084
3219,2.34749436378479,7.951595306396484
3220,9.09365463256836,7.9519500732421875
3221,5.440663814544678,7.951170444488525
3222,8.209774017333984,7.9512505531311035
3223,6.672427177429199,7.9508538246154785
3224,5.762495517730713,7.950174808502197
3225,5.157049179077148,7.9493088722229
3226,4.995133399963379,7.948393821716309
3227,5.471439838409424,7.947626113891602
3228,7.15444803237915,7.947380542755127
3229,5.706582546234131,7.946686744689941
3230,7.174732208251953,7.946447849273682
3231,8.69865608215332,7.946680545806885
3232,7.4461750984191895,7.946525573730469
3233,10.027008056640625,7.947168827056885
3234,5.737968444824219,7.946485996246338
3235,9.117522239685059,7.946847915649414
3236,4.925657749176025,7.9459147453308105
3237,5.714625835418701,7.945225715637207
3238,6.1753034591674805,7.944679260253906
3239,5.492454528808594,7.943922519683838
3240,6.2558722496032715,7.943401336669922
3241,5.261712074279785,7.942574501037598
3242,7.564923286437988,7.942457675933838
3243,8.837531089782715,7.9427337646484375
3244,3.464203119277954,7.941353797912598
3245,6.223974704742432,7.94082498550415
3246,2.922598123550415,7.939279079437256
3247,4.502361297607422,7.938220977783203
3248,6.214313983917236,7.937690734863281
3249,6.316901206970215,7.937191486358643
3250,6.597653388977051,7.936779499053955
3251,9.03791618347168,7.937118053436279
3252,6.5155839920043945,7.936681270599365
3253,7.326296806335449,7.936493396759033
3254,6.725049018859863,7.936120986938477
3255,8.793880462646484,7.936384201049805
3256,11.885451316833496,7.937596321105957
3257,6.90753698348999,7.937280654907227
3258,12.024035453796387,7.938534259796143
3259,8.2298583984375,7.938623905181885
3260,6.99466609954834,7.9383344650268555
3261,4.333773136138916,7.937229156494141
3262,6.844594955444336,7.936894416809082
3263,7.500509262084961,7.936760425567627
3264,8.987524032592773,7.937082290649414
3265,7.4401068687438965,7.936930179595947
3266,9.974564552307129,7.937553882598877
3267,7.783742427825928,7.937506675720215
3268,1.9703518152236938,7.935681343078613
3269,7.465948104858398,7.935537815093994
3270,7.25177001953125,7.935328960418701
3271,8.218070983886719,7.935415744781494
3272,8.145916938781738,7.935480117797852
3273,8.740262031555176,7.935725688934326
3274,8.387468338012695,7.935863494873047
3275,7.089919567108154,7.935605525970459
3276,7.721591949462891,7.935539722442627
3277,6.716203689575195,7.9351677894592285
3278,5.958244800567627,7.93456506729126
3279,8.87767219543457,7.934852600097656
3280,8.733044624328613,7.93509578704834
3281,6.2356276512146,7.934577941894531
3282,6.033944129943848,7.933999061584473
3283,7.493032455444336,7.933864593505859
3284,8.332785606384277,7.933985710144043
3285,7.871668815612793,7.933966636657715
3286,9.31782341003418,7.934387683868408
3287,7.93178653717041,7.934386730194092
3288,7.728300094604492,7.934324264526367
3289,7.986201763153076,7.934340000152588
3290,4.264786243438721,7.933225154876709
3291,7.672994136810303,7.9331464767456055
3292,7.715468406677246,7.933080196380615
3293,6.2228593826293945,7.932560920715332
3294,7.590569972991943,7.932456970214844
3295,6.702866554260254,7.932084083557129
3296,5.341599464416504,7.93129825592041
3297,7.105471611022949,7.9310479164123535
3298,10.389810562133789,7.931793212890625
3299,3.779876232147217,7.930534839630127
3300,9.37944507598877,7.930974006652832
3301,5.056459903717041,7.930103302001953
3302,9.053507804870605,7.930443286895752
3303,7.888582229614258,7.9304304122924805
3304,6.140551567077637,7.92988920211792
3305,5.931980133056641,7.929284572601318
3306,5.919622421264648,7.928677082061768
3307,7.666480541229248,7.928597450256348
3308,7.003162384033203,7.928318023681641
3309,5.8608479499816895,7.927693843841553
3310,8.199068069458008,7.927775859832764
3311,8.6077299118042,7.927980899810791
3312,3.9592361450195312,7.926783084869385
3313,5.193958759307861,7.925958156585693
3314,2.0727200508117676,7.924192428588867
3315,5.063037395477295,7.9233293533325195
3316,2.739227771759033,7.92176628112793
3317,2.2071549892425537,7.9200439453125
3318,2.359520435333252,7.918368339538574
3319,2.8685050010681152,7.9168477058410645
3320,3.175172805786133,7.915420055389404
3321,4.073042392730713,7.914262771606445
3322,2.2055253982543945,7.9125447273254395
3323,4.497939109802246,7.91151762008667
3324,10.054342269897461,7.9121623039245605
3325,4.938907146453857,7.91126823425293
3326,4.0238800048828125,7.910099983215332
3327,7.864665985107422,7.910086631774902
3328,7.985128879547119,7.91010856628418
3329,3.2994768619537354,7.908723831176758
3330,3.9626216888427734,7.907539367675781
3331,3.602884292602539,7.906247615814209
3332,3.6850085258483887,7.9049811363220215
3333,7.532841682434082,7.90487003326416
3334,2.1351234912872314,7.903139591217041
3335,6.525550842285156,7.902726650238037
3336,4.186774253845215,7.901613235473633
3337,4.245881080627441,7.900518417358398
3338,2.918668031692505,7.899025917053223
3339,6.474928379058838,7.898599624633789
3340,5.412158966064453,7.897855281829834
3341,2.3336567878723145,7.896190643310547
3342,-3.8956964015960693,7.89266300201416
3343,2.5209176540374756,7.891056537628174
3344,5.401830196380615,7.890312671661377
3345,0.6404650807380676,7.888145923614502
3346,5.676303863525391,7.887485027313232
3347,2.2637977600097656,7.885805130004883
3348,6.153507232666016,7.885288238525391
3349,4.478384971618652,7.884271144866943
3350,8.984434127807617,7.884599685668945
3351,3.7778141498565674,7.883374214172363
3352,4.079575538635254,7.882239818572998
3353,5.710043430328369,7.881592750549316
3354,6.9440107345581055,7.881312847137451
3355,9.015205383300781,7.881650924682617
3356,8.70726203918457,7.88189697265625
3357,6.207580089569092,7.8813982009887695
3358,4.788456439971924,7.880477428436279
3359,0.8675558567047119,7.878389835357666
3360,3.489165782928467,7.877083778381348
3361,5.488604545593262,7.876373291015625
3362,7.4839019775390625,7.876256942749023
3363,2.9040613174438477,7.874778747558594
3364,5.733217239379883,7.874142169952393
3365,4.718138694763184,7.873204708099365
3366,5.478208065032959,7.872493267059326
3367,6.91560697555542,7.872209548950195
3368,4.473804950714111,7.871201038360596
3369,5.392630100250244,7.870465278625488
3370,10.442533493041992,7.8712286949157715
3371,4.992027759552002,7.870375156402588
3372,1.887450933456421,7.868600845336914
3373,4.52751350402832,7.867610454559326
3374,7.325468063354492,7.86745023727417
3375,-1.3377861976623535,7.8647236824035645
3376,-1.178022861480713,7.862045764923096
3377,12.745318412780762,7.863491535186768
3378,6.577643394470215,7.86311149597168
3379,2.6784300804138184,7.861577033996582
3380,3.8426904678344727,7.860388278961182
3381,0.8337218761444092,7.858310699462891
3382,7.144429683685303,7.858099460601807
3383,6.7928667068481445,7.857784748077393
3384,7.351666450500488,7.857635498046875
3385,5.4654436111450195,7.856928825378418
3386,-2.6807117462158203,7.853816986083984
3387,5.807990074157715,7.853213310241699
3388,9.17044734954834,7.853601932525635
3389,6.497838020324707,7.8532023429870605
3390,9.175065040588379,7.853592395782471
3391,8.35124683380127,7.853739261627197
3392,8.065698623657227,7.853801727294922
3393,7.308620452880859,7.853641033172607
3394,7.816317081451416,7.853630065917969
3395,7.7001495361328125,7.8535847663879395
3396,9.113059997558594,7.853955268859863
3397,7.614212989807129,7.853884696960449
3398,8.524540901184082,7.854082107543945
3399,8.322473526000977,7.854219913482666
3400,7.9096784591674805,7.854236125946045
3401,9.9495210647583,7.854852199554443
3402,8.880274772644043,7.855153560638428
3403,6.935478210449219,7.854883670806885
3404,12.654916763305664,7.856293201446533
3405,7.652466773986816,7.8562331199646
3406,8.6441650390625,7.856464385986328
3407,9.329153060913086,7.856896877288818
3408,9.844070434570312,7.857479572296143
3409,10.167533874511719,7.858157157897949
3410,8.825425148010254,7.85844087600708
3411,8.395279884338379,7.858598232269287
3412,7.884505271911621,7.858605861663818
3413,7.5913405418396,7.858527660369873
3414,8.284523963928223,7.858652591705322
3415,11.84958267211914,7.85982084274292
3416,9.410226821899414,7.860274791717529
3417,8.280613899230957,7.860397815704346
3418,11.240973472595215,7.861386299133301
3419,9.131604194641113,7.861757755279541
3420,11.588887214660645,7.862847328186035
3421,6.810307025909424,7.862539768218994
3422,7.646393299102783,7.862476825714111
3423,7.608513355255127,7.86240291595459
3424,7.54637336730957,7.862310886383057
3425,8.521346092224121,7.8625030517578125
3426,10.449947357177734,7.863257884979248
3427,8.932183265686035,7.863569736480713
3428,10.106569290161133,7.864223957061768
3429,9.039424896240234,7.864566326141357
3430,5.99066686630249,7.864020347595215
3431,7.9827494621276855,7.8640546798706055
3432,8.299284934997559,7.8641815185546875
3433,6.9987897872924805,7.863929271697998
3434,8.449399948120117,7.864099502563477
3435,9.244171142578125,7.864500999450684
3436,9.618456840515137,7.865011692047119
3437,7.99074125289917,7.865047931671143
3438,12.253543853759766,7.866324424743652
3439,11.46008586883545,7.867369174957275
3440,6.090812683105469,7.866852760314941
3441,9.771865844726562,7.867405891418457
3442,7.644115447998047,7.867341041564941
3443,10.468805313110352,7.868096351623535
3444,9.919791221618652,7.868692398071289
3445,7.014960289001465,7.868444442749023
3446,8.730453491210938,7.86869478225708
3447,10.335606575012207,7.869410037994385
3448,6.793082237243652,7.86909818649292
3449,9.078597068786621,7.869448661804199
3450,8.02688217163086,7.869494438171387
3451,10.954092025756836,7.870387554168701
3452,8.28551197052002,7.870507717132568
3453,9.983378410339355,7.871119022369385
3454,8.486892700195312,7.871297359466553
3455,9.24764347076416,7.871695518493652
3456,8.314769744873047,7.871823787689209
3457,6.68646764755249,7.871480464935303
3458,5.769649028778076,7.870872974395752
3459,6.962673664093018,7.87061071395874
3460,8.538374900817871,7.8708038330078125
3461,9.868287086486816,7.871380805969238
3462,7.463852882385254,7.871263027191162
3463,9.735471725463867,7.871801376342773
3464,6.503083229064941,7.871406555175781
3465,8.810277938842773,7.871677398681641
3466,5.358958721160889,7.87095308303833
3467,8.577478408813477,7.871156692504883
3468,8.596724510192871,7.871366024017334
3469,11.125059127807617,7.8723039627075195
3470,6.568512916564941,7.8719282150268555
3471,6.018120765686035,7.871394157409668
3472,9.846511840820312,7.871962547302246
3473,8.661918640136719,7.872189998626709
3474,7.78555154800415,7.872165203094482
3475,8.0933837890625,7.872228622436523
3476,7.5353312492370605,7.872131824493408
3477,7.6661057472229,7.872072696685791
3478,8.635579109191895,7.872291564941406
3479,9.566625595092773,7.872778415679932
3480,7.843710899353027,7.872770309448242
3481,7.776383399963379,7.872742652893066
3482,4.901861190795898,7.871890068054199
3483,11.293828964233398,7.8728718757629395
3484,8.287657737731934,7.872990608215332
3485,6.287416458129883,7.872535705566406
3486,8.514755249023438,7.872720241546631
3487,9.929306030273438,7.873310089111328
3488,9.835905075073242,7.873872756958008
3489,10.84058952331543,7.874722480773926
3490,8.449746131896973,7.874886989593506
3491,7.523069858551025,7.874786376953125
3492,7.4028639793396,7.874650955200195
3493,6.270098686218262,7.874191761016846
3494,8.005379676818848,7.874229431152344
3495,9.547869682312012,7.87470817565918
3496,10.601998329162598,7.87548828125
3497,6.897796630859375,7.875208854675293
3498,7.778228759765625,7.875180721282959
3499,7.984208106994629,7.8752121925354
3500,7.529651641845703,7.875113487243652
3501,8.115371704101562,7.875181674957275
3502,7.6848464012146,7.875127792358398
3503,7.8596954345703125,7.875123023986816
3504,10.70814037322998,7.875931739807129
3505,12.417792320251465,7.877227306365967
3506,8.534558296203613,7.877414703369141
3507,9.451528549194336,7.87786340713501
3508,7.239315032958984,7.877681732177734
3509,6.670788764953613,7.877337455749512
3510,6.269906044006348,7.876879692077637
3511,8.6701021194458,7.877105712890625
3512,8.847319602966309,7.877381801605225
3513,7.111278533935547,7.877163887023926
3514,8.793364524841309,7.877424240112305
3515,8.937206268310547,7.877725601196289
3516,7.625260353088379,7.877654075622559
3517,7.130512714385986,7.877441883087158
3518,9.151982307434082,7.877803802490234
3519,10.765934944152832,7.878624439239502
3520,6.156641006469727,7.8781352043151855
3521,8.963289260864258,7.878443241119385
3522,9.98587417602539,7.87904167175293
3523,8.159769058227539,7.87912130355835
3524,10.489563941955566,7.879861831665039
3525,7.159275054931641,7.879657745361328
3526,8.066193580627441,7.879710674285889
3527,7.023684501647949,7.879467964172363
3528,7.737807273864746,7.879428386688232
3529,7.888813018798828,7.879430770874023
3530,8.833145141601562,7.879701137542725
3531,7.6621809005737305,7.879639625549316
3532,6.159069061279297,7.879152297973633
3533,5.8892011642456055,7.878589153289795
3534,7.556206703186035,7.878498077392578
3535,5.993913650512695,7.877964973449707
3536,8.443734169006348,7.878124713897705
3537,6.212944030761719,7.877654075622559
3538,6.996645927429199,7.877405166625977
3539,7.801492214202881,7.877383708953857
3540,8.599990844726562,7.87758731842041
3541,7.0545172691345215,7.877355098724365
3542,7.1040239334106445,7.877136707305908
3543,6.724852561950684,7.876811504364014
3544,7.079761028289795,7.8765869140625
3545,6.006193161010742,7.876059055328369
3546,6.401239395141602,7.875643253326416
3547,8.233943939208984,7.875744342803955
3548,9.147639274597168,7.876102924346924
3549,6.3892598152160645,7.875683784484863
3550,6.760376930236816,7.875369548797607
3551,7.041110992431641,7.8751349449157715
3552,7.047791957855225,7.87490177154541
3553,7.41573429107666,7.874772548675537
3554,6.854343891143799,7.874485015869141
3555,8.161782264709473,7.874566078186035
3556,5.28153657913208,7.873836994171143
3557,7.067046642303467,7.873610019683838
3558,9.077654838562012,7.873948574066162
3559,9.765962600708008,7.8744797706604
3560,8.560949325561523,7.8746724128723145
3561,8.001251220703125,7.87470817565918
3562,9.17192268371582,7.875072479248047
3563,8.189849853515625,7.8751606941223145
3564,6.803985118865967,7.8748602867126465
3565,8.587275505065918,7.875060081481934
3566,8.602091789245605,7.875263690948486
3567,7.543019771575928,7.875170707702637
3568,8.763336181640625,7.875419616699219
3569,9.033710479736328,7.875743865966797
3570,6.509078025817871,7.875361442565918
3571,8.675841331481934,7.875585556030273
3572,9.852575302124023,7.876139163970947
3573,7.994070529937744,7.876172065734863
3574,5.63620662689209,7.875545978546143
3575,8.944076538085938,7.875844478607178
3576,5.7630133628845215,7.875253677368164
3577,8.978943824768066,7.8755621910095215
3578,7.444987773895264,7.875442028045654
3579,7.051953315734863,7.8752121925354
3580,7.675837516784668,7.875156402587891
3581,8.345148086547852,7.875288009643555
3582,6.513240337371826,7.874907970428467
3583,10.054769515991211,7.875515937805176
3584,8.932881355285645,7.8758111000061035
3585,4.55303955078125,7.874884605407715
3586,6.6839141845703125,7.874552249908447
3587,6.126739978790283,7.874065399169922
3588,8.167542457580566,7.874147415161133
3589,10.089369773864746,7.874764442443848
3590,6.767404556274414,7.87445592880249
3591,8.799798965454102,7.87471342086792
3592,7.2718305587768555,7.874545574188232
3593,7.703081130981445,7.874497890472412
3594,7.978193283081055,7.8745269775390625
3595,6.852614402770996,7.874242782592773
3596,7.227372169494629,7.874063014984131
3597,6.4290361404418945,7.873661518096924
3598,9.498368263244629,7.874112606048584
3599,8.258359909057617,7.8742194175720215
3600,-0.9111818075180054,7.871779441833496
3601,-1.8828895092010498,7.869071006774902
3602,2.363173007965088,7.8675432205200195
3603,-3.814620018005371,7.864301681518555
3604,-3.684840202331543,7.861097812652588
3605,-1.3785487413406372,7.858535289764404
3606,-6.029148101806641,7.854685306549072
3607,-3.582292079925537,7.851515293121338
3608,-1.1683259010314941,7.849016189575195
3609,-1.3831820487976074,7.846458911895752
3610,-2.182657480239868,7.843681335449219
3611,-2.5796990394592285,7.840795516967773
3612,-2.3042874336242676,7.837987422943115
3613,-2.262523651123047,7.835192680358887
3614,-1.831902027130127,7.832518577575684
3615,-3.3999319076538086,7.82941198348999
3616,-3.5407731533050537,7.826268672943115
3617,-3.673980712890625,7.823090076446533
3618,-2.794349193572998,7.820156097412109
3619,-4.378189563751221,7.816786289215088
3620,-6.863279819488525,7.812731742858887
3621,-2.660839796066284,7.809840679168701
3622,-2.566474676132202,7.806976318359375
3623,-2.421607732772827,7.804153919219971
3624,-2.810941696166992,7.801225662231445
3625,-4.683667182922363,7.7977824211120605
3626,-3.1828525066375732,7.794754981994629
3627,-0.2876517176628113,7.792527198791504
3628,-3.7516534328460693,7.789346218109131
3629,2.263190269470215,7.787823677062988
3630,-3.245208263397217,7.784785270690918
3631,-2.1516854763031006,7.782049179077148
3632,-8.608988761901855,7.7775373458862305
3633,-2.6601626873016357,7.774664878845215
3634,-0.8372820615768433,7.772295951843262
3635,-5.994449615478516,7.768509387969971
3636,-5.395069122314453,7.764890193939209
3637,-3.3879895210266113,7.761824607849121
3638,-5.21622896194458,7.758257865905762
3639,-10.737000465393066,7.753177165985107
3640,1.494547724723816,7.751458168029785
3641,1.7857520580291748,7.749819755554199
3642,-2.288785219192505,7.747064113616943
3643,-1.5840511322021484,7.744503498077393
3644,-0.6748752593994141,7.742193222045898
3645,2.955294609069824,7.740880489349365
3646,0.5364893674850464,7.73890495300293
3647,0.9143063426017761,7.737034320831299
3648,-0.371458500623703,7.734812259674072
3649,-4.390012264251709,7.731490135192871
3650,-4.374614715576172,7.728174209594727
3651,-4.6541218757629395,7.724783897399902
3652,1.787665843963623,7.723158359527588
3653,-0.6342666149139404,7.7208709716796875
3654,-5.844733715057373,7.717159271240234
3655,-3.391246795654297,7.714120864868164
3656,-1.541281819343567,7.71159029006958
3657,-3.040086030960083,7.708650588989258
3658,0.6440848112106323,7.706719875335693
3659,15.5936918258667,7.7088751792907715
3660,10.609664916992188,7.709667205810547
3661,13.922750473022461,7.711363792419434
3662,13.711044311523438,7.713001728057861
3663,14.025642395019531,7.714724540710449
3664,15.943910598754883,7.7169694900512695
3665,12.534481048583984,7.718283653259277
3666,11.53256893157959,7.719324111938477
3667,16.485200881958008,7.721713542938232
3668,13.830747604370117,7.723378658294678
3669,13.66920280456543,7.724998950958252
3670,10.469663619995117,7.725746154785156
3671,10.478466987609863,7.72649621963501
3672,10.672819137573242,7.727297782897949
3673,14.265442848205566,7.729077339172363
3674,13.788612365722656,7.730726718902588
3675,14.422040939331055,7.732546806335449
3676,13.363118171691895,7.7340779304504395
3677,13.360536575317383,7.735608100891113
3678,13.1193208694458,7.737071514129639
3679,12.455097198486328,7.738353252410889
3680,11.036344528198242,7.7392497062683105
3681,13.582540512084961,7.7408366203308105
3682,11.376794815063477,7.741823673248291
3683,13.988747596740723,7.743519306182861
3684,12.651958465576172,7.744851589202881
3685,14.540587425231934,7.746695041656494
3686,11.428871154785156,7.74769401550293
3687,12.708745002746582,7.749039173126221
3688,12.94025993347168,7.750446319580078
3689,12.766576766967773,7.751805305480957
3690,13.848783493041992,7.753457546234131
3691,12.150806427001953,7.754648685455322
3692,13.146233558654785,7.756108283996582
3693,12.281819343566895,7.757333278656006
3694,13.309144020080566,7.758835792541504
3695,12.441878318786621,7.76010274887085
3696,12.569339752197266,7.761404037475586
3697,13.219548225402832,7.762879848480225
3698,12.391279220581055,7.764130592346191
3699,13.7918701171875,7.765759468078613
3700,13.53561019897461,7.767318248748779
3701,11.990690231323242,7.768459320068359
3702,11.945762634277344,7.76958703994751
3703,16.89517593383789,7.772050857543945
3704,11.724102020263672,7.773117542266846
3705,12.974848747253418,7.7745208740234375
3706,13.181276321411133,7.775979518890381
3707,15.067184448242188,7.7779459953308105
3708,16.824058532714844,7.7803850173950195
3709,11.31580924987793,7.781337738037109
3710,11.934348106384277,7.782456874847412
3711,12.239564895629883,7.783657550811768
3712,14.2561616897583,7.785400867462158
3713,14.658246994018555,7.7872514724731445
3714,14.306650161743164,7.789006233215332
3715,15.922338485717773,7.791194915771484
3716,14.593145370483398,7.793025016784668
3717,14.21389389038086,7.79475212097168
3718,13.344683647155762,7.796244144439697
3719,12.535675048828125,7.797518253326416
3720,15.407904624938965,7.799563407897949
3721,13.392709732055664,7.8010663986206055
3722,12.80749225616455,7.80241060256958
3723,13.220804214477539,7.803865432739258
3724,10.216218948364258,7.804513454437256
3725,12.093648910522461,7.805664539337158
3726,11.500887870788574,7.8066558837890625
3727,10.591591835021973,7.807403087615967
3728,11.714651107788086,7.808450698852539
3729,9.963024139404297,7.809028148651123
3730,14.121248245239258,7.810719966888428
3731,12.464433670043945,7.811967372894287
3732,9.81192684173584,7.812503337860107
3733,12.610567092895508,7.813788414001465
3734,12.826556205749512,7.815130233764648
3735,11.948986053466797,7.816236972808838
3736,11.822540283203125,7.8173089027404785
3737,11.204652786254883,7.818215370178223
3738,11.998032569885254,7.819333076477051
3739,11.910726547241211,7.820426940917969
3740,10.962911605834961,7.8212666511535645
3741,8.159770011901855,7.821357250213623
3742,11.422571182250977,7.822319507598877
3743,12.160699844360352,7.823477745056152
3744,9.428659439086914,7.823906421661377
3745,8.454180717468262,7.824074745178223
3746,10.538265228271484,7.824799537658691
3747,8.241692543029785,7.824910640716553
3748,11.792344093322754,7.825969219207764
3749,11.307819366455078,7.826898097991943
3750,12.978792190551758,7.828271389007568
3751,9.476873397827148,7.828710556030273
3752,9.906128883361816,7.829264163970947
3753,11.15929126739502,7.830151557922363
3754,10.801691055297852,7.830942630767822
3755,11.862752914428711,7.8320159912109375
3756,13.505622863769531,7.833526611328125
3757,12.868782043457031,7.834866523742676
3758,11.996159553527832,7.835973262786865
3759,11.458873748779297,7.836936950683594
3760,13.688791275024414,7.8384928703308105
3761,11.970892906188965,7.8395915031433105
3762,13.863460540771484,7.841192245483398
3763,12.937521934509277,7.842545986175537
3764,14.065665245056152,7.844199180603027
3765,10.029647827148438,7.8447794914245605
3766,12.036248207092285,7.845892429351807
3767,11.533613204956055,7.8468708992004395
3768,11.98686408996582,7.847969055175781
3769,13.458224296569824,7.849457740783691
3770,14.084247589111328,7.851110935211182
3771,9.910134315490723,7.851656913757324
3772,13.424848556518555,7.8531341552734375
3773,14.435824394226074,7.8548784255981445
3774,11.622762680053711,7.855876445770264
3775,10.07097339630127,7.8564629554748535
3776,11.298664093017578,7.85737419128418
3777,13.65808391571045,7.858909606933594
3778,11.360240936279297,7.859836101531982
3779,10.817513465881348,7.860618591308594
3780,13.534723281860352,7.862119674682617
3781,14.455046653747559,7.86386251449585
3782,9.62155818939209,7.864327430725098
3783,15.10677719116211,7.866241455078125
3784,11.236891746520996,7.86713171005249
3785,11.24423885345459,7.868023872375488
3786,15.097493171691895,7.869932651519775
3787,3.9407479763031006,7.868895530700684
3788,6.39100980758667,7.868505477905273
3789,5.485501766204834,7.867877006530762
3790,7.177912712097168,7.867694854736328
3791,1.8802688121795654,7.866116046905518
3792,5.858761787414551,7.86558723449707
3793,4.775164604187012,7.864772796630859
3794,5.714519023895264,7.864206314086914
3795,5.455425262451172,7.863571643829346
3796,6.99718713760376,7.863343715667725
3797,7.818979740142822,7.8633317947387695
3798,5.349481582641602,7.862669944763184
3799,4.49766731262207,7.8617844581604
3800,3.486833095550537,7.860633373260498
3801,5.155379295349121,7.859921932220459
3802,5.219823837280273,7.859228134155273
3803,5.463213920593262,7.858598232269287
3804,5.587850570678711,7.858001232147217
3805,6.2259602546691895,7.857572555541992
3806,4.44866943359375,7.856677532196045
3807,10.299007415771484,7.857318878173828
3808,4.307800769805908,7.856387138366699
3809,5.828042984008789,7.8558549880981445
3810,5.843873023986816,7.8553266525268555
3811,3.936539649963379,7.854299068450928
3812,5.90260124206543,7.853786945343018
3813,5.729048728942871,7.853229999542236
3814,4.931301593780518,7.852464199066162
3815,4.58416748046875,7.851607322692871
3816,6.091806888580322,7.851146697998047
3817,6.207705497741699,7.850715637207031
3818,4.6392822265625,7.849874973297119
3819,5.056728363037109,7.8491435050964355
3820,5.223262310028076,7.848456382751465
3821,4.276712894439697,7.847521781921387
3822,4.136897563934326,7.846551418304443
3823,5.140377044677734,7.84584379196167
3824,4.5828704833984375,7.844990253448486
3825,4.863694190979004,7.844211101531982
3826,5.868844032287598,7.843694686889648
3827,5.859256267547607,7.843176364898682
3828,1.3942216634750366,7.841492176055908
3829,5.023550510406494,7.840756416320801
3830,0.3492242395877838,7.838801383972168
3831,4.6176276206970215,7.837960243225098
3832,11.426570892333984,7.83889627456665
3833,6.007070064544678,7.838418960571289
3834,1.1452044248580933,7.836673259735107
3835,3.506283760070801,7.835544586181641
3836,4.9603729248046875,7.8347954750061035
3837,2.205018997192383,7.8333282470703125
3838,5.261312484741211,7.832658767700195
3839,3.3398261070251465,7.831488609313965
3840,7.395522117614746,7.8313751220703125
3841,4.517899990081787,7.830513000488281
3842,4.6054158210754395,7.829673767089844
3843,4.7479681968688965,7.828871726989746
3844,3.1891984939575195,7.827665328979492
3845,6.462765216827393,7.827310562133789
3846,7.2988786697387695,7.827173233032227
3847,7.4742584228515625,7.827081203460693
3848,5.779904365539551,7.826549530029297
3849,5.371545791625977,7.825911521911621
3850,5.481457710266113,7.825303077697754
3851,2.9552838802337646,7.824038982391357
3852,6.193907737731934,7.823615550994873
3853,5.0066986083984375,7.822884559631348
3854,9.792068481445312,7.823395252227783
3855,9.522801399230957,7.823836326599121
3856,7.652057647705078,7.823791980743408
3857,6.9102911949157715,7.823554992675781
3858,7.767605304718018,7.823540687561035
3859,5.579676151275635,7.8229594230651855
3860,7.224996089935303,7.8228044509887695
3861,7.4332756996154785,7.8227033615112305
3862,8.978704452514648,7.823002815246582
3863,8.902640342712402,7.823282241821289
3864,5.667943000793457,7.822724342346191
3865,7.269654273986816,7.8225812911987305
3866,9.585857391357422,7.823037147521973
3867,7.51536750793457,7.822957992553711
3868,6.510974884033203,7.8226189613342285
3869,12.544307708740234,7.82383918762207
3870,7.099535942077637,7.823652267456055
3871,7.284950256347656,7.823513031005859
3872,7.028680324554443,7.823307991027832
3873,9.24194622039795,7.823674201965332
3874,7.83139705657959,7.823676586151123
3875,7.8517560958862305,7.823683738708496
3876,9.287290573120117,7.824060916900635
3877,7.779930114746094,7.824049472808838
3878,6.943285942077637,7.823822498321533
3879,7.640963077545166,7.823775291442871
3880,5.770597457885742,7.823246479034424
3881,5.449848175048828,7.822634696960449
3882,7.374774932861328,7.822519779205322
3883,8.267104148864746,7.822634220123291
3884,5.120275497436523,7.821938991546631
3885,8.551334381103516,7.822126388549805
3886,12.729626655578613,7.823389053344727
3887,6.427278995513916,7.8230299949646
3888,1.560819387435913,7.821419715881348
3889,8.980643272399902,7.821717739105225
3890,7.647648811340332,7.821673393249512
3891,6.019341945648193,7.8212103843688965
3892,8.96653938293457,7.821504592895508
3893,8.118768692016602,7.82158088684082
3894,7.840399742126465,7.821585655212402
3895,7.559623718261719,7.821518898010254
3896,5.6448974609375,7.82096004486084
3897,5.837154865264893,7.820451259613037
3898,4.322014808654785,7.819554328918457
3899,7.294367790222168,7.8194193840026855
3900,8.380789756774902,7.819563388824463
3901,8.261175155639648,7.819676876068115
3902,7.602669715881348,7.819621562957764
3903,5.062593936920166,7.818915367126465
3904,5.990600109100342,7.818447113037109
3905,7.652163505554199,7.818404197692871
3906,8.221046447753906,7.818507194519043
3907,6.962026596069336,7.818288326263428
3908,7.0119709968566895,7.818081855773926
3909,4.575498580932617,7.817253112792969
3910,10.264945983886719,7.817878723144531
3911,6.069724082946777,7.817432403564453
3912,8.451688766479492,7.817594051361084
3913,8.05868148803711,7.817655563354492
3914,7.360510349273682,7.817539215087891
3915,6.722548484802246,7.817259788513184
3916,9.069596290588379,7.817579746246338
3917,7.603091239929199,7.8175249099731445
3918,7.728435516357422,7.817502021789551
3919,5.182225704193115,7.816829681396484
3920,6.737903594970703,7.816554546356201
3921,4.924784183502197,7.815817356109619
3922,7.789161205291748,7.815810203552246
3923,6.605545997619629,7.815501689910889
3924,5.698174476623535,7.814962387084961
3925,6.783766746520996,7.814699172973633
3926,8.896468162536621,7.814974784851074
3927,6.048430919647217,7.814525127410889
3928,10.496315002441406,7.8152079582214355
3929,11.619067192077637,7.81617546081543
3930,5.642502307891846,7.815622806549072
3931,4.394476890563965,7.814752578735352
3932,8.807557106018066,7.815004825592041
3933,5.78035831451416,7.814487934112549
3934,10.611172676086426,7.8151984214782715
3935,4.055499076843262,7.814243316650391
3936,6.472818374633789,7.813902378082275
3937,5.9958882331848145,7.813440799713135
3938,12.086662292480469,7.814525604248047
3939,5.785090923309326,7.8140106201171875
3940,6.854269504547119,7.813766956329346
3941,4.828219413757324,7.813009262084961
3942,5.9529500007629395,7.812537670135498
3943,10.079856872558594,7.813112735748291
3944,6.895556449890137,7.812880039215088
3945,6.922264099121094,7.812654495239258
3946,7.2659454345703125,7.812515735626221
3947,7.395327568054199,7.8124098777771
3948,11.805879592895508,7.813421249389648
3949,15.469099044799805,7.815359592437744
3950,13.52647876739502,7.816805362701416
3951,13.137199401855469,7.818151473999023
3952,13.14914608001709,7.819499492645264
3953,12.885007858276367,7.8207807540893555
3954,14.65422534942627,7.822508811950684
3955,12.980443954467773,7.823812484741211
3956,12.115639686584473,7.824896812438965
3957,14.510934829711914,7.8265862464904785
3958,13.966188430786133,7.828137397766113
3959,13.764520645141602,7.829636096954346
3960,14.713079452514648,7.831374168395996
3961,14.219842910766602,7.832986831665039
3962,13.366788864135742,7.834383010864258
3963,14.235997200012207,7.835998058319092
3964,13.933950424194336,7.837535858154297
3965,13.586320877075195,7.838985443115234
3966,16.416278839111328,7.841147422790527
3967,14.573121070861816,7.842844009399414
3968,11.77512264251709,7.84383487701416
3969,12.518320083618164,7.8450117111206055
3970,12.316227912902832,7.846138000488281
3971,14.559980392456055,7.847828388214111
3972,12.60969352722168,7.849026679992676
3973,12.96038818359375,7.850313186645508
3974,12.922859191894531,7.851589679718018
3975,12.301730155944824,7.852708339691162
3976,14.473608016967773,7.854372978210449
3977,12.715407371520996,7.855595111846924
3978,14.127403259277344,7.857171058654785
3979,14.297261238098145,7.858788967132568
3980,12.457033157348633,7.8599443435668945
3981,10.932689666748047,7.860715866088867
3982,13.230589866638184,7.862064361572266
3983,11.903881072998047,7.863078594207764
3984,12.502910614013672,7.864243030548096
3985,13.39000129699707,7.865629196166992
3986,11.828153610229492,7.866623401641846
3987,13.610044479370117,7.868062973022461
3988,13.420767784118652,7.869454860687256
3989,11.973525047302246,7.8704833984375
3990,13.299985885620117,7.8718438148498535
3991,13.15233039855957,7.873166561126709
3992,13.571167945861816,7.874593734741211
3993,14.680414199829102,7.876297473907471
3994,12.657415390014648,7.8774943351745605
3995,10.508646011352539,7.878152370452881
3996,12.797182083129883,7.879383087158203
3997,15.502900123596191,7.881289958953857
3998,13.548307418823242,7.882707118988037
3999,12.178976058959961,7.883781433105469
4000,15.047136306762695,7.885571479797363
4001,12.17140007019043,7.8866424560546875
4002,13.942919731140137,7.888155460357666
4003,14.066802978515625,7.889698505401611
4004,13.29334831237793,7.891047954559326
4005,14.155937194824219,7.892611980438232
4006,13.836156845092773,7.894094944000244
4007,13.491525650024414,7.895491600036621
4008,14.23454761505127,7.897072792053223
4009,13.842926025390625,7.898555755615234
4010,13.707832336425781,7.900003910064697
4011,13.383606910705566,7.901370525360107
4012,15.400165557861328,7.9032392501831055
4013,13.495800018310547,7.904632568359375
4014,14.514126777648926,7.906278610229492
4015,14.766895294189453,7.907987117767334
4016,14.035051345825195,7.909512519836426
4017,13.297995567321777,7.910853862762451
4018,12.752115249633789,7.912058353424072
4019,11.114856719970703,7.91285514831543
4020,11.38731575012207,7.913719177246094
4021,14.311522483825684,7.915309429168701
4022,13.441274642944336,7.916683197021484
4023,13.95901870727539,7.918184757232666
4024,13.599928855895996,7.919596195220947
4025,14.935526847839355,7.92133903503418
4026,16.48301887512207,7.923464775085449
4027,15.878316879272461,7.925439834594727
4028,14.307150840759277,7.927023887634277
4029,15.380653381347656,7.928873062133789
4030,15.038951873779297,7.930637359619141
4031,13.582964897155762,7.9320387840271
4032,12.780948638916016,7.933241367340088
4033,14.07893180847168,7.934764385223389
4034,14.348916053771973,7.936354160308838
4035,14.697547912597656,7.9380292892456055
4036,13.56507682800293,7.939423084259033
4037,15.300911903381348,7.941246032714844
4038,13.079874038696289,7.94251823425293
4039,13.32020378112793,7.943849563598633
4040,10.882892608642578,7.944576740264893
4041,14.632901191711426,7.946231365203857
4042,13.242033004760742,7.947541236877441
4043,14.92140007019043,7.949265956878662
4044,14.997969627380371,7.9510087966918945
4045,14.733726501464844,7.952685356140137
4046,12.662481307983398,7.953848838806152
4047,14.348630905151367,7.955428600311279
4048,16.28723907470703,7.957486152648926
4049,14.253499984741211,7.959040641784668
4050,15.493438720703125,7.960900783538818
4051,15.169730186462402,7.962679862976074
4052,14.269186019897461,7.964236259460449
4053,15.228890419006348,7.966027736663818
4054,14.618219375610352,7.967668533325195
4055,15.60229206085205,7.969550609588623
4056,14.311738014221191,7.971114158630371
4057,15.82614517211914,7.973050117492676
4058,14.444254875183105,7.974644184112549
4059,13.994203567504883,7.976126670837402
4060,15.531230926513672,7.977987289428711
4061,15.160707473754883,7.979755401611328
4062,16.974327087402344,7.981968879699707
4063,14.781551361083984,7.983642101287842
4064,15.771016120910645,7.985558032989502
4065,14.702424049377441,7.987210273742676
4066,14.60832405090332,7.988837718963623
4067,12.590826034545898,7.989969253540039
4068,16.817787170410156,7.992138862609863
4069,10.829052925109863,7.992835998535156
4070,13.563726425170898,7.994204521179199
4071,11.204911231994629,7.994992733001709
4072,14.398429870605469,7.996565341949463
4073,13.080216407775879,7.997812747955322
4074,13.510738372802734,7.9991655349731445
4075,11.799897193908691,8.00009822845459
4076,15.067219734191895,8.0018310546875
4077,15.214981079101562,8.003600120544434
4078,16.72240447998047,8.0057373046875
4079,14.648547172546387,8.007366180419922
4080,14.340786933898926,8.008917808532715
4081,14.654541015625,8.01054573059082
4082,8.072088241577148,8.010560989379883
4083,15.123517990112305,8.01230239868164
4084,14.790090560913086,8.013961791992188
4085,15.134057998657227,8.015704154968262
4086,14.390558242797852,8.017264366149902
4087,14.671635627746582,8.018892288208008
4088,14.454771041870117,8.020465850830078
4089,15.40854549407959,8.022272109985352
4090,15.20362377166748,8.024027824401855
4091,15.7486572265625,8.02591609954834
4092,16.13236427307129,8.0278959274292
4093,13.634424209594727,8.029265403747559
4094,14.603928565979004,8.030871391296387
4095,14.835176467895508,8.032532691955566
4096,13.854581832885742,8.033953666687012
4097,10.975765228271484,8.034671783447266
4098,16.367713928222656,8.036705017089844
4099,15.920258522033691,8.038627624511719
4100,13.31941032409668,8.039916038513184
4101,14.570545196533203,8.041507720947266
4102,12.240138053894043,8.04253101348877
4103,12.153133392333984,8.043532371520996
4104,15.13845443725586,8.045260429382324
4105,15.835655212402344,8.047157287597656
4106,15.097332000732422,8.048873901367188
4107,14.001176834106445,8.050322532653809
4108,13.134256362915039,8.051559448242188
4109,14.561623573303223,8.053144454956055
4110,14.631575584411621,8.054744720458984
4111,13.983378410339355,8.05618667602539
4112,15.063335418701172,8.057889938354492
4113,14.027024269104004,8.059341430664062
4114,14.140296936035156,8.060818672180176
4115,15.490804672241211,8.062623977661133
4116,15.891753196716309,8.064525604248047
4117,13.778151512145996,8.065913200378418
4118,11.571187019348145,8.066763877868652
4119,15.108561515808105,8.068472862243652
4120,10.243058204650879,8.069000244140625
4121,11.041179656982422,8.069722175598145
4122,11.971453666687012,8.070669174194336
4123,10.830625534057617,8.071338653564453
4124,11.75722599029541,8.072232246398926
4125,11.284626960754395,8.073010444641113
4126,11.64145565032959,8.073875427246094
4127,10.151734352111816,8.074378967285156
4128,10.877646446228027,8.075057983398438
4129,11.111492156982422,8.075793266296387
4130,12.231649398803711,8.076799392700195
4131,10.801855087280273,8.077458381652832
4132,11.525917053222656,8.078292846679688
4133,11.005043983459473,8.079000473022461
4134,12.072416305541992,8.079967498779297
4135,12.178585052490234,8.080958366394043
4136,11.136589050292969,8.081697463989258
4137,12.782255172729492,8.082832336425781
4138,10.781652450561523,8.083484649658203
4139,11.681034088134766,8.08435344696045
4140,10.60400104522705,8.084961891174316
4141,12.208680152893066,8.085957527160645
4142,12.926675796508789,8.087125778198242
4143,13.065580368041992,8.088327407836914
4144,11.08304500579834,8.089049339294434
4145,11.577068328857422,8.089890480041504
4146,10.489952087402344,8.090469360351562
4147,10.382768630981445,8.091021537780762
4148,11.350144386291504,8.09180736541748
4149,12.229854583740234,8.092804908752441
4150,10.874259948730469,8.093475341796875
4151,13.033937454223633,8.09466552734375
4152,12.580914497375488,8.095746040344238
4153,11.555909156799316,8.096578598022461
4154,12.278637886047363,8.09758472442627
4155,11.160165786743164,8.098321914672852
4156,10.6767578125,8.098941802978516
4157,13.561911582946777,8.100255966186523
4158,12.429496765136719,8.101296424865723
4159,13.351581573486328,8.102559089660645
4160,12.572036743164062,8.103632926940918
4161,11.675890922546387,8.104491233825684
4162,11.3773832321167,8.105277061462402
4163,12.237628936767578,8.106269836425781
4164,11.36889934539795,8.10705280303955
4165,11.146400451660156,8.107782363891602
4166,11.673445701599121,8.108636856079102
4167,13.504266738891602,8.109931945800781
4168,13.272401809692383,8.111169815063477
4169,11.956727981567383,8.112092971801758
4170,10.409574508666992,8.112643241882324
4171,11.253837585449219,8.113396644592285
4172,14.212568283081055,8.11485767364502
4173,11.225848197937012,8.11560344696045
4174,12.862215995788574,8.116740226745605
4175,10.719555854797363,8.117362976074219
4176,12.54573917388916,8.118423461914062
4177,11.491328239440918,8.119231224060059
4178,11.654205322265625,8.120077133178711
4179,12.279858589172363,8.121071815490723
4180,10.584451675415039,8.121662139892578
4181,11.679475784301758,8.122512817382812
4182,12.619608879089355,8.123587608337402
4183,11.810901641845703,8.124469757080078
4184,12.260339736938477,8.125458717346191
4185,10.338634490966797,8.12598705291748
4186,11.2382173538208,8.126730918884277
4187,11.844745635986328,8.127617835998535
4188,11.648860931396484,8.128458976745605
4189,13.042261123657227,8.129631996154785
4190,9.926653861999512,8.130060195922852
4191,11.115981101989746,8.130772590637207
4192,11.57675552368164,8.13159465789795
4193,10.78762435913086,8.13222885131836
4194,11.413578033447266,8.133010864257812
4195,11.911468505859375,8.1339111328125
4196,11.331244468688965,8.134673118591309
4197,12.021295547485352,8.135598182678223
4198,11.521410942077637,8.136404037475586
4199,9.647819519042969,8.136764526367188
4200,10.883485794067383,8.137417793273926
4201,10.283160209655762,8.137928009033203
4202,11.178016662597656,8.138651847839355
4203,11.150431632995605,8.139369010925293
4204,10.629749298095703,8.139961242675781
4205,10.516408920288086,8.140525817871094
4206,11.347217559814453,8.141287803649902
4207,11.941485404968262,8.142190933227539
4208,11.809673309326172,8.143061637878418
4209,11.848974227905273,8.143941879272461
4210,12.965169906616211,8.145087242126465
4211,12.151260375976562,8.146038055419922
4212,11.0914945602417,8.146737098693848
4213,13.11979866027832,8.147917747497559
4214,9.255926132202148,8.148180961608887
4215,10.713406562805176,8.148789405822754
4216,11.232793807983398,8.149520874023438
4217,11.372140884399414,8.150284767150879
4218,10.020304679870605,8.150728225708008
4219,12.55055046081543,8.15177059173584
4220,14.737610816955566,8.15333080291748
4221,12.884546279907227,8.154451370239258
4222,9.784497261047363,8.154837608337402
4223,10.286823272705078,8.155342102050781
4224,9.003488540649414,8.155542373657227
4225,9.193678855895996,8.15578842163086
4226,11.697080612182617,8.156625747680664
4227,12.75977897644043,8.15771484375
4228,12.148029327392578,8.158658981323242
4229,12.94710636138916,8.159790992736816
4230,11.506375312805176,8.160581588745117
4231,8.64820384979248,8.160696983337402
4232,11.2888822555542,8.161436080932617
4233,10.738790512084961,8.162044525146484
4234,13.290151596069336,8.16325569152832
4235,12.692710876464844,8.164324760437012
4236,8.377102851867676,8.164375305175781
4237,11.424120903015137,8.165144920349121
4238,8.12893295288086,8.165136337280273
4239,9.497430801391602,8.165450096130371
4240,9.062248229980469,8.165661811828613
4241,13.977470397949219,8.167031288146973
4242,12.522968292236328,8.168058395385742
4243,12.082585334777832,8.168980598449707
4244,8.866775512695312,8.169144630432129
4245,9.835607528686523,8.169537544250488
4246,15.561260223388672,8.17127799987793
4247,11.154638290405273,8.171980857849121
4248,12.046979904174805,8.172892570495605
4249,9.415960311889648,8.173184394836426
4250,12.536605834960938,8.174210548400879
4251,9.140467643737793,8.1744384765625
4252,10.779725074768066,8.175050735473633
4253,10.767768859863281,8.175661087036133
4254,9.933504104614258,8.176074028015137
4255,12.215471267700195,8.177022933959961
4256,12.921143531799316,8.17813777923584
4257,12.547612190246582,8.179163932800293
4258,12.359468460083008,8.180145263671875
4259,10.662528991699219,8.1807279586792
4260,11.455897331237793,8.181497573852539
4261,11.824247360229492,8.182352066040039
4262,14.719184875488281,8.18388557434082
4263,15.519739151000977,8.1856050491333
4264,12.416557312011719,8.18659782409668
4265,12.365118026733398,8.187577247619629
4266,13.641777038574219,8.188855171203613
4267,13.960746765136719,8.190207481384277
4268,12.905345916748047,8.191311836242676
4269,13.337163925170898,8.192517280578613
4270,10.67676067352295,8.193098068237305
4271,13.522274017333984,8.19434642791748
4272,13.666557312011719,8.195627212524414
4273,10.39197063446045,8.19614028930664
4274,12.021646499633789,8.197035789489746
4275,12.184955596923828,8.197968482971191
4276,10.239326477050781,8.198445320129395
4277,13.154644966125488,8.199604034423828
4278,11.078901290893555,8.200276374816895
4279,14.10905933380127,8.20165729522705
4280,11.744077682495117,8.202484130859375
4281,12.336277961730957,8.203450202941895
4282,11.948646545410156,8.204324722290039
4283,10.302716255187988,8.204813957214355
4284,11.163278579711914,8.205504417419434
4285,12.11244010925293,8.206416130065918
4286,12.383956909179688,8.207389831542969
4287,9.175463676452637,8.207615852355957
4288,12.500442504882812,8.208617210388184
4289,11.773294448852539,8.209447860717773
4290,14.011312484741211,8.210800170898438
4291,13.440652847290039,8.212018966674805
4292,13.03784465789795,8.213143348693848
4293,11.90915298461914,8.214004516601562
4294,13.887828826904297,8.215324401855469
4295,12.081469535827637,8.216224670410156
4296,12.40439510345459,8.21720027923584
4297,11.511924743652344,8.21796703338623
4298,11.410428047180176,8.218708992004395
4299,13.619274139404297,8.219965934753418
4300,13.244035720825195,8.2211332321167
4301,12.654546737670898,8.222164154052734
4302,14.796136856079102,8.223691940307617
4303,13.923850059509277,8.225016593933105
4304,12.7025146484375,8.226057052612305
4305,13.079228401184082,8.227184295654297
4306,12.645520210266113,8.228209495544434
4307,10.865478515625,8.228821754455566
4308,12.345653533935547,8.229777336120605
4309,12.684555053710938,8.230810165405273
4310,11.052279472351074,8.231464385986328
4311,11.017251968383789,8.232110023498535
4312,11.94942569732666,8.232972145080566
4313,9.92540454864502,8.23336410522461
4314,15.056916236877441,8.234946250915527
4315,13.644359588623047,8.236199378967285
4316,13.835362434387207,8.237496376037598
4317,11.556819915771484,8.238265991210938
4318,13.335662841796875,8.239445686340332
4319,14.044112205505371,8.240789413452148
4320,13.736205101013184,8.242060661315918
4321,13.575126647949219,8.243294715881348
4322,12.826553344726562,8.244355201721191
4323,13.54057502746582,8.245579719543457
4324,14.882442474365234,8.247114181518555
4325,14.330598831176758,8.248520851135254
4326,11.41189956665039,8.249251365661621
4327,13.41389274597168,8.250445365905762
4328,14.679971694946289,8.251930236816406
4329,14.190082550048828,8.253301620483398
4330,14.290289878845215,8.254695892333984
4331,13.624185562133789,8.255934715270996
4332,15.121865272521973,8.257519721984863
4333,12.352744102478027,8.258463859558105
4334,10.380434036254883,8.258953094482422
4335,12.08824348449707,8.25983715057373
4336,13.36768627166748,8.261013984680176
4337,9.34536361694336,8.261263847351074
4338,12.199297904968262,8.262171745300293
4339,11.929807662963867,8.263016700744629
4340,10.370983123779297,8.26350212097168
4341,15.23502254486084,8.265108108520508
4342,13.39533805847168,8.266288757324219
4343,13.94073486328125,8.267595291137695
4344,12.496650695800781,8.26856803894043
4345,13.159181594848633,8.269694328308105
4346,14.189553260803223,8.271056175231934
4347,13.166936874389648,8.27218246459961
4348,11.942537307739258,8.273026466369629
4349,11.270122528076172,8.273715019226074
4350,13.330015182495117,8.274876594543457
4351,12.942361831665039,8.275948524475098
4352,13.729544639587402,8.277201652526855
4353,11.839859008789062,8.278019905090332
4354,13.35610580444336,8.279186248779297
4355,11.460515975952148,8.279916763305664
4356,12.210637092590332,8.280818939208984
4357,13.508577346801758,8.282017707824707
4358,12.776643753051758,8.283049583435059
4359,12.538557052612305,8.284025192260742
4360,10.936326026916504,8.28463363647461
4361,13.354191780090332,8.285796165466309
4362,12.326377868652344,8.286723136901855
4363,12.895976066589355,8.287778854370117
4364,12.806514739990234,8.288813591003418
4365,13.10009765625,8.289916038513184
4366,10.824971199035645,8.290496826171875
4367,10.892156600952148,8.291091918945312
4368,11.284048080444336,8.291776657104492
4369,10.912059783935547,8.292376518249512
4370,9.481620788574219,8.292648315429688
4371,9.048202514648438,8.29281997680664
4372,11.330307006835938,8.2935152053833
4373,10.81242561340332,8.29409122467041
4374,10.578802108764648,8.2946138381958
4375,7.659846305847168,8.294468879699707
4376,10.676250457763672,8.295012474060059
4377,11.053823471069336,8.295642852783203
4378,10.95507526397705,8.296249389648438
4379,10.234895706176758,8.29669189453125
4380,9.39222526550293,8.296941757202148
4381,9.625188827514648,8.297245025634766
4382,9.965475082397461,8.297625541687012
4383,9.723743438720703,8.297950744628906
4384,10.158308029174805,8.298375129699707
4385,10.521448135375977,8.298881530761719
4386,5.601239204406738,8.298266410827637
4387,8.325126647949219,8.298273086547852
4388,10.972824096679688,8.298881530761719
4389,10.096994400024414,8.299291610717773
4390,10.73300838470459,8.299846649169922
4391,8.301311492919922,8.299846649169922
4392,11.00196361541748,8.300461769104004
4393,7.374522686004639,8.300251007080078
4394,9.814287185668945,8.3005952835083
4395,11.970916748046875,8.301430702209473
4396,9.684172630310059,8.301745414733887
4397,8.843974113464355,8.301868438720703
4398,11.61272144317627,8.302620887756348
4399,9.741776466369629,8.302947998046875
4400,10.832130432128906,8.303523063659668
4401,9.812950134277344,8.303865432739258
4402,8.447368621826172,8.303898811340332
4403,10.603548049926758,8.304421424865723
4404,8.039326667785645,8.304361343383789
4405,11.251845359802246,8.30502986907959
4406,9.350937843322754,8.305267333984375
4407,8.172562599182129,8.30523681640625
4408,8.715947151184082,8.305330276489258
4409,11.908891677856445,8.306147575378418
4410,10.130901336669922,8.306561470031738
4411,10.127315521240234,8.306974411010742
4412,7.032944679260254,8.306685447692871
4413,9.571532249450684,8.306971549987793
4414,9.934626579284668,8.307339668273926
4415,10.658401489257812,8.307872772216797
4416,8.961434364318848,8.30802059173584
4417,11.15599250793457,8.30866527557373
4418,10.840221405029297,8.30923843383789
4419,7.840047836303711,8.309131622314453
4420,7.962554931640625,8.309053421020508
4421,8.429380416870117,8.309080123901367
4422,6.130187511444092,8.308588027954102
4423,11.116446495056152,8.309222221374512
4424,11.5569486618042,8.309956550598145
4425,7.755906105041504,8.309831619262695
4426,10.246026992797852,8.310269355773926
4427,11.570964813232422,8.311005592346191
4428,10.261802673339844,8.311446189880371
4429,10.767350196838379,8.312000274658203
4430,10.526693344116211,8.3125
4431,8.38788890838623,8.312517166137695
4432,9.778498649597168,8.312847137451172
4433,9.110308647155762,8.313026428222656
4434,10.648964881896973,8.313553810119629
4435,13.810745239257812,8.31479263305664
4436,8.92000675201416,8.314929962158203
4437,9.996114730834961,8.315308570861816
4438,6.399733543395996,8.314876556396484
4439,9.267848014831543,8.315092086791992
4440,8.703418731689453,8.315178871154785
4441,11.214693069458008,8.315832138061523
4442,9.418926239013672,8.316080093383789
4443,7.890923023223877,8.315984725952148
4444,8.631031036376953,8.316055297851562
4445,10.413761138916016,8.316527366638184
4446,9.927109718322754,8.316889762878418
4447,10.568131446838379,8.317395210266113
4448,9.520609855651855,8.317665100097656
4449,8.101767539978027,8.31761646270752
4450,10.703459739685059,8.31815242767334
4451,9.21792221069336,8.318354606628418
4452,7.563108921051025,8.318184852600098
4453,11.329893112182617,8.31886100769043
4454,10.966578483581543,8.31945514678955
4455,9.081829071044922,8.319625854492188
4456,6.969139575958252,8.31932258605957
4457,8.345165252685547,8.319328308105469
4458,13.011504173278809,8.320381164550781
4459,10.619468688964844,8.320897102355957
4460,7.2262773513793945,8.320651054382324
4461,7.922870635986328,8.320562362670898
4462,8.305598258972168,8.320558547973633
4463,9.278692245483398,8.320773124694824
4464,6.668387413024902,8.320402145385742
4465,9.302783966064453,8.320623397827148
4466,7.961780548095703,8.320542335510254
4467,9.53140926361084,8.320813179016113
4468,9.563648223876953,8.321091651916504
4469,9.782983779907227,8.321417808532715
4470,8.684383392333984,8.32149887084961
4471,8.847400665283203,8.321616172790527
4472,9.090354919433594,8.321788787841797
4473,9.351853370666504,8.32201862335205
4474,9.17733383178711,8.322209358215332
4475,8.565141677856445,8.322263717651367
4476,8.884578704833984,8.322388648986816
4477,9.70273208618164,8.322697639465332
4478,9.725021362304688,8.323010444641113
4479,9.32440185546875,8.323234558105469
4480,8.614048957824707,8.323299407958984
4481,9.893187522888184,8.323649406433105
4482,10.097485542297363,8.324045181274414
4483,9.86385726928711,8.32438850402832
4484,9.41489028930664,8.324631690979004
4485,8.923310279846191,8.324764251708984
4486,8.98321533203125,8.324912071228027
4487,8.67849349975586,8.324991226196289
4488,7.589001655578613,8.324827194213867
4489,8.344389915466309,8.324831008911133
4490,6.983253479003906,8.324532508850098
4491,9.270745277404785,8.324743270874023
4492,7.474759101867676,8.324554443359375
4493,9.179048538208008,8.32474422454834
4494,8.677118301391602,8.324822425842285
4495,8.748284339904785,8.32491683959961
4496,11.413575172424316,8.325604438781738
4497,9.173216819763184,8.32579231262207
4498,11.241494178771973,8.326440811157227
4499,11.422881126403809,8.327128410339355
4500,8.884843826293945,8.327252388000488
4501,6.170112609863281,8.326773643493652
4502,8.267359733581543,8.326760292053223
4503,9.961931228637695,8.327123641967773
4504,9.733203887939453,8.327435493469238
4505,7.774410247802734,8.327312469482422
4506,8.35692024230957,8.327319145202637
4507,5.745044708251953,8.326745986938477
4508,6.585962295532227,8.326360702514648
4509,4.843920707702637,8.32558822631836
4510,5.030595779418945,8.324857711791992
4511,6.2505669593811035,8.324398040771484
4512,4.792715072631836,8.323615074157715
4513,8.183451652526855,8.32358455657959
4514,6.005008220672607,8.323070526123047
4515,5.269429683685303,8.322394371032715
4516,6.306825637817383,8.321949005126953
4517,6.485741138458252,8.321541786193848
4518,5.177366256713867,8.320845603942871
4519,6.842504501342773,8.32051944732666
4520,4.549511909484863,8.319684982299805
4521,3.9048054218292236,8.318709373474121
4522,5.173550605773926,8.318013191223145
4523,2.9559781551361084,8.316828727722168
4524,5.437708377838135,8.316192626953125
4525,5.9563703536987305,8.31567096710205
4526,5.133519172668457,8.31496810913086
4527,4.280548095703125,8.314077377319336
4528,5.58470344543457,8.313474655151367
4529,4.3562164306640625,8.312601089477539
4530,4.272810935974121,8.3117094039917
4531,4.001999378204346,8.310758590698242
4532,4.857108116149902,8.309996604919434
4533,2.9956746101379395,8.30882453918457
4534,4.220165729522705,8.30792236328125
4535,4.113518714904785,8.306998252868652
4536,4.053364276885986,8.306060791015625
4537,4.177685737609863,8.305150985717773
4538,4.324273586273193,8.30427360534668
4539,4.196976661682129,8.30336856842041
4540,3.8374791145324707,8.302384376525879
4541,5.899336338043213,8.301855087280273
4542,3.331061363220215,8.300761222839355
4543,5.048584461212158,8.300045013427734
4544,4.519390106201172,8.299213409423828
4545,6.9952545166015625,8.298927307128906
4546,5.176064491271973,8.298239707946777
4547,7.445882797241211,8.298052787780762
4548,3.9539356231689453,8.297097206115723
4549,4.330811977386475,8.296225547790527
4550,1.4793115854263306,8.29472827911377
4551,3.9215450286865234,8.293767929077148
4552,3.5454227924346924,8.292725563049316
4553,3.630741834640503,8.291701316833496
4554,6.485731601715088,8.291304588317871
4555,5.1439290046691895,8.290613174438477
4556,5.125339031219482,8.289918899536133
4557,6.898825645446777,8.289613723754883
4558,6.281858444213867,8.289173126220703
4559,6.2042341232299805,8.288715362548828
4560,5.570827007293701,8.288119316101074
4561,4.281959056854248,8.287240982055664
4562,5.472106456756592,8.28662395477295
4563,5.735893726348877,8.286065101623535
4564,3.5533955097198486,8.285028457641602
4565,6.913843631744385,8.284728050231934
4566,5.9127068519592285,8.284209251403809
4567,5.6960344314575195,8.283642768859863
4568,5.180642127990723,8.282963752746582
4569,3.8120169639587402,8.28198528289795
4570,4.850227355957031,8.281234741210938
4571,5.51523494720459,8.280630111694336
4572,5.023547172546387,8.27991771697998
4573,4.490932941436768,8.279088973999023
4574,3.295168876647949,8.277999877929688
4575,3.0809645652770996,8.276865005493164
4576,3.542017698287964,8.275830268859863
4577,5.4942851066589355,8.275223731994629
4578,4.965797424316406,8.274500846862793
4579,5.4729180335998535,8.27388858795166
4580,7.473515510559082,8.273714065551758
4581,7.901528358459473,8.273633003234863
4582,5.792436599731445,8.273091316223145
4583,7.7033796310424805,8.272967338562012
4584,7.431126117706299,8.272783279418945
4585,6.025508880615234,8.272293090820312
4586,0.8619885444641113,8.270678520202637
4587,5.17939567565918,8.270004272460938
4588,4.391922473907471,8.269159317016602
4589,5.807866096496582,8.268623352050781
4590,7.376164436340332,8.268428802490234
4591,5.932638645172119,8.26792049407959
4592,4.6107940673828125,8.267123222351074
4593,5.526660919189453,8.26652717590332
4594,4.181153774261475,8.265637397766113
4595,6.011553764343262,8.26514720916748
4596,1.164567470550537,8.263602256774902
4597,5.5490617752075195,8.263012886047363
4598,5.598193168640137,8.262433052062988
4599,6.756120204925537,8.262105941772461
4600,5.014558792114258,8.26140022277832
4601,5.800304412841797,8.260866165161133
4602,4.80553674697876,8.260114669799805
4603,6.314729690551758,8.259692192077637
4604,5.657568454742432,8.259127616882324
4605,4.399771690368652,8.258289337158203
4606,4.828527450561523,8.25754451751709
4607,5.677412033081055,8.25698471069336
4608,2.7651894092559814,8.255792617797852
4609,7.078448295593262,8.255537033081055
4610,4.451890468597412,8.25471305847168
4611,9.178770065307617,8.254913330078125
4612,5.16710090637207,8.254243850708008
4613,5.932962894439697,8.253741264343262
4614,4.551508903503418,8.252939224243164
4615,4.078104019165039,8.252034187316895
4616,4.015506744384766,8.251116752624512
4617,7.388267993927002,8.250929832458496
4618,4.0836076736450195,8.25002670288086
4619,1.15781569480896,8.248491287231445
4620,4.620048522949219,8.247706413269043
4621,5.434201240539551,8.247097969055176
4622,6.525874137878418,8.246726036071777
4623,4.408932685852051,8.245896339416504
4624,5.740959167480469,8.245354652404785
4625,5.2425031661987305,8.244705200195312
4626,4.0034308433532715,8.243788719177246
4627,4.718784332275391,8.243027687072754
4628,13.672910690307617,8.244199752807617
4629,12.748554229736328,8.245173454284668
4630,11.384744644165039,8.245850563049316
4631,7.911811351776123,8.24577808380127
4632,11.453782081604004,8.24647045135498
4633,10.748422622680664,8.247011184692383
4634,10.330150604248047,8.24746036529541
4635,11.720245361328125,8.248209953308105
4636,10.318318367004395,8.248655319213867
4637,10.557710647583008,8.249153137207031
4638,12.119831085205078,8.249988555908203
4639,13.474808692932129,8.251114845275879
4640,10.994111061096191,8.251705169677734
4641,10.561803817749023,8.252202987670898
4642,12.284334182739258,8.253071784973145
4643,12.51683235168457,8.253989219665527
4644,8.969362258911133,8.254143714904785
4645,12.031167984008789,8.254956245422363
4646,10.160146713256836,8.255366325378418
4647,10.909173965454102,8.255937576293945
4648,12.694341659545898,8.256892204284668
4649,10.970914840698242,8.257476806640625
4650,10.353032112121582,8.257926940917969
4651,13.779500961303711,8.259114265441895
4652,11.806501388549805,8.259876251220703
4653,12.192788124084473,8.260721206665039
4654,10.232627868652344,8.261144638061523
4655,10.443572044372559,8.261613845825195
4656,9.91670036315918,8.261969566345215
4657,11.629805564880371,8.26269245147705
4658,10.211187362670898,8.263110160827637
4659,10.700647354125977,8.263633728027344
4660,7.8839006423950195,8.263551712036133
4661,11.822539329528809,8.264315605163574
4662,10.159783363342285,8.264721870422363
4663,7.230523109436035,8.264500617980957
4664,14.735925674438477,8.265887260437012
4665,11.214513778686523,8.266519546508789
4666,10.121500015258789,8.266916275024414
4667,9.191835403442383,8.267114639282227
4668,8.38978385925293,8.267141342163086
4669,9.631745338439941,8.267433166503906
4670,9.752872467041016,8.267751693725586
4671,11.164078712463379,8.26837158203125
4672,12.013453483581543,8.269172668457031
4673,10.86870002746582,8.269728660583496
4674,12.28145694732666,8.270586967468262
4675,12.619410514831543,8.271516799926758
4676,7.226998329162598,8.271293640136719
4677,9.699283599853516,8.271598815917969
4678,11.247916221618652,8.272234916687012
4679,10.510397911071777,8.272712707519531
4680,11.854549407958984,8.273478507995605
4681,12.527971267700195,8.27438735961914
4682,7.921172142028809,8.274312019348145
4683,10.549769401550293,8.274797439575195
4684,7.65484094619751,8.274665832519531
4685,8.168293952941895,8.274642944335938
4686,11.097636222839355,8.275245666503906
4687,8.110004425048828,8.275209426879883
4688,11.307463645935059,8.275856971740723
4689,10.505436897277832,8.276331901550293
4690,14.71545696258545,8.277704238891602
4691,12.648561477661133,8.27863597869873
4692,10.591135025024414,8.279128074645996
4693,8.176974296569824,8.279106140136719
4694,12.848529815673828,8.28007984161377
4695,9.399129867553711,8.280317306518555
4696,10.0062255859375,8.280685424804688
4697,12.489099502563477,8.281580924987793
4698,8.010839462280273,8.281523704528809
4699,13.313796997070312,8.282593727111816
4700,13.929655075073242,8.283795356750488
4701,10.848388671875,8.284340858459473
4702,13.073710441589355,8.285359382629395
4703,9.362410545349121,8.285588264465332
4704,11.330780982971191,8.286235809326172
4705,11.517581939697266,8.286922454833984
4706,12.136791229248047,8.287740707397461
4707,11.25283145904541,8.288370132446289
4708,10.941884994506836,8.288933753967285
4709,9.2712984085083,8.289141654968262
4710,10.331043243408203,8.289575576782227
4711,9.74072551727295,8.289883613586426
4712,11.637553215026855,8.290594100952148
4713,12.388991355895996,8.291463851928711
4714,-1.8738723993301392,8.289307594299316
4715,9.936800956726074,8.289657592773438
4716,9.253976821899414,8.289861679077148
4717,10.302824974060059,8.290288925170898
4718,11.490274429321289,8.290966987609863
4719,11.974431037902832,8.291747093200684
4720,10.61402416229248,8.29223918914795
4721,9.863031387329102,8.292572021484375
4722,9.554040908813477,8.292839050292969
4723,12.85875415802002,8.293805122375488
4724,8.378294944763184,8.2938232421875
4725,8.585810661315918,8.293885231018066
4726,10.92485523223877,8.294442176818848
4727,9.859761238098145,8.29477310180664
4728,12.19335651397705,8.295597076416016
4729,11.627579689025879,8.29630184173584
4730,9.258904457092285,8.296504974365234
4731,9.265844345092773,8.296710014343262
4732,8.627352714538574,8.29677963256836
4733,9.754229545593262,8.297087669372559
4734,8.867790222167969,8.297207832336426
4735,7.193877696990967,8.296976089477539
4736,12.836064338684082,8.297933578491211
4737,8.633023262023926,8.298004150390625
4738,10.90843677520752,8.298555374145508
4739,8.540860176086426,8.298606872558594
4740,12.522499084472656,8.299497604370117
4741,8.214049339294434,8.299479484558105
4742,12.846254348754883,8.30043888092041
4743,9.83147144317627,8.300761222839355
4744,5.910083770751953,8.300257682800293
4745,12.352132797241211,8.301111221313477
4746,14.833545684814453,8.30248737335205
4747,9.840507507324219,8.302810668945312
4748,10.519758224487305,8.303277969360352
4749,10.63284969329834,8.303768157958984
4750,10.128241539001465,8.304152488708496
4751,11.46342658996582,8.304817199707031
4752,10.784276962280273,8.305338859558105
4753,11.358196258544922,8.305981636047363
4754,9.750201225280762,8.30628490447998
4755,12.40109634399414,8.307147026062012
4756,11.21914291381836,8.307758331298828
4757,10.521302223205566,8.308223724365234
4758,10.582919120788574,8.308701515197754
4759,11.392749786376953,8.30935001373291
4760,16.92954444885254,8.31116008758545
4761,9.567843437194824,8.311423301696777
4762,10.81016731262207,8.3119478225708
4763,11.554580688476562,8.312628746032715
4764,13.83739948272705,8.313787460327148
4765,10.351553916931152,8.314215660095215
4766,7.183797359466553,8.31397819519043
4767,8.07089614868164,8.313926696777344
4768,10.096760749816895,8.314301490783691
4769,9.445420265197754,8.31453800201416
4770,12.640426635742188,8.315444946289062
4771,10.602323532104492,8.315923690795898
4772,10.368324279785156,8.316353797912598
4773,8.492266654968262,8.316390991210938
4774,9.662309646606445,8.316673278808594
4775,12.924701690673828,8.317638397216797
4776,10.959243774414062,8.318191528320312
4777,11.4099702835083,8.318838119506836
4778,13.95264720916748,8.32001781463623
4779,14.30041217803955,8.321269035339355
4780,13.222570419311523,8.322294235229492
4781,8.491382598876953,8.3223295211792
4782,11.22982120513916,8.32293701171875
4783,9.690957069396973,8.323223114013672
4784,10.138059616088867,8.323602676391602
4785,9.863113403320312,8.32392406463623
4786,9.786096572875977,8.32422924041748
4787,10.346980094909668,8.324651718139648
4788,8.51123046875,8.324690818786621
4789,12.047601699829102,8.325468063354492
4790,12.567352294921875,8.326353073120117
4791,10.266641616821289,8.32675838470459
4792,13.272462844848633,8.327790260314941
4793,8.693114280700684,8.327865600585938
4794,11.329506874084473,8.3284912109375
4795,16.263830184936523,8.330146789550781
4796,10.056500434875488,8.330506324768066
4797,15.177918434143066,8.331933975219727
4798,12.860918998718262,8.332877159118652
4799,11.445444107055664,8.333525657653809
4800,12.42904281616211,8.334378242492676
4801,14.360213279724121,8.335633277893066
4802,10.956877708435059,8.33617877960205
4803,8.194061279296875,8.336150169372559
4804,16.375669479370117,8.337822914123535
4805,9.441889762878418,8.338052749633789
4806,7.818353176116943,8.337944030761719
4807,13.83089542388916,8.339086532592773
4808,11.05219841003418,8.33965015411377
4809,11.923056602478027,8.340394973754883
4810,11.932933807373047,8.341141700744629
4811,13.591144561767578,8.342232704162598
4812,10.197072982788086,8.342617988586426
4813,10.732809066772461,8.343114852905273
4814,11.51430892944336,8.34377384185791
4815,13.787287712097168,8.344903945922852
4816,14.377168655395508,8.34615707397461
4817,10.309370994567871,8.346564292907715
4818,8.95022201538086,8.346689224243164
4819,10.594807624816895,8.347155570983887
4820,14.307720184326172,8.34839153289795
4821,10.276871681213379,8.34879207611084
4822,12.861723899841309,8.349727630615234
4823,14.59470272064209,8.351022720336914
4824,13.406609535217285,8.352069854736328
4825,13.055561065673828,8.353044509887695
4826,10.231304168701172,8.353433609008789
4827,-0.31245914101600647,8.351638793945312
4828,13.898637771606445,8.352787017822266
4829,10.096715927124023,8.353148460388184
4830,8.382970809936523,8.353154182434082
4831,7.609194755554199,8.35300064086914
4832,11.758468627929688,8.353705406188965
4833,6.60784912109375,8.353343963623047
4834,9.216601371765137,8.353522300720215
4835,10.00514030456543,8.353863716125488
4836,9.535745620727539,8.354107856750488
