Iteration,Result,Mean
0,10.869522094726562,10.869522094726562
1,11.4652681350708,11.167394638061523
2,12.189940452575684,11.508243560791016
3,12.338723182678223,11.715863227844238
4,12.38979721069336,11.8506498336792
5,12.711816787719727,11.99417781829834
6,12.347818374633789,12.044697761535645
7,10.040454864501953,11.794166564941406
8,10.982483863830566,11.7039794921875
9,11.251994132995605,11.658781051635742
10,11.09852409362793,11.607848167419434
11,11.834305763244629,11.626720428466797
12,11.477544784545898,11.61524486541748
13,11.298613548278809,11.592628479003906
14,13.389320373535156,11.712408065795898
15,12.891020774841309,11.78607177734375
16,11.70477294921875,11.781289100646973
17,12.630220413208008,11.828452110290527
18,12.669689178466797,11.87272834777832
19,11.936964988708496,11.875940322875977
20,11.990152359008789,11.881379127502441
21,11.60204792022705,11.868681907653809
22,10.735846519470215,11.819427490234375
23,11.349161148071289,11.799832344055176
24,12.728199005126953,11.836967468261719
25,14.489694595336914,11.938995361328125
26,13.302054405212402,11.989479064941406
27,12.895959854125977,12.02185344696045
28,12.567992210388184,12.04068660736084
29,10.474518775939941,11.988480567932129
30,11.07796573638916,11.95910930633545
31,13.367734909057617,12.003129005432129
32,12.269259452819824,12.01119327545166
33,10.565263748168945,11.968666076660156
34,12.945819854736328,11.996585845947266
35,11.357425689697266,11.97883129119873
36,12.236255645751953,11.985788345336914
37,11.095810890197754,11.962368965148926
38,12.341984748840332,11.972102165222168
39,11.88467025756836,11.969916343688965
40,12.194622993469238,11.975397109985352
41,10.715225219726562,11.945392608642578
42,13.326749801635742,11.977516174316406
43,13.27039909362793,12.0068998336792
44,11.270251274108887,11.990530014038086
45,9.508415222167969,11.93657112121582
46,11.758094787597656,11.932774543762207
47,12.147397994995117,11.93724536895752
48,10.841316223144531,11.91487979888916
49,11.600895881652832,11.908599853515625
50,9.98286247253418,11.870840072631836
51,10.875545501708984,11.851699829101562
52,12.107622146606445,11.856528282165527
53,10.913786888122559,11.839069366455078
54,12.63534927368164,11.853548049926758
55,10.100643157958984,11.822245597839355
56,11.714668273925781,11.820358276367188
57,12.841741561889648,11.837968826293945
58,12.904252052307129,11.856040954589844
59,11.77231216430664,11.854645729064941
60,11.428949356079102,11.847667694091797
61,12.889901161193848,11.864477157592773
62,10.297640800476074,11.839607238769531
63,13.319852828979492,11.862735748291016
64,12.921248435974121,11.879020690917969
65,12.400351524353027,11.886919021606445
66,9.608054161071777,11.852906227111816
67,11.79233169555664,11.852015495300293
68,8.214664459228516,11.799300193786621
69,13.045024871826172,11.817096710205078
70,12.830157279968262,11.831364631652832
71,11.404165267944336,11.825431823730469
72,11.769990921020508,11.82467269897461
73,12.020347595214844,11.827316284179688
74,11.065945625305176,11.817164421081543
75,11.72402286529541,11.815938949584961
76,7.336679458618164,11.757766723632812
77,9.551506996154785,11.72948169708252
78,12.119544982910156,11.734418869018555
79,11.750306129455566,11.734617233276367
80,13.388616561889648,11.755037307739258
81,11.585474014282227,11.752968788146973
82,11.642488479614258,11.751638412475586
83,13.339720726013184,11.770544052124023
84,11.29570484161377,11.764958381652832
85,11.369903564453125,11.760364532470703
86,12.354840278625488,11.767197608947754
87,8.523695945739746,11.730340003967285
88,12.298989295959473,11.73672866821289
89,12.590993881225586,11.746219635009766
90,12.438140869140625,11.753823280334473
91,12.464162826538086,11.761543273925781
92,7.233348846435547,11.71285343170166
93,9.120760917663574,11.685277938842773
94,9.458005905151367,11.661832809448242
95,11.923079490661621,11.664554595947266
96,9.671822547912598,11.644011497497559
97,10.376839637756348,11.631080627441406
98,9.467028617858887,11.609222412109375
99,9.939048767089844,11.592520713806152
100,9.736272811889648,11.574142456054688
101,10.31787109375,11.5618257522583
102,9.232465744018555,11.539210319519043
103,9.61937141418457,11.520750999450684
104,10.11886978149414,11.507399559020996
105,10.547113418579102,11.498340606689453
106,7.28730583190918,11.458985328674316
107,10.733747482299805,11.4522705078125
108,10.465569496154785,11.443218231201172
109,9.344636917114258,11.424139976501465
110,9.65288257598877,11.408182144165039
111,7.615139961242676,11.37431526184082
112,10.466699600219727,11.366283416748047
113,8.827272415161133,11.344011306762695
114,9.485794067382812,11.327853202819824
115,8.264419555664062,11.301444053649902
116,10.55678939819336,11.295079231262207
117,10.326454162597656,11.286870002746582
118,10.52701473236084,11.280485153198242
119,10.42611312866211,11.273365020751953
120,11.885822296142578,11.278427124023438
121,9.52703857421875,11.26407241821289
122,9.844547271728516,11.252532005310059
123,9.023663520812988,11.234557151794434
124,8.621451377868652,11.213652610778809
125,8.315587997436523,11.190651893615723
126,8.26019287109375,11.167576789855957
127,10.086516380310059,11.159131050109863
128,10.170461654663086,11.151466369628906
129,10.078845024108887,11.143216133117676
130,10.294954299926758,11.136739730834961
131,10.742218017578125,11.133750915527344
132,7.776206016540527,11.10850715637207
133,10.216634750366211,11.101851463317871
134,14.050870895385742,11.123696327209473
135,13.19857120513916,11.13895320892334
136,7.07429838180542,11.109284400939941
137,7.536316871643066,11.083393096923828
138,9.523078918457031,11.072168350219727
139,7.066845417022705,11.043559074401855
140,8.885374069213867,11.028252601623535
141,8.74048137664795,11.012141227722168
142,9.997584342956543,11.005046844482422
143,9.722317695617676,10.996138572692871
144,10.246944427490234,10.990971565246582
145,9.765812873840332,10.98258113861084
146,10.041852951049805,10.976181030273438
147,10.181987762451172,10.970815658569336
148,10.595148086547852,10.968294143676758
149,10.877849578857422,10.967690467834473
150,8.66177749633789,10.95241928100586
151,15.000602722167969,10.979052543640137
152,8.118142127990723,10.96035385131836
153,8.507061958312988,10.944422721862793
154,10.42514419555664,10.941073417663574
155,12.421396255493164,10.950562477111816
156,10.774393081665039,10.949440002441406
157,12.609280586242676,10.959945678710938
158,12.529272079467773,10.969815254211426
159,10.088008880615234,10.964303970336914
160,9.772829055786133,10.956903457641602
161,10.049530029296875,10.951302528381348
162,8.949054718017578,10.939019203186035
163,11.085567474365234,10.939912796020508
164,10.577210426330566,10.937715530395508
165,9.544975280761719,10.929325103759766
166,8.594796180725098,10.915346145629883
167,12.434530258178711,10.924388885498047
168,11.369606018066406,10.927023887634277
169,11.711681365966797,10.931638717651367
170,10.095514297485352,10.926749229431152
171,10.910271644592285,10.926653861999512
172,11.626800537109375,10.930700302124023
173,10.2841796875,10.926984786987305
174,8.554962158203125,10.913430213928223
175,7.627236843109131,10.894759178161621
176,10.499603271484375,10.892526626586914
177,6.819915294647217,10.869647026062012
178,8.630459785461426,10.857137680053711
179,8.427573204040527,10.843640327453613
180,10.239624977111816,10.840303421020508
181,11.065031051635742,10.841538429260254
182,10.010699272155762,10.836997985839844
183,11.210470199584961,10.839027404785156
184,10.673407554626465,10.838132858276367
185,7.951798439025879,10.822614669799805
186,6.183342933654785,10.797805786132812
187,13.779125213623047,10.813664436340332
188,9.032254219055176,10.804238319396973
189,9.542935371398926,10.797599792480469
190,16.50015640258789,10.8274564743042
191,12.811372756958008,10.837788581848145
192,9.497620582580566,10.83084487915039
193,10.576652526855469,10.829534530639648
194,11.48537540435791,10.832897186279297
195,9.80624008178711,10.827659606933594
196,12.654273986816406,10.836931228637695
197,10.61007022857666,10.835785865783691
198,13.609298706054688,10.849723815917969
199,14.014839172363281,10.865549087524414
200,12.554100036621094,10.873950958251953
201,10.9857759475708,10.874504089355469
202,11.182941436767578,10.876023292541504
203,12.241371154785156,10.88271713256836
204,12.893656730651855,10.892525672912598
205,10.696015357971191,10.891571998596191
206,12.595003128051758,10.899801254272461
207,10.353191375732422,10.897172927856445
208,11.53422737121582,10.90022087097168
209,12.75359058380127,10.90904712677002
210,12.890888214111328,10.918439865112305
211,12.859025955200195,10.927594184875488
212,13.433981895446777,10.939361572265625
213,11.242257118225098,10.940776824951172
214,9.843385696411133,10.935672760009766
215,11.846611022949219,10.93989086151123
216,12.431406021118164,10.94676399230957
217,11.54135799407959,10.949490547180176
218,12.819644927978516,10.958029747009277
219,12.716999053955078,10.966025352478027
220,11.018647193908691,10.966263771057129
221,12.322931289672852,10.97237491607666
222,10.66129207611084,10.970979690551758
223,11.15389633178711,10.971796035766602
224,11.411942481994629,10.97375202178955
225,14.14887523651123,10.987801551818848
226,12.882972717285156,10.996150970458984
227,10.574618339538574,10.994302749633789
228,9.22934627532959,10.986594200134277
229,12.346611976623535,10.992507934570312
230,12.825218200683594,11.000441551208496
231,13.120169639587402,11.009578704833984
232,10.704633712768555,11.008269309997559
233,11.872940063476562,11.011964797973633
234,11.325828552246094,11.013300895690918
235,11.061958312988281,11.013507843017578
236,11.434287071228027,11.01528263092041
237,10.898326873779297,11.014792442321777
238,5.518007278442383,10.991793632507324
239,6.865782260894775,10.974600791931152
240,5.5429816246032715,10.95206356048584
241,7.930750370025635,10.93957805633545
242,6.723341941833496,10.92222785949707
243,8.01987075805664,10.910332679748535
244,3.5995616912841797,10.880492210388184
245,4.709784507751465,10.855408668518066
246,8.618656158447266,10.846352577209473
247,8.40533447265625,10.836509704589844
248,4.143305778503418,10.809629440307617
249,5.7617692947387695,10.789437294006348
250,6.039101600646973,10.770511627197266
251,1.3698837757110596,10.733207702636719
252,7.227593421936035,10.719350814819336
253,1.4626493453979492,10.682907104492188
254,2.0869812965393066,10.649197578430176
255,-0.8654899001121521,10.604218482971191
256,2.553370952606201,10.572892189025879
257,3.1281661987304688,10.544036865234375
258,2.025010824203491,10.511144638061523
259,-0.93093341588974,10.46713638305664
260,3.0688958168029785,10.438791275024414
261,6.552448272705078,10.423957824707031
262,6.677931785583496,10.409714698791504
263,1.9946768283843994,10.377839088439941
264,6.270412445068359,10.362339973449707
265,3.7729432582855225,10.337567329406738
266,-0.15868330001831055,10.298255920410156
267,1.834555745124817,10.266674041748047
268,4.216965675354004,10.244185447692871
269,-0.36605921387672424,10.204888343811035
270,-0.1441606730222702,10.16670036315918
271,4.320053577423096,10.1452054977417
272,-2.722567558288574,10.09807014465332
273,1.6739213466644287,10.0673246383667
274,3.4169440269470215,10.043142318725586
275,2.315052032470703,10.015141487121582
276,-4.570952415466309,9.962483406066895
277,3.2597434520721436,9.938372611999512
278,2.990790605545044,9.913471221923828
279,1.6337802410125732,9.88390064239502
280,2.6925418376922607,9.858308792114258
281,-0.8902989625930786,9.82019329071045
282,5.080964088439941,9.803446769714355
283,5.362408638000488,9.787809371948242
284,5.840669631958008,9.773959159851074
285,3.0926754474639893,9.750597953796387
286,5.8826212882995605,9.737120628356934
287,3.8406479358673096,9.716647148132324
288,-1.5397236347198486,9.67769718170166
289,0.7515416145324707,9.646917343139648
290,3.081209659576416,9.624354362487793
291,0.15447553992271423,9.591923713684082
292,-0.9796695709228516,9.555843353271484
293,8.39505386352539,9.551895141601562
294,-9.603123664855957,9.486963272094727
295,-3.05300235748291,9.444598197937012
296,-0.17274096608161926,9.412216186523438
297,5.312867641448975,9.398460388183594
298,-6.990956783294678,9.343646049499512
299,4.453726768493652,9.327345848083496
300,3.7069129943847656,9.308673858642578
301,4.567363739013672,9.292974472045898
302,-0.33608174324035645,9.261195182800293
303,3.263826608657837,9.241467475891113
304,3.34603214263916,9.222137451171875
305,3.137148380279541,9.202252388000488
306,7.705082416534424,9.197375297546387
307,11.172733306884766,9.203789710998535
308,6.5651445388793945,9.195250511169434
309,0.8908179402351379,9.168461799621582
310,-0.33854931592941284,9.137892723083496
311,-1.0472949743270874,9.105247497558594
312,4.257011413574219,9.089757919311523
313,3.992403507232666,9.073524475097656
314,3.963473081588745,9.05730152130127
315,4.0492448806762695,9.04145336151123
316,3.480536460876465,9.023911476135254
317,-1.4410812854766846,8.991002082824707
318,4.997074604034424,8.978482246398926
319,3.1577465534210205,8.960291862487793
320,5.071046352386475,8.948176383972168
321,1.9277946949005127,8.926373481750488
322,0.5105849504470825,8.900318145751953
323,1.3954360485076904,8.877155303955078
324,-0.7749822735786438,8.847455978393555
325,5.87434720993042,8.838335990905762
326,3.6646673679351807,8.822514533996582
327,1.357571005821228,8.799755096435547
328,2.9161343574523926,8.781871795654297
329,1.5500129461288452,8.759957313537598
330,1.9289137125015259,8.739319801330566
331,4.80708646774292,8.727476119995117
332,2.664647102355957,8.709268569946289
333,1.591877818107605,8.687958717346191
334,5.496805191040039,8.678433418273926
335,6.120927810668945,8.670821189880371
336,2.9733264446258545,8.653915405273438
337,1.8452714681625366,8.633770942687988
338,5.390497207641602,8.6242036819458
339,2.6370019912719727,8.60659408569336
340,5.160014629364014,8.59648609161377
341,2.774954319000244,8.579463958740234
342,4.232372283935547,8.566790580749512
343,4.486331462860107,8.55492877960205
344,6.852865695953369,8.549995422363281
345,-3.7523341178894043,8.51443862915039
346,1.1948226690292358,8.493345260620117
347,5.096954822540283,8.483585357666016
348,10.525301933288574,8.489435195922852
349,9.875064849853516,8.493393898010254
350,12.781195640563965,8.505610466003418
351,11.852767944335938,8.515119552612305
352,12.620162963867188,8.526748657226562
353,13.04233455657959,8.539504051208496
354,14.227160453796387,8.555524826049805
355,13.820362091064453,8.570313453674316
356,12.75112247467041,8.582025527954102
357,13.11214542388916,8.59467887878418
358,11.208592414855957,8.601959228515625
359,9.177132606506348,8.603557586669922
360,11.348434448242188,8.611161231994629
361,12.895721435546875,8.622997283935547
362,11.940853118896484,8.632137298583984
363,12.796241760253906,8.643576622009277
364,9.839568138122559,8.64685344696045
365,13.223638534545898,8.659358024597168
366,9.41824722290039,8.661426544189453
367,9.19986343383789,8.66288948059082
368,11.019569396972656,8.669276237487793
369,11.977486610412598,8.678216934204102
370,12.193757057189941,8.68769359588623
371,9.045764923095703,8.688655853271484
372,11.049930572509766,8.694986343383789
373,11.781512260437012,8.703239440917969
374,7.328447341918945,8.699572563171387
375,8.276985168457031,8.69844913482666
376,10.360169410705566,8.70285701751709
377,9.22089672088623,8.704227447509766
378,5.484868049621582,8.695733070373535
379,10.85846996307373,8.701424598693848
380,10.927738189697266,8.707267761230469
381,13.558713912963867,8.71996784210205
382,10.644342422485352,8.724991798400879
383,8.360389709472656,8.724041938781738
384,12.178735733032227,8.733015060424805
385,11.958428382873535,8.741371154785156
386,11.929813385009766,8.749610900878906
387,11.220129013061523,8.75597858428955
388,10.805234909057617,8.761245727539062
389,9.49273681640625,8.763121604919434
390,12.492124557495117,8.772659301757812
391,9.777518272399902,8.775222778320312
392,13.882034301757812,8.788216590881348
393,13.695308685302734,8.800671577453613
394,13.326509475708008,8.812129020690918
395,11.83182144165039,8.819754600524902
396,13.092262268066406,8.830516815185547
397,13.372146606445312,8.841927528381348
398,12.970548629760742,8.852274894714355
399,12.962020874023438,8.862548828125
400,13.533143043518066,8.87419605255127
401,10.658510208129883,8.878634452819824
402,7.132556915283203,8.87430191040039
403,11.276987075805664,8.880249977111816
404,10.682809829711914,8.884700775146484
405,11.388690948486328,8.890868186950684
406,11.99911117553711,8.898504257202148
407,13.644847869873047,8.910138130187988
408,13.974553108215332,8.922520637512207
409,12.502283096313477,8.931251525878906
410,12.082413673400879,8.938918113708496
411,13.053762435913086,8.948905944824219
412,11.883477210998535,8.956011772155762
413,11.471053123474121,8.96208667755127
414,10.54465389251709,8.965899467468262
415,9.759922981262207,8.967808723449707
416,13.311873435974121,8.978225708007812
417,12.22816276550293,8.986001014709473
418,12.853607177734375,8.995231628417969
419,11.974058151245117,9.002324104309082
420,10.356402397155762,9.00554084777832
421,13.50628662109375,9.016205787658691
422,10.6746826171875,9.020127296447754
423,7.938469886779785,9.017576217651367
424,9.981365203857422,9.019844055175781
425,11.150031089782715,9.0248441696167
426,13.67724609375,9.03573989868164
427,9.958900451660156,9.037897109985352
428,10.775047302246094,9.041946411132812
429,12.045435905456543,9.048931121826172
430,15.19858169555664,9.063199996948242
431,13.077488899230957,9.072491645812988
432,8.438508033752441,9.071027755737305
433,10.983047485351562,9.075433731079102
434,10.734896659851074,9.079248428344727
435,11.02001953125,9.083699226379395
436,7.918226718902588,9.081032752990723
437,11.0623779296875,9.085556030273438
438,6.724882125854492,9.080179214477539
439,9.954482078552246,9.082165718078613
440,10.203023910522461,9.084708213806152
441,9.621499061584473,9.085922241210938
442,7.267143726348877,9.081816673278809
443,7.627718925476074,9.07854175567627
444,8.612162590026855,9.077493667602539
445,7.373715400695801,9.073673248291016
446,5.485177040100098,9.065645217895508
447,9.258763313293457,9.066076278686523
448,7.675357818603516,9.062978744506836
449,10.596189498901367,9.066386222839355
450,10.30958080291748,9.06914234161377
451,9.725351333618164,9.070594787597656
452,6.0109782218933105,9.06383991241455
453,11.083741188049316,9.068289756774902
454,6.894002437591553,9.06351089477539
455,11.84948444366455,9.069621086120605
456,6.321708679199219,9.063608169555664
457,6.877317428588867,9.05883502960205
458,10.008002281188965,9.06090259552002
459,6.446799278259277,9.055219650268555
460,7.78961706161499,9.052474021911621
461,7.177743434906006,9.048416137695312
462,10.33279037475586,9.051190376281738
463,9.78972053527832,9.05278205871582
464,9.846826553344727,9.054489135742188
465,7.371208667755127,9.05087661743164
466,8.574274063110352,9.049856185913086
467,9.359648704528809,9.050518035888672
468,7.839354515075684,9.047935485839844
469,11.430621147155762,9.05300521850586
470,12.478689193725586,9.060277938842773
471,8.301352500915527,9.058670043945312
472,10.388212203979492,9.061481475830078
473,7.580894470214844,9.058358192443848
474,8.36100959777832,9.056889533996582
475,8.707060813903809,9.056154251098633
476,13.887163162231445,9.066282272338867
477,7.698009014129639,9.063420295715332
478,8.116493225097656,9.061444282531738
479,6.292538642883301,9.055675506591797
480,8.974761962890625,9.055506706237793
481,11.713397979736328,9.061020851135254
482,9.363268852233887,9.061646461486816
483,10.268445014953613,9.064140319824219
484,9.082418441772461,9.064178466796875
485,9.98883056640625,9.066081047058105
486,11.632405281066895,9.07135009765625
487,13.513433456420898,9.080452919006348
488,7.6440019607543945,9.077515602111816
489,11.331296920776367,9.082115173339844
490,8.79641342163086,9.081533432006836
491,9.804800033569336,9.083003044128418
492,9.687092781066895,9.084227561950684
493,10.171058654785156,9.086427688598633
494,11.185922622680664,9.090669631958008
495,14.447830200195312,9.101469993591309
496,14.401941299438477,9.11213493347168
497,9.776564598083496,9.113468170166016
498,15.986507415771484,9.127242088317871
499,10.316469192504883,9.129620552062988
500,13.524264335632324,9.138392448425293
501,12.489385604858398,9.14506721496582
502,10.052461624145508,9.146870613098145
503,14.371784210205078,9.15723705291748
504,10.830352783203125,9.160551071166992
505,9.382316589355469,9.160988807678223
506,9.949260711669922,9.162543296813965
507,16.40286636352539,9.176795959472656
508,13.004441261291504,9.18431568145752
509,11.609308242797852,9.189070701599121
510,12.376884460449219,9.19530963897705
511,11.85800552368164,9.200510025024414
512,12.090967178344727,9.206144332885742
513,12.54179859161377,9.212634086608887
514,12.729122161865234,9.219462394714355
515,16.70830726623535,9.233975410461426
516,11.65026569366455,9.238649368286133
517,10.900928497314453,9.24185848236084
518,15.932619094848633,9.25475025177002
519,14.538498878479004,9.264911651611328
520,12.221475601196289,9.270586967468262
521,10.621177673339844,9.273173332214355
522,14.896143913269043,9.28392505645752
523,12.28786849975586,9.289657592773438
524,13.186481475830078,9.297080993652344
525,11.85429573059082,9.301942825317383
526,14.951085090637207,9.312662124633789
527,12.831620216369629,9.319326400756836
528,-0.7823108434677124,9.300230979919434
529,-1.6513845920562744,9.27956771850586
530,0.8039870262145996,9.263607025146484
531,0.46801888942718506,9.247074127197266
532,2.086684465408325,9.233640670776367
533,1.4851186275482178,9.219130516052246
534,-0.46329671144485474,9.201032638549805
535,-1.5269184112548828,9.181017875671387
536,0.1569974422454834,9.164213180541992
537,3.440837860107422,9.15357494354248
538,3.609628200531006,9.143290519714355
539,-3.2450602054595947,9.120348930358887
540,-0.5130689144134521,9.10254192352295
541,1.8634295463562012,9.089184761047363
542,5.143054008483887,9.081917762756348
543,1.299885630607605,9.067612648010254
544,3.766580581665039,9.057886123657227
545,2.8739867210388184,9.046560287475586
546,2.4627997875213623,9.034523963928223
547,-1.608565092086792,9.01510238647461
548,6.261488914489746,9.010087966918945
549,-3.460754156112671,8.98741340637207
550,1.5308786630630493,8.97387981414795
551,2.271477222442627,8.961737632751465
552,3.112239360809326,8.951160430908203
553,3.254915237426758,8.940877914428711
554,0.8754109740257263,8.926345825195312
555,1.2708287239074707,8.912577629089355
556,3.7073192596435547,8.90323257446289
557,2.483020305633545,8.89172649383545
558,0.6160811185836792,8.876922607421875
559,3.26599383354187,8.866903305053711
560,-0.832432210445404,8.849614143371582
561,-0.26200759410858154,8.83340072631836
562,2.6718173027038574,8.822456359863281
563,4.309818744659424,8.81445598602295
564,0.6865096688270569,8.800069808959961
565,5.194342613220215,8.793699264526367
566,4.089720726013184,8.78540325164795
567,-1.2123113870620728,8.767801284790039
568,5.0374836921691895,8.761245727539062
569,2.136943817138672,8.749624252319336
570,1.9790139198303223,8.73776626586914
571,2.734217643737793,8.72727108001709
572,2.3510684967041016,8.716143608093262
573,2.1892879009246826,8.70477294921875
574,-3.307485818862915,8.683881759643555
575,4.666344165802002,8.67690658569336
576,2.0216691493988037,8.665372848510742
577,-1.7181497812271118,8.647407531738281
578,-2.331131935119629,8.628446578979492
579,3.3921241760253906,8.619418144226074
580,3.1988401412963867,8.610088348388672
581,0.22177688777446747,8.595675468444824
582,7.709540367126465,8.594155311584473
583,3.7180676460266113,8.585805892944336
584,0.6603589057922363,8.572257995605469
585,1.6247122287750244,8.560401916503906
586,4.91440486907959,8.554190635681152
587,2.8499677181243896,8.544489860534668
588,-0.09124390035867691,8.529828071594238
589,5.744180679321289,8.525106430053711
590,4.882175445556641,8.518942832946777
591,1.2677921056747437,8.506693840026855
592,-9.874120712280273,8.47569751739502
593,-0.20388925075531006,8.461085319519043
594,3.956836462020874,8.453516006469727
595,3.70832896232605,8.44555377960205
596,7.930418014526367,8.444690704345703
597,2.307140350341797,8.434427261352539
598,6.68448543548584,8.431506156921387
599,5.354052543640137,8.426377296447754
600,2.0028223991394043,8.415689468383789
601,4.493653297424316,8.409173965454102
602,4.2076416015625,8.402206420898438
603,0.6968120336532593,8.389449119567871
604,1.9922842979431152,8.378874778747559
605,2.9787232875823975,8.369963645935059
606,4.030616760253906,8.362814903259277
607,1.6316051483154297,8.351743698120117
608,0.6173180937767029,8.339043617248535
609,4.841744422912598,8.3333101272583
610,5.8990092277526855,8.329325675964355
611,2.2872068881988525,8.319453239440918
612,-5.230501174926758,8.297348976135254
613,7.922811031341553,8.296738624572754
614,0.42213115096092224,8.283935546875
615,1.5835521221160889,8.27305793762207
616,2.006442070007324,8.262901306152344
617,4.18963098526001,8.256309509277344
618,-1.839120864868164,8.239999771118164
619,2.14882755279541,8.230175971984863
620,4.649200916290283,8.224410057067871
621,8.416778564453125,8.224719047546387
622,3.654606819152832,8.217384338378906
623,0.49625861644744873,8.205010414123535
624,5.242643356323242,8.200270652770996
625,1.9435054063796997,8.190275192260742
626,2.8573193550109863,8.181770324707031
627,2.7133259773254395,8.173062324523926
628,-7.035810947418213,8.148882865905762
629,4.959803104400635,8.143821716308594
630,-4.312742710113525,8.124080657958984
631,6.981780529022217,8.122273445129395
632,2.239704132080078,8.112980842590332
633,2.5778369903564453,8.104249954223633
634,5.564022064208984,8.100249290466309
635,0.6492037177085876,8.088534355163574
636,0.8050262928009033,8.077099800109863
637,2.928568124771118,8.06903076171875
638,1.182252049446106,8.058253288269043
639,-2.0554943084716797,8.042449951171875
640,0.730790376663208,8.031044006347656
641,1.3022968769073486,8.020562171936035
642,4.597784996032715,8.015238761901855
643,-1.9315838813781738,7.999794006347656
644,-1.233466386795044,7.98547887802124
645,0.793401300907135,7.974345684051514
646,4.7377471923828125,7.969343185424805
647,6.0295491218566895,7.966350078582764
648,3.9516279697418213,7.9601640701293945
649,0.11999257653951645,7.9481024742126465
650,6.3249406814575195,7.945608615875244
651,5.782778263092041,7.942291259765625
652,2.637321949005127,7.934167385101318
653,3.4542224407196045,7.927317142486572
654,2.174008369445801,7.918532848358154
655,4.164907455444336,7.912811279296875
656,7.23068904876709,7.911772727966309
657,3.1430816650390625,7.904525279998779
658,3.0256459712982178,7.897122383117676
659,4.683388710021973,7.892253398895264
660,3.914543390274048,7.88623571395874
661,-2.3485679626464844,7.87077522277832
662,-0.7325007915496826,7.857799053192139
663,-0.9519354104995728,7.844531059265137
664,-5.252866744995117,7.824835300445557
665,-0.32158520817756653,7.81260347366333
666,1.3053736686706543,7.802846908569336
667,4.095215320587158,7.79729700088501
668,2.6586461067199707,7.789615631103516
669,3.8386881351470947,7.783719062805176
670,4.258115291595459,7.778465270996094
671,3.3157575130462646,7.771824359893799
672,5.480072498321533,7.768418788909912
673,7.318024635314941,7.7677507400512695
674,3.7759294509887695,7.761836528778076
675,2.638676166534424,7.754258155822754
676,6.457273960113525,7.7523417472839355
677,1.832871437072754,7.7436113357543945
678,4.224763870239258,7.738428592681885
679,3.8612747192382812,7.73272705078125
680,4.409485340118408,7.727847576141357
681,2.3540096282958984,7.719967842102051
682,4.608057975769043,7.715411186218262
683,0.19446447491645813,7.704415798187256
684,-0.9823888540267944,7.691734313964844
685,2.481342315673828,7.684138774871826
686,-4.180535316467285,7.666868686676025
687,0.25662142038345337,7.656097888946533
688,1.1349029541015625,7.646633148193359
689,2.1668763160705566,7.6386919021606445
690,1.3833098411560059,7.629639148712158
691,-1.0950698852539062,7.617030620574951
692,-0.015078317373991013,7.606017589569092
693,2.8785295486450195,7.599205493927002
694,-3.3721683025360107,7.583419322967529
695,6.378067970275879,7.5816874504089355
696,4.354013442993164,7.577056884765625
697,-6.239321231842041,7.557262420654297
698,1.2794969081878662,7.548281192779541
699,-1.1153850555419922,7.535904884338379
700,6.822412014007568,7.534886837005615
701,3.2090330123901367,7.528724193572998
702,-4.357175350189209,7.511817455291748
703,-0.3997817039489746,7.500579357147217
704,-1.8250863552093506,7.487350940704346
705,1.300342321395874,7.478587627410889
706,6.396670818328857,7.477056980133057
707,4.991479873657227,7.473546504974365
708,3.3966383934020996,7.467796325683594
709,-6.984940528869629,7.447440147399902
710,-0.852806806564331,7.435765743255615
711,-7.866586685180664,7.414273738861084
712,0.9208533763885498,7.4051666259765625
713,-9.881645202636719,7.380955219268799
714,1.3501031398773193,7.372520446777344
715,2.651270866394043,7.365926742553711
716,-1.5175379514694214,7.353536605834961
717,-1.3165857791900635,7.341461658477783
718,-2.5273120403289795,7.327735900878906
719,0.09388715773820877,7.317688465118408
720,-0.33820652961730957,7.307069778442383
721,2.5265398025512695,7.300448417663574
722,6.996867656707764,7.3000288009643555
723,-1.2796181440353394,7.288178443908691
724,-1.0268961191177368,7.27670955657959
725,-0.0696435272693634,7.266590118408203
726,-4.960919380187988,7.2497711181640625
727,4.335307598114014,7.245767593383789
728,-0.9531848430633545,7.23452091217041
729,3.764662742614746,7.229767799377441
730,-1.704596996307373,7.217545509338379
731,-6.802756309509277,7.198392391204834
732,0.5648915767669678,7.189342498779297
733,-8.25101089477539,7.168306827545166
734,2.9511144161224365,7.162569046020508
735,-3.3478829860687256,7.148288726806641
736,1.6825920343399048,7.140872955322266
737,-1.8170679807662964,7.128735065460205
738,3.141920566558838,7.123340129852295
739,4.247267246246338,7.119453430175781
740,8.043031692504883,7.120699882507324
741,5.2786784172058105,7.118217468261719
742,-6.554783821105957,7.0998148918151855
743,2.1602916717529297,7.093175888061523
744,-6.6580305099487305,7.0747175216674805
745,6.981565475463867,7.074592590332031
746,0.4286583662033081,7.065695762634277
747,3.1728062629699707,7.060491561889648
748,3.3194870948791504,7.055496692657471
749,1.3893569707870483,7.047941207885742
750,-1.6558064222335815,7.036352157592773
751,5.821592807769775,7.034736633300781
752,7.348409652709961,7.035153865814209
753,-0.6287694573402405,7.024989128112793
754,-4.995046138763428,7.009068489074707
755,-2.410550594329834,6.996608734130859
756,2.4211525917053223,6.990564823150635
757,-0.3307117521762848,6.980906009674072
758,-1.214641809463501,6.9701080322265625
759,0.25180739164352417,6.961268424987793
760,-1.3242119550704956,6.950380802154541
761,2.7185378074645996,6.944827556610107
762,-1.2578206062316895,6.93407678604126
763,3.32861065864563,6.929357528686523
764,1.9054768085479736,6.922790050506592
765,2.9980430603027344,6.917666435241699
766,3.151320219039917,6.912755966186523
767,-2.0057318210601807,6.901143550872803
768,0.4306870400905609,6.89272928237915
769,4.425507068634033,6.889524936676025
770,-2.991520404815674,6.876708507537842
771,-3.065720796585083,6.863829612731934
772,10.16181468963623,6.868095874786377
773,-0.2920117974281311,6.858845233917236
774,4.5423431396484375,6.855856418609619
775,6.3015456199646,6.855142116546631
776,0.6157975792884827,6.84711217880249
777,5.807815074920654,6.845776081085205
778,-7.3573455810546875,6.827543258666992
779,-0.9261258840560913,6.817602634429932
780,-3.0814929008483887,6.804927349090576
781,-3.393249034881592,6.791886806488037
782,-1.8708515167236328,6.78082275390625
783,-7.712272644042969,6.762336730957031
784,7.6002302169799805,6.76340389251709
785,1.065421223640442,6.756154537200928
786,1.653066873550415,6.749670028686523
787,0.33355551958084106,6.741527557373047
788,3.7012288570404053,6.737674236297607
789,3.0710408687591553,6.733032703399658
790,8.184393882751465,6.734867572784424
791,-1.64004385471344,6.724293231964111
792,4.163311958312988,6.721063137054443
793,1.2329013347625732,6.714151382446289
794,-1.154890537261963,6.704253196716309
795,3.7926130294799805,6.700595378875732
796,4.422253131866455,6.697736740112305
797,-1.6208925247192383,6.687312126159668
798,-12.669548034667969,6.6630859375
799,-7.755302429199219,6.6450629234313965
800,5.179019927978516,6.643232822418213
801,-5.251503944396973,6.628401756286621
802,4.7135009765625,6.626016616821289
803,2.2338099479675293,6.620553970336914
804,-14.25901985168457,6.594616889953613
805,3.532339334487915,6.590817451477051
806,3.512056827545166,6.587002277374268
807,1.5025044679641724,6.580709457397461
808,-3.3989386558532715,6.568373680114746
809,0.7010512948036194,6.561130523681641
810,-3.8361775875091553,6.548310279846191
811,-0.32012367248535156,6.539851665496826
812,3.9955031871795654,6.536722183227539
813,2.051250696182251,6.5312113761901855
814,0.9587603807449341,6.524374485015869
815,3.275500535964966,6.520392894744873
816,1.8641202449798584,6.514693737030029
817,-2.2530486583709717,6.5039753913879395
818,-0.3138279616832733,6.495650768280029
819,0.18909284472465515,6.487959861755371
820,0.2190747708082199,6.4803242683410645
821,-3.522982120513916,6.4681549072265625
822,-4.17565393447876,6.455221652984619
823,-0.4380500316619873,6.4468560218811035
824,3.735382080078125,6.443569660186768
825,-1.4270318746566772,6.434040546417236
826,-5.927204132080078,6.419093608856201
827,2.2778244018554688,6.414092063903809
828,5.487808704376221,6.412974834442139
829,0.21424555778503418,6.405506610870361
830,-7.142031669616699,6.3892035484313965
831,-3.2292985916137695,6.377642631530762
832,0.5366348028182983,6.370630741119385
833,-3.884309768676758,6.358334541320801
834,-2.0309231281280518,6.348287582397461
835,1.5291776657104492,6.342523574829102
836,1.3190709352493286,6.336521625518799
837,-3.728179454803467,6.3245110511779785
838,-10.578454971313477,6.3043646812438965
839,1.8536995649337769,6.299066066741943
840,1.6946734189987183,6.293591022491455
841,1.4929471015930176,6.2878899574279785
842,-1.0303391218185425,6.279208660125732
843,-0.2741446793079376,6.271444320678711
844,0.5523107051849365,6.264676094055176
845,-0.6109005808830261,6.256548881530762
846,-2.831728458404541,6.245819568634033
847,1.0611238479614258,6.2397050857543945
848,-5.5038909912109375,6.225872993469238
849,-4.95133113861084,6.212723255157471
850,3.266688585281372,6.209261417388916
851,-0.8768386244773865,6.200944423675537
852,-0.5533493161201477,6.193026065826416
853,-3.349088191986084,6.1818528175354
854,-2.318709135055542,6.171910285949707
855,-1.7973841428756714,6.162600517272949
856,-2.26188325881958,6.152770519256592
857,0.3226930499076843,6.145975589752197
858,0.18924203515052795,6.139041423797607
859,-0.5860207080841064,6.131221771240234
860,-1.30379319190979,6.122586250305176
861,-2.713360548019409,6.112335681915283
862,-1.5717060565948486,6.103431701660156
863,-6.813337802886963,6.088481903076172
864,1.850359320640564,6.083582401275635
865,-2.292354106903076,6.073910236358643
866,-0.36637014150619507,6.066482067108154
867,3.8605875968933105,6.063940525054932
868,-3.1354167461395264,6.053354740142822
869,12.488726615905762,6.060751914978027
870,11.082253456115723,6.066516876220703
871,10.955886840820312,6.072124004364014
872,12.479551315307617,6.079463481903076
873,11.998051643371582,6.086235046386719
874,12.803695678710938,6.093912601470947
875,13.684357643127441,6.1025776863098145
876,9.474695205688477,6.106422424316406
877,14.375860214233398,6.115840911865234
878,13.097152709960938,6.123783588409424
879,11.739484786987305,6.130164623260498
880,6.83582067489624,6.130965709686279
881,11.67365837097168,6.1372504234313965
882,12.925480842590332,6.144937515258789
883,13.014310836791992,6.152708530426025
884,12.225595474243164,6.159570217132568
885,12.122535705566406,6.1663007736206055
886,13.516836166381836,6.174587249755859
887,12.748555183410645,6.181990146636963
888,13.326791763305664,6.190027236938477
889,14.475713729858398,6.199336528778076
890,13.32369327545166,6.207332611083984
891,13.232107162475586,6.215207576751709
892,13.069506645202637,6.222883224487305
893,12.750041961669922,6.230184078216553
894,12.272692680358887,6.236935138702393
895,11.684148788452148,6.243014812469482
896,14.551673889160156,6.252277374267578
897,11.060005187988281,6.257631301879883
898,14.676248550415039,6.266995906829834
899,12.242090225219727,6.273634910583496
900,14.158793449401855,6.282386302947998
901,11.667670249938965,6.288356781005859
902,9.13088607788086,6.291504383087158
903,9.922758102416992,6.295521259307861
904,9.222479820251465,6.298755645751953
905,12.796550750732422,6.305927753448486
906,9.991230010986328,6.309990882873535
907,13.285679817199707,6.317673206329346
908,7.815053462982178,6.319320201873779
909,13.745030403137207,6.327480792999268
910,15.610488891601562,6.33767032623291
911,11.188282012939453,6.342988967895508
912,13.924263954162598,6.351293087005615
913,8.724806785583496,6.353889465332031
914,12.391300201416016,6.360487461090088
915,10.921034812927246,6.365466117858887
916,8.966814994812012,6.368302822113037
917,14.179605484008789,6.376811981201172
918,11.871694564819336,6.382791042327881
919,13.794157028198242,6.3908467292785645
920,8.764701843261719,6.393424034118652
921,16.373767852783203,6.4042487144470215
922,11.180954933166504,6.409424304962158
923,10.054774284362793,6.413369178771973
924,12.330730438232422,6.419765949249268
925,10.416824340820312,6.4240827560424805
926,14.150920867919922,6.432417869567871
927,13.425018310546875,6.439952850341797
928,12.42123794555664,6.446391582489014
929,12.779827117919922,6.453201770782471
930,13.488466262817383,6.460758209228516
931,13.671008110046387,6.468494415283203
932,14.715685844421387,6.477334022521973
933,14.024170875549316,6.485414505004883
934,14.797863006591797,6.494304656982422
935,12.73280143737793,6.500969886779785
936,13.638124465942383,6.508586883544922
937,13.877850532531738,6.516443252563477
938,12.33425521850586,6.522639274597168
939,12.366159439086914,6.528855800628662
940,13.91455078125,6.5367045402526855
941,12.89084529876709,6.543449878692627
942,11.831335067749023,6.549057483673096
943,12.836141586303711,6.555717468261719
944,12.274857521057129,6.561769485473633
945,12.078121185302734,6.567600727081299
946,12.78466796875,6.5741658210754395
947,8.946268081665039,6.576667785644531
948,15.336442947387695,6.585898399353027
949,9.486215591430664,6.588951587677002
950,12.65565299987793,6.595330715179443
951,14.405531883239746,6.603535175323486
952,12.149005889892578,6.609354019165039
953,11.627120018005371,6.6146135330200195
954,10.824823379516602,6.619021892547607
955,11.308365821838379,6.623927593231201
956,10.578069686889648,6.628059387207031
957,11.475679397583008,6.633119106292725
958,12.914663314819336,6.639669418334961
959,11.72087574005127,6.644961833953857
960,14.774772644042969,6.653421878814697
961,14.279268264770508,6.661348819732666
962,13.280988693237305,6.668222904205322
963,13.328009605407715,6.675131320953369
964,10.410346031188965,6.679001808166504
965,12.1732759475708,6.684689521789551
966,9.845085144042969,6.687957763671875
967,10.22422981262207,6.691610813140869
968,14.187639236450195,6.699346542358398
969,11.711238861083984,6.704514026641846
970,10.31369400024414,6.708230495452881
971,14.665154457092285,6.716416835784912
972,13.090328216552734,6.722967147827148
973,9.543477058410645,6.725862979888916
974,14.328609466552734,6.733660697937012
975,12.277700424194336,6.7393412590026855
976,13.75345230102539,6.746520519256592
977,15.600972175598145,6.7555742263793945
978,16.432830810546875,6.765459060668945
979,13.52379035949707,6.772355079650879
980,12.120372772216797,6.777807235717773
981,11.813407897949219,6.78293514251709
982,14.932891845703125,6.791226387023926
983,11.46989631652832,6.795980930328369
984,15.424112319946289,6.8047404289245605
985,13.088580131530762,6.811113357543945
986,12.162389755249023,6.816535472869873
987,9.074779510498047,6.818820953369141
988,14.538674354553223,6.826626777648926
989,10.969367027282715,6.830811023712158
990,14.650199890136719,6.8387017250061035
991,12.885092735290527,6.844797134399414
992,13.648614883422852,6.851648330688477
993,12.470784187316895,6.857301712036133
994,12.268022537231445,6.862739562988281
995,12.056994438171387,6.867954730987549
996,11.86119270324707,6.872962951660156
997,10.043024063110352,6.8761396408081055
998,11.683045387268066,6.880951404571533
999,13.967597961425781,6.888038158416748
1000,11.694563865661621,6.892839431762695
1001,13.401137351989746,6.899334907531738
1002,12.07261848449707,6.9044928550720215
1003,12.483518600463867,6.910049915313721
1004,12.96094799041748,6.916070461273193
1005,12.748123168945312,6.921867847442627
1006,13.036258697509766,6.927939414978027
1007,13.719095230102539,6.934676647186279
1008,12.874366760253906,6.940563678741455
1009,12.06944465637207,6.94564151763916
1010,11.395770072937012,6.950043678283691
1011,12.188470840454102,6.955219745635986
1012,13.54002571105957,6.9617204666137695
1013,11.03772258758545,6.965739727020264
1014,12.18891716003418,6.970885753631592
1015,14.062992095947266,6.977866172790527
1016,12.548022270202637,6.983343124389648
1017,11.202082633972168,6.987487316131592
1018,13.705124855041504,6.99407958984375
1019,13.633523941040039,7.000588893890381
1020,13.2828950881958,7.006741523742676
1021,13.001880645751953,7.012608051300049
1022,13.529035568237305,7.018977642059326
1023,13.462905883789062,7.025270462036133
1024,14.701004028320312,7.032759189605713
1025,12.32980728149414,7.037921905517578
1026,13.442553520202637,7.044157981872559
1027,12.375797271728516,7.049344539642334
1028,12.140536308288574,7.05429220199585
1029,12.963604927062988,7.060029029846191
1030,12.826031684875488,7.065621852874756
1031,13.779153823852539,7.072127342224121
1032,13.576627731323242,7.078423976898193
1033,10.988396644592285,7.082205295562744
1034,14.609146118164062,7.089478015899658
1035,12.14017391204834,7.094353199005127
1036,10.255134582519531,7.0974016189575195
1037,11.255545616149902,7.101407051086426
1038,12.233198165893555,7.106346607208252
1039,11.212839126586914,7.110295295715332
1040,11.915186882019043,7.11491060256958
1041,10.22098445892334,7.117891788482666
1042,9.714520454406738,7.1203813552856445
1043,12.797319412231445,7.125818729400635
1044,9.086054801940918,7.127694606781006
1045,14.691466331481934,7.134925842285156
1046,10.432310104370117,7.13807487487793
1047,12.564245223999023,7.143252849578857
1048,12.990294456481934,7.148826599121094
1049,14.53675651550293,7.155862808227539
1050,13.818519592285156,7.162201881408691
1051,13.556780815124512,7.168280124664307
1052,9.462137222290039,7.1704583168029785
1053,13.486377716064453,7.176450729370117
1054,13.343491554260254,7.182295799255371
1055,11.746511459350586,7.186618328094482
1056,9.894789695739746,7.189180374145508
1057,12.524347305297852,7.194223403930664
1058,12.760542869567871,7.199479579925537
1059,12.618827819824219,7.204592227935791
1060,12.988910675048828,7.210043907165527
1061,12.582306861877441,7.215102672576904
1062,14.05183219909668,7.221534252166748
1063,13.101426124572754,7.227060317993164
1064,12.371471405029297,7.23189115524292
1065,13.058079719543457,7.237356662750244
1066,13.18657112121582,7.242931842803955
1067,12.98080062866211,7.248304843902588
1068,14.006942749023438,7.254627227783203
1069,11.424808502197266,7.258524417877197
1070,10.22026538848877,7.261289596557617
1071,11.792813301086426,7.265517234802246
1072,11.485661506652832,7.2694501876831055
1073,10.390213966369629,7.272356033325195
1074,13.205803871154785,7.277874946594238
1075,12.05794906616211,7.282317638397217
1076,12.522597312927246,7.2871832847595215
1077,11.987847328186035,7.291543960571289
1078,14.141119003295898,7.297891616821289
1079,14.025442123413086,7.304121017456055
1080,13.790409088134766,7.310121536254883
1081,12.760980606079102,7.315158843994141
1082,14.614931106567383,7.321898937225342
1083,12.026201248168945,7.326239109039307
1084,13.376630783081055,7.331815242767334
1085,13.775888442993164,7.337749004364014
1086,12.60150146484375,7.342591285705566
1087,11.020065307617188,7.345971584320068
1088,13.054092407226562,7.351212978363037
1089,13.37563419342041,7.3567399978637695
1090,12.722436904907227,7.361658573150635
1091,12.17195987701416,7.366063594818115
1092,13.138399124145508,7.371344566345215
1093,11.884981155395508,7.375470161437988
1094,14.063430786132812,7.381577968597412
1095,13.492429733276367,7.387153148651123
1096,10.552301406860352,7.39003849029541
1097,12.457094192504883,7.3946533203125
1098,13.574639320373535,7.4002766609191895
1099,12.841490745544434,7.4052228927612305
1100,13.578977584838867,7.410830497741699
1101,11.289657592773438,7.4143500328063965
1102,11.342512130737305,7.417911052703857
1103,14.3057861328125,7.424149990081787
1104,10.728655815124512,7.427140712738037
1105,12.875157356262207,7.432066440582275
1106,11.440065383911133,7.435687065124512
1107,12.295185089111328,7.440072536468506
1108,11.963805198669434,7.444151878356934
1109,12.253254890441895,7.448483943939209
1110,13.405988693237305,7.453846454620361
1111,13.672323226928711,7.459438323974609
1112,13.73251724243164,7.46507453918457
1113,14.239730834960938,7.471155643463135
1114,10.885476112365723,7.474217891693115
1115,14.205703735351562,7.480249881744385
1116,14.884449005126953,7.486878871917725
1117,12.725173950195312,7.491564750671387
1118,14.33393669128418,7.497679233551025
1119,14.44484806060791,7.503882884979248
1120,13.438798904418945,7.509176731109619
1121,13.637481689453125,7.514638900756836
1122,13.852169036865234,7.520282745361328
1123,12.229545593261719,7.524472236633301
1124,15.073933601379395,7.531183242797852
1125,13.823295593261719,7.536771297454834
1126,13.155308723449707,7.541756629943848
1127,14.518433570861816,7.5479416847229
1128,14.19018840789795,7.5538249015808105
1129,15.008954048156738,7.560422420501709
1130,13.105518341064453,7.5653252601623535
1131,14.12004566192627,7.571115493774414
1132,14.41580867767334,7.577157020568848
1133,12.46611499786377,7.581468105316162
1134,14.831249237060547,7.587855339050293
1135,13.097864151000977,7.592705726623535
1136,11.911906242370605,7.5965046882629395
1137,12.986124992370605,7.601240634918213
1138,14.676609992980957,7.607452869415283
1139,14.704648971557617,7.613678932189941
1140,12.676043510437012,7.618115425109863
1141,13.863343238830566,7.623583793640137
1142,13.653677940368652,7.628859043121338
1143,14.389331817626953,7.634768962860107
1144,13.164034843444824,7.6395978927612305
1145,11.966924667358398,7.643373966217041
1146,13.154808044433594,7.648179531097412
1147,9.297014236450195,7.64961576461792
1148,5.985398292541504,7.648167133331299
1149,7.729256629943848,7.648237705230713
1150,8.580220222473145,7.649047374725342
1151,9.3054838180542,7.650485515594482
1152,7.954730987548828,7.650749683380127
1153,8.067801475524902,7.651110649108887
1154,9.310263633728027,7.652547359466553
1155,6.402287483215332,7.651465892791748
1156,9.252836227416992,7.652850151062012
1157,8.744972229003906,7.6537933349609375
1158,8.76827621459961,7.654755115509033
1159,8.660018920898438,7.6556220054626465
1160,9.678138732910156,7.6573638916015625
1161,8.412473678588867,7.658013343811035
1162,8.844316482543945,7.65903377532959
1163,10.176243782043457,7.661195755004883
1164,9.34276008605957,7.662639141082764
1165,9.263611793518066,7.664012432098389
1166,8.675432205200195,7.664879322052002
1167,7.736983299255371,7.664941310882568
1168,8.022176742553711,7.665246963500977
1169,8.101845741271973,7.665619850158691
1170,9.184822082519531,7.666917324066162
1171,8.286187171936035,7.667445659637451
1172,9.654642105102539,7.669139385223389
1173,6.916449069976807,7.668497562408447
1174,9.260018348693848,7.669852256774902
1175,9.462484359741211,7.671376705169678
1176,10.035014152526855,7.673385143280029
1177,9.966545104980469,7.675332069396973
1178,7.485801696777344,7.6751708984375
1179,8.397584915161133,7.675782680511475
1180,8.81578540802002,7.676747798919678
1181,10.279927253723145,7.678950309753418
1182,8.521352767944336,7.679662704467773
1183,9.334388732910156,7.681059837341309
1184,6.635184288024902,7.680177211761475
1185,10.528848648071289,7.682579517364502
1186,9.114026069641113,7.683785438537598
1187,8.980435371398926,7.684876918792725
1188,8.80147933959961,7.685816287994385
1189,9.201245307922363,7.687089443206787
1190,8.382379531860352,7.687674045562744
1191,7.313433647155762,7.687359809875488
1192,8.230827331542969,7.687815189361572
1193,10.129703521728516,7.6898603439331055
1194,7.9265666007995605,7.690058708190918
1195,9.816222190856934,7.691836357116699
1196,7.672201156616211,7.691819667816162
1197,10.221551895141602,7.693931579589844
1198,9.818111419677734,7.695703506469727
1199,10.647180557250977,7.698163032531738
1200,10.387651443481445,7.700402736663818
1201,11.259393692016602,7.70336389541626
1202,6.451752185821533,7.702323913574219
1203,9.181241035461426,7.70355224609375
1204,9.287446022033691,7.704866409301758
1205,10.127506256103516,7.706875801086426
1206,8.982318878173828,7.707932472229004
1207,6.711986064910889,7.707108020782471
1208,8.278995513916016,7.707581520080566
1209,5.980740547180176,7.706153869628906
1210,10.540115356445312,7.708494186401367
1211,6.969744682312012,7.707884311676025
1212,7.65205192565918,7.707838535308838
1213,9.441178321838379,7.709266662597656
1214,8.655203819274902,7.710045337677002
1215,10.186203002929688,7.7120819091796875
1216,5.549617290496826,7.710305213928223
1217,3.23063325881958,7.706627368927002
1218,7.9904608726501465,7.706859588623047
1219,8.80280876159668,7.707757949829102
1220,6.260441780090332,7.706573009490967
1221,9.742158889770508,7.70823860168457
1222,10.449470520019531,7.710479736328125
1223,8.872236251831055,7.711429119110107
1224,10.611220359802246,7.713796138763428
1225,9.0283784866333,7.714868545532227
1226,10.335006713867188,7.71700382232666
1227,9.764090538024902,7.71867036819458
1228,10.751070976257324,7.721138000488281
1229,9.43893814086914,7.7225341796875
1230,10.167254447937012,7.724519729614258
1231,9.635196685791016,7.726070404052734
1232,8.341797828674316,7.726569652557373
1233,9.357231140136719,7.727891445159912
1234,8.963949203491211,7.728891849517822
1235,8.227836608886719,7.729295253753662
1236,8.935787200927734,7.7302703857421875
1237,10.21636962890625,7.732279300689697
1238,9.01123332977295,7.733311653137207
1239,10.141019821166992,7.73525333404541
1240,10.361771583557129,7.737369060516357
1241,11.504963874816895,7.740402698516846
1242,9.209173202514648,7.741584300994873
1243,9.628483772277832,7.743101119995117
1244,9.727317810058594,7.74469518661499
1245,9.538883209228516,7.746135234832764
1246,5.269988059997559,7.744149208068848
1247,11.950407981872559,7.747519493103027
1248,9.525757789611816,7.748942852020264
1249,9.839262008666992,7.750614643096924
1250,9.053858757019043,7.751656532287598
1251,10.21500015258789,7.753623962402344
1252,10.535225868225098,7.755843639373779
1253,10.69697380065918,7.7581892013549805
1254,8.576305389404297,7.758841037750244
1255,10.244243621826172,7.760819911956787
1256,10.269651412963867,7.762815952301025
1257,10.451640129089355,7.764952659606934
1258,8.877082824707031,7.765835762023926
1259,9.542591094970703,7.767246246337891
1260,8.297396659851074,7.767667293548584
1261,9.665685653686523,7.769171237945557
1262,9.448269844055176,7.770500659942627
1263,9.682247161865234,7.7720136642456055
1264,9.247652053833008,7.7731804847717285
1265,7.809378623962402,7.773209095001221
1266,9.344204902648926,7.774448871612549
1267,9.994184494018555,7.7761993408203125
1268,9.950550079345703,7.777912616729736
1269,10.275808334350586,7.779879093170166
1270,9.29559326171875,7.781071662902832
1271,10.800834655761719,7.783445835113525
1272,12.286029815673828,7.786983013153076
1273,10.281522750854492,7.7889404296875
1274,10.859302520751953,7.791348934173584
1275,9.10467529296875,7.792377948760986
1276,10.038286209106445,7.7941365242004395
1277,9.598861694335938,7.795548439025879
1278,10.853863716125488,7.797939300537109
1279,6.989686489105225,7.79730749130249
1280,10.827751159667969,7.799673557281494
1281,10.814723014831543,7.802025318145752
1282,9.63965892791748,7.803457260131836
1283,9.96139144897461,7.805137634277344
1284,10.438653945922852,7.807187080383301
1285,9.601680755615234,7.808582305908203
1286,9.05225658416748,7.809548854827881
1287,10.216447830200195,7.811418056488037
1288,10.051475524902344,7.8131561279296875
1289,9.719369888305664,7.814633846282959
1290,9.971575736999512,7.816304683685303
1291,10.773056983947754,7.818593502044678
1292,9.776045799255371,7.820107936859131
1293,9.907074928283691,7.821720600128174
1294,10.27575969696045,7.823615550994873
1295,10.089349746704102,7.8253631591796875
1296,10.442885398864746,7.827381610870361
1297,9.234780311584473,7.828465938568115
1298,10.389263153076172,7.830437660217285
1299,9.085479736328125,7.8314032554626465
1300,8.374289512634277,7.831820487976074
1301,8.80912971496582,7.832571506500244
1302,8.101716041564941,7.832777500152588
1303,8.173543930053711,7.833039283752441
1304,7.7544121742248535,7.832979202270508
1305,7.116847991943359,7.832431316375732
1306,10.161619186401367,7.834212779998779
1307,6.822482109069824,7.833439350128174
1308,8.999754905700684,7.8343305587768555
1309,8.92184066772461,7.835160732269287
1310,9.37846565246582,7.836338043212891
1311,9.501195907592773,7.837606906890869
1312,8.448097229003906,7.838072299957275
1313,8.387554168701172,7.8384904861450195
1314,10.088654518127441,7.8402018547058105
1315,9.83189582824707,7.841715335845947
1316,8.039316177368164,7.841865062713623
1317,11.129230499267578,7.844358921051025
1318,10.618385314941406,7.846462249755859
1319,11.833983421325684,7.849483013153076
1320,10.28819465637207,7.8513288497924805
1321,12.037225723266602,7.854495048522949
1322,11.015549659729004,7.856884479522705
1323,10.477315902709961,7.858863830566406
1324,10.160354614257812,7.860600471496582
1325,11.510939598083496,7.863353252410889
1326,9.385882377624512,7.864500522613525
1327,11.935836791992188,7.867566108703613
1328,8.145380973815918,7.8677754402160645
1329,8.166520118713379,7.868000507354736
1330,9.36784839630127,7.86912727355957
1331,9.504986763000488,7.870355606079102
1332,9.736466407775879,7.871755123138428
1333,9.843620300292969,7.873233318328857
1334,11.173238754272461,7.875705242156982
1335,9.710333824157715,7.877078056335449
1336,11.643754005432129,7.879895210266113
1337,10.15716552734375,7.88159704208374
1338,10.063602447509766,7.8832268714904785
1339,9.866007804870605,7.884706497192383
1340,10.986584663391113,7.887019634246826
1341,10.95716667175293,7.889307022094727
1342,10.184553146362305,7.891016006469727
1343,9.365118980407715,7.892113208770752
1344,7.716339111328125,7.891982555389404
1345,10.392595291137695,7.893840312957764
1346,9.743334770202637,7.895213603973389
1347,10.468990325927734,7.897122383117676
1348,10.148143768310547,7.898791313171387
1349,9.391459465026855,7.89989709854126
1350,12.037240982055664,7.902959823608398
1351,10.474994659423828,7.904861927032471
1352,10.696043014526367,7.906924724578857
1353,8.507861137390137,7.9073686599731445
1354,9.898666381835938,7.908838272094727
1355,11.176852226257324,7.911248207092285
1356,9.765613555908203,7.912614345550537
1357,9.683876991271973,7.913918495178223
1358,8.78848934173584,7.914561748504639
1359,9.630548477172852,7.915823936462402
1360,9.966165542602539,7.917330265045166
1361,10.367137908935547,7.919128894805908
1362,7.210452556610107,7.918609142303467
1363,8.807703018188477,7.9192609786987305
1364,10.096868515014648,7.92085599899292
1365,10.918827056884766,7.923050880432129
1366,9.422999382019043,7.924148082733154
1367,10.633634567260742,7.92612886428833
1368,11.572279930114746,7.928792476654053
1369,8.297550201416016,7.929061412811279
1370,8.429292678833008,7.929426670074463
1371,8.43533706665039,7.929795742034912
1372,7.187417030334473,7.92925500869751
1373,9.602035522460938,7.930472373962402
1374,11.526628494262695,7.933087348937988
1375,9.936936378479004,7.934543132781982
1376,11.090875625610352,7.936835289001465
1377,10.73673152923584,7.938867092132568
1378,11.170402526855469,7.9412102699279785
1379,11.630365371704102,7.943882942199707
1380,10.978950500488281,7.946080684661865
1381,10.452581405639648,7.9478936195373535
1382,11.26361083984375,7.950291156768799
1383,12.135581016540527,7.953315734863281
1384,10.371733665466309,7.955061912536621
1385,9.658646583557129,7.9562907218933105
1386,9.367955207824707,7.957308769226074
1387,8.8399658203125,7.957944393157959
1388,9.7316312789917,7.959221363067627
1389,10.406549453735352,7.960981845855713
1390,8.165090560913086,7.961128234863281
1391,10.339537620544434,7.962837219238281
1392,10.236198425292969,7.9644694328308105
1393,11.335697174072266,7.966887950897217
1394,8.244903564453125,7.967087268829346
1395,10.53639030456543,7.96892786026001
1396,9.259525299072266,7.969851493835449
1397,10.54904556274414,7.971696376800537
1398,10.556254386901855,7.973544120788574
1399,7.875084400177002,7.97347354888916
1400,7.568657398223877,7.973184585571289
1401,10.365360260009766,7.97489070892334
1402,11.439958572387695,7.977360725402832
1403,8.930755615234375,7.978039741516113
1404,10.809032440185547,7.9800543785095215
1405,9.8357515335083,7.981374263763428
1406,10.038896560668945,7.982836723327637
1407,9.809163093566895,7.984134197235107
1408,9.8719482421875,7.985474109649658
1409,10.294772148132324,7.987112045288086
1410,10.34069538116455,7.9887800216674805
1411,10.22912883758545,7.9903669357299805
1412,10.073274612426758,7.9918413162231445
1413,9.738042831420898,7.993076324462891
1414,8.90527629852295,7.993721008300781
1415,9.602062225341797,7.994857311248779
1416,10.254390716552734,7.996451377868652
1417,10.192754745483398,7.998000144958496
1418,9.248616218566895,7.998881816864014
1419,7.205316543579102,7.998322486877441
1420,9.13121509552002,7.999119758605957
1421,10.333794593811035,8.000761985778809
1422,6.922262191772461,8.000003814697266
1423,7.9447784423828125,7.999964237213135
1424,9.803375244140625,8.001230239868164
1425,10.717227935791016,8.003134727478027
1426,12.447508811950684,8.006248474121094
1427,12.061513900756836,8.009088516235352
1428,8.778168678283691,8.009627342224121
1429,11.046881675720215,8.011751174926758
1430,11.871223449707031,8.014448165893555
1431,12.47844123840332,8.01756477355957
1432,12.13366413116455,8.020437240600586
1433,11.756342887878418,8.023042678833008
1434,8.385320663452148,8.023295402526855
1435,14.719829559326172,8.027958869934082
1436,10.296712875366211,8.029537200927734
1437,12.318371772766113,8.032520294189453
1438,13.63737678527832,8.036415100097656
1439,10.79117202758789,8.038328170776367
1440,8.244939804077148,8.038471221923828
1441,11.189613342285156,8.040657043457031
1442,11.613036155700684,8.043132781982422
1443,10.631696701049805,8.044925689697266
1444,8.375143051147461,8.045153617858887
1445,13.935836791992188,8.049227714538574
1446,10.819908142089844,8.051142692565918
1447,11.985150337219238,8.05385971069336
1448,10.203608512878418,8.055342674255371
1449,11.519994735717773,8.057731628417969
1450,11.401719093322754,8.060035705566406
1451,9.140331268310547,8.06078052520752
1452,12.40900993347168,8.063773155212402
1453,13.783730506896973,8.067707061767578
1454,11.177140235900879,8.069844245910645
1455,12.491384506225586,8.072880744934082
1456,10.128822326660156,8.074292182922363
1457,13.491917610168457,8.078007698059082
1458,8.723028182983398,8.078449249267578
1459,11.055282592773438,8.080489158630371
1460,13.908490180969238,8.084477424621582
1461,9.554985046386719,8.08548355102539
1462,10.393575668334961,8.087060928344727
1463,10.09556770324707,8.088433265686035
1464,10.48292350769043,8.090067863464355
1465,11.057714462280273,8.09209156036377
1466,13.738969802856445,8.095941543579102
1467,10.343188285827637,8.097472190856934
1468,14.224803924560547,8.101642608642578
1469,11.047307014465332,8.103646278381348
1470,9.196492195129395,8.104389190673828
1471,11.701509475708008,8.106832504272461
1472,9.209403991699219,8.10758113861084
1473,10.563020706176758,8.109247207641602
1474,10.003548622131348,8.1105318069458
1475,11.528725624084473,8.112847328186035
1476,11.481499671936035,8.115127563476562
1477,13.617130279541016,8.118850708007812
1478,12.768766403198242,8.121994018554688
1479,11.866580963134766,8.124524116516113
1480,9.25011157989502,8.125284194946289
1481,11.12363052368164,8.127307891845703
1482,10.417181015014648,8.128851890563965
1483,11.55647087097168,8.1311616897583
1484,11.003647804260254,8.133095741271973
1485,13.31463623046875,8.136582374572754
1486,9.322748184204102,8.13737964630127
1487,10.997920989990234,8.139302253723145
1488,13.40662956237793,8.142839431762695
1489,9.561897277832031,8.143792152404785
1490,9.262561798095703,8.144542694091797
1491,10.142581939697266,8.145881652832031
1492,11.284343719482422,8.14798355102539
1493,10.616822242736816,8.149636268615723
1494,11.103882789611816,8.151612281799316
1495,11.377488136291504,8.153768539428711
1496,9.193519592285156,8.154462814331055
1497,12.725044250488281,8.157513618469238
1498,11.332186698913574,8.159631729125977
1499,10.82275390625,8.161407470703125
1500,7.026956558227539,8.160652160644531
1501,10.60167407989502,8.162277221679688
1502,8.391024589538574,8.162428855895996
1503,8.823620796203613,8.16286849975586
1504,13.561155319213867,8.166455268859863
1505,10.465975761413574,8.16798210144043
1506,12.349985122680664,8.170757293701172
1507,10.600675582885742,8.172368049621582
1508,8.96695327758789,8.172894477844238
1509,9.282459259033203,8.173629760742188
1510,10.343265533447266,8.175065994262695
1511,9.283980369567871,8.175799369812012
1512,8.938660621643066,8.17630386352539
1513,11.103525161743164,8.178236961364746
1514,10.641401290893555,8.179862976074219
1515,9.201566696166992,8.180536270141602
1516,10.680402755737305,8.182184219360352
1517,9.278389930725098,8.182907104492188
1518,10.868505477905273,8.184674263000488
1519,10.8006010055542,8.186395645141602
1520,8.713363647460938,8.186741828918457
1521,10.160844802856445,8.18803882598877
1522,12.645303726196289,8.19096565246582
1523,10.362196922302246,8.192390441894531
1524,10.851944923400879,8.194133758544922
1525,12.41602897644043,8.196901321411133
1526,10.277250289916992,8.198263168334961
1527,11.125757217407227,8.200179100036621
1528,10.71158218383789,8.201822280883789
1529,11.224979400634766,8.203797340393066
1530,10.864128112792969,8.205535888671875
1531,11.544543266296387,8.207715034484863
1532,9.658207893371582,8.208661079406738
1533,10.270294189453125,8.210005760192871
1534,10.432673454284668,8.211453437805176
1535,11.327878952026367,8.213482856750488
1536,12.204418182373047,8.216078758239746
1537,9.931394577026367,8.217194557189941
1538,10.51467514038086,8.218687057495117
1539,9.251137733459473,8.21935749053955
1540,12.485551834106445,8.222126007080078
1541,11.708446502685547,8.224386215209961
1542,10.616781234741211,8.225936889648438
1543,10.609936714172363,8.227481842041016
1544,10.151043891906738,8.228726387023926
1545,6.038541316986084,8.227310180664062
1546,12.0459566116333,8.229778289794922
1547,12.69451904296875,8.232662200927734
1548,11.758933067321777,8.234938621520996
1549,11.000323295593262,8.236722946166992
1550,9.626063346862793,8.237618446350098
1551,8.6866455078125,8.237907409667969
1552,11.505414962768555,8.240012168884277
1553,12.673242568969727,8.242864608764648
1554,11.215536117553711,8.244775772094727
1555,10.26797103881836,8.246076583862305
1556,10.976316452026367,8.24782943725586
1557,9.875836372375488,8.24887466430664
1558,12.969049453735352,8.25190258026123
1559,12.240309715270996,8.254459381103516
1560,11.525059700012207,8.25655460357666
1561,10.31619930267334,8.25787353515625
1562,11.161738395690918,8.25973129272461
1563,11.836028099060059,8.262018203735352
1564,11.701241493225098,8.264215469360352
1565,12.122339248657227,8.266678810119629
1566,10.616364479064941,8.26817798614502
1567,10.945147514343262,8.269886016845703
1568,9.821091651916504,8.2708740234375
1569,11.92435359954834,8.273201942443848
1570,10.096720695495605,8.274362564086914
1571,11.608647346496582,8.276483535766602
1572,11.757118225097656,8.278696060180664
1573,9.565225601196289,8.279513359069824
1574,13.078536987304688,8.282560348510742
1575,11.030092239379883,8.284303665161133
1576,13.034859657287598,8.28731632232666
1577,11.081656455993652,8.289087295532227
1578,12.448487281799316,8.29172134399414
1579,10.865163803100586,8.293350219726562
1580,11.198473930358887,8.295187950134277
1581,9.171675682067871,8.29574203491211
1582,13.80313491821289,8.299220085144043
1583,12.141693115234375,8.30164623260498
1584,14.229137420654297,8.305386543273926
1585,10.956327438354492,8.30705738067627
1586,11.521941184997559,8.309082984924316
1587,8.959454536437988,8.309492111206055
1588,12.222704887390137,8.311954498291016
1589,10.612793922424316,8.31340217590332
1590,13.194771766662598,8.3164701461792
1591,10.76591682434082,8.318008422851562
1592,13.04980754852295,8.320979118347168
1593,12.104314804077148,8.323352813720703
1594,8.82121467590332,8.323664665222168
1595,11.79100227355957,8.325837135314941
1596,12.203388214111328,8.328265190124512
1597,11.831804275512695,8.33045768737793
1598,13.39027214050293,8.333621978759766
1599,13.045963287353516,8.336566925048828
1600,11.085145950317383,8.338284492492676
1601,13.639352798461914,8.341593742370605
1602,13.250898361206055,8.344655990600586
1603,11.586670875549316,8.34667682647705
1604,12.470932960510254,8.349246978759766
1605,13.348855018615723,8.352359771728516
1606,11.329256057739258,8.354211807250977
1607,9.348494529724121,8.354830741882324
1608,13.983831405639648,8.358328819274902
1609,10.89108943939209,8.359901428222656
1610,11.819826126098633,8.362049102783203
1611,11.666318893432617,8.364099502563477
1612,12.502767562866211,8.36666488647461
1613,12.521791458129883,8.36923885345459
1614,11.362475395202637,8.371092796325684
1615,11.48560905456543,8.373019218444824
1616,13.692025184631348,8.376309394836426
1617,13.925439834594727,8.379738807678223
1618,12.538166046142578,8.382308006286621
1619,14.838696479797363,8.386293411254883
1620,11.697269439697266,8.388336181640625
1621,14.831926345825195,8.392308235168457
1622,12.455205917358398,8.394811630249023
1623,12.055778503417969,8.397066116333008
1624,13.867412567138672,8.400431632995605
1625,12.965842247009277,8.403240203857422
1626,13.811788558959961,8.406563758850098
1627,13.029738426208496,8.409403800964355
1628,13.146940231323242,8.412311553955078
1629,9.070406913757324,8.412714958190918
1630,12.44332504272461,8.415185928344727
1631,12.16887378692627,8.417486190795898
1632,10.345159530639648,8.41866683959961
1633,12.39799976348877,8.421102523803711
1634,11.943546295166016,8.423256874084473
1635,8.651058197021484,8.423396110534668
1636,13.936623573303223,8.426763534545898
1637,12.208873748779297,8.429072380065918
1638,11.596195220947266,8.431005477905273
1639,15.017349243164062,8.43502140045166
1640,11.955854415893555,8.437167167663574
1641,8.157586097717285,8.436996459960938
1642,11.790946960449219,8.439038276672363
1643,14.279313087463379,8.442590713500977
1644,13.32052230834961,8.445555686950684
1645,11.231135368347168,8.447248458862305
1646,5.911067008972168,8.445708274841309
1647,14.690838813781738,8.449498176574707
1648,15.381070137023926,8.45370101928711
1649,7.651078224182129,8.453214645385742
1650,8.76961612701416,8.45340633392334
1651,7.186923027038574,8.45263957977295
1652,9.304384231567383,8.453155517578125
1653,8.476812362670898,8.453168869018555
1654,11.467397689819336,8.45499038696289
1655,15.081562042236328,8.458992958068848
1656,12.910379409790039,8.461678504943848
1657,11.288481712341309,8.463383674621582
1658,9.023082733154297,8.46372127532959
1659,7.953546524047852,8.46341323852539
1660,11.476426124572754,8.465228080749512
1661,5.300257205963135,8.463322639465332
1662,6.063770294189453,8.46187973022461
1663,12.125844955444336,8.464081764221191
1664,8.085436820983887,8.46385383605957
1665,7.243721961975098,8.463122367858887
1666,10.223397254943848,8.464178085327148
1667,8.715716361999512,8.46432876586914
1668,6.934355735778809,8.463412284851074
1669,7.225107669830322,8.462671279907227
1670,4.516706943511963,8.460309982299805
1671,11.253036499023438,8.461979866027832
1672,10.825782775878906,8.463393211364746
1673,5.476065158843994,8.461607933044434
1674,8.727795600891113,8.461767196655273
1675,9.356535911560059,8.462301254272461
1676,8.247897148132324,8.462173461914062
1677,6.81568717956543,8.46119213104248
1678,5.864426612854004,8.45964527130127
1679,10.471116065979004,8.46084213256836
1680,9.066551208496094,8.461202621459961
1681,12.161970138549805,8.46340274810791
1682,11.613241195678711,8.4652738571167
1683,15.55129623413086,8.469482421875
1684,14.489103317260742,8.473054885864258
1685,14.026518821716309,8.476348876953125
1686,13.398241996765137,8.479266166687012
1687,9.980279922485352,8.480155944824219
1688,10.520374298095703,8.481364250183105
1689,13.307432174682617,8.484219551086426
1690,11.359776496887207,8.485919952392578
1691,10.057476043701172,8.486848831176758
1692,15.407885551452637,8.490937232971191
1693,14.111895561218262,8.494255065917969
1694,11.386453628540039,8.495962142944336
1695,11.505077362060547,8.497735977172852
1696,11.878399848937988,8.499728202819824
1697,11.248930931091309,8.501346588134766
1698,12.465482711791992,8.503680229187012
1699,9.2221040725708,8.50410270690918
1700,9.294639587402344,8.504568099975586
1701,8.576401710510254,8.504610061645508
1702,9.273107528686523,8.505061149597168
1703,7.06192684173584,8.5042142868042
1704,8.741597175598145,8.504352569580078
1705,9.458690643310547,8.504912376403809
1706,9.619158744812012,8.505565643310547
1707,8.902599334716797,8.505797386169434
1708,7.785050868988037,8.505375862121582
1709,9.394632339477539,8.505895614624023
1710,9.536229133605957,8.506498336791992
1711,7.39515495300293,8.50584888458252
1712,9.380925178527832,8.506360054016113
1713,6.711787223815918,8.5053129196167
1714,8.921070098876953,8.505555152893066
1715,5.463268280029297,8.503782272338867
1716,9.720479965209961,8.504490852355957
1717,5.627230644226074,8.502816200256348
1718,6.375637054443359,8.501578330993652
1719,5.326591491699219,8.499732971191406
1720,-5.4376935958862305,8.491634368896484
1721,9.428214073181152,8.492177963256836
1722,-5.197237968444824,8.484232902526855
1723,11.311925888061523,8.485872268676758
1724,7.7821550369262695,8.485465049743652
1725,6.116261959075928,8.484091758728027
1726,13.100038528442383,8.486764907836914
1727,7.165119647979736,8.486000061035156
1728,6.72152042388916,8.484979629516602
1729,10.00430965423584,8.485857009887695
1730,6.49329137802124,8.484705924987793
1731,10.020203590393066,8.48559284210205
1732,7.958385467529297,8.485288619995117
1733,5.912559509277344,8.483804702758789
1734,7.9755096435546875,8.483511924743652
1735,9.80303955078125,8.484271049499512
1736,7.694447040557861,8.483817100524902
1737,8.206656455993652,8.483657836914062
1738,8.070779800415039,8.483419418334961
1739,8.081692695617676,8.48318862915039
1740,8.105896949768066,8.482972145080566
1741,5.089733123779297,8.481024742126465
1742,8.124565124511719,8.480819702148438
1743,7.814096927642822,8.480438232421875
1744,6.197803497314453,8.479129791259766
1745,7.83839750289917,8.478763580322266
1746,7.871521949768066,8.478415489196777
1747,10.389094352722168,8.479508399963379
1748,7.371492862701416,8.478874206542969
1749,8.844295501708984,8.479084014892578
1750,8.662229537963867,8.479187965393066
1751,8.482409477233887,8.4791898727417
1752,7.91220235824585,8.478866577148438
1753,9.514703750610352,8.479456901550293
1754,9.988378524780273,8.480317115783691
1755,8.47285270690918,8.48031234741211
1756,10.020147323608398,8.481188774108887
1757,9.734801292419434,8.481902122497559
1758,8.131247520446777,8.48170280456543
1759,10.06658935546875,8.482603073120117
1760,10.88476276397705,8.483966827392578
1761,10.795098304748535,8.485278129577637
1762,8.93698787689209,8.48553466796875
1763,9.191640853881836,8.485934257507324
1764,9.067404747009277,8.4862642288208
1765,9.046772956848145,8.486581802368164
1766,7.970258712768555,8.486289024353027
1767,8.551223754882812,8.486326217651367
1768,7.860560894012451,8.48597240447998
1769,7.886484146118164,8.485633850097656
1770,8.380223274230957,8.485573768615723
1771,8.290399551391602,8.48546314239502
1772,9.407631874084473,8.485982894897461
1773,7.729310989379883,8.485556602478027
1774,9.720314025878906,8.486252784729004
1775,7.984068870544434,8.485970497131348
1776,8.318861961364746,8.485876083374023
1777,9.23806381225586,8.486299514770508
1778,10.165664672851562,8.48724365234375
1779,8.185552597045898,8.48707389831543
1780,8.493412017822266,8.487077713012695
1781,8.76556396484375,8.487234115600586
1782,8.56296157836914,8.487276077270508
1783,9.478667259216309,8.487832069396973
1784,8.152929306030273,8.48764419555664
1785,8.302393913269043,8.487541198730469
1786,8.127766609191895,8.487339973449707
1787,6.983735084533691,8.486498832702637
1788,10.094844818115234,8.487397193908691
1789,9.691067695617676,8.488070487976074
1790,10.586899757385254,8.489241600036621
1791,8.775461196899414,8.489401817321777
1792,9.431924819946289,8.489927291870117
1793,9.262961387634277,8.490358352661133
1794,7.6444525718688965,8.489886283874512
1795,8.075126647949219,8.489655494689941
1796,8.33849048614502,8.489571571350098
1797,7.864628791809082,8.489224433898926
1798,8.975297927856445,8.489494323730469
1799,8.658336639404297,8.489587783813477
1800,8.529216766357422,8.48961067199707
1801,8.073015213012695,8.489378929138184
1802,5.1230340003967285,8.487512588500977
1803,7.20546293258667,8.486801147460938
1804,6.862916469573975,8.485901832580566
1805,7.96034049987793,8.485610961914062
1806,8.870070457458496,8.485823631286621
1807,7.674882411956787,8.485374450683594
1808,9.286148071289062,8.485817909240723
1809,8.732930183410645,8.485954284667969
1810,9.573088645935059,8.486554145812988
1811,8.581648826599121,8.486607551574707
1812,9.996804237365723,8.48744010925293
1813,8.98322868347168,8.487713813781738
1814,10.724149703979492,8.488945960998535
1815,12.508821487426758,8.491159439086914
1816,12.546781539916992,8.493391990661621
1817,12.177647590637207,8.495418548583984
1818,12.550171852111816,8.497647285461426
1819,12.643335342407227,8.49992561340332
1820,12.457409858703613,8.502098083496094
1821,12.602697372436523,8.504348754882812
1822,13.578705787658691,8.507132530212402
1823,13.387040138244629,8.509807586669922
1824,12.82296085357666,8.512171745300293
1825,12.02048110961914,8.514092445373535
1826,12.45744800567627,8.516250610351562
1827,12.847481727600098,8.518620491027832
1828,12.962140083312988,8.521049499511719
1829,13.44943904876709,8.52374267578125
1830,13.388307571411133,8.526399612426758
1831,12.751218795776367,8.528705596923828
1832,13.81705093383789,8.531591415405273
1833,12.211235046386719,8.533596992492676
1834,12.36819076538086,8.535686492919922
1835,11.72071361541748,8.537421226501465
1836,12.135957717895508,8.539380073547363
1837,12.682637214660645,8.541634559631348
1838,12.467757225036621,8.543769836425781
1839,12.577424049377441,8.545961380004883
1840,12.08282470703125,8.547883033752441
1841,11.437044143676758,8.54945182800293
1842,12.909079551696777,8.551816940307617
1843,11.887514114379883,8.55362606048584
1844,12.300716400146484,8.555657386779785
1845,11.763230323791504,8.557394981384277
1846,12.793546676635742,8.559688568115234
1847,12.338210105895996,8.56173324584961
1848,12.014894485473633,8.563600540161133
1849,11.109313011169434,8.564976692199707
1850,11.437023162841797,8.5665283203125
1851,12.685965538024902,8.56875228881836
1852,12.576848983764648,8.570916175842285
1853,11.036848068237305,8.572246551513672
1854,12.220447540283203,8.574213027954102
1855,13.09697151184082,8.57664966583252
1856,11.985870361328125,8.578485488891602
1857,13.303104400634766,8.58102798461914
1858,12.538148880004883,8.58315658569336
1859,13.10289192199707,8.585586547851562
1860,12.78662109375,8.587844848632812
1861,15.117990493774414,8.591351509094238
1862,16.057220458984375,8.595358848571777
1863,15.32036304473877,8.598966598510742
1864,14.890271186828613,8.602340698242188
1865,14.026576042175293,8.605247497558594
1866,15.298432350158691,8.608832359313965
1867,15.028169631958008,8.612269401550293
1868,15.030633926391602,8.615702629089355
1869,14.725003242492676,8.618969917297363
1870,14.284870147705078,8.621997833251953
1871,13.875489234924316,8.624804496765137
1872,13.899025917053223,8.627620697021484
1873,13.696938514709473,8.630326271057129
1874,14.430346488952637,8.63341999053955
1875,14.27486515045166,8.63642692565918
1876,14.468173027038574,8.639533042907715
1877,14.504679679870605,8.642656326293945
1878,14.543967247009277,8.645797729492188
1879,15.123387336730957,8.649242401123047
1880,15.468278884887695,8.652868270874023
1881,15.830918312072754,8.656682014465332
1882,14.97077751159668,8.660035133361816
1883,14.183732986450195,8.662967681884766
1884,14.813813209533691,8.666230201721191
1885,14.469408988952637,8.669307708740234
1886,14.987534523010254,8.67265510559082
1887,14.494296073913574,8.675739288330078
1888,15.09967041015625,8.679139137268066
1889,15.536724090576172,8.682767868041992
1890,14.151390075683594,8.685660362243652
1891,14.264171600341797,8.68860912322998
1892,14.90611457824707,8.691893577575684
1893,14.406949043273926,8.694910049438477
1894,12.093396186828613,8.696703910827637
1895,13.957099914550781,8.699478149414062
1896,11.993988037109375,8.701214790344238
1897,13.984813690185547,8.703998565673828
1898,14.740480422973633,8.70717716217041
1899,14.192241668701172,8.710063934326172
1900,14.060850143432617,8.712878227233887
1901,13.903095245361328,8.715606689453125
1902,12.659903526306152,8.717679977416992
1903,14.04913330078125,8.720479965209961
1904,14.898115158081055,8.723722457885742
1905,11.897871017456055,8.725388526916504
1906,13.096137046813965,8.727680206298828
1907,12.357135772705078,8.729581832885742
1908,12.008563995361328,8.73129940032959
1909,11.622448921203613,8.732813835144043
1910,11.444234848022461,8.734231948852539
1911,12.961459159851074,8.736442565917969
1912,13.59419059753418,8.738981246948242
1913,12.469740867614746,8.740931510925293
1914,11.788086891174316,8.742523193359375
1915,13.210748672485352,8.744854927062988
1916,12.66222095489502,8.746898651123047
1917,12.910313606262207,8.749069213867188
1918,12.916576385498047,8.751240730285645
1919,12.737945556640625,8.753316879272461
1920,12.707170486450195,8.755375862121582
1921,11.423267364501953,8.756763458251953
1922,13.443694114685059,8.759201049804688
1923,12.801549911499023,8.76130199432373
1924,13.593162536621094,8.763812065124512
1925,12.69573974609375,8.765852928161621
1926,12.388749122619629,8.767733573913574
1927,13.81986141204834,8.770354270935059
1928,10.714433670043945,8.7713623046875
1929,12.691231727600098,8.773392677307129
1930,10.005285263061523,8.774031639099121
1931,11.477407455444336,8.775429725646973
1932,14.035506248474121,8.778151512145996
1933,13.142860412597656,8.780407905578613
1934,14.95676040649414,8.783599853515625
1935,14.417166709899902,8.786510467529297
1936,13.98139476776123,8.789191246032715
1937,14.74138069152832,8.79226303100586
1938,14.154230117797852,8.795028686523438
1939,13.184338569641113,8.797290802001953
1940,14.029065132141113,8.799985885620117
1941,14.041952133178711,8.802684783935547
1942,13.329238891601562,8.805015563964844
1943,13.554553985595703,8.807458877563477
1944,13.278837203979492,8.809757232666016
1945,13.02760124206543,8.811924934387207
1946,13.961377143859863,8.814569473266602
1947,12.975624084472656,8.816705703735352
1948,13.77565860748291,8.819250106811523
1949,14.271198272705078,8.822046279907227
1950,14.476455688476562,8.824944496154785
1951,13.841732025146484,8.8275146484375
1952,13.483634948730469,8.829898834228516
1953,10.608114242553711,8.830808639526367
1954,15.15144157409668,8.8340425491333
1955,15.767494201660156,8.837587356567383
1956,15.557427406311035,8.841020584106445
1957,13.745418548583984,8.843525886535645
1958,15.005462646484375,8.846671104431152
1959,12.554427146911621,8.848563194274902
1960,12.544157028198242,8.850447654724121
1961,13.760808944702148,8.852951049804688
1962,14.008319854736328,8.85557746887207
1963,13.674193382263184,8.858030319213867
1964,14.142477035522461,8.860719680786133
1965,13.173080444335938,8.862914085388184
1966,13.640809059143066,8.865342140197754
1967,12.977649688720703,8.867432594299316
1968,12.752983093261719,8.869406700134277
1969,13.251184463500977,8.871630668640137
1970,12.96943473815918,8.873709678649902
1971,13.002557754516602,8.875802993774414
1972,11.076918601989746,8.87691879272461
1973,13.798385620117188,8.879411697387695
1974,14.079093933105469,8.882043838500977
1975,12.048201560974121,8.883646965026855
1976,11.006620407104492,8.884719848632812
1977,11.848005294799805,8.886218070983887
1978,12.618317604064941,8.888104438781738
1979,12.003499031066895,8.889678001403809
1980,12.849740028381348,8.891676902770996
1981,12.895474433898926,8.893696784973145
1982,13.209663391113281,8.895873069763184
1983,13.683160781860352,8.898285865783691
1984,14.225529670715332,8.900969505310059
1985,12.496513366699219,8.902779579162598
1986,12.53825569152832,8.904609680175781
1987,13.007270812988281,8.906673431396484
1988,13.98602294921875,8.90922737121582
1989,14.173073768615723,8.911872863769531
1990,13.424347877502441,8.914138793945312
1991,12.849267959594727,8.916114807128906
1992,12.965660095214844,8.918146133422852
1993,12.67078971862793,8.920027732849121
1994,14.06246566772461,8.922605514526367
1995,13.793663024902344,8.925045013427734
1996,13.355892181396484,8.927264213562012
1997,14.685049057006836,8.930146217346191
1998,12.76519775390625,8.9320650100708
1999,13.996063232421875,8.93459701538086
2000,13.204923629760742,8.93673038482666
2001,11.65113353729248,8.93808650970459
2002,14.321221351623535,8.940773010253906
2003,8.810083389282227,8.94070816040039
2004,10.333748817443848,8.94140338897705
2005,8.961755752563477,8.941412925720215
2006,7.994114875793457,8.940940856933594
2007,8.355807304382324,8.94064998626709
2008,11.258950233459473,8.941803932189941
2009,9.921708106994629,8.942291259765625
2010,8.444421768188477,8.942044258117676
2011,10.946971893310547,8.94304084777832
2012,9.173050880432129,8.943155288696289
2013,8.93982982635498,8.943153381347656
2014,8.958783149719238,8.943161964416504
2015,9.349356651306152,8.943363189697266
2016,10.279195785522461,8.944025993347168
2017,7.746123790740967,8.943431854248047
2018,7.058881759643555,8.942498207092285
2019,11.444282531738281,8.94373607635498
2020,4.555912971496582,8.94156551361084
2021,8.991973876953125,8.941590309143066
2022,4.787014007568359,8.939537048339844
2023,8.209266662597656,8.939176559448242
2024,10.6569185256958,8.940024375915527
2025,10.07441520690918,8.940584182739258
2026,6.546186923980713,8.93940258026123
2027,12.726944923400879,8.94127082824707
2028,8.183431625366211,8.940896987915039
2029,10.458417892456055,8.941644668579102
2030,5.745368480682373,8.940071105957031
2031,5.669693946838379,8.938462257385254
2032,11.201053619384766,8.9395751953125
2033,10.338584899902344,8.940262794494629
2034,9.666534423828125,8.940619468688965
2035,9.520214080810547,8.940903663635254
2036,7.086965560913086,8.939993858337402
2037,8.188468933105469,8.939624786376953
2038,10.974693298339844,8.940622329711914
2039,9.230754852294922,8.940764427185059
2040,8.110406875610352,8.94035816192627
2041,8.502978324890137,8.940144538879395
2042,8.162723541259766,8.939764022827148
2043,7.862757682800293,8.939237594604492
2044,15.087441444396973,8.942243576049805
2045,7.091149806976318,8.941339492797852
2046,9.499174118041992,8.941612243652344
2047,9.572225570678711,8.941920280456543
2048,7.12666130065918,8.941034317016602
2049,8.21985149383545,8.940683364868164
2050,8.492039680480957,8.94046401977539
2051,8.296405792236328,8.94015121459961
2052,8.905733108520508,8.940134048461914
2053,7.394998073577881,8.93938159942627
2054,9.403043746948242,8.939606666564941
2055,7.442670822143555,8.938879013061523
2056,7.766444683074951,8.938308715820312
2057,6.02288818359375,8.93689250946045
2058,9.314661979675293,8.9370756149292
2059,9.517475128173828,8.937357902526855
2060,8.81222152709961,8.937296867370605
2061,8.632708549499512,8.937150001525879
2062,9.445342063903809,8.937396049499512
2063,8.735099792480469,8.937297821044922
2064,8.011963844299316,8.936849594116211
2065,9.089076042175293,8.936923027038574
2066,4.747853755950928,8.934896469116211
2067,8.58668041229248,8.934727668762207
2068,10.964345932006836,8.935708999633789
2069,7.558961868286133,8.935044288635254
2070,9.155067443847656,8.935150146484375
2071,7.938382625579834,8.93466854095459
2072,8.430584907531738,8.93442440032959
2073,6.824324131011963,8.933406829833984
2074,7.233020782470703,8.932587623596191
2075,6.731231212615967,8.931527137756348
2076,4.062288284301758,8.929182052612305
2077,6.214908599853516,8.927876472473145
2078,4.260355472564697,8.925630569458008
2079,6.728625297546387,8.924574851989746
2080,7.815712928771973,8.924041748046875
2081,5.514049053192139,8.922404289245605
2082,6.784367084503174,8.921378135681152
2083,5.194280624389648,8.919589042663574
2084,7.146911144256592,8.91873836517334
2085,6.755676746368408,8.917701721191406
2086,8.076554298400879,8.917298316955566
2087,5.534784317016602,8.915678977966309
2088,6.576290130615234,8.914559364318848
2089,7.579064846038818,8.913919448852539
2090,5.16468620300293,8.912126541137695
2091,6.965302467346191,8.911195755004883
2092,6.2328901290893555,8.909915924072266
2093,6.984987258911133,8.908995628356934
2094,6.614208698272705,8.907899856567383
2095,11.350035667419434,8.909065246582031
2096,5.639554023742676,8.907505989074707
2097,7.6263957023620605,8.90689468383789
2098,5.6455559730529785,8.905342102050781
2099,3.8144631385803223,8.902917861938477
2100,-0.8845027685165405,8.898259162902832
2101,0.2843431830406189,8.894161224365234
2102,8.293021202087402,8.893875122070312
2103,0.5497118234634399,8.889909744262695
2104,5.455211639404297,8.888278007507324
2105,4.7575578689575195,8.886316299438477
2106,1.8671197891235352,8.88298511505127
2107,2.054382801055908,8.879745483398438
2108,1.1274795532226562,8.876070022583008
2109,-0.9839353561401367,8.8713960647583
2110,2.5852272510528564,8.86841869354248
2111,2.3754289150238037,8.865344047546387
2112,3.0082976818084717,8.86257266998291
2113,1.789177656173706,8.85922622680664
2114,-0.007298984099179506,8.855033874511719
2115,4.501455307006836,8.85297679901123
2116,3.487549304962158,8.850442886352539
2117,0.7080836296081543,8.846598625183105
2118,0.690213143825531,8.842748641967773
2119,1.0066020488739014,8.839052200317383
2120,3.4850406646728516,8.836527824401855
2121,3.89565110206604,8.834199905395508
2122,0.8874627947807312,8.830455780029297
2123,0.8224096894264221,8.826685905456543
2124,1.0779216289520264,8.823039054870605
2125,4.020292282104492,8.820779800415039
2126,1.8978172540664673,8.817525863647461
2127,3.9643361568450928,8.815245628356934
2128,-0.4199028015136719,8.810907363891602
2129,-1.2454416751861572,8.806185722351074
2130,-1.0851528644561768,8.801544189453125
2131,-1.1995781660079956,8.796853065490723
2132,-1.917222499847412,8.791830062866211
2133,0.1838594675064087,8.787796020507812
2134,0.7748388648033142,8.784043312072754
2135,2.2626898288726807,8.780989646911621
2136,-0.4664909541606903,8.77666187286377
2137,-0.34426164627075195,8.772396087646484
2138,1.6124160289764404,8.769048690795898
2139,0.8551777005195618,8.765351295471191
2140,0.6575053334236145,8.761564254760742
2141,-1.427804708480835,8.756807327270508
2142,-1.2481961250305176,8.7521390914917
2143,2.25598406791687,8.749109268188477
2144,15.116703033447266,8.75207805633545
2145,13.938475608825684,8.754493713378906
2146,14.796510696411133,8.757308959960938
2147,15.048937797546387,8.760237693786621
2148,14.990680694580078,8.763136863708496
2149,14.35123348236084,8.765735626220703
2150,13.171581268310547,8.767784118652344
2151,13.902188301086426,8.770170211791992
2152,14.10402774810791,8.7726469039917
2153,14.60085391998291,8.77535343170166
2154,14.106328964233398,8.777827262878418
2155,14.483373641967773,8.780472755432129
2156,15.891759872436523,8.783769607543945
2157,13.923563957214355,8.786151885986328
2158,14.246973037719727,8.788681030273438
2159,14.333514213562012,8.791248321533203
2160,14.076309204101562,8.793693542480469
2161,14.860607147216797,8.796500205993652
2162,14.923637390136719,8.799332618713379
2163,14.10679817199707,8.801785469055176
2164,12.229084968566895,8.80336856842041
2165,13.271393775939941,8.805431365966797
2166,15.309892654418945,8.808433532714844
2167,14.962102890014648,8.811271667480469
2168,13.133620262145996,8.813264846801758
2169,13.748464584350586,8.81553840637207
2170,13.072477340698242,8.817499160766602
2171,14.882115364074707,8.820291519165039
2172,14.535235404968262,8.822921752929688
2173,12.373127937316895,8.824554443359375
2174,14.488860130310059,8.82715892791748
2175,13.03465747833252,8.829092979431152
2176,14.604206085205078,8.831745147705078
2177,13.692142486572266,8.833976745605469
2178,14.382518768310547,8.836523056030273
2179,14.396419525146484,8.839073181152344
2180,14.502930641174316,8.841670989990234
2181,14.456700325012207,8.844244003295898
2182,14.647940635681152,8.846902847290039
2183,14.574857711791992,8.849525451660156
2184,16.189802169799805,8.852884292602539
2185,15.173675537109375,8.855775833129883
2186,15.8698091506958,8.858983039855957
2187,14.503652572631836,8.861562728881836
2188,14.079986572265625,8.863946914672852
2189,14.495597839355469,8.8665189743042
2190,13.046618461608887,8.868426322937012
2191,13.5540189743042,8.870564460754395
2192,14.227694511413574,8.873007774353027
2193,13.483819007873535,8.875109672546387
2194,14.740291595458984,8.877781867980957
2195,14.352054595947266,8.880273818969727
2196,11.641702651977539,8.881531715393066
2197,12.964553833007812,8.883389472961426
2198,14.526899337768555,8.885955810546875
2199,14.515509605407715,8.888514518737793
2200,16.026939392089844,8.89175796508789
2201,13.888404846191406,8.894027709960938
2202,14.033205032348633,8.896360397338867
2203,14.846199989318848,8.899059295654297
2204,15.55311107635498,8.902076721191406
2205,14.637916564941406,8.904677391052246
2206,13.52093505859375,8.906769752502441
2207,15.954584121704102,8.909961700439453
2208,14.056974411010742,8.912291526794434
2209,16.074012756347656,8.915532112121582
2210,13.713120460510254,8.917701721191406
2211,12.889862060546875,8.919498443603516
2212,12.07526969909668,8.920924186706543
2213,15.409276962280273,8.923855781555176
2214,12.869430541992188,8.925636291503906
2215,15.33851432800293,8.9285306930542
2216,14.039443969726562,8.930835723876953
2217,15.118142127990723,8.933624267578125
2218,15.05855655670166,8.936385154724121
2219,12.713724136352539,8.938085556030273
2220,13.36112117767334,8.940077781677246
2221,-0.15128350257873535,8.935986518859863
2222,2.1457157135009766,8.932931900024414
2223,4.05359411239624,8.930737495422363
2224,1.5701773166656494,8.927430152893066
2225,4.582968235015869,8.925477981567383
2226,0.47609564661979675,8.921684265136719
2227,0.03465469554066658,8.917695045471191
2228,0.7918920516967773,8.91404914855957
2229,4.570658206939697,8.912101745605469
2230,1.853243112564087,8.908937454223633
2231,0.16090498864650726,8.905017852783203
2232,0.945098340511322,8.901453018188477
2233,0.18734528124332428,8.897552490234375
2234,2.072927713394165,8.894498825073242
2235,4.462101459503174,8.89251708984375
2236,4.8827128410339355,8.890724182128906
2237,6.698040008544922,8.889744758605957
2238,0.6697637438774109,8.886073112487793
2239,6.23726749420166,8.88489055633545
2240,2.4943928718566895,8.882038116455078
2241,0.5026800036430359,8.878300666809082
2242,-1.5751457214355469,8.873641014099121
2243,-4.299931526184082,8.867770195007324
2244,3.6853575706481934,8.865461349487305
2245,6.364886283874512,8.864348411560059
2246,3.57658052444458,8.861994743347168
2247,-2.468501091003418,8.856954574584961
2248,7.455545425415039,8.856330871582031
2249,4.107458114624023,8.854220390319824
2250,4.099416255950928,8.852108001708984
2251,0.22568264603614807,8.848278045654297
2252,2.726440906524658,8.845561027526855
2253,8.145801544189453,8.845251083374023
2254,0.8896411657333374,8.84172248840332
2255,-3.221137046813965,8.83637523651123
2256,7.167407035827637,8.835636138916016
2257,-0.9187055826187134,8.831316947937012
2258,1.7708975076675415,8.828191757202148
2259,1.5600550174713135,8.824975967407227
2260,6.525839805603027,8.823958396911621
2261,6.44014310836792,8.822904586791992
2262,4.435854434967041,8.820965766906738
2263,4.689786911010742,8.819141387939453
2264,3.8500356674194336,8.816946983337402
2265,3.515782356262207,8.814607620239258
2266,4.924338340759277,8.812891006469727
2267,5.598358154296875,8.811473846435547
2268,2.479283094406128,8.808682441711426
2269,5.878836631774902,8.807392120361328
2270,0.41045352816581726,8.803693771362305
2271,4.834834098815918,8.801946640014648
2272,4.213878631591797,8.799928665161133
2273,0.5529630780220032,8.79630184173584
2274,2.305119276046753,8.793448448181152
2275,3.6938068866729736,8.791208267211914
2276,2.0829169750213623,8.788261413574219
2277,-0.39471420645713806,8.78423023223877
2278,4.628934383392334,8.7824068069458
2279,3.771183967590332,8.7802095413208
2280,-0.2269696444272995,8.776260375976562
2281,0.8274357914924622,8.772777557373047
2282,2.53690505027771,8.77004623413086
2283,2.7265520095825195,8.767399787902832
2284,-0.41199058294296265,8.763382911682129
2285,4.071227073669434,8.761329650878906
2286,0.6724483370780945,8.757792472839355
2287,3.519045114517212,8.75550365447998
2288,0.35541918873786926,8.75183391571045
2289,3.1121139526367188,8.749370574951172
2290,2.642416477203369,8.746705055236816
2291,0.7211546897888184,8.743203163146973
2292,7.094304084777832,8.742484092712402
2293,-7.22665548324585,8.735522270202637
2294,-1.3334273099899292,8.731135368347168
2295,3.212430477142334,8.728732109069824
2296,1.3902034759521484,8.725537300109863
2297,3.8197379112243652,8.72340202331543
2298,0.5384211540222168,8.719842910766602
2299,4.772266387939453,8.71812629699707
2300,-3.560614585876465,8.712789535522461
2301,2.487576723098755,8.71008586883545
2302,-0.07725822925567627,8.706269264221191
2303,7.433833599090576,8.705717086791992
2304,3.493361234664917,8.703455924987793
2305,0.9831461310386658,8.700108528137207
2306,-12.028532028198242,8.691123008728027
2307,5.699197769165039,8.689826011657715
2308,9.284138679504395,8.690083503723145
2309,2.0139036178588867,8.687192916870117
2310,3.7921998500823975,8.685075759887695
2311,3.6430418491363525,8.682894706726074
2312,5.23316764831543,8.681402206420898
2313,4.7503132820129395,8.679703712463379
2314,-3.076540231704712,8.674625396728516
2315,-3.7230873107910156,8.669272422790527
2316,-1.7810511589050293,8.664762496948242
2317,0.7865589261054993,8.66136360168457
2318,4.623726844787598,8.659622192382812
2319,2.8113112449645996,8.657100677490234
2320,0.2946004569530487,8.653498649597168
2321,-1.6336257457733154,8.649067878723145
2322,1.0100605487823486,8.645779609680176
2323,1.8650031089782715,8.642862319946289
2324,-5.13024377822876,8.636938095092773
2325,-0.11261377483606339,8.63317584991455
2326,5.443085670471191,8.631805419921875
2327,7.609137535095215,8.631365776062012
2328,4.145337104797363,8.629439353942871
2329,6.432923793792725,8.628497123718262
2330,5.312585353851318,8.627074241638184
2331,7.138276100158691,8.626436233520508
2332,4.083493709564209,8.624489784240723
2333,-6.028961658477783,8.618210792541504
2334,7.628683090209961,8.61778736114502
2335,3.6283555030822754,8.61565113067627
2336,3.97652268409729,8.613666534423828
2337,5.276551246643066,8.612239837646484
2338,0.47313499450683594,8.608759880065918
2339,-1.8551920652389526,8.604288101196289
2340,-3.3357276916503906,8.599186897277832
2341,-1.0338540077209473,8.595074653625488
2342,-6.9748311042785645,8.58842945098877
2343,0.5813572406768799,8.585013389587402
2344,2.503077507019043,8.582420349121094
2345,1.9649022817611694,8.579599380493164
2346,-1.3195607662200928,8.5753812789917
2347,-3.8008742332458496,8.570110321044922
2348,5.152440547943115,8.568655014038086
2349,9.3939790725708,8.56900691986084
2350,6.80377721786499,8.568256378173828
2351,-0.1297965794801712,8.564558982849121
2352,0.5282610654830933,8.561142921447754
2353,1.939923882484436,8.558329582214355
2354,-1.8633455038070679,8.55390453338623
2355,0.14515447616577148,8.550334930419922
2356,-4.753819942474365,8.54469108581543
2357,1.2103713750839233,8.541580200195312
2358,2.6394035816192627,8.539077758789062
2359,1.6338454484939575,8.536152839660645
2360,2.5462355613708496,8.533616065979004
2361,-0.6663215160369873,8.5297212600708
2362,5.3059186935424805,8.52835750579834
2363,1.0197914838790894,8.52518081665039
2364,-1.5313040018081665,8.520928382873535
2365,5.5383195877075195,8.519668579101562
2366,-3.1310524940490723,8.51474666595459
2367,8.604503631591797,8.514784812927246
2368,2.01434326171875,8.512040138244629
2369,3.9161744117736816,8.510101318359375
2370,-0.3769175708293915,8.506352424621582
2371,-0.3791801929473877,8.502607345581055
2372,0.8266496658325195,8.499371528625488
2373,3.827005624771118,8.497403144836426
2374,3.1525027751922607,8.495153427124023
2375,3.7406482696533203,8.493151664733887
2376,0.915912926197052,8.489964485168457
2377,-1.8702458143234253,8.485607147216797
2378,7.697544574737549,8.485275268554688
2379,3.3409175872802734,8.483114242553711
2380,3.2327208518981934,8.48090934753418
2381,5.694348335266113,8.479740142822266
2382,3.456648826599121,8.477632522583008
2383,3.7979393005371094,8.475669860839844
2384,1.6306805610656738,8.472799301147461
2385,6.673042297363281,8.4720458984375
2386,4.2212605476379395,8.470264434814453
2387,1.6050198078155518,8.467390060424805
2388,3.1345982551574707,8.465157508850098
2389,0.09240242838859558,8.461654663085938
2390,-4.353670597076416,8.456294059753418
2391,3.7701478004455566,8.45433521270752
2392,9.507650375366211,8.454774856567383
2393,9.705390930175781,8.455297470092773
2394,-2.9515573978424072,8.45053482055664
2395,-1.6813493967056274,8.446306228637695
2396,-5.39402437210083,8.440531730651855
2397,-2.044804334640503,8.436159133911133
2398,6.19659423828125,8.435226440429688
2399,6.787990570068359,8.434539794921875
2400,5.757994651794434,8.433424949645996
2401,4.220160961151123,8.431671142578125
2402,-3.353137731552124,8.426766395568848
2403,-5.066347599029541,8.421154022216797
2404,-10.010632514953613,8.413490295410156
2405,-2.4387195110321045,8.408979415893555
2406,6.9765448570251465,8.408384323120117
2407,1.7084465026855469,8.405601501464844
2408,5.432581424713135,8.404367446899414
2409,-1.1790599822998047,8.400390625
2410,5.81483793258667,8.399317741394043
2411,0.668660044670105,8.396112442016602
2412,-0.4504200220108032,8.392446517944336
2413,1.224426507949829,8.389476776123047
2414,-1.0402328968048096,8.385571479797363
2415,0.713381290435791,8.38239574432373
2416,4.065507411956787,8.380610466003418
2417,0.9305261969566345,8.37752914428711
2418,2.261557102203369,8.375000953674316
2419,0.855230450630188,8.371893882751465
2420,4.139779090881348,8.370145797729492
2421,5.275979518890381,8.368867874145508
2422,-1.6634656190872192,8.364727020263672
2423,3.4425160884857178,8.362696647644043
2424,-3.345266580581665,8.357869148254395
2425,-3.7508366107940674,8.352877616882324
2426,-7.0199785232543945,8.34654426574707
2427,-8.222468376159668,8.339719772338867
2428,1.727288842201233,8.336997032165527
2429,1.4602713584899902,8.33416748046875
2430,-1.533349633216858,8.330108642578125
2431,0.5087157487869263,8.326891899108887
2432,2.347466230392456,8.324434280395508
2433,-5.36037540435791,8.318812370300293
2434,-1.0538088083267212,8.314962387084961
2435,11.0657958984375,8.316091537475586
2436,-1.499123454093933,8.312064170837402
2437,-0.3242718577384949,8.308521270751953
2438,1.1717606782913208,8.305595397949219
2439,-3.422407627105713,8.300788879394531
2440,-3.5465524196624756,8.29593563079834
2441,5.323077201843262,8.294717788696289
2442,-2.585150718688965,8.290264129638672
2443,3.4756205081939697,8.288294792175293
2444,2.9164445400238037,8.286097526550293
2445,-2.8046164512634277,8.281562805175781
2446,8.900135040283203,8.281815528869629
2447,-0.3139381408691406,8.278304100036621
2448,-0.5444623827934265,8.274701118469238
2449,-9.802556991577148,8.26732349395752
2450,-1.0349783897399902,8.263527870178223
2451,5.751185894012451,8.262503623962402
2452,-0.7845619320869446,8.258814811706543
2453,-6.20286750793457,8.252922058105469
2454,-1.1941229104995728,8.24907398223877
2455,5.417789459228516,8.247920989990234
2456,-0.11066320538520813,8.244519233703613
2457,5.210201740264893,8.243285179138184
2458,-0.18059730529785156,8.239859580993652
2459,-0.6289294958114624,8.236254692077637
2460,0.11634944379329681,8.232954978942871
2461,-0.16299286484718323,8.229545593261719
2462,5.199540138244629,8.228315353393555
2463,6.0655975341796875,8.227437973022461
2464,3.8501386642456055,8.225661277770996
2465,2.739295482635498,8.223437309265137
2466,-0.73297119140625,8.219806671142578
2467,1.9021409749984741,8.217247009277344
2468,-2.592778205871582,8.212868690490723
2469,6.705142974853516,8.212258338928223
2470,-0.30385249853134155,8.208810806274414
2471,3.032945394515991,8.206717491149902
2472,1.9977147579193115,8.204207420349121
2473,6.128716468811035,8.203368186950684
2474,7.454497337341309,8.203065872192383
2475,0.04333774000406265,8.199769973754883
2476,5.131616115570068,8.198531150817871
2477,6.6021246910095215,8.19788646697998
2478,8.50793170928955,8.19801139831543
2479,0.9769635796546936,8.195099830627441
2480,9.662922859191895,8.195691108703613
2481,2.0087549686431885,8.193198204040527
2482,1.354038953781128,8.19044303894043
2483,1.0255216360092163,8.187559127807617
2484,-0.8042341470718384,8.183939933776855
2485,-14.134965896606445,8.174962997436523
2486,-0.4128679037094116,8.171509742736816
2487,-5.073195457458496,8.166186332702637
2488,4.5443291664123535,8.164731979370117
2489,-3.4963550567626953,8.160048484802246
2490,-2.6049909591674805,8.15572738647461
2491,4.561916351318359,8.154285430908203
2492,-0.07676997780799866,8.150983810424805
2493,1.221972942352295,8.148205757141113
2494,-5.388150215148926,8.142780303955078
2495,-1.6434895992279053,8.138859748840332
2496,-0.47962504625320435,8.135407447814941
2497,0.5966169834136963,8.132389068603516
2498,3.6053335666656494,8.13057804107666
2499,11.846762657165527,8.132064819335938
2500,12.35689640045166,8.13375473022461
2501,5.574349403381348,8.132731437683105
2502,12.430154800415039,8.134448051452637
2503,7.783329486846924,8.134307861328125
2504,13.738752365112305,8.136545181274414
2505,12.530269622802734,8.138298034667969
2506,9.6759033203125,8.138911247253418
2507,8.763134956359863,8.13916015625
2508,11.96934700012207,8.14068603515625
2509,7.681514739990234,8.140503883361816
2510,7.530002593994141,8.140259742736816
2511,9.492897033691406,8.140798568725586
2512,11.131294250488281,8.141987800598145
2513,12.419214248657227,8.14369010925293
2514,10.340765953063965,8.144562721252441
2515,8.410128593444824,8.144668579101562
2516,10.250062942504883,8.14550495147705
2517,9.237103462219238,8.1459379196167
2518,8.677083969116211,8.146149635314941
2519,7.6579132080078125,8.145956039428711
2520,10.542670249938965,8.146906852722168
2521,11.028018951416016,8.148048400878906
2522,7.858344078063965,8.147933959960938
2523,8.367612838745117,8.14802074432373
2524,10.824026107788086,8.149080276489258
2525,9.593783378601074,8.149652481079102
2526,10.949386596679688,8.15075969696045
2527,6.471076011657715,8.15009593963623
2528,10.790943145751953,8.151140213012695
2529,11.995687484741211,8.15265941619873
2530,8.63252067565918,8.152849197387695
2531,8.882518768310547,8.15313720703125
2532,11.18471908569336,8.154335021972656
2533,10.183205604553223,8.155135154724121
2534,12.344408988952637,8.156787872314453
2535,10.011968612670898,8.157519340515137
2536,9.013406753540039,8.157856941223145
2537,6.913203716278076,8.157366752624512
2538,13.358193397521973,8.159414291381836
2539,11.734123229980469,8.160821914672852
2540,9.712199211120605,8.161433219909668
2541,9.989872932434082,8.162152290344238
2542,11.42214584350586,8.163434028625488
2543,10.550518035888672,8.164372444152832
2544,9.624653816223145,8.164946556091309
2545,7.93007755279541,8.164854049682617
2546,10.133722305297852,8.165626525878906
2547,9.39268970489502,8.166108131408691
2548,10.573700904846191,8.16705322265625
2549,11.093806266784668,8.168200492858887
2550,11.914833068847656,8.169669151306152
2551,12.290644645690918,8.171283721923828
2552,11.073047637939453,8.172420501708984
2553,11.930030822753906,8.1738920211792
2554,13.18526840209961,8.17585277557373
2555,12.691506385803223,8.177619934082031
2556,8.333850860595703,8.177680969238281
2557,9.96138858795166,8.178378105163574
2558,7.090964317321777,8.177953720092773
2559,10.460038185119629,8.178845405578613
2560,13.350030899047852,8.180864334106445
2561,8.505326271057129,8.180991172790527
2562,7.883654594421387,8.180874824523926
2563,8.268636703491211,8.180909156799316
2564,8.409963607788086,8.180998802185059
2565,9.555071830749512,8.181533813476562
2566,11.690340995788574,8.182900428771973
2567,11.703242301940918,8.184271812438965
2568,11.33384895324707,8.185497283935547
2569,14.222134590148926,8.187846183776855
2570,8.852115631103516,8.188104629516602
2571,11.755036354064941,8.189492225646973
2572,10.849523544311523,8.190526008605957
2573,10.34890365600586,8.191364288330078
2574,11.654411315917969,8.192708969116211
2575,6.852829933166504,8.19218921661377
2576,9.56977653503418,8.192724227905273
2577,10.576932907104492,8.193648338317871
2578,11.30979061126709,8.194857597351074
2579,8.675605773925781,8.195043563842773
2580,11.258511543273926,8.1962308883667
2581,12.40695858001709,8.197860717773438
2582,10.981307983398438,8.198938369750977
2583,9.118256568908691,8.199294090270996
2584,7.050705432891846,8.19884967803955
2585,10.689369201660156,8.199812889099121
2586,5.823407173156738,8.198894500732422
2587,11.800466537475586,8.200286865234375
2588,9.739445686340332,8.200881004333496
2589,12.097051620483398,8.202385902404785
2590,9.210209846496582,8.202775001525879
2591,6.737485408782959,8.202210426330566
2592,4.172045707702637,8.200655937194824
2593,9.34205150604248,8.201095581054688
2594,6.553571701049805,8.200460433959961
2595,7.866848945617676,8.200332641601562
2596,5.190768241882324,8.199173927307129
2597,6.457845687866211,8.198503494262695
2598,4.1384429931640625,8.196941375732422
2599,6.4435834884643555,8.196266174316406
2600,6.171457290649414,8.195487976074219
2601,7.170206069946289,8.195094108581543
2602,4.364294528961182,8.193622589111328
2603,6.154675483703613,8.192839622497559
2604,6.039613723754883,8.192012786865234
2605,7.045569896697998,8.191572189331055
2606,6.934353828430176,8.191089630126953
2607,6.183359622955322,8.190320014953613
2608,4.869258403778076,8.189047813415527
2609,5.696456432342529,8.188092231750488
2610,1.0853527784347534,8.185372352600098
2611,6.932378768920898,8.184892654418945
2612,3.3875160217285156,8.183055877685547
2613,4.32413911819458,8.181580543518066
2614,4.487974166870117,8.180168151855469
2615,2.30242657661438,8.177921295166016
2616,5.2664923667907715,8.17680835723877
2617,3.5143253803253174,8.175026893615723
2618,4.622016429901123,8.173669815063477
2619,4.613387584686279,8.172310829162598
2620,3.855529308319092,8.170663833618164
2621,5.972541809082031,8.169825553894043
2622,4.481781959533691,8.16841983795166
2623,5.872512340545654,8.167545318603516
2624,5.300485610961914,8.16645336151123
2625,4.208866596221924,8.164946556091309
2626,4.449053764343262,8.163531303405762
2627,5.141754150390625,8.162382125854492
2628,6.44666862487793,8.16172981262207
2629,5.004739761352539,8.160529136657715
2630,5.2733869552612305,8.159431457519531
2631,5.171156406402588,8.158296585083008
2632,6.289046287536621,8.157587051391602
2633,5.88429069519043,8.156723976135254
2634,2.5340304374694824,8.154589653015137
2635,6.601348876953125,8.154000282287598
2636,4.629197597503662,8.152664184570312
2637,7.855168342590332,8.15255069732666
2638,1.6812419891357422,8.15009880065918
2639,5.053505897521973,8.14892578125
2640,3.983368396759033,8.147348403930664
2641,9.300986289978027,8.147785186767578
2642,3.2296385765075684,8.14592456817627
2643,4.328505516052246,8.14448070526123
2644,3.7155017852783203,8.142805099487305
2645,4.535841464996338,8.14144229888916
2646,5.353960990905762,8.140388488769531
2647,6.080966949462891,8.13961124420166
2648,5.325697898864746,8.138548851013184
2649,4.943605422973633,8.137343406677246
2650,6.130097389221191,8.13658618927002
2651,5.848147869110107,8.135723114013672
2652,4.726540565490723,8.134437561035156
2653,6.983978271484375,8.134004592895508
2654,6.363925457000732,8.13333797454834
2655,5.1563639640808105,8.132216453552246
2656,7.272479057312012,8.1318941116333
2657,5.8049845695495605,8.131017684936523
2658,1.0947034358978271,8.128371238708496
2659,3.7466797828674316,8.126724243164062
2660,5.548910140991211,8.125755310058594
2661,6.913442134857178,8.125300407409668
2662,6.023868560791016,8.124510765075684
2663,6.770944118499756,8.124002456665039
2664,7.138510704040527,8.12363338470459
2665,5.33113431930542,8.122586250305176
2666,9.341425895690918,8.123043060302734
2667,7.632875442504883,8.122859001159668
2668,6.4541144371032715,8.122234344482422
2669,7.703542232513428,8.122077941894531
2670,6.286787509918213,8.121390342712402
2671,5.388763427734375,8.120368003845215
2672,7.4527435302734375,8.120118141174316
2673,6.972412586212158,8.119688987731934
2674,7.47574520111084,8.1194486618042
2675,6.452613353729248,8.118825912475586
2676,6.971914291381836,8.11839771270752
2677,7.777229309082031,8.118270874023438
2678,12.991249084472656,8.120089530944824
2679,7.797089576721191,8.119969367980957
2680,9.944904327392578,8.120650291442871
2681,6.906229019165039,8.120197296142578
2682,8.326922416687012,8.12027359008789
2683,7.113438606262207,8.119898796081543
2684,8.984923362731934,8.120221138000488
2685,8.079309463500977,8.120205879211426
2686,7.641369819641113,8.120027542114258
2687,8.380911827087402,8.120124816894531
2688,9.362879753112793,8.120586395263672
2689,7.630181312561035,8.120404243469238
2690,7.281252861022949,8.12009334564209
2691,9.776800155639648,8.120708465576172
2692,7.2258501052856445,8.120376586914062
2693,7.752997875213623,8.120240211486816
2694,11.565112113952637,8.1215181350708
2695,10.106572151184082,8.122255325317383
2696,9.439927101135254,8.122743606567383
2697,7.280406475067139,8.122431755065918
2698,6.614786148071289,8.121872901916504
2699,7.9924702644348145,8.121825218200684
2700,8.410043716430664,8.121932029724121
2701,9.84398078918457,8.12256908416748
2702,5.284241676330566,8.121519088745117
2703,8.074954986572266,8.121501922607422
2704,6.393072605133057,8.12086296081543
2705,9.481101989746094,8.121365547180176
2706,5.869548797607422,8.120532989501953
2707,6.891000747680664,8.120079040527344
2708,5.903563022613525,8.119260787963867
2709,6.941031455993652,8.118826866149902
2710,7.727112293243408,8.118681907653809
2711,8.437280654907227,8.118799209594727
2712,9.595879554748535,8.119343757629395
2713,5.324695587158203,8.118313789367676
2714,8.451523780822754,8.118436813354492
2715,10.050373077392578,8.119148254394531
2716,7.217869281768799,8.118816375732422
2717,9.17138671875,8.119203567504883
2718,9.926631927490234,8.119868278503418
2719,6.236725807189941,8.119175910949707
2720,7.458016872406006,8.118932723999023
2721,9.699310302734375,8.119513511657715
2722,8.614338874816895,8.119695663452148
2723,7.196317195892334,8.119357109069824
2724,7.667360782623291,8.11919116973877
2725,8.382615089416504,8.119288444519043
2726,9.206971168518066,8.1196870803833
2727,7.758248329162598,8.11955451965332
2728,6.292201995849609,8.118885040283203
2729,8.044483184814453,8.118858337402344
2730,5.763136863708496,8.117995262145996
2731,6.85739803314209,8.117534637451172
2732,6.127582550048828,8.116806030273438
2733,6.527687072753906,8.11622428894043
2734,7.01908540725708,8.115823745727539
2735,6.621551036834717,8.115277290344238
2736,7.540829181671143,8.115067481994629
2737,6.007551193237305,8.114297866821289
2738,8.039310455322266,8.114270210266113
2739,6.792045593261719,8.113787651062012
2740,6.309710502624512,8.113130569458008
2741,7.925422191619873,8.113061904907227
2742,7.97209358215332,8.11301040649414
2743,8.084915161132812,8.11299991607666
2744,7.493608474731445,8.112774848937988
2745,7.854562759399414,8.11268138885498
2746,7.54637336730957,8.112475395202637
2747,6.858950614929199,8.112018585205078
2748,7.232368469238281,8.111699104309082
2749,8.436986923217773,8.111817359924316
2750,7.413159370422363,8.111563682556152
2751,8.568238258361816,8.111729621887207
2752,5.844278812408447,8.110905647277832
2753,10.600117683410645,8.111809730529785
2754,11.9532470703125,8.113204002380371
2755,12.638062477111816,8.114846229553223
2756,10.051101684570312,8.115548133850098
2757,9.565677642822266,8.116074562072754
2758,10.65759563446045,8.116995811462402
2759,8.351051330566406,8.117080688476562
2760,12.647538185119629,8.118721961975098
2761,10.4094877243042,8.119551658630371
2762,10.605521202087402,8.120450973510742
2763,11.470108032226562,8.121663093566895
2764,9.1921968460083,8.122050285339355
2765,11.00367546081543,8.123091697692871
2766,11.096396446228027,8.124166488647461
2767,9.027339935302734,8.124492645263672
2768,9.946925163269043,8.125150680541992
2769,11.181804656982422,8.126254081726074
2770,10.316963195800781,8.127044677734375
2771,11.437567710876465,8.128238677978516
2772,10.056928634643555,8.128934860229492
2773,10.285048484802246,8.129712104797363
2774,9.547774314880371,8.13022232055664
2775,12.000699043273926,8.131616592407227
2776,9.683286666870117,8.13217544555664
2777,11.710909843444824,8.133463859558105
2778,10.46709156036377,8.134303092956543
2779,10.669111251831055,8.135214805603027
2780,10.998668670654297,8.136244773864746
2781,7.817862033843994,8.136130332946777
2782,10.086904525756836,8.136831283569336
2783,10.808182716369629,8.13779067993164
2784,12.969183921813965,8.139525413513184
2785,11.580830574035645,8.14076042175293
2786,12.328592300415039,8.14226245880127
2787,12.25649642944336,8.14373779296875
2788,12.052196502685547,8.145139694213867
2789,13.815746307373047,8.147172927856445
2790,13.823785781860352,8.149206161499023
2791,10.777235984802246,8.150147438049316
2792,11.357654571533203,8.151296615600586
2793,10.4150972366333,8.152107238769531
2794,11.288331985473633,8.153228759765625
2795,11.734716415405273,8.154509544372559
2796,10.577601432800293,8.155376434326172
2797,10.981392860412598,8.156386375427246
2798,11.347726821899414,8.157526016235352
2799,11.090306282043457,8.158573150634766
2800,10.271111488342285,8.159327507019043
2801,10.543484687805176,8.160178184509277
2802,11.759355545043945,8.161462783813477
2803,12.051868438720703,8.162850379943848
2804,12.467735290527344,8.164384841918945
2805,12.41867446899414,8.165901184082031
2806,12.471057891845703,8.167434692382812
2807,12.598810195922852,8.169013023376465
2808,11.52452278137207,8.170207977294922
2809,11.98442554473877,8.171565055847168
2810,12.38411808013916,8.173064231872559
2811,11.281156539916992,8.174169540405273
2812,11.354870796203613,8.175299644470215
2813,12.026652336120605,8.176669120788574
2814,11.277669906616211,8.177770614624023
2815,10.860915184020996,8.178723335266113
2816,13.531912803649902,8.180623054504395
2817,11.772980690002441,8.18189811706543
2818,10.436291694641113,8.182698249816895
2819,12.886706352233887,8.184366226196289
2820,13.210383415222168,8.186147689819336
2821,11.620463371276855,8.18736457824707
2822,11.813640594482422,8.188650131225586
2823,12.61471939086914,8.190217018127441
2824,12.113553047180176,8.191606521606445
2825,11.059842109680176,8.192621231079102
2826,12.84974193572998,8.194268226623535
2827,13.796289443969727,8.196249961853027
2828,10.503490447998047,8.197065353393555
2829,12.801636695861816,8.198692321777344
2830,11.469808578491211,8.199848175048828
2831,11.862826347351074,8.201141357421875
2832,11.270214080810547,8.202224731445312
2833,11.664629936218262,8.203446388244629
2834,11.967718124389648,8.204773902893066
2835,12.140714645385742,8.206161499023438
2836,12.784040451049805,8.207775115966797
2837,12.544363021850586,8.20930290222168
2838,12.644554138183594,8.210865020751953
2839,12.581888198852539,8.212404251098633
2840,12.705286979675293,8.213985443115234
2841,11.740774154663086,8.215226173400879
2842,12.79577350616455,8.216837882995605
2843,13.09229850769043,8.218551635742188
2844,12.502232551574707,8.220057487487793
2845,10.597192764282227,8.220892906188965
2846,13.046480178833008,8.222587585449219
2847,12.91413402557373,8.224234580993652
2848,13.826908111572266,8.226201057434082
2849,13.098706245422363,8.227910995483398
2850,11.691330909729004,8.2291259765625
2851,11.51358413696289,8.230278015136719
2852,14.406681060791016,8.232442855834961
2853,13.158675193786621,8.23416805267334
2854,12.448823928833008,8.235644340515137
2855,13.648552894592285,8.237540245056152
2856,13.184300422668457,8.23927116394043
2857,11.371322631835938,8.24036693572998
2858,11.072916984558105,8.241357803344727
2859,11.955474853515625,8.242655754089355
2860,12.950501441955566,8.244301795959473
2861,12.202972412109375,8.245684623718262
2862,11.623641014099121,8.246864318847656
2863,12.089967727661133,8.24820613861084
2864,11.849055290222168,8.249463081359863
2865,12.618955612182617,8.250988006591797
2866,12.333843231201172,8.252411842346191
2867,13.084345817565918,8.254096984863281
2868,12.796735763549805,8.255680084228516
2869,11.857165336608887,8.256935119628906
2870,10.954174995422363,8.257875442504883
2871,4.649205684661865,8.25661849975586
2872,5.985424041748047,8.255827903747559
2873,8.226203918457031,8.255818367004395
2874,6.797886371612549,8.255311012268066
2875,4.61744499206543,8.254046440124512
2876,7.5587992668151855,8.253804206848145
2877,7.233323574066162,8.253449440002441
2878,7.087851524353027,8.253045082092285
2879,3.985001564025879,8.251562118530273
2880,8.024782180786133,8.251483917236328
2881,7.877168655395508,8.251354217529297
2882,8.387859344482422,8.251401901245117
2883,7.832347869873047,8.251255989074707
2884,4.704583644866943,8.25002670288086
2885,7.119319915771484,8.249635696411133
2886,5.930738925933838,8.248832702636719
2887,7.946032524108887,8.248726844787598
2888,7.6113505363464355,8.248506546020508
2889,5.782998085021973,8.24765396118164
2890,9.782031059265137,8.248184204101562
2891,7.55280065536499,8.247943878173828
2892,6.617742538452148,8.247380256652832
2893,8.918764114379883,8.247611999511719
2894,1.7520695924758911,8.245368003845215
2895,4.7976813316345215,8.244176864624023
2896,6.519145965576172,8.243581771850586
2897,7.688203811645508,8.243390083312988
2898,7.560248851776123,8.243154525756836
2899,8.308172225952148,8.243176460266113
2900,6.217806339263916,8.24247932434082
2901,-1.932025671005249,8.238972663879395
2902,7.496465682983398,8.238717079162598
2903,6.5651631355285645,8.238141059875488
2904,6.182365894317627,8.237432479858398
2905,7.989020824432373,8.237346649169922
2906,7.299083709716797,8.237024307250977
2907,6.524981498718262,8.236435890197754
2908,6.084967136383057,8.235696792602539
2909,8.082260131835938,8.23564338684082
2910,5.991652488708496,8.234872817993164
2911,4.401860237121582,8.233556747436523
2912,7.7350239753723145,8.23338508605957
2913,4.017378330230713,8.231938362121582
2914,0.35864707827568054,8.22923755645752
2915,5.245425701141357,8.228215217590332
2916,7.636111259460449,8.228012084960938
2917,6.423196315765381,8.227394104003906
2918,7.154681205749512,8.227025985717773
2919,6.135158061981201,8.226309776306152
2920,7.395147323608398,8.226024627685547
2921,7.171695232391357,8.225664138793945
2922,4.142108917236328,8.22426700592041
2923,4.8585710525512695,8.223116874694824
2924,6.005743980407715,8.222358703613281
2925,2.2754335403442383,8.22032642364502
2926,6.305978298187256,8.219672203063965
2927,6.404993534088135,8.2190523147583
2928,4.707637786865234,8.217853546142578
2929,4.84490442276001,8.216702461242676
2930,7.081881523132324,8.216315269470215
2931,5.577566623687744,8.215415000915527
2932,3.468247413635254,8.213796615600586
2933,6.0170745849609375,8.213047981262207
2934,7.966227054595947,8.212964057922363
2935,10.337078094482422,8.213687896728516
2936,5.374468803405762,8.212721824645996
2937,3.7036969661712646,8.211186408996582
2938,6.452671051025391,8.210588455200195
2939,6.972583770751953,8.21016788482666
2940,7.965688705444336,8.210083961486816
2941,6.718908309936523,8.209577560424805
2942,6.560592174530029,8.209016799926758
2943,6.008579730987549,8.208269119262695
2944,4.927567481994629,8.207155227661133
2945,4.969374656677246,8.206055641174316
2946,5.477533340454102,8.205129623413086
2947,2.8716206550598145,8.203320503234863
2948,2.2167844772338867,8.201290130615234
2949,5.481010437011719,8.20036792755127
2950,7.2365570068359375,8.200041770935059
2951,0.7894498705863953,8.197530746459961
2952,4.514011859893799,8.196283340454102
2953,5.949192047119141,8.19552230834961
2954,3.0046987533569336,8.193765640258789
2955,3.4454307556152344,8.192159652709961
2956,4.823819160461426,8.191020965576172
2957,5.304928302764893,8.190044403076172
2958,5.230096817016602,8.189044952392578
2959,5.71954345703125,8.188209533691406
2960,4.825597286224365,8.187074661254883
2961,5.374402046203613,8.186124801635742
2962,5.414966583251953,8.185189247131348
2963,4.364355087280273,8.183900833129883
2964,6.190809726715088,8.183228492736816
2965,6.847207069396973,8.182778358459473
2966,6.489691257476807,8.182208061218262
2967,6.442697048187256,8.181622505187988
2968,4.850315093994141,8.180500030517578
2969,8.332459449768066,8.180550575256348
2970,4.083387851715088,8.17917251586914
2971,3.9213461875915527,8.177740097045898
2972,3.6553826332092285,8.17621898651123
2973,5.446777820587158,8.175301551818848
2974,5.59799861907959,8.174434661865234
2975,3.2174882888793945,8.172768592834473
2976,8.244823455810547,8.172792434692383
2977,4.1562323570251465,8.171443939208984
2978,5.177728652954102,8.170438766479492
2979,3.3945584297180176,8.16883659362793
2980,4.630948066711426,8.167649269104004
2981,4.914783954620361,8.166558265686035
2982,4.764170169830322,8.165417671203613
2983,4.983514308929443,8.164351463317871
2984,7.02149772644043,8.163969039916992
2985,5.3763747215271,8.16303539276123
2986,4.341578960418701,8.16175651550293
2987,-0.26843124628067017,8.158935546875
2988,2.1794726848602295,8.15693473815918
2989,7.0428466796875,8.156561851501465
2990,7.315796852111816,8.156281471252441
2991,8.188440322875977,8.156291961669922
2992,-0.9643968939781189,8.153244018554688
2993,2.9616949558258057,8.151510238647461
2994,5.106403827667236,8.150492668151855
2995,6.262152671813965,8.149862289428711
2996,4.097602844238281,8.148510932922363
2997,5.536005020141602,8.147638320922852
2998,7.011488914489746,8.147259712219238
2999,4.751006603240967,8.14612865447998
3000,6.173932075500488,8.14547061920166
3001,5.849130630493164,8.144706726074219
3002,5.367287635803223,8.143781661987305
3003,5.3731369972229,8.14285945892334
3004,3.277231454849243,8.141240119934082
3005,2.9702749252319336,8.139519691467285
3006,3.3030149936676025,8.137910842895508
3007,4.557624816894531,8.13672161102295
3008,4.857512474060059,8.135631561279297
3009,5.288562774658203,8.134685516357422
3010,5.221412181854248,8.133718490600586
3011,4.4085516929626465,8.132481575012207
3012,4.668774604797363,8.131331443786621
3013,5.996535301208496,8.130622863769531
3014,6.301933288574219,8.130016326904297
3015,4.235145092010498,8.128725051879883
3016,4.156747817993164,8.127408027648926
3017,2.8462305068969727,8.12565803527832
3018,4.636212348937988,8.124502182006836
3019,3.143568992614746,8.12285327911377
3020,6.812252044677734,8.122419357299805
3021,4.800781726837158,8.121320724487305
3022,4.434419631958008,8.120100975036621
3023,4.789475440979004,8.118999481201172
3024,4.394986152648926,8.117768287658691
3025,4.105375289916992,8.11644172668457
3026,4.531914710998535,8.115257263183594
3027,2.9589967727661133,8.113554954528809
3028,3.6006975173950195,8.112065315246582
3029,4.826055526733398,8.110980987548828
3030,6.141365051269531,8.110330581665039
3031,3.8554935455322266,8.108927726745605
3032,4.701959609985352,8.107803344726562
3033,1.6551525592803955,8.105676651000977
3034,5.25596809387207,8.104737281799316
3035,5.26561975479126,8.103802680969238
3036,4.811112880706787,8.102718353271484
3037,1.4359325170516968,8.100523948669434
3038,-1.1567683219909668,8.097477912902832
3039,2.9054088592529297,8.095769882202148
3040,2.3813703060150146,8.093890190124512
3041,6.117538928985596,8.093240737915039
3042,4.983154296875,8.092218399047852
3043,7.952851295471191,8.092172622680664
3044,3.662820816040039,8.090718269348145
3045,5.431802272796631,8.089844703674316
3046,4.207096099853516,8.088570594787598
3047,3.84429669380188,8.087178230285645
3048,3.02744722366333,8.085518836975098
3049,2.7783658504486084,8.083778381347656
3050,2.675821542739868,8.082006454467773
3051,7.3171467781066895,8.081755638122559
3052,-0.8258895874023438,8.078837394714355
3053,4.971961975097656,8.077820777893066
3054,3.9659454822540283,8.076475143432617
3055,3.1326377391815186,8.074856758117676
3056,2.035892963409424,8.072881698608398
3057,1.8093372583389282,8.070833206176758
3058,4.094519138336182,8.069533348083496
3059,-3.8577589988708496,8.065635681152344
3060,2.967125177383423,8.063969612121582
3061,3.0654821395874023,8.062336921691895
3062,2.0794429779052734,8.060384750366211
3063,3.412259101867676,8.058867454528809
3064,-0.6985056400299072,8.056009292602539
3065,0.9154998660087585,8.053681373596191
3066,4.397959232330322,8.052489280700684
3067,4.5065531730651855,8.0513334274292
3068,2.0322670936584473,8.049372673034668
3069,4.109110355377197,8.048089027404785
3070,4.837582111358643,8.047043800354004
3071,3.780322313308716,8.045655250549316
3072,4.720505714416504,8.044572830200195
3073,5.275208950042725,8.043672561645508
3074,4.425104141235352,8.042495727539062
3075,3.8607287406921387,8.041136741638184
3076,5.0791096687316895,8.040173530578613
3077,5.0159912109375,8.039191246032715
3078,4.233623504638672,8.037955284118652
3079,4.175818920135498,8.036701202392578
3080,4.835959434509277,8.035662651062012
3081,4.511386871337891,8.03451919555664
3082,4.516178607940674,8.033377647399902
3083,4.410996913909912,8.03220272064209
3084,4.149580478668213,8.03094482421875
3085,5.050303936004639,8.02997875213623
3086,5.411243438720703,8.029130935668945
3087,5.672852993011475,8.02836799621582
3088,5.952225685119629,8.02769660949707
3089,7.318140029907227,8.027466773986816
3090,5.083115100860596,8.026515007019043
3091,4.252232074737549,8.025294303894043
3092,10.129815101623535,8.02597427368164
3093,10.2131929397583,8.026680946350098
3094,11.5332612991333,8.027813911437988
3095,10.690958023071289,8.028674125671387
3096,9.629596710205078,8.029191017150879
3097,6.575394153594971,8.028721809387207
3098,9.43150806427002,8.0291748046875
3099,13.628118515014648,8.030981063842773
3100,12.25394058227539,8.032342910766602
3101,7.71719217300415,8.032240867614746
3102,6.95123291015625,8.031892776489258
3103,10.96174430847168,8.032835960388184
3104,11.497699737548828,8.033952713012695
3105,10.775917053222656,8.034834861755371
3106,7.40286111831665,8.034631729125977
3107,10.041953086853027,8.035277366638184
3108,6.858797073364258,8.03489875793457
3109,10.932330131530762,8.0358304977417
3110,9.571207046508789,8.036323547363281
3111,8.356637001037598,8.036426544189453
3112,9.618022918701172,8.036933898925781
3113,7.672521591186523,8.03681755065918
3114,11.006584167480469,8.03777027130127
3115,10.910860061645508,8.038692474365234
3116,8.5341215133667,8.038850784301758
3117,9.797810554504395,8.039414405822754
3118,7.549952507019043,8.039258003234863
3119,10.482834815979004,8.040040969848633
3120,10.434585571289062,8.04080867767334
3121,10.388921737670898,8.041560173034668
3122,9.265202522277832,8.041952133178711
3123,11.2687406539917,8.042985916137695
3124,7.133820056915283,8.042695045471191
3125,7.43406343460083,8.042500495910645
3126,10.04888916015625,8.04314136505127
3127,6.876079559326172,8.042768478393555
3128,8.776601791381836,8.043004035949707
3129,8.933473587036133,8.043288230895996
3130,8.255785942077637,8.043355941772461
3131,7.103299140930176,8.04305648803711
3132,10.164470672607422,8.043732643127441
3133,10.099101066589355,8.044388771057129
3134,10.656328201293945,8.045222282409668
3135,9.486915588378906,8.045681953430176
3136,9.857121467590332,8.046258926391602
3137,7.754220485687256,8.04616641998291
3138,9.798299789428711,8.046724319458008
3139,8.487442970275879,8.046865463256836
3140,9.324884414672852,8.047271728515625
3141,10.709981918334961,8.04811954498291
3142,10.603245735168457,8.048932075500488
3143,10.302772521972656,8.049649238586426
3144,6.138291358947754,8.049041748046875
3145,8.780977249145508,8.049274444580078
3146,8.50857925415039,8.049420356750488
3147,9.483039855957031,8.049875259399414
3148,8.81132984161377,8.050116539001465
3149,7.052616596221924,8.049799919128418
3150,9.985128402709961,8.050414085388184
3151,8.862685203552246,8.05067253112793
3152,8.869114875793457,8.050931930541992
3153,7.893143177032471,8.050881385803223
3154,9.659172058105469,8.051390647888184
3155,10.618951797485352,8.052205085754395
3156,10.725791931152344,8.053051948547363
3157,9.782602310180664,8.05359935760498
3158,10.185580253601074,8.054274559020996
3159,8.929272651672363,8.054551124572754
3160,8.281179428100586,8.0546236038208
3161,10.134024620056152,8.055280685424805
3162,8.039066314697266,8.055275917053223
3163,9.253484725952148,8.055654525756836
3164,9.563194274902344,8.056131362915039
3165,9.821979522705078,8.05668830871582
3166,9.262767791748047,8.057069778442383
3167,10.809303283691406,8.057938575744629
3168,8.457442283630371,8.058064460754395
3169,9.64600944519043,8.058565139770508
3170,10.834949493408203,8.059440612792969
3171,9.116114616394043,8.059773445129395
3172,10.735208511352539,8.060616493225098
3173,10.194846153259277,8.061288833618164
3174,9.050727844238281,8.061600685119629
3175,10.353269577026367,8.062322616577148
3176,-0.842541515827179,8.05951976776123
3177,6.5456647872924805,8.059042930603027
3178,7.058811664581299,8.058728218078613
3179,5.17817497253418,8.057822227478027
3180,-2.953916072845459,8.054360389709473
3181,5.770547389984131,8.053643226623535
3182,2.5076217651367188,8.051900863647461
3183,7.33859920501709,8.051676750183105
3184,5.466865539550781,8.050865173339844
3185,6.449768543243408,8.050362586975098
3186,3.169050693511963,8.04883098602295
3187,6.803722381591797,8.048440933227539
3188,3.8856723308563232,8.047135353088379
3189,6.190526485443115,8.046553611755371
3190,5.408377170562744,8.045726776123047
3191,4.426662445068359,8.04459285736084
3192,5.788312911987305,8.043886184692383
3193,5.58390998840332,8.043116569519043
3194,5.568653106689453,8.042341232299805
3195,9.768753051757812,8.042881965637207
3196,8.086743354797363,8.042895317077637
3197,10.660601615905762,8.043713569641113
3198,6.896390914916992,8.043354988098145
3199,5.95367956161499,8.042701721191406
3200,5.87419319152832,8.042024612426758
3201,5.770342826843262,8.041315078735352
3202,7.023448467254639,8.040997505187988
3203,3.522902727127075,8.039587020874023
3204,7.454748630523682,8.03940486907959
3205,6.590042591094971,8.038952827453613
3206,6.207499980926514,8.038381576538086
3207,7.867114543914795,8.038328170776367
3208,9.938555717468262,8.038920402526855
3209,6.790957450866699,8.038532257080078
3210,9.165380477905273,8.038883209228516
3211,7.169501781463623,8.038612365722656
3212,7.261395454406738,8.038371086120605
3213,10.09732437133789,8.039011001586914
3214,8.269740104675293,8.039083480834961
3215,8.777214050292969,8.039312362670898
3216,13.08192253112793,8.04088020324707
3217,13.002327919006348,8.0424222946167
3218,7.352242946624756,8.042207717895508
3219,3.2341792583465576,8.040714263916016
3220,9.17776107788086,8.041067123413086
3221,5.130118370056152,8.04016399383545
3222,8.23159122467041,8.040223121643066
3223,6.890686988830566,8.039867401123047
3224,6.3158979415893555,8.039332389831543
3225,5.316648006439209,8.038488388061523
3226,4.365657806396484,8.03735065460205
3227,5.610518455505371,8.036599159240723
3228,7.719327926635742,8.036499977111816
3229,6.265883445739746,8.035951614379883
3230,7.45443058013916,8.035772323608398
3231,9.293081283569336,8.036161422729492
3232,7.842928886413574,8.036101341247559
3233,10.438409805297852,8.036844253540039
3234,5.951505184173584,8.036199569702148
3235,9.219986915588379,8.036565780639648
3236,5.709220886230469,8.035846710205078
3237,6.266633033752441,8.035300254821777
3238,6.609471321105957,8.034860610961914
3239,5.45377254486084,8.034063339233398
3240,6.5384650230407715,8.033601760864258
3241,5.517699241638184,8.03282642364502
3242,7.651088714599609,8.032708168029785
3243,8.09682559967041,8.03272819519043
3244,3.4631309509277344,8.031319618225098
3245,6.409746170043945,8.030820846557617
3246,2.757631540298462,8.029196739196777
3247,4.664861679077148,8.028160095214844
3248,6.612168312072754,8.027724266052246
3249,6.47625732421875,8.027247428894043
3250,6.977382659912109,8.026924133300781
3251,9.621418952941895,8.027414321899414
3252,7.078382968902588,8.027122497558594
3253,7.66595458984375,8.027010917663574
3254,6.981878757476807,8.026690483093262
3255,9.214117050170898,8.027054786682129
3256,12.11703872680664,8.028310775756836
3257,6.965757369995117,8.027984619140625
3258,12.150947570800781,8.02924919128418
3259,8.45496654510498,8.029379844665527
3260,7.388624668121338,8.029183387756348
3261,4.813510894775391,8.0281982421875
3262,7.25816011428833,8.027961730957031
3263,7.831686019897461,8.027901649475098
3264,9.138179779052734,8.028242111206055
3265,7.74910831451416,8.028157234191895
3266,10.080375671386719,8.02878475189209
3267,8.093656539916992,8.028804779052734
3268,2.5290772914886475,8.027122497558594
3269,7.91597318649292,8.02708911895752
3270,7.759912014007568,8.027007102966309
3271,8.906818389892578,8.027276039123535
3272,8.6005859375,8.027451515197754
3273,8.992881774902344,8.027746200561523
3274,8.752903938293457,8.027966499328613
3275,7.907066822052002,8.02793025970459
3276,8.124549865722656,8.027959823608398
3277,7.4053955078125,8.027770042419434
3278,5.990867614746094,8.027148246765137
3279,9.24506664276123,8.027519226074219
3280,8.962562561035156,8.027804374694824
3281,6.523423671722412,8.027345657348633
3282,6.2023162841796875,8.026790618896484
3283,8.004085540771484,8.02678394317627
3284,8.928812026977539,8.027058601379395
3285,8.33010196685791,8.02715015411377
3286,9.744242668151855,8.02767276763916
3287,8.465251922607422,8.027806282043457
3288,8.182544708251953,8.027853012084961
3289,8.35029411315918,8.027950286865234
3290,4.657383441925049,8.02692699432373
3291,8.005203247070312,8.026920318603516
3292,7.98283052444458,8.026906967163086
3293,6.534371852874756,8.026453971862793
3294,7.990975856781006,8.026442527770996
3295,7.078907012939453,8.026155471801758
3296,5.211510181427002,8.025300979614258
3297,7.513652324676514,8.025146484375
3298,10.701216697692871,8.025957107543945
3299,4.084524631500244,8.024763107299805
3300,9.663268089294434,8.025259017944336
3301,5.319662094116211,8.024439811706543
3302,9.451650619506836,8.024871826171875
3303,8.219681739807129,8.024930953979492
3304,6.490128040313721,8.024466514587402
3305,6.332638740539551,8.023954391479492
3306,6.540342330932617,8.023506164550781
3307,8.180342674255371,8.023552894592285
3308,7.949604034423828,8.023530960083008
3309,6.212105751037598,8.02298355102539
3310,8.601622581481934,8.023158073425293
3311,9.024454116821289,8.02346134185791
3312,4.451519012451172,8.022382736206055
3313,5.6915998458862305,8.021679878234863
3314,2.48983097076416,8.020010948181152
3315,5.551074028015137,8.019266128540039
3316,3.2475318908691406,8.017827987670898
3317,2.629049301147461,8.016203880310059
3318,2.7012274265289307,8.014602661132812
3319,3.370152473449707,8.013203620910645
3320,3.678906202316284,8.0118989944458
3321,4.560280799865723,8.010859489440918
3322,2.6364574432373047,8.009242057800293
3323,4.822822093963623,8.008283615112305
3324,9.95694637298584,8.008870124816895
3325,5.389156341552734,8.008082389831543
3326,4.4469804763793945,8.007011413574219
3327,8.284001350402832,8.007094383239746
3328,8.451839447021484,8.007227897644043
3329,3.955381155014038,8.006011009216309
3330,4.330264091491699,8.004907608032227
3331,4.153689861297607,8.003751754760742
3332,4.15889310836792,8.002598762512207
3333,8.029537200927734,8.002606391906738
3334,2.5432541370391846,8.000968933105469
3335,6.950325012207031,8.000654220581055
3336,4.673198699951172,7.99965763092041
3337,4.801562309265137,7.998699188232422
3338,3.567270040512085,7.997371673583984
3339,6.692203998565674,7.996980667114258
3340,5.818748950958252,7.996328830718994
3341,3.0535175800323486,7.994849681854248
3342,-2.6417782306671143,7.991667747497559
3343,3.323512554168701,7.99027156829834
3344,6.051423072814941,7.989691734313965
3345,1.4252495765686035,7.987730026245117
3346,6.2149248123168945,7.987200736999512
3347,2.95023250579834,7.985696315765381
3348,6.731851100921631,7.985321998596191
3349,4.932150840759277,7.984410762786865
3350,9.276863098144531,7.984796524047852
3351,4.318225383758545,7.983702659606934
3352,4.621263027191162,7.982699871063232
3353,6.068239688873291,7.982129096984863
3354,7.421507835388184,7.981962203979492
3355,9.243160247802734,7.982337474822998
3356,9.107274055480957,7.982672691345215
3357,6.6352410316467285,7.982271194458008
3358,5.305970191955566,7.981474876403809
3359,1.1365479230880737,7.979437351226807
3360,4.230547904968262,7.9783220291137695
3361,5.794863224029541,7.977672576904297
3362,7.731658935546875,7.977599620819092
3363,3.561838150024414,7.976287364959717
3364,5.779127597808838,7.975634574890137
3365,5.540945529937744,7.974911212921143
3366,5.642866134643555,7.974218368530273
3367,7.150277614593506,7.973973751068115
3368,5.072461128234863,7.9731125831604
3369,5.740459442138672,7.972449779510498
3370,10.626439094543457,7.97323751449585
3371,5.432587146759033,7.9724836349487305
3372,1.154451847076416,7.970462322235107
3373,5.204329013824463,7.969642639160156
3374,7.54408597946167,7.969516754150391
3375,-0.42384862899780273,7.9670305252075195
3376,-0.33937329053878784,7.964570999145508
3377,12.464662551879883,7.965902805328369
3378,6.516773700714111,7.965474605560303
3379,2.09537410736084,7.963737964630127
3380,3.7671494483947754,7.962496757507324
3381,-0.1583874374628067,7.960095405578613
3382,7.439610958099365,7.959941387176514
3383,7.156613349914551,7.9597039222717285
3384,7.331801414489746,7.959518909454346
3385,4.952853679656982,7.958630561828613
3386,-3.1551382541656494,7.955349922180176
3387,5.543286323547363,7.95463752746582
3388,9.22464370727539,7.955012321472168
3389,6.352848052978516,7.954539775848389
3390,9.47114372253418,7.954987049102783
3391,8.288333892822266,7.955085754394531
3392,8.27029800415039,7.955178260803223
3393,7.3957319259643555,7.955013751983643
3394,7.835821628570557,7.9549784660339355
3395,7.911592483520508,7.954966068267822
3396,9.19253921508789,7.9553303718566895
3397,7.87729549407959,7.955307483673096
3398,8.451556205749512,7.955453395843506
3399,8.292938232421875,7.955552577972412
3400,8.036060333251953,7.955575942993164
3401,9.921706199645996,7.956153869628906
3402,9.077327728271484,7.956483840942383
3403,7.260313034057617,7.9562788009643555
3404,12.912188529968262,7.95773458480835
3405,7.508794784545898,7.9576029777526855
3406,8.618785858154297,7.957797050476074
3407,9.57945728302002,7.958272933959961
3408,9.960734367370605,7.958860397338867
3409,10.345858573913574,7.959560394287109
3410,8.9073486328125,7.9598388671875
3411,8.584920883178711,7.960021495819092
3412,7.948331356048584,7.960018634796143
3413,7.659099102020264,7.959929943084717
3414,8.253483772277832,7.960016250610352
3415,11.875341415405273,7.961162090301514
3416,9.481658935546875,7.961607456207275
3417,8.531484603881836,7.961773872375488
3418,11.207341194152832,7.962723255157471
3419,9.478209495544434,7.963166236877441
3420,11.964723587036133,7.964336395263672
3421,7.113402366638184,7.96408748626709
3422,7.7263946533203125,7.96401834487915
3423,7.387936115264893,7.963850021362305
3424,6.937010765075684,7.963550567626953
3425,8.69782543182373,7.963764667510986
3426,10.450576782226562,7.9644904136657715
3427,9.475095748901367,7.964931011199951
3428,10.055509567260742,7.965540409088135
3429,9.215629577636719,7.965904712677002
3430,6.277329921722412,7.965412616729736
3431,8.11467456817627,7.965456008911133
3432,8.403548240661621,7.965583801269531
3433,7.2601423263549805,7.965378284454346
3434,8.617354393005371,7.9655680656433105
3435,9.393631935119629,7.965983867645264
3436,9.921384811401367,7.966553211212158
3437,8.296919822692871,7.966649055480957
3438,12.433953285217285,7.967947959899902
3439,11.463364601135254,7.968964099884033
3440,6.184547424316406,7.968445301055908
3441,10.040273666381836,7.969047546386719
3442,7.913903713226318,7.96903133392334
3443,10.907119750976562,7.969884395599365
3444,9.948877334594727,7.970458984375
3445,7.02760124206543,7.970185279846191
3446,8.51938247680664,7.970344543457031
3447,10.10728645324707,7.970964431762695
3448,6.934872627258301,7.970664024353027
3449,9.295842170715332,7.971047878265381
3450,8.154173851013184,7.971100807189941
3451,11.009830474853516,7.971981048583984
3452,8.318401336669922,7.972081661224365
3453,10.085287094116211,7.97269344329834
3454,8.675822257995605,7.972897052764893
3455,9.965579986572266,7.97347354888916
3456,8.470247268676758,7.973617076873779
3457,6.705106735229492,7.973250389099121
3458,5.872523784637451,7.9726433753967285
3459,7.057583332061768,7.972378730773926
3460,8.782929420471191,7.9726128578186035
3461,9.966798782348633,7.973188877105713
3462,7.495831489562988,7.973051071166992
3463,10.133340835571289,7.973674774169922
3464,6.698954105377197,7.973306655883789
3465,9.210121154785156,7.973663806915283
3466,5.547995090484619,7.972964286804199
3467,8.540451049804688,7.973128318786621
3468,8.772790908813477,7.973359107971191
3469,10.940608024597168,7.97421407699585
3470,6.504260063171387,7.973790645599365
3471,5.787167549133301,7.973160743713379
3472,10.089790344238281,7.9737701416015625
3473,8.8694486618042,7.97402811050415
3474,7.980212211608887,7.974030017852783
3475,7.882020473480225,7.974003791809082
3476,7.87196159362793,7.973974227905273
3477,7.670915603637695,7.973886966705322
3478,8.822664260864258,7.974131107330322
3479,9.545432090759277,7.974582672119141
3480,7.89646053314209,7.974559783935547
3481,8.085771560668945,7.974592208862305
3482,5.526071548461914,7.973888874053955
3483,11.276973724365234,7.974836826324463
3484,8.317895889282227,7.974935531616211
3485,6.309796333312988,7.97445821762085
3486,8.714855194091797,7.97467041015625
3487,9.808741569519043,7.975196361541748
3488,9.701682090759277,7.975690841674805
3489,11.375679016113281,7.976665019989014
3490,8.38273811340332,7.976781368255615
3491,7.818990707397461,7.976736068725586
3492,7.387331008911133,7.976566791534424
3493,6.64523983001709,7.9761857986450195
3494,8.17384147644043,7.9762420654296875
3495,9.632980346679688,7.976716041564941
3496,10.908556938171387,7.9775543212890625
3497,7.077913284301758,7.977297306060791
3498,7.777416229248047,7.977240085601807
3499,7.695135593414307,7.97715950012207
3500,8.004883766174316,7.97716760635376
3501,8.254117012023926,7.9772467613220215
3502,8.088323593139648,7.977278232574463
3503,7.924864768981934,7.977263927459717
3504,10.854716300964355,7.978085041046143
3505,12.088525772094727,7.979257106781006
3506,8.450323104858398,7.979391574859619
3507,9.529351234436035,7.979833602905273
3508,7.190005779266357,7.979608058929443
3509,6.9495110511779785,7.979314804077148
3510,6.097856044769287,7.978778839111328
3511,8.790743827819824,7.979010105133057
3512,8.99074935913086,7.979297637939453
3513,7.27734375,7.979098320007324
3514,8.975001335144043,7.979381561279297
3515,9.1742582321167,7.9797210693359375
3516,7.66916561126709,7.97963285446167
3517,7.310370922088623,7.979442596435547
3518,9.140837669372559,7.979772567749023
3519,10.92251968383789,7.9806084632873535
3520,5.943612098693848,7.980030059814453
3521,9.057456016540527,7.980335712432861
3522,9.975987434387207,7.980902194976807
3523,8.38660717010498,7.981017589569092
3524,10.644485473632812,7.9817728996276855
3525,7.185144901275635,7.9815473556518555
3526,8.200547218322754,7.981609344482422
3527,7.041995525360107,7.9813432693481445
3528,7.631068229675293,7.981244087219238
3529,7.969796180725098,7.981241226196289
3530,9.134112358093262,7.981567859649658
3531,7.671257019042969,7.981480121612549
3532,6.107120513916016,7.980949878692627
3533,5.94228982925415,7.980372428894043
3534,7.736751556396484,7.980303764343262
3535,6.094418525695801,7.979770183563232
3536,8.775654792785645,7.979994773864746
3537,6.215305805206299,7.979496002197266
3538,7.102593421936035,7.979248523712158
3539,7.870436668395996,7.979218006134033
3540,8.371337890625,7.979328632354736
3541,7.125563621520996,7.9790873527526855
3542,7.075877666473389,7.978832721710205
3543,6.652583122253418,7.978458404541016
3544,7.191023826599121,7.978236198425293
3545,5.9719953536987305,7.977670669555664
3546,6.308877944946289,7.977200031280518
3547,8.325021743774414,7.977297782897949
3548,9.257505416870117,7.977658748626709
3549,6.428390026092529,7.977221965789795
3550,6.892937660217285,7.976916790008545
3551,7.061519622802734,7.976658821105957
3552,6.9302659034729,7.9763641357421875
3553,7.552347660064697,7.976244926452637
3554,6.774840354919434,7.975906848907471
3555,8.228687286376953,7.975977897644043
3556,5.20452880859375,7.975199222564697
3557,7.304921627044678,7.975010871887207
3558,9.103116989135742,7.975327968597412
3559,10.170842170715332,7.9759440422058105
3560,8.792475700378418,7.976173400878906
3561,7.988081455230713,7.976177215576172
3562,9.364696502685547,7.976566791534424
3563,8.459653854370117,7.9767022132873535
3564,6.793258190155029,7.976370334625244
3565,8.474587440490723,7.976510047912598
3566,8.976195335388184,7.976790428161621
3567,7.7944841384887695,7.976739406585693
3568,8.542710304260254,7.976898193359375
3569,9.171316146850586,7.977232456207275
3570,6.38573694229126,7.9767866134643555
3571,8.766702651977539,7.97700834274292
3572,9.822023391723633,7.977524757385254
3573,8.075718879699707,7.97755241394043
3574,5.715909004211426,7.976919651031494
3575,8.886357307434082,7.977174282073975
3576,6.302186012268066,7.976706027984619
3577,9.092157363891602,7.977017879486084
3578,7.616218566894531,7.976917266845703
3579,7.240890979766846,7.976711273193359
3580,7.728948593139648,7.97664213180542
3581,8.236502647399902,7.976714611053467
3582,6.750698566436768,7.976372241973877
3583,10.261648178100586,7.9770097732543945
3584,8.933374404907227,7.977276802062988
3585,5.0078349113464355,7.9764485359191895
3586,6.80246114730835,7.976121425628662
3587,6.008861064910889,7.975573539733887
3588,8.204468727111816,7.975637435913086
3589,10.28552532196045,7.976280689239502
3590,6.8581318855285645,7.975969314575195
3591,8.7093505859375,7.976173400878906
3592,7.328125953674316,7.975992679595947
3593,7.785327911376953,7.975939750671387
3594,8.055694580078125,7.975962162017822
3595,6.933815002441406,7.975672245025635
3596,7.1285600662231445,7.975436687469482
3597,6.630835056304932,7.975063323974609
3598,9.789556503295898,7.97556734085083
3599,8.295394897460938,7.975656032562256
3600,-2.277972936630249,7.972808837890625
3601,-2.518515110015869,7.96989631652832
3602,1.2736899852752686,7.9680376052856445
3603,-6.055722713470459,7.964146137237549
3604,-7.544949054718018,7.95984411239624
3605,-2.093740940093994,7.957056045532227
3606,-7.740899085998535,7.952704429626465
3607,-5.652155876159668,7.9489336013793945
3608,-2.0835421085357666,7.94615364074707
3609,-2.8496193885803223,7.94316291809082
3610,-4.339432239532471,7.939761638641357
3611,-5.417125701904297,7.936063289642334
3612,-3.2996950149536133,7.932953834533691
3613,-3.2111785411834717,7.929870128631592
3614,-4.038646697998047,7.9265594482421875
3615,-6.533575057983398,7.922560214996338
3616,-5.355686187744141,7.91888952255249
3617,-5.148446559906006,7.915277481079102
3618,-4.513323783874512,7.911843299865723
3619,-5.036828994750977,7.908266067504883
3620,-8.343046188354492,7.903778076171875
3621,-3.502377986907959,7.900629043579102
3622,-5.151947021484375,7.897026062011719
3623,-3.66899037361145,7.893834590911865
3624,-3.5026979446411133,7.890690803527832
3625,-6.330285549163818,7.886768817901611
3626,-4.775587558746338,7.883277893066406
3627,-1.1727445125579834,7.880781650543213
3628,-5.049406051635742,7.877219200134277
3629,1.7912955284118652,7.875542163848877
3630,-4.437321662902832,7.8721513748168945
3631,-4.956295967102051,7.868618965148926
3632,-9.504343032836914,7.863837242126465
3633,-4.388075828552246,7.8604655265808105
3634,-2.2779641151428223,7.8576765060424805
3635,-6.701810359954834,7.853672504425049
3636,-6.314794540405273,7.849776744842529
3637,-4.596452713012695,7.84635591506958
3638,-6.3787150382995605,7.842446804046631
3639,-12.882478713989258,7.836752891540527
3640,1.4088810682296753,7.834987640380859
3641,1.1166077852249146,7.8331427574157715
3642,-3.0804479122161865,7.8301472663879395
3643,-2.3350090980529785,7.827357292175293
3644,-1.0531094074249268,7.824921131134033
3645,3.018059492111206,7.823602676391602
3646,0.509468138217926,7.821597099304199
3647,1.4280750751495361,7.819844722747803
3648,-0.11088255047798157,7.817670822143555
3649,-4.965175628662109,7.814168930053711
3650,-5.609813690185547,7.810492515563965
3651,-4.968810558319092,7.806993007659912
3652,1.7697370052337646,7.80534029006958
3653,-0.3612075746059418,7.803105354309082
3654,-6.990661144256592,7.799057960510254
3655,-5.555078983306885,7.795405387878418
3656,-2.3985109329223633,7.7926177978515625
3657,-3.977637767791748,7.789400100708008
3658,0.006072225049138069,7.787272930145264
3659,15.047220230102539,7.7892560958862305
3660,10.739809036254883,7.790062427520752
3661,13.861799240112305,7.791720390319824
3662,13.654714584350586,7.793320655822754
3663,13.897757530212402,7.794986724853516
3664,16.01921844482422,7.797231197357178
3665,12.305213928222656,7.798460483551025
3666,11.484036445617676,7.799465656280518
3667,16.389474868774414,7.801807403564453
3668,13.902859687805176,7.803470134735107
3669,13.655180931091309,7.8050642013549805
3670,10.479148864746094,7.805792331695557
3671,10.561725616455078,7.806543350219727
3672,10.39732837677002,7.807248592376709
3673,14.024638175964355,7.808940887451172
3674,13.682464599609375,7.8105387687683105
3675,14.392250061035156,7.812329292297363
3676,13.259172439575195,7.8138108253479
3677,13.201064109802246,7.8152756690979
3678,13.085331916809082,7.816708087921143
3679,12.493819236755371,7.817979335784912
3680,11.17085075378418,7.81889009475708
3681,13.506640434265137,7.8204345703125
3682,11.222630500793457,7.8213582038879395
3683,13.95573616027832,7.823023319244385
3684,12.660381317138672,7.824336051940918
3685,14.369072914123535,7.826111316680908
3686,11.545201301574707,7.827120304107666
3687,12.739323616027832,7.828452110290527
3688,12.984703063964844,7.829849720001221
3689,12.836053848266602,7.831206798553467
3690,13.869561195373535,7.8328423500061035
3691,12.12581729888916,7.834004878997803
3692,13.058883666992188,7.835419654846191
3693,12.396263122558594,7.8366546630859375
3694,13.25930404663086,7.838122367858887
3695,12.440116882324219,7.839366912841797
3696,12.632753372192383,7.840663909912109
3697,13.309849739074707,7.842142581939697
3698,12.28518009185791,7.843343734741211
3699,13.838630676269531,7.844964027404785
3700,13.435441017150879,7.846474647521973
3701,11.948219299316406,7.8475823402404785
3702,11.841011047363281,7.848660945892334
3703,16.683094024658203,7.851046085357666
3704,11.813610076904297,7.852116107940674
3705,12.637954711914062,7.853407382965088
3706,13.146793365478516,7.854835510253906
3707,14.957378387451172,7.856750965118408
3708,16.823711395263672,7.859168529510498
3709,11.699271202087402,7.860203742980957
3710,11.971839904785156,7.861311912536621
3711,12.182259559631348,7.862475872039795
3712,14.202413558959961,7.86418342590332
3713,14.606781005859375,7.865999221801758
3714,14.302326202392578,7.86773157119751
3715,15.789555549621582,7.869863510131836
3716,14.73080062866211,7.871708869934082
3717,14.11214828491211,7.873387336730957
3718,13.410401344299316,7.874876022338867
3719,12.398652076721191,7.876091957092285
3720,14.732884407043457,7.877934455871582
3721,13.377422332763672,7.8794121742248535
3722,12.939543724060059,7.880771160125732
3723,13.022171020507812,7.8821516036987305
3724,10.338479995727539,7.882811069488525
3725,12.025104522705078,7.883922576904297
3726,11.437265396118164,7.884876251220703
3727,10.730880737304688,7.885639667510986
3728,11.830862045288086,7.886697292327881
3729,9.985488891601562,7.8872599601745605
3730,14.005383491516113,7.888900279998779
3731,12.593401908874512,7.89016056060791
3732,9.95587158203125,7.890714168548584
3733,12.561956405639648,7.891964912414551
3734,12.75584602355957,7.8932671546936035
3735,11.892267227172852,7.8943376541137695
3736,11.848018646240234,7.895395755767822
3737,11.29183578491211,7.896304130554199
3738,12.184151649475098,7.897450923919678
3739,11.984821319580078,7.898543357849121
3740,11.122129440307617,7.899405479431152
3741,8.246795654296875,7.899497985839844
3742,11.530292510986328,7.900468349456787
3743,12.387284278869629,7.901666641235352
3744,9.614723205566406,7.902124404907227
3745,8.751354217529297,7.902350902557373
3746,10.857139587402344,7.903139591217041
3747,8.347877502441406,7.903258323669434
3748,11.756438255310059,7.904285907745361
3749,11.124334335327148,7.905144691467285
3750,12.933178901672363,7.906485557556152
3751,9.579034805297852,7.906930923461914
3752,9.80584716796875,7.907436847686768
3753,11.04316520690918,7.9082722663879395
3754,10.797562599182129,7.909041404724121
3755,11.864459991455078,7.910094738006592
3756,13.513534545898438,7.911586284637451
3757,13.01764965057373,7.91294527053833
3758,12.041088104248047,7.914043426513672
3759,11.400212287902832,7.914970397949219
3760,13.681011199951172,7.91650390625
3761,11.95792293548584,7.917577743530273
3762,13.616557121276855,7.919092655181885
3763,12.880276679992676,7.920410633087158
3764,14.102765083312988,7.92205286026001
3765,10.171855926513672,7.922650337219238
3766,12.272937774658203,7.923805236816406
3767,11.487892150878906,7.924751281738281
3768,12.10477066040039,7.925860404968262
3769,13.513933181762695,7.927342891693115
3770,13.951950073242188,7.928940296173096
3771,9.959453582763672,7.929478168487549
3772,13.347494125366211,7.930914402008057
3773,14.418745040893555,7.932633399963379
3774,11.606931686401367,7.9336066246032715
3775,10.261396408081055,7.934223175048828
3776,11.383843421936035,7.935136795043945
3777,13.812870979309082,7.936692714691162
3778,11.346675872802734,7.937594413757324
3779,10.806432723999023,7.938353538513184
3780,13.542282104492188,7.939836025238037
3781,14.291255950927734,7.9415154457092285
3782,9.402984619140625,7.941901206970215
3783,15.038212776184082,7.943777084350586
3784,11.312173843383789,7.944666862487793
3785,11.383524894714355,7.94557523727417
3786,15.237638473510742,7.947500705718994
3787,3.9214541912078857,7.946437835693359
3788,6.415331840515137,7.946033954620361
3789,5.513505458831787,7.945392608642578
3790,7.267828464508057,7.945213794708252
3791,1.059702754020691,7.9433979988098145
3792,5.747420787811279,7.942819118499756
3793,5.067872047424316,7.942061424255371
3794,5.3466105461120605,7.941377639770508
3795,5.475283145904541,7.940727710723877
3796,7.312561988830566,7.9405622482299805
3797,8.006120681762695,7.940579414367676
3798,4.8236470222473145,7.939759254455566
3799,4.161472797393799,7.938765048980713
3800,3.337494373321533,7.937554359436035
3801,5.170281410217285,7.936826705932617
3802,5.215113639831543,7.936110973358154
3803,5.2919111251831055,7.935415267944336
3804,5.5368452072143555,7.93478536605835
3805,6.368810653686523,7.93437385559082
3806,4.291493892669678,7.933416843414307
3807,10.489015579223633,7.934087753295898
3808,4.202375411987305,7.933108329772949
3809,5.837813377380371,7.932558059692383
3810,5.857785224914551,7.932013511657715
3811,3.6751480102539062,7.930897235870361
3812,5.936047554016113,7.930373668670654
3813,5.731673240661621,7.929797649383545
3814,4.812028884887695,7.928980350494385
3815,4.330134868621826,7.928037166595459
3816,6.0255045890808105,7.927538871765137
3817,6.0882463455200195,7.927057266235352
3818,4.667957305908203,7.926203727722168
3819,5.025679588317871,7.92544412612915
3820,5.179436206817627,7.924725532531738
3821,4.346771240234375,7.923789978027344
3822,4.013148307800293,7.922767162322998
3823,5.09257698059082,7.922026634216309
3824,4.215134143829346,7.92105770111084
3825,4.395616054534912,7.920136451721191
3826,6.038180351257324,7.919644832611084
3827,5.8370184898376465,7.919100761413574
3828,1.116934061050415,7.917324542999268
3829,4.755280017852783,7.916499137878418
3830,-0.1426008641719818,7.914395332336426
3831,4.683493137359619,7.913552284240723
3832,11.393990516662598,7.9144606590271
3833,6.211650848388672,7.914016246795654
3834,0.772409200668335,7.912153720855713
3835,3.3797459602355957,7.9109721183776855
3836,5.061269283294678,7.910229206085205
3837,2.037879705429077,7.908698558807373
3838,5.2058892250061035,7.907994747161865
3839,3.163499355316162,7.906759262084961
3840,7.414102554321289,7.906630992889404
3841,4.355310916900635,7.905706405639648
3842,4.412978649139404,7.904797554016113
3843,4.719041347503662,7.903968811035156
3844,2.918382167816162,7.902671813964844
3845,6.575183868408203,7.902326583862305
3846,7.266873359680176,7.902161598205566
3847,7.221006393432617,7.901984214782715
3848,5.6242570877075195,7.901392936706543
3849,5.256321907043457,7.900705814361572
3850,5.2709574699401855,7.900022983551025
3851,2.773559093475342,7.8986921310424805
3852,6.115568161010742,7.898229122161865
3853,4.930209636688232,7.897459030151367
3854,9.920221328735352,7.897983551025391
3855,9.826945304870605,7.898483753204346
3856,7.760334491729736,7.898447513580322
3857,6.9812469482421875,7.898209571838379
3858,7.952997207641602,7.898223876953125
3859,5.889304161071777,7.897703170776367
3860,7.346754550933838,7.897561073303223
3861,7.538702011108398,7.897468090057373
3862,9.200260162353516,7.897805690765381
3863,9.595680236816406,7.898244857788086
3864,5.5676374435424805,7.897642135620117
3865,7.247429847717285,7.89747428894043
3866,10.148828506469727,7.8980560302734375
3867,7.503325939178467,7.89795446395874
3868,6.428637981414795,7.897574424743652
3869,12.40133285522461,7.898737907409668
3870,7.297582626342773,7.898582458496094
3871,7.448819160461426,7.898466110229492
3872,7.091289043426514,7.898258209228516
3873,9.156760215759277,7.898582935333252
3874,7.876994609832764,7.8985772132873535
3875,7.603407382965088,7.898500919342041
3876,9.232019424438477,7.898845195770264
3877,7.868333339691162,7.898837566375732
3878,7.0313544273376465,7.898613929748535
3879,7.745438575744629,7.898574352264404
3880,5.634267807006836,7.897991180419922
3881,5.538457870483398,7.897383689880371
3882,7.484646797180176,7.897276878356934
3883,8.754161834716797,7.897497653961182
3884,4.762202262878418,7.896690368652344
3885,8.634845733642578,7.896880626678467
3886,12.687065124511719,7.898112773895264
3887,6.643750190734863,7.897790431976318
3888,1.6294753551483154,7.896178722381592
3889,9.774864196777344,7.896661758422852
3890,7.745838642120361,7.896623134613037
3891,6.281919956207275,7.896207809448242
3892,9.678045272827148,7.896665573120117
3893,8.255098342895508,7.89675760269165
3894,8.218175888061523,7.896840572357178
3895,7.652100563049316,7.896777629852295
3896,5.490728378295898,7.896160125732422
3897,5.826596260070801,7.895628929138184
3898,4.109071731567383,7.894658088684082
3899,7.4611992835998535,7.894546985626221
3900,8.235072135925293,7.894633769989014
3901,8.301015853881836,7.89473819732666
3902,7.55621862411499,7.894651412963867
3903,5.112692832946777,7.893939018249512
3904,5.882556438446045,7.893424034118652
3905,7.543802738189697,7.89333438873291
3906,8.51195240020752,7.893492221832275
3907,6.987504959106445,7.893260955810547
3908,6.948849678039551,7.893019199371338
3909,4.655693054199219,7.892191410064697
3910,10.399084091186523,7.892832279205322
3911,5.847987174987793,7.892309665679932
3912,8.584383010864258,7.892486095428467
3913,8.283331871032715,7.8925862312316895
3914,7.242499351501465,7.892419815063477
3915,6.696753025054932,7.892114639282227
3916,9.254578590393066,7.892462253570557
3917,7.4983367919921875,7.892361640930176
3918,7.472658157348633,7.892254829406738
3919,4.920100688934326,7.891496658325195
3920,7.061853885650635,7.891284942626953
3921,5.516825199127197,7.890679836273193
3922,8.016974449157715,7.890712261199951
3923,6.382088661193848,7.8903279304504395
3924,5.545799732208252,7.889730453491211
3925,6.9100165367126465,7.8894805908203125
3926,9.199990272521973,7.889814376831055
3927,6.287917137145996,7.889406204223633
3928,10.438997268676758,7.890055179595947
3929,11.706070899963379,7.891026496887207
3930,5.570664882659912,7.890436172485352
3931,4.525506496429443,7.889580249786377
3932,8.792819023132324,7.889810085296631
3933,5.7757720947265625,7.889272689819336
3934,10.627279281616211,7.889968395233154
3935,4.053722381591797,7.888993740081787
3936,6.494016647338867,7.888639450073242
3937,6.004119873046875,7.8881611824035645
3938,12.322577476501465,7.889286518096924
3939,5.944696426391602,7.888793468475342
3940,6.936835289001465,7.888551712036133
3941,4.698274612426758,7.88774299621582
3942,5.838807106018066,7.887223243713379
3943,10.044594764709473,7.887770175933838
3944,6.735553741455078,7.887478351593018
3945,7.065927505493164,7.887269973754883
3946,7.411238670349121,7.887149810791016
3947,7.289647102355957,7.886998176574707
3948,11.839488983154297,7.887999057769775
3949,15.231270790100098,7.889858245849609
3950,13.59037971496582,7.891300678253174
3951,13.000686645507812,7.8925933837890625
3952,13.258809089660645,7.893951416015625
3953,12.918804168701172,7.895221710205078
3954,14.557975769042969,7.89690637588501
3955,13.16511344909668,7.898238658905029
3956,12.288936614990234,7.899348258972168
3957,14.569038391113281,7.9010329246521
3958,14.107685089111328,7.9026007652282715
3959,13.788790702819824,7.904087066650391
3960,14.863343238830566,7.905844211578369
3961,14.180954933166504,7.90742826461792
3962,13.478342056274414,7.908833980560303
3963,14.314281463623047,7.910449981689453
3964,14.010334014892578,7.911988258361816
3965,13.729753494262695,7.913455486297607
3966,16.26871109008789,7.915561676025391
3967,14.676493644714355,7.91726541519165
3968,11.927465438842773,7.918275833129883
3969,12.683399200439453,7.91947603225708
3970,12.355527877807617,7.92059326171875
3971,14.523513793945312,7.922255516052246
3972,12.765564918518066,7.9234747886657715
3973,13.08663558959961,7.924773693084717
3974,13.226221084594727,7.926107406616211
3975,12.24256420135498,7.9271931648254395
3976,14.606416702270508,7.928872108459473
3977,12.980344772338867,7.930141925811768
3978,14.118565559387207,7.931697368621826
3979,14.666938781738281,7.933389663696289
3980,12.385941505432129,7.934508323669434
3981,11.090381622314453,7.935300827026367
3982,13.20435619354248,7.936623573303223
3983,12.124536514282227,7.9376749992370605
3984,12.706247329711914,7.93887186050415
3985,13.48770523071289,7.9402642250061035
3986,12.030406951904297,7.941290378570557
3987,13.874335289001465,7.94277811050415
3988,13.640356063842773,7.944206237792969
3989,11.966057777404785,7.945214748382568
3990,13.295598030090332,7.946555137634277
3991,13.145748138427734,7.947857856750488
3992,13.365801811218262,7.949214458465576
3993,14.78906536102295,7.950926780700684
3994,12.925620079040527,7.95217227935791
3995,10.973902702331543,7.95292854309082
3996,12.63548755645752,7.954099655151367
3997,15.54435920715332,7.955998420715332
3998,13.692594528198242,7.957433223724365
3999,12.118797302246094,7.9584736824035645
4000,15.0040864944458,7.960234642028809
4001,12.214751243591309,7.961297512054443
4002,13.942487716674805,7.962791919708252
4003,14.231715202331543,7.964357852935791
4004,13.36490535736084,7.9657063484191895
4005,14.207845687866211,7.967264652252197
4006,14.057578086853027,7.968784332275391
4007,13.715082168579102,7.970217704772949
4008,14.501880645751953,7.971847057342529
4009,14.006650924682617,7.973351955413818
4010,14.028607368469238,7.9748616218566895
4011,13.430766105651855,7.976221561431885
4012,15.274456977844238,7.97804069519043
4013,13.628568649291992,7.979448318481445
4014,14.400152206420898,7.981047630310059
4015,14.820643424987793,7.982750415802002
4016,14.244073867797852,7.984309196472168
4017,13.449312210083008,7.9856696128845215
4018,12.942222595214844,7.986902713775635
4019,11.405983924865723,7.987752914428711
4020,11.539298057556152,7.988636493682861
4021,14.419818878173828,7.990235328674316
4022,13.51612663269043,7.991608619689941
4023,14.195209503173828,7.993150234222412
4024,13.701857566833496,7.994568824768066
4025,15.034788131713867,7.996317386627197
4026,16.20977210998535,7.998356819152832
4027,15.84311294555664,8.000304222106934
4028,14.403606414794922,8.001893997192383
4029,15.453873634338379,8.003743171691895
4030,15.044038772583008,8.005489349365234
4031,13.492430686950684,8.006850242614746
4032,12.851557731628418,8.008051872253418
4033,13.898187637329102,8.009511947631836
4034,14.428579330444336,8.011102676391602
4035,14.579509735107422,8.012730598449707
4036,13.552600860595703,8.014102935791016
4037,15.247187614440918,8.015893936157227
4038,13.02629280090332,8.017134666442871
4039,13.448873519897461,8.018478393554688
4040,10.972179412841797,8.019209861755371
4041,14.546860694885254,8.020824432373047
4042,13.270115852355957,8.022123336791992
4043,14.923243522644043,8.023829460144043
4044,14.958209037780762,8.025544166564941
4045,14.88242244720459,8.027238845825195
4046,12.71792221069336,8.028398513793945
4047,14.305366516113281,8.029949188232422
4048,15.80215072631836,8.031867980957031
4049,14.25909423828125,8.033406257629395
4050,15.521655082702637,8.03525447845459
4051,15.206656455993652,8.03702449798584
4052,14.15837287902832,8.038535118103027
4053,15.153844833374023,8.040289878845215
4054,14.589025497436523,8.041905403137207
4055,15.373285293579102,8.043712615966797
4056,14.187823295593262,8.04522705078125
4057,15.777207374572754,8.04713249206543
4058,14.483231544494629,8.048717498779297
4059,13.896082878112793,8.050158500671387
4060,15.429343223571777,8.05197525024414
4061,15.197519302368164,8.05373477935791
4062,16.90431785583496,8.055912971496582
4063,14.791738510131836,8.057570457458496
4064,15.437959671020508,8.059385299682617
4065,14.56023120880127,8.060983657836914
4066,14.54780101776123,8.062579154968262
4067,12.5228271484375,8.063674926757812
4068,15.923654556274414,8.065606117248535
4069,10.67129135131836,8.06624698638916
4070,13.626527786254883,8.067612648010254
4071,11.341390609741211,8.068415641784668
4072,14.450721740722656,8.069982528686523
4073,13.575424194335938,8.071333885192871
4074,13.587666511535645,8.072687149047852
4075,11.956931114196777,8.073639869689941
4076,15.15198802947998,8.075376510620117
4077,15.131837844848633,8.077106475830078
4078,16.37045669555664,8.079139709472656
4079,14.659788131713867,8.080753326416016
4080,14.443044662475586,8.082311630249023
4081,14.697781562805176,8.083932876586914
4082,8.32927131652832,8.083992958068848
4083,14.952445030212402,8.085674285888672
4084,14.564291000366211,8.087260246276855
4085,15.100690841674805,8.088976860046387
4086,14.486942291259766,8.090542793273926
4087,14.619412422180176,8.092140197753906
4088,14.60036849975586,8.093731880187988
4089,14.893769264221191,8.0953950881958
4090,14.583333969116211,8.096980094909668
4091,15.744121551513672,8.098848342895508
4092,15.637160301208496,8.100689888000488
4093,13.914637565612793,8.102109909057617
4094,14.55838680267334,8.103687286376953
4095,14.737957000732422,8.105306625366211
4096,13.828271865844727,8.106703758239746
4097,11.356328964233398,8.10749626159668
4098,16.221817016601562,8.109476089477539
4099,15.221009254455566,8.111210823059082
4100,13.0049409866333,8.112403869628906
4101,14.742964744567871,8.114020347595215
4102,12.041797637939453,8.114977836608887
4103,12.13238525390625,8.115957260131836
4104,14.795501708984375,8.117584228515625
4105,15.755329132080078,8.119443893432617
4106,14.866718292236328,8.121087074279785
4107,13.632575035095215,8.122428894042969
4108,13.12315559387207,8.12364673614502
4109,14.433966636657715,8.125181198120117
4110,14.59571361541748,8.126755714416504
4111,13.894636154174805,8.128158569335938
4112,15.152511596679688,8.129866600036621
4113,14.048809051513672,8.131304740905762
4114,14.000370025634766,8.132730484008789
4115,15.0608549118042,8.134414672851562
4116,15.205931663513184,8.13613224029541
4117,13.43126392364502,8.137417793273926
4118,11.823394775390625,8.138313293457031
4119,15.002699851989746,8.139979362487793
4120,10.417037963867188,8.140532493591309
4121,11.265803337097168,8.141290664672852
4122,12.207244873046875,8.142276763916016
4123,10.856027603149414,8.14293384552002
4124,11.92640495300293,8.143851280212402
4125,11.425224304199219,8.144646644592285
4126,11.794845581054688,8.145530700683594
4127,10.317626953125,8.14605712890625
4128,10.903461456298828,8.146723747253418
4129,11.252338409423828,8.147476196289062
4130,12.255239486694336,8.148470878601074
4131,10.90429401397705,8.149137496948242
4132,11.637910842895508,8.149980545043945
4133,11.143826484680176,8.150705337524414
4134,12.124892234802246,8.151666641235352
4135,12.242541313171387,8.152655601501465
4136,11.159072875976562,8.153382301330566
4137,12.95322322845459,8.154541969299316
4138,10.958008766174316,8.155219078063965
4139,11.822856903076172,8.156105995178223
4140,10.66758918762207,8.156712532043457
4141,12.22495174407959,8.157694816589355
4142,12.873367309570312,8.158833503723145
4143,13.090800285339355,8.16002368927002
4144,11.179398536682129,8.160752296447754
4145,11.435291290283203,8.161540985107422
4146,10.630603790283203,8.16213607788086
4147,10.503639221191406,8.162700653076172
4148,11.135454177856445,8.16341781616211
4149,12.387958526611328,8.164435386657715
4150,11.05490779876709,8.165131568908691
4151,13.168057441711426,8.166336059570312
4152,12.630485534667969,8.167410850524902
4153,11.686786651611328,8.168258666992188
4154,12.30281925201416,8.169254302978516
4155,11.132832527160645,8.169966697692871
4156,10.662603378295898,8.17056655883789
4157,13.443455696105957,8.171835899353027
4158,12.579392433166504,8.172895431518555
4159,13.426222801208496,8.174158096313477
4160,12.616355895996094,8.175225257873535
4161,11.751614570617676,8.176084518432617
4162,11.273822784423828,8.176828384399414
4163,12.188782691955566,8.177791595458984
4164,11.326297760009766,8.178547859191895
4165,11.295280456542969,8.179296493530273
4166,11.758817672729492,8.180154800415039
4167,13.426788330078125,8.181413650512695
4168,13.4412841796875,8.1826753616333
4169,12.099578857421875,8.183614730834961
4170,10.294384956359863,8.184120178222656
4171,11.28206729888916,8.18486213684082
4172,14.155120849609375,8.186293601989746
4173,11.178475379943848,8.187010765075684
4174,12.931920051574707,8.18814754486084
4175,10.732179641723633,8.188755989074707
4176,12.372014999389648,8.189757347106934
4177,11.581124305725098,8.190569877624512
4178,11.809621810913086,8.191434860229492
4179,12.383232116699219,8.192438125610352
4180,10.575454711914062,8.193007469177246
4181,11.757102966308594,8.193860054016113
4182,12.709543228149414,8.194939613342285
4183,11.894811630249023,8.195823669433594
4184,12.262764930725098,8.196795463562012
4185,10.535064697265625,8.197354316711426
4186,11.359565734863281,8.19810962677002
4187,11.939831733703613,8.199003219604492
4188,11.748137474060059,8.199851036071777
4189,13.134013175964355,8.201027870178223
4190,10.052021980285645,8.201469421386719
4191,11.249860763549805,8.202197074890137
4192,11.630648612976074,8.203014373779297
4193,10.716156005859375,8.20361328125
4194,11.387598037719727,8.204371452331543
4195,12.0451021194458,8.20528793334961
4196,11.380245208740234,8.20604419708252
4197,12.062057495117188,8.206962585449219
4198,11.505213737487793,8.207747459411621
4199,9.521833419799805,8.208061218261719
4200,10.891620635986328,8.208699226379395
4201,10.318102836608887,8.209200859069824
4202,11.176090240478516,8.209906578063965
4203,11.236539840698242,8.210627555847168
4204,10.703603744506836,8.211219787597656
4205,10.597023010253906,8.211787223815918
4206,11.296100616455078,8.212520599365234
4207,12.004701614379883,8.213421821594238
4208,11.766613960266113,8.214265823364258
4209,12.029404640197754,8.215171813964844
4210,13.17226791381836,8.216349601745605
4211,12.204588890075684,8.21729564666748
4212,11.165054321289062,8.217995643615723
4213,13.35380744934082,8.21921443939209
4214,9.324320793151855,8.219476699829102
4215,10.827841758728027,8.22009563446045
4216,11.285487174987793,8.22082233428955
4217,11.447415351867676,8.221587181091309
4218,10.108914375305176,8.22203540802002
4219,12.619847297668457,8.223077774047852
4220,14.64217758178711,8.224597930908203
4221,12.912014961242676,8.2257080078125
4222,10.179186820983887,8.226170539855957
4223,10.262917518615723,8.226652145385742
4224,9.281506538391113,8.22690200805664
4225,8.961942672729492,8.227075576782227
4226,11.758841514587402,8.227910995483398
4227,12.971036911010742,8.229033470153809
4228,12.184881210327148,8.229968070983887
4229,12.829021453857422,8.23105525970459
4230,11.371084213256836,8.231797218322754
4231,8.691543579101562,8.231905937194824
4232,11.623492240905762,8.232707023620605
4233,10.782760620117188,8.233309745788574
4234,13.152070045471191,8.234471321105957
4235,12.692923545837402,8.235523223876953
4236,8.210724830627441,8.235517501831055
4237,11.627866744995117,8.23631763458252
4238,8.197494506835938,8.236309051513672
4239,9.852134704589844,8.236690521240234
4240,9.09121322631836,8.236891746520996
4241,13.971498489379883,8.238243103027344
4242,12.624229431152344,8.239277839660645
4243,12.038374900817871,8.240172386169434
4244,8.946738243103027,8.240339279174805
4245,9.677973747253418,8.240677833557129
4246,14.268502235412598,8.242096900939941
4247,10.918545722961426,8.242727279663086
4248,12.143997192382812,8.243645668029785
4249,9.27773666381836,8.243888854980469
4250,12.548864364624023,8.244901657104492
4251,9.249028205871582,8.245138168334961
4252,10.848392486572266,8.245750427246094
4253,10.741859436035156,8.246336936950684
4254,10.030098915100098,8.246756553649902
4255,12.176570892333984,8.247679710388184
4256,13.020149230957031,8.248800277709961
4257,12.649165153503418,8.249834060668945
4258,12.41469955444336,8.250811576843262
4259,10.355558395385742,8.25130558013916
4260,11.143495559692383,8.251984596252441
4261,11.917215347290039,8.25284481048584
4262,14.686100006103516,8.254354476928711
4263,14.99112319946289,8.255934715270996
4264,12.095946311950684,8.256834983825684
4265,12.447342872619629,8.257818222045898
4266,13.635920524597168,8.259078979492188
4267,13.910990715026855,8.26040267944336
4268,12.853975296020508,8.261479377746582
4269,13.33576774597168,8.262667655944824
4270,10.757209777832031,8.263251304626465
4271,13.53712272644043,8.264486312866211
4272,13.433737754821777,8.26569652557373
4273,10.369756698608398,8.266188621520996
4274,12.16734504699707,8.267101287841797
4275,12.209497451782227,8.268023490905762
4276,9.940791130065918,8.268415451049805
4277,13.083399772644043,8.269540786743164
4278,11.236993789672852,8.270234107971191
4279,14.009066581726074,8.271574974060059
4280,11.58012866973877,8.272348403930664
4281,12.213174819946289,8.273268699645996
4282,11.936552047729492,8.274124145507812
4283,10.386083602905273,8.274617195129395
4284,11.117883682250977,8.275280952453613
4285,12.14586353302002,8.276183128356934
4286,12.36100959777832,8.277135848999023
4287,9.191134452819824,8.277349472045898
4288,12.497267723083496,8.278332710266113
4289,11.847662925720215,8.279165267944336
4290,14.09594440460205,8.28052043914795
4291,13.34230899810791,8.281700134277344
4292,13.112695693969727,8.28282642364502
4293,11.795404434204102,8.283644676208496
4294,13.850260734558105,8.284940719604492
4295,11.984088897705078,8.285801887512207
4296,12.355817794799805,8.286748886108398
4297,11.428348541259766,8.287480354309082
4298,11.402017593383789,8.28820514678955
4299,13.490181922912598,8.289414405822754
4300,12.985719680786133,8.290505409240723
4301,12.634546279907227,8.291515350341797
4302,14.632545471191406,8.292988777160645
4303,14.094738960266113,8.294336318969727
4304,12.753805160522461,8.295372009277344
4305,13.099708557128906,8.296488761901855
4306,12.463773727416992,8.297456741333008
4307,10.759687423706055,8.298027038574219
4308,12.39497184753418,8.298977851867676
4309,12.716171264648438,8.300003051757812
4310,11.038717269897461,8.300638198852539
4311,11.151403427124023,8.301299095153809
4312,11.984633445739746,8.302153587341309
4313,9.696969985961914,8.302475929260254
4314,15.004179000854492,8.30402946472168
4315,13.606457710266113,8.305257797241211
4316,13.929166793823242,8.306560516357422
4317,11.534117698669434,8.307308197021484
4318,13.14094066619873,8.308427810668945
4319,14.016717910766602,8.309748649597168
4320,13.584027290344238,8.310969352722168
4321,13.440481185913086,8.312156677246094
4322,12.536113739013672,8.313133239746094
4323,13.461803436279297,8.314324378967285
4324,14.57201099395752,8.315770149230957
4325,14.307662010192871,8.317155838012695
4326,11.228327751159668,8.317828178405762
4327,13.201308250427246,8.318957328796387
4328,14.514787673950195,8.320387840270996
4329,13.904714584350586,8.321678161621094
4330,14.261397361755371,8.323049545288086
4331,13.528837203979492,8.324251174926758
4332,15.126901626586914,8.325820922851562
4333,12.353591918945312,8.326750755310059
4334,10.306600570678711,8.3272066116333
4335,12.156232833862305,8.328089714050293
4336,13.217277526855469,8.329217910766602
4337,9.412118911743164,8.3294677734375
4338,12.126791000366211,8.330342292785645
4339,12.067014694213867,8.33120346069336
4340,10.156091690063477,8.331624031066895
4341,15.303412437438965,8.333230018615723
4342,13.426804542541504,8.334402084350586
4343,13.928138732910156,8.33569049835205
4344,12.502702713012695,8.336649894714355
4345,12.998089790344238,8.337722778320312
4346,14.172834396362305,8.339064598083496
4347,13.193443298339844,8.340181350708008
4348,11.869529724121094,8.340993881225586
4349,11.1580228805542,8.34164047241211
4350,13.098175048828125,8.342733383178711
4351,12.953535079956055,8.343792915344238
4352,13.696728706359863,8.345022201538086
4353,11.622427940368652,8.34577465057373
4354,13.244118690490723,8.346899032592773
4355,11.441244125366211,8.347609519958496
4356,12.182491302490234,8.348489761352539
4357,13.690511703491211,8.349716186523438
4358,12.789514541625977,8.35073471069336
4359,12.680296897888184,8.351727485656738
4360,11.056323051452637,8.352347373962402
4361,13.375621795654297,8.353498458862305
4362,12.081093788146973,8.354352951049805
4363,12.867623329162598,8.355387687683105
4364,12.756495475769043,8.356395721435547
4365,12.970809936523438,8.357453346252441
4366,10.620721817016602,8.35797119140625
4367,10.983176231384277,8.358572959899902
4368,11.039337158203125,8.359186172485352
4369,10.976654052734375,8.359785079956055
4370,9.445171356201172,8.360033988952637
4371,9.060415267944336,8.360193252563477
4372,11.241765975952148,8.360852241516113
4373,10.888548851013184,8.361430168151855
4374,10.69126033782959,8.36196231842041
4375,7.682890892028809,8.361807823181152
4376,10.571976661682129,8.362312316894531
4377,10.816649436950684,8.362873077392578
4378,11.017498970031738,8.363478660583496
4379,10.301508903503418,8.363921165466309
4380,9.326690673828125,8.364140510559082
4381,9.613856315612793,8.364425659179688
4382,10.183395385742188,8.364840507507324
4383,10.071276664733887,8.365229606628418
4384,10.129485130310059,8.365632057189941
4385,10.48105239868164,8.366114616394043
4386,5.751591682434082,8.365517616271973
4387,8.466011047363281,8.365540504455566
4388,11.031593322753906,8.366147994995117
4389,10.053292274475098,8.366532325744629
4390,10.828393936157227,8.367093086242676
4391,8.244732856750488,8.3670654296875
4392,11.093006134033203,8.36768627166748
4393,7.6034440994262695,8.367511749267578
4394,9.88969898223877,8.36785888671875
4395,11.892460823059082,8.368659973144531
4396,9.60035514831543,8.368940353393555
4397,8.889132499694824,8.369058609008789
4398,11.726234436035156,8.36982250213623
4399,9.778083801269531,8.370141983032227
4400,10.810761451721191,8.370697021484375
4401,9.799256324768066,8.37102222442627
4402,8.467205047607422,8.371044158935547
4403,10.848579406738281,8.371606826782227
4404,8.188738822937012,8.371564865112305
4405,11.314470291137695,8.372233390808105
4406,9.494662284851074,8.372488021850586
4407,8.077851295471191,8.372421264648438
4408,8.90964412689209,8.372543334960938
4409,12.142084121704102,8.373397827148438
4410,10.072582244873047,8.373783111572266
4411,10.137931823730469,8.37418270111084
4412,6.975488662719727,8.373866081237793
4413,9.602612495422363,8.374144554138184
4414,10.054730415344238,8.37452507019043
4415,10.844535827636719,8.375083923339844
4416,9.076459884643555,8.375243186950684
4417,11.271852493286133,8.375899314880371
4418,10.81982421875,8.376452445983887
4419,7.843267917633057,8.37633228302002
4420,7.940025329589844,8.376233100891113
4421,8.620491981506348,8.376288414001465
4422,6.2635955810546875,8.375810623168945
4423,11.179323196411133,8.376444816589355
4424,11.705690383911133,8.377197265625
4425,8.080994606018066,8.377130508422852
4426,9.914241790771484,8.377477645874023
4427,11.709333419799805,8.378230094909668
4428,10.283170700073242,8.378660202026367
4429,10.976906776428223,8.379246711730957
4430,10.71995735168457,8.379775047302246
4431,8.477804183959961,8.379796028137207
4432,9.710430145263672,8.380096435546875
4433,9.201242446899414,8.380282402038574
4434,10.660538673400879,8.380796432495117
4435,13.691964149475098,8.381993293762207
4436,8.979416847229004,8.382128715515137
4437,9.945904731750488,8.38248062133789
4438,6.486978054046631,8.382054328918457
4439,9.390043258666992,8.382281303405762
4440,8.828652381896973,8.382381439208984
4441,11.284089088439941,8.383034706115723
4442,9.481181144714355,8.383281707763672
4443,7.9800920486450195,8.383191108703613
4444,8.72085952758789,8.383267402648926
4445,10.761703491210938,8.38380241394043
4446,9.99528694152832,8.384164810180664
4447,10.293545722961426,8.384593963623047
4448,9.540711402893066,8.384854316711426
4449,7.810983657836914,8.384725570678711
4450,10.73866081237793,8.38525390625
4451,9.278255462646484,8.385454177856445
4452,7.841665744781494,8.385332107543945
4453,11.171189308166504,8.385957717895508
4454,10.869075775146484,8.386514663696289
4455,9.379386901855469,8.386736869812012
4456,7.101576805114746,8.386448860168457
4457,8.752937316894531,8.386530876159668
4458,13.035400390625,8.387574195861816
4459,10.642132759094238,8.388078689575195
4460,7.472875595092773,8.387873649597168
4461,7.97355842590332,8.387781143188477
4462,8.331134796142578,8.387767791748047
4463,9.191384315490723,8.387948036193848
4464,6.584100723266602,8.387544631958008
4465,9.309513092041016,8.387750625610352
4466,8.096598625183105,8.387685775756836
4467,9.865379333496094,8.388016700744629
4468,9.770362854003906,8.388326644897461
4469,10.104565620422363,8.388710021972656
4470,8.895843505859375,8.388823509216309
4471,9.112675666809082,8.388985633850098
4472,9.392248153686523,8.389209747314453
4473,9.500957489013672,8.389457702636719
4474,9.49642276763916,8.389704704284668
4475,8.835386276245117,8.38980484008789
4476,9.244776725769043,8.389995574951172
4477,9.964410781860352,8.390347480773926
4478,10.071097373962402,8.390722274780273
4479,9.70256233215332,8.391016006469727
4480,8.941607475280762,8.391138076782227
4481,10.130921363830566,8.39152717590332
4482,10.391828536987305,8.391972541809082
4483,10.412965774536133,8.392423629760742
4484,9.67732048034668,8.392709732055664
4485,9.067338943481445,8.392860412597656
4486,9.493431091308594,8.393105506896973
4487,9.090818405151367,8.393260955810547
4488,7.851850509643555,8.393139839172363
4489,8.665441513061523,8.393199920654297
4490,7.046978950500488,8.392900466918945
4491,9.568693161010742,8.393162727355957
4492,7.964742183685303,8.393067359924316
4493,9.363702774047852,8.393282890319824
4494,8.948909759521484,8.393406867980957
4495,8.997648239135742,8.393540382385254
4496,11.53622817993164,8.39423942565918
4497,9.634676933288574,8.394515037536621
4498,11.393590927124023,8.395181655883789
4499,11.649768829345703,8.395904541015625
4500,9.160703659057617,8.396074295043945
4501,6.35496187210083,8.395621299743652
4502,8.553897857666016,8.39565658569336
4503,10.211443901062012,8.396059036254883
4504,10.000986099243164,8.396415710449219
4505,8.047505378723145,8.396337509155273
4506,8.640897750854492,8.396391868591309
4507,5.980367183685303,8.395855903625488
4508,6.626784324645996,8.395462989807129
4509,4.889797687530518,8.394686698913574
4510,4.912631034851074,8.393915176391602
4511,6.610877990722656,8.393519401550293
4512,5.047299861907959,8.392777442932129
4513,8.28327751159668,8.392753601074219
4514,6.2313361167907715,8.392274856567383
4515,5.4739274978637695,8.39162826538086
4516,6.237016677856445,8.391151428222656
4517,6.702256679534912,8.390777587890625
4518,5.643147945404053,8.390170097351074
4519,7.147889614105225,8.38989543914795
4520,4.78884744644165,8.38909912109375
4521,4.113131046295166,8.388154029846191
4522,5.1467485427856445,8.387436866760254
4523,2.9411497116088867,8.38623332977295
4524,5.753111839294434,8.385651588439941
4525,6.307665824890137,8.38519287109375
4526,5.2324981689453125,8.384496688842773
4527,4.792941093444824,8.383703231811523
4528,5.865234851837158,8.383148193359375
4529,4.489725112915039,8.382287979125977
4530,4.452315807342529,8.381421089172363
4531,4.2053093910217285,8.380499839782715
4532,5.117647171020508,8.379779815673828
4533,2.9462366104125977,8.378581047058105
4534,4.457675933837891,8.377717018127441
4535,4.218241214752197,8.376799583435059
4536,4.151406764984131,8.375868797302246
4537,4.340196132659912,8.374979019165039
4538,4.485049724578857,8.374122619628906
4539,4.698986530303955,8.373312950134277
4540,4.231528282165527,8.372400283813477
4541,6.476111888885498,8.37198257446289
4542,3.3403608798980713,8.370875358581543
4543,5.135388374328613,8.370163917541504
4544,5.004079341888428,8.369422912597656
4545,7.277070045471191,8.369182586669922
4546,5.366519927978516,8.368522644042969
4547,7.811800003051758,8.368400573730469
4548,3.6845505237579346,8.36737060546875
4549,4.509526252746582,8.366521835327148
4550,1.6279624700546265,8.365041732788086
4551,4.006303787231445,8.364084243774414
4552,3.400209426879883,8.362994194030762
4553,3.80309796333313,8.361992835998535
4554,6.657698631286621,8.361618041992188
4555,5.404106140136719,8.360968589782715
4556,5.25697135925293,8.3602876663208
4557,7.056765079498291,8.360002517700195
4558,6.683791160583496,8.359634399414062
4559,6.557450771331787,8.35923957824707
4560,6.259160995483398,8.358778953552246
4561,4.532237529754639,8.357939720153809
4562,5.762659072875977,8.35737133026123
4563,6.051144599914551,8.356865882873535
4564,3.772461175918579,8.35586166381836
4565,7.08463716506958,8.355583190917969
4566,6.2995710372924805,8.355133056640625
4567,6.198070049285889,8.35466194152832
4568,5.57570219039917,8.354052543640137
4569,4.390105247497559,8.353185653686523
4570,4.314993858337402,8.352302551269531
4571,5.679640293121338,8.351717948913574
4572,5.545799255371094,8.351104736328125
4573,4.857215404510498,8.350340843200684
4574,3.360595226287842,8.349249839782715
4575,2.965362071990967,8.34807300567627
4576,3.7052273750305176,8.34705924987793
4577,6.025332450866699,8.346550941467285
4578,4.935379505157471,8.345806121826172
4579,5.527901649475098,8.34519100189209
4580,7.864450931549072,8.345085144042969
4581,8.16563606262207,8.345046043395996
4582,6.080767631530762,8.344552040100098
4583,8.116352081298828,8.344502449035645
4584,7.470333099365234,8.344311714172363
4585,6.443519115447998,8.343897819519043
4586,1.077091097831726,8.342313766479492
4587,5.317955017089844,8.341653823852539
4588,4.4144978523254395,8.340798377990723
4589,5.935978412628174,8.340274810791016
4590,7.824769973754883,8.34016227722168
4591,6.460983753204346,8.339753150939941
4592,4.526995658874512,8.338922500610352
4593,5.713801860809326,8.338351249694824
4594,4.106870174407959,8.337430000305176
4595,6.522446155548096,8.337035179138184
4596,1.3309743404388428,8.335512161254883
4597,5.786076068878174,8.334957122802734
4598,5.566396713256836,8.334355354309082
4599,7.428966045379639,8.334158897399902
4600,5.1850433349609375,8.333474159240723
4601,6.05715274810791,8.332979202270508
4602,4.631323337554932,8.332175254821777
4603,6.299554824829102,8.331734657287598
4604,5.813949108123779,8.33118724822998
4605,4.957327842712402,8.33045482635498
4606,5.112508773803711,8.329756736755371
4607,6.073637008666992,8.329266548156738
4608,3.326613664627075,8.328182220458984
4609,7.872860431671143,8.328083038330078
4610,4.8502726554870605,8.3273286819458
4611,9.880020141601562,8.327665328979492
4612,5.588860511779785,8.327071189880371
4613,6.237465858459473,8.326619148254395
4614,4.770603656768799,8.325848579406738
4615,4.044857978820801,8.324920654296875
4616,4.115511417388916,8.32400894165039
4617,7.310245037078857,8.3237886428833
4618,4.3382568359375,8.32292652130127
4619,1.6205921173095703,8.321475982666016
4620,4.905440330505371,8.3207368850708
4621,6.3925065994262695,8.320319175720215
4622,6.79866361618042,8.319990158081055
4623,4.718238353729248,8.31921100616455
4624,6.000394821166992,8.318709373474121
4625,5.325033187866211,8.318061828613281
4626,4.000426292419434,8.317129135131836
4627,5.334055423736572,8.316484451293945
4628,13.946972846984863,8.317700386047363
4629,12.722993850708008,8.318652153015137
4630,11.5510892868042,8.319350242614746
4631,8.31255054473877,8.319348335266113
4632,11.83502197265625,8.320107460021973
4633,11.009125709533691,8.320687294006348
4634,10.484319686889648,8.321154594421387
4635,11.524810791015625,8.321845054626465
4636,10.373804092407227,8.322287559509277
4637,10.736845016479492,8.322809219360352
4638,12.042607307434082,8.32361125946045
4639,13.419281005859375,8.324708938598633
4640,11.064737319946289,8.325299263000488
4641,10.597533226013184,8.325789451599121
4642,12.22111701965332,8.326628684997559
4643,12.437889099121094,8.327513694763184
4644,9.407773971557617,8.32774543762207
4645,11.86048698425293,8.328505516052246
4646,10.268766403198242,8.328923225402832
4647,10.883454322814941,8.329473495483398
4648,12.839738845825195,8.330443382263184
4649,11.107217788696289,8.331040382385254
4650,10.367369651794434,8.331478118896484
4651,13.7135591506958,8.332634925842285
4652,11.8255615234375,8.333385467529297
4653,12.27370834350586,8.334232330322266
4654,10.639358520507812,8.33472728729248
4655,10.599550247192383,8.335213661193848
4656,10.552090644836426,8.335689544677734
4657,11.657119750976562,8.33640193939209
4658,10.377985000610352,8.336840629577637
4659,10.869345664978027,8.337384223937988
4660,8.128850936889648,8.337339401245117
4661,11.927640914916992,8.338109016418457
4662,10.769347190856934,8.338630676269531
4663,7.233105659484863,8.338394165039062
4664,14.748917579650879,8.339768409729004
4665,11.068466186523438,8.340353965759277
4666,10.53687858581543,8.340824127197266
4667,9.178093910217285,8.34100341796875
4668,8.322705268859863,8.340999603271484
4669,9.634454727172852,8.341276168823242
4670,9.724103927612305,8.341572761535645
4671,11.051875114440918,8.34215259552002
4672,12.036619186401367,8.342942237854004
4673,11.108351707458496,8.343534469604492
4674,12.425670623779297,8.34440803527832
4675,12.523757934570312,8.345301628112793
4676,7.449459075927734,8.345109939575195
4677,9.938312530517578,8.345450401306152
4678,11.408814430236816,8.346105575561523
4679,10.621278762817383,8.346590995788574
4680,11.978177070617676,8.347366333007812
4681,12.643548011779785,8.348284721374512
4682,8.620128631591797,8.348342895507812
4683,10.956860542297363,8.348899841308594
4684,8.08344554901123,8.34884262084961
4685,8.309758186340332,8.348834037780762
4686,11.431289672851562,8.349491119384766
4687,8.37769889831543,8.34949779510498
4688,11.401683807373047,8.350149154663086
4689,10.613128662109375,8.350631713867188
4690,14.71317195892334,8.351987838745117
4691,12.899093627929688,8.352956771850586
4692,10.578157424926758,8.35343074798584
4693,8.498787879943848,8.353462219238281
4694,12.777503967285156,8.35440444946289
4695,10.003658294677734,8.354755401611328
4696,10.26328182220459,8.355161666870117
4697,12.555204391479492,8.356056213378906
4698,8.621709823608398,8.356112480163574
4699,13.468053817749023,8.357199668884277
4700,13.900894165039062,8.358379364013672
4701,10.9631929397583,8.358933448791504
4702,13.108440399169922,8.359944343566895
4703,9.749439239501953,8.360239028930664
4704,11.465587615966797,8.360898971557617
4705,11.67995548248291,8.361604690551758
4706,12.3084716796875,8.362442970275879
4707,11.290799140930176,8.363064765930176
4708,11.209307670593262,8.363669395446777
4709,9.421575546264648,8.36389446258545
4710,10.656742095947266,8.364380836486816
4711,9.846319198608398,8.36469554901123
4712,11.7906494140625,8.365422248840332
4713,12.426595687866211,8.366283416748047
4714,-1.0991195440292358,8.364275932312012
4715,10.258981704711914,8.364677429199219
4716,9.15495777130127,8.364845275878906
4717,10.40881061553955,8.365279197692871
4718,11.522567749023438,8.365948677062988
4719,12.113324165344238,8.366742134094238
4720,10.92922306060791,8.367284774780273
4721,10.258186340332031,8.367685317993164
4722,9.791618347167969,8.367987632751465
4723,13.080931663513184,8.368985176086426
4724,8.989975929260254,8.369115829467773
4725,8.535335540771484,8.36915111541748
4726,11.052616119384766,8.369718551635742
4727,10.419595718383789,8.37015151977539
4728,12.291048049926758,8.370981216430664
4729,11.751914024353027,8.371695518493652
4730,9.773948669433594,8.371992111206055
4731,9.672475814819336,8.37226676940918
4732,8.925586700439453,8.372384071350098
4733,9.819506645202637,8.372689247131348
4734,8.946942329406738,8.372810363769531
4735,7.044570446014404,8.372529983520508
4736,12.992565155029297,8.373504638671875
4737,9.252885818481445,8.373690605163574
4738,11.216778755187988,8.374290466308594
4739,8.461210250854492,8.374308586120605
4740,12.619823455810547,8.375204086303711
4741,8.62003231048584,8.375256538391113
4742,12.806163787841797,8.376190185546875
4743,10.265531539916992,8.376588821411133
4744,6.439299583435059,8.376179695129395
4745,12.697444915771484,8.377090454101562
4746,14.980167388916016,8.3784818649292
4747,10.026052474975586,8.378829002380371
4748,10.616355895996094,8.379300117492676
4749,11.011566162109375,8.379854202270508
4750,10.2681884765625,8.38025188446045
4751,11.607378959655762,8.38093090057373
4752,10.935686111450195,8.381468772888184
4753,11.509627342224121,8.382126808166504
4754,9.885557174682617,8.382442474365234
4755,12.594913482666016,8.383328437805176
4756,11.52957820892334,8.383990287780762
4757,11.021306991577148,8.384544372558594
4758,10.976213455200195,8.385088920593262
4759,11.524482727050781,8.385747909545898
4760,16.76711654663086,8.387508392333984
4761,9.592400550842285,8.387761116027832
4762,11.046338081359863,8.388319969177246
4763,11.69766616821289,8.38901424407959
4764,13.530746459960938,8.390093803405762
4765,10.662980079650879,8.390570640563965
4766,7.258966445922852,8.39033317565918
4767,8.361908912658691,8.390327453613281
4768,10.314517974853516,8.390731811523438
4769,9.499382019042969,8.39096450805664
4770,12.668703079223633,8.391860961914062
4771,10.828143119812012,8.39237117767334
4772,10.718169212341309,8.392858505249023
4773,9.04126262664795,8.39299488067627
4774,9.989049911499023,8.393328666687012
4775,12.877092361450195,8.394268035888672
4776,11.24489688873291,8.394865036010742
4777,11.511800765991211,8.395517349243164
4778,13.970666885375977,8.396683692932129
4779,14.476995468139648,8.397954940795898
4780,13.331790924072266,8.398987770080566
4781,8.891756057739258,8.399089813232422
4782,11.341903686523438,8.39970588684082
4783,10.128559112548828,8.400067329406738
4784,10.486830711364746,8.400504112243652
4785,9.588622093200684,8.400752067565918
4786,9.644698143005371,8.401012420654297
4787,10.499564170837402,8.401450157165527
4788,8.690728187561035,8.401511192321777
4789,11.980228424072266,8.402257919311523
4790,12.443536758422852,8.403101921081543
4791,10.527460098266602,8.403545379638672
4792,12.987929344177246,8.404501914978027
4793,8.869260787963867,8.4045991897583
4794,11.118831634521484,8.40516471862793
4795,16.155092239379883,8.406781196594238
4796,9.95674991607666,8.4071044921875
4797,14.739322662353516,8.40842342376709
4798,12.695093154907227,8.409317016601562
4799,11.620386123657227,8.40998649597168
4800,11.988717079162598,8.410731315612793
4801,14.147140502929688,8.41192626953125
4802,11.041450500488281,8.412473678588867
4803,8.352848052978516,8.412461280822754
4804,15.797118186950684,8.4139986038208
4805,8.950215339660645,8.414109230041504
4806,8.033369064331055,8.414031028747559
4807,13.894129753112793,8.415170669555664
4808,10.877662658691406,8.415682792663574
4809,11.855159759521484,8.416398048400879
4810,12.154574394226074,8.41717529296875
4811,13.843913078308105,8.418303489685059
4812,10.07773494720459,8.418647766113281
4813,10.649759292602539,8.419111251831055
4814,11.503890991210938,8.41975212097168
4815,13.669938087463379,8.420842170715332
4816,14.150066375732422,8.42203140258789
4817,10.428098678588867,8.42244815826416
4818,8.904583930969238,8.422548294067383
4819,10.581530570983887,8.422996520996094
4820,14.25473690032959,8.424205780029297
4821,10.105020523071289,8.424554824829102
4822,12.942973136901855,8.425491333007812
4823,14.92460823059082,8.426838874816895
4824,13.397832870483398,8.427868843078613
4825,13.294204711914062,8.428876876831055
4826,10.090765953063965,8.429221153259277
4827,-1.0589293241500854,8.42725658416748
4828,13.905662536621094,8.428390502929688
4829,10.303983688354492,8.428779602050781
4830,7.9408793449401855,8.428678512573242
4831,7.615170478820801,8.428509712219238
4832,12.238844871520996,8.429298400878906
4833,6.576451301574707,8.428915023803711
4834,9.36286449432373,8.429108619689941
4835,10.106587409973145,8.429454803466797
4836,9.526864051818848,8.429681777954102
