Iteration,Result,Mean
0,10.552817344665527,10.552817344665527
1,11.619436264038086,11.086126327514648
2,11.708765983581543,11.293673515319824
3,11.967582702636719,11.462150573730469
4,11.956920623779297,11.561104774475098
5,12.262346267700195,11.677978515625
6,11.734119415283203,11.68599796295166
7,9.056726455688477,11.357338905334473
8,10.165142059326172,11.224872589111328
9,10.037985801696777,11.106184005737305
10,10.056824684143066,11.010787010192871
11,10.648050308227539,10.980559349060059
12,10.982563018798828,10.980712890625
13,11.10329532623291,10.989469528198242
14,13.368413925170898,11.148065567016602
15,12.29214859008789,11.21957015991211
16,11.346750259399414,11.227051734924316
17,12.335501670837402,11.288631439208984
18,12.582138061523438,11.356711387634277
19,11.72911548614502,11.375330924987793
20,11.587811470031738,11.385449409484863
21,11.320878028869629,11.382513999938965
22,10.425925254821777,11.340924263000488
23,11.022178649902344,11.327643394470215
24,12.641853332519531,11.380210876464844
25,14.311113357543945,11.492938995361328
26,12.742237091064453,11.539209365844727
27,12.529685974121094,11.574584007263184
28,12.330646514892578,11.600655555725098
29,10.10854721069336,11.550918579101562
30,10.518699645996094,11.517621040344238
31,12.93505573272705,11.56191635131836
32,11.727163314819336,11.566924095153809
33,10.349916458129883,11.531129837036133
34,12.691349029541016,11.564278602600098
35,11.163363456726074,11.553142547607422
36,11.743976593017578,11.558300018310547
37,10.94821834564209,11.542244911193848
38,11.962287902832031,11.55301570892334
39,11.385686874389648,11.548831939697266
40,11.960294723510742,11.558867454528809
41,9.818676948547363,11.517434120178223
42,12.453160285949707,11.53919506072998
43,13.18292236328125,11.576552391052246
44,10.968399047851562,11.56303882598877
45,8.994933128356934,11.507209777832031
46,10.923526763916016,11.494791030883789
47,11.850271224975586,11.502197265625
48,11.050838470458984,11.492985725402832
49,10.911142349243164,11.481348991394043
50,9.777237892150879,11.4479341506958
51,10.169790267944336,11.423355102539062
52,11.490431785583496,11.424620628356934
53,10.286178588867188,11.403538703918457
54,11.976507186889648,11.413955688476562
55,9.943305015563965,11.387694358825684
56,11.109582901000977,11.382814407348633
57,12.350802421569824,11.399504661560059
58,12.6450834274292,11.420616149902344
59,11.385723114013672,11.420034408569336
60,11.229707717895508,11.416914939880371
61,12.534037590026855,11.43493366241455
62,9.785316467285156,11.4087495803833
63,12.142090797424316,11.420207977294922
64,12.680048942565918,11.439590454101562
65,11.952134132385254,11.447356224060059
66,8.584745407104492,11.404630661010742
67,10.97314453125,11.398284912109375
68,8.176146507263184,11.351587295532227
69,12.532115936279297,11.368452072143555
70,12.03731918334961,11.377872467041016
71,10.455857276916504,11.365066528320312
72,11.37432861328125,11.365193367004395
73,11.505434036254883,11.367088317871094
74,9.913925170898438,11.347713470458984
75,11.135844230651855,11.344925880432129
76,7.275734901428223,11.292078971862793
77,9.877363204956055,11.273941993713379
78,11.737064361572266,11.279804229736328
79,11.433938980102539,11.281731605529785
80,12.703557968139648,11.299284934997559
81,11.176861763000488,11.297792434692383
82,10.994726181030273,11.294140815734863
83,12.846929550170898,11.312626838684082
84,10.345561981201172,11.301249504089355
85,11.044951438903809,11.298269271850586
86,11.828338623046875,11.304362297058105
87,8.28042221069336,11.269998550415039
88,11.972260475158691,11.277889251708984
89,11.953187942504883,11.285392761230469
90,12.310601234436035,11.296659469604492
91,12.075530052185059,11.30512523651123
92,6.958272933959961,11.258384704589844
93,8.342996597290039,11.227370262145996
94,9.306842803955078,11.207154273986816
95,11.050039291381836,11.205517768859863
96,9.461702346801758,11.187540054321289
97,9.567931175231934,11.171012878417969
98,9.163851737976074,11.150738716125488
99,9.206271171569824,11.131294250488281
100,9.395125389099121,11.114104270935059
101,10.016458511352539,11.10334300994873
102,8.806352615356445,11.081043243408203
103,9.181583404541016,11.062779426574707
104,9.379980087280273,11.0467529296875
105,10.212873458862305,11.038886070251465
106,6.977363109588623,11.00092887878418
107,9.938516616821289,10.991090774536133
108,10.138275146484375,10.983267784118652
109,8.507238388061523,10.9607572555542
110,9.225493431091309,10.945124626159668
111,7.215221405029297,10.911821365356445
112,9.95810604095459,10.903382301330566
113,8.3063383102417,10.880600929260254
114,9.302074432373047,10.866875648498535
115,8.56956672668457,10.847070693969727
116,11.028264999389648,10.848620414733887
117,10.333889961242676,10.844258308410645
118,10.080707550048828,10.837841033935547
119,10.232603073120117,10.832797050476074
120,11.263222694396973,10.83635425567627
121,9.274029731750488,10.823548316955566
122,9.520931243896484,10.812957763671875
123,8.284095764160156,10.792563438415527
124,8.399076461791992,10.773414611816406
125,8.130928993225098,10.752443313598633
126,8.272202491760254,10.732913970947266
127,9.600914001464844,10.72407054901123
128,9.785419464111328,10.71679401397705
129,9.202459335327148,10.705145835876465
130,8.956929206848145,10.691800117492676
131,10.533571243286133,10.690601348876953
132,7.259378910064697,10.664803504943848
133,9.533185958862305,10.65635871887207
134,13.562244415283203,10.67788314819336
135,12.474193572998047,10.691092491149902
136,7.0467987060546875,10.664490699768066
137,7.341418743133545,10.640411376953125
138,9.379884719848633,10.631341934204102
139,5.835801124572754,10.597088813781738
140,8.604843139648438,10.582959175109863
141,8.21408748626709,10.566277503967285
142,9.652320861816406,10.55988597869873
143,9.374022483825684,10.551651000976562
144,10.32910442352295,10.550116539001465
145,9.591575622558594,10.543550491333008
146,9.820568084716797,10.5386323928833
147,9.69597053527832,10.532938003540039
148,10.240750312805176,10.530977249145508
149,10.338476181030273,10.529693603515625
150,8.354376792907715,10.515288352966309
151,13.78139877319336,10.536775588989258
152,7.803495407104492,10.51891040802002
153,8.35411262512207,10.504853248596191
154,9.781267166137695,10.500185012817383
155,12.076138496398926,10.510287284851074
156,9.723217964172363,10.505274772644043
157,12.46070671081543,10.517650604248047
158,12.170738220214844,10.528047561645508
159,9.957252502441406,10.524480819702148
160,9.902390480041504,10.52061653137207
161,9.416709899902344,10.513802528381348
162,8.147575378417969,10.499285697937012
163,11.148943901062012,10.503246307373047
164,10.246782302856445,10.501692771911621
165,9.484235763549805,10.495563507080078
166,8.662874221801758,10.484589576721191
167,11.724369049072266,10.491969108581543
168,10.98945140838623,10.494913101196289
169,11.408540725708008,10.500287055969238
170,10.099969863891602,10.497945785522461
171,10.494224548339844,10.4979248046875
172,11.102166175842285,10.50141716003418
173,10.297293663024902,10.500244140625
174,8.742941856384277,10.490201950073242
175,8.132888793945312,10.476808547973633
176,9.513727188110352,10.471366882324219
177,6.216397285461426,10.447463035583496
178,8.839512825012207,10.438480377197266
179,8.571343421936035,10.428106307983398
180,10.103492736816406,10.426313400268555
181,10.019474983215332,10.424077987670898
182,9.345300674438477,10.418183326721191
183,11.330138206481934,10.423139572143555
184,10.476144790649414,10.423426628112793
185,7.744772434234619,10.409025192260742
186,6.557294845581055,10.388426780700684
187,13.334189414978027,10.404096603393555
188,8.699951171875,10.395079612731934
189,8.796342849731445,10.386665344238281
190,15.94688606262207,10.415776252746582
191,12.220691680908203,10.425177574157715
192,9.550089836120605,10.420642852783203
193,10.425254821777344,10.420666694641113
194,11.10648250579834,10.42418384552002
195,9.785517692565918,10.42092514038086
196,12.139410972595215,10.429649353027344
197,10.260043144226074,10.428791999816895
198,13.797122955322266,10.445718765258789
199,13.433860778808594,10.46065902709961
200,12.001954078674316,10.468327522277832
201,10.634456634521484,10.469149589538574
202,10.761575698852539,10.470589637756348
203,12.13841438293457,10.478765487670898
204,12.393349647521973,10.488104820251465
205,10.704268455505371,10.489154815673828
206,12.084575653076172,10.496861457824707
207,10.334359169006348,10.49608039855957
208,11.215333938598633,10.49952220916748
209,12.53314208984375,10.509206771850586
210,12.287531852722168,10.517634391784668
211,12.395109176635742,10.526490211486816
212,12.79401683807373,10.53713607788086
213,10.986184120178223,10.539233207702637
214,9.903133392333984,10.536274909973145
215,11.3951416015625,10.540251731872559
216,12.157057762145996,10.547701835632324
217,11.521608352661133,10.552169799804688
218,12.403152465820312,10.56062126159668
219,12.3094482421875,10.568570137023926
220,11.102140426635742,10.57098388671875
221,12.151799201965332,10.578104972839355
222,10.730122566223145,10.578787803649902
223,10.988030433654785,10.58061408996582
224,11.608880996704102,10.585184097290039
225,14.092130661010742,10.600701332092285
226,12.44111442565918,10.608809471130371
227,10.793512344360352,10.609619140625
228,9.274863243103027,10.603790283203125
229,12.2074613571167,10.610763549804688
230,13.092204093933105,10.621505737304688
231,12.916980743408203,10.631400108337402
232,10.853073120117188,10.632351875305176
233,11.639408111572266,10.6366548538208
234,11.220203399658203,10.639138221740723
235,10.724908828735352,10.639501571655273
236,11.844023704528809,10.644583702087402
237,10.590001106262207,10.644354820251465
238,3.5007123947143555,10.61446475982666
239,6.3180437088012695,10.596563339233398
240,4.694700717926025,10.572073936462402
241,6.376495361328125,10.554737091064453
242,5.384608268737793,10.53346061706543
243,7.461800575256348,10.520872116088867
244,2.557070732116699,10.488367080688477
245,4.146694183349609,10.4625883102417
246,7.701725959777832,10.451410293579102
247,6.973211765289307,10.437384605407715
248,3.477591037750244,10.409433364868164
249,4.93346643447876,10.387529373168945
250,5.808829307556152,10.369287490844727
251,-0.1547023057937622,10.32752513885498
252,6.585032939910889,10.312732696533203
253,1.081498146057129,10.276389122009277
254,1.5004252195358276,10.241973876953125
255,-1.3448978662490845,10.196712493896484
256,1.5651882886886597,10.163126945495605
257,2.6340672969818115,10.133944511413574
258,1.3977473974227905,10.100214004516602
259,-1.8352292776107788,10.05430793762207
260,2.039778470993042,10.023601531982422
261,5.845816135406494,10.007655143737793
262,5.861297607421875,9.991889953613281
263,1.1393142938613892,9.958357810974121
264,5.3809661865234375,9.941083908081055
265,2.801288366317749,9.9142427444458
266,-0.5708044767379761,9.874972343444824
267,1.3030574321746826,9.842987060546875
268,2.064120292663574,9.814069747924805
269,-0.26297831535339355,9.776747703552246
270,-0.45140212774276733,9.739005088806152
271,3.545881748199463,9.71623706817627
272,-3.265749454498291,9.668683052062988
273,1.201197624206543,9.63778018951416
274,3.0901246070861816,9.613969802856445
275,1.5125772953033447,9.584617614746094
276,-4.038919925689697,9.535435676574707
277,2.650235176086426,9.510668754577637
278,2.573432445526123,9.485803604125977
279,0.9324370622634888,9.455256462097168
280,2.0052261352539062,9.428743362426758
281,-1.0400296449661255,9.391619682312012
282,4.151341915130615,9.373103141784668
283,3.4895763397216797,9.352386474609375
284,5.145299434661865,9.337624549865723
285,2.5498886108398438,9.31389045715332
286,6.097340106964111,9.302682876586914
287,3.3963301181793213,9.282175064086914
288,-1.644649624824524,9.244366645812988
289,0.17641864717006683,9.21309757232666
290,2.622657060623169,9.190449714660645
291,-0.42801257967948914,9.157509803771973
292,-4.989256381988525,9.109227180480957
293,6.824569225311279,9.101456642150879
294,-13.74376392364502,9.024015426635742
295,-4.121560573577881,8.979604721069336
296,-1.5642131567001343,8.944103240966797
297,4.106623649597168,8.927870750427246
298,-8.280693054199219,8.870316505432129
299,3.1699891090393066,8.85131549835205
300,3.434746742248535,8.833319664001465
301,4.405828475952148,8.818658828735352
302,-1.4146795272827148,8.78488540649414
303,1.8612374067306519,8.762110710144043
304,2.669142723083496,8.742134094238281
305,3.04255747795105,8.72350788116455
306,6.693507194519043,8.71689510345459
307,10.014992713928223,8.721109390258789
308,4.688486576080322,8.708059310913086
309,0.5502660274505615,8.681743621826172
310,-1.378511667251587,8.649395942687988
311,-1.2623666524887085,8.617627143859863
312,3.099393606185913,8.599996566772461
313,3.1776480674743652,8.582728385925293
314,3.4337759017944336,8.566383361816406
315,4.075340747833252,8.552170753479004
316,2.9589996337890625,8.534526824951172
317,-1.9052165746688843,8.501697540283203
318,4.232281684875488,8.488313674926758
319,2.7659401893615723,8.470430374145508
320,4.278226852416992,8.45737075805664
321,1.1379061937332153,8.434639930725098
322,0.07282754778862,8.408751487731934
323,0.7836215496063232,8.385217666625977
324,-1.7082164287567139,8.354161262512207
325,4.998964786529541,8.34386920928955
326,2.5768887996673584,8.32623291015625
327,0.37510621547698975,8.30199146270752
328,2.1361706256866455,8.28325080871582
329,0.7790320515632629,8.260510444641113
330,0.9160009622573853,8.238322257995605
331,4.039848804473877,8.225675582885742
332,2.240133047103882,8.207701683044434
333,1.040850281715393,8.186243057250977
334,4.7446746826171875,8.175970077514648
335,5.389101028442383,8.167675971984863
336,2.2650392055511475,8.150160789489746
337,1.0781878232955933,8.12923812866211
338,4.789543628692627,8.119386672973633
339,1.9195622205734253,8.101151466369629
340,4.6205573081970215,8.09094524383545
341,2.1919028759002686,8.07369613647461
342,3.815338373184204,8.061281204223633
343,3.8621413707733154,8.049074172973633
344,5.643926620483398,8.042102813720703
345,-4.3578033447265625,8.006264686584473
346,0.8938751220703125,7.985767841339111
347,3.599445343017578,7.973163604736328
348,10.077972412109375,7.979194164276123
349,9.699151992797852,7.9841084480285645
350,12.259207725524902,7.996288299560547
351,11.862226486206055,8.007271766662598
352,12.647527694702148,8.020416259765625
353,12.873812675476074,8.034126281738281
354,14.323444366455078,8.05184268951416
355,13.800786972045898,8.067992210388184
356,12.599695205688477,8.08068561553955
357,12.983663558959961,8.094380378723145
358,11.273242950439453,8.103235244750977
359,8.372739791870117,8.103983879089355
360,11.016229629516602,8.112051010131836
361,12.693467140197754,8.124706268310547
362,11.550091743469238,8.134142875671387
363,12.553565979003906,8.146284103393555
364,8.563212394714355,8.14742660522461
365,12.331849098205566,8.158859252929688
366,8.891793251037598,8.160856246948242
367,8.630854606628418,8.16213321685791
368,10.739459991455078,8.16911792755127
369,12.1622314453125,8.179910659790039
370,12.159551620483398,8.190637588500977
371,8.2987060546875,8.19092845916748
372,11.736927032470703,8.200434684753418
373,11.362160682678223,8.208888053894043
374,6.299777507781982,8.203797340393066
375,7.288108825683594,8.201361656188965
376,9.923230171203613,8.20592975616455
377,8.698795318603516,8.207233428955078
378,4.942434310913086,8.19861888885498
379,10.33932113647461,8.204252243041992
380,10.549931526184082,8.210409164428711
381,13.319636344909668,8.223784446716309
382,10.07144546508789,8.228609085083008
383,7.417425155639648,8.226496696472168
384,11.82135009765625,8.235833168029785
385,11.665915489196777,8.244720458984375
386,11.443384170532227,8.252985000610352
387,10.698758125305176,8.259288787841797
388,10.74221134185791,8.265671730041504
389,8.658206939697266,8.266677856445312
390,11.665775299072266,8.275371551513672
391,10.026866912841797,8.279839515686035
392,13.5087308883667,8.293144226074219
393,13.569575309753418,8.306536674499512
394,13.321805000305176,8.319232940673828
395,11.132054328918457,8.326336860656738
396,12.904409408569336,8.337867736816406
397,13.066427230834961,8.349748611450195
398,12.932767868041992,8.361234664916992
399,12.612356185913086,8.371862411499023
400,13.330928802490234,8.38422966003418
401,10.224498748779297,8.38880729675293
402,5.583856105804443,8.38184642791748
403,10.777523040771484,8.387777328491211
404,9.755343437194824,8.391153335571289
405,10.811954498291016,8.397116661071777
406,11.762433052062988,8.40538501739502
407,12.282934188842773,8.414889335632324
408,13.395536422729492,8.427066802978516
409,11.802996635437012,8.435300827026367
410,11.92274284362793,8.443785667419434
411,12.886748313903809,8.454569816589355
412,10.97955322265625,8.46068286895752
413,11.599565505981445,8.468265533447266
414,10.687641143798828,8.473613739013672
415,9.744729042053223,8.476668357849121
416,13.127087593078613,8.487820625305176
417,11.43677806854248,8.49487590789795
418,12.572965621948242,8.504609107971191
419,11.696636199951172,8.512208938598633
420,9.283476829528809,8.51404094696045
421,13.082676887512207,8.524867057800293
422,10.556517601013184,8.529669761657715
423,6.71153450012207,8.525381088256836
424,9.959980010986328,8.528757095336914
425,10.474727630615234,8.533324241638184
426,13.427449226379395,8.54478645324707
427,9.837250709533691,8.547805786132812
428,10.426583290100098,8.55218505859375
429,11.402801513671875,8.558815002441406
430,13.981245994567871,8.571395874023438
431,12.358749389648438,8.580162048339844
432,8.724542617797852,8.580495834350586
433,11.198509216308594,8.586527824401855
434,11.010883331298828,8.59210205078125
435,11.619527816772461,8.599045753479004
436,8.730308532714844,8.599345207214355
437,11.220394134521484,8.605329513549805
438,6.7616963386535645,8.601130485534668
439,10.28731918334961,8.604962348937988
440,9.759634017944336,8.60758113861084
441,10.09589672088623,8.61094856262207
442,7.861795902252197,8.609256744384766
443,8.206302642822266,8.608349800109863
444,8.770795822143555,8.60871410369873
445,7.014629364013672,8.605140686035156
446,6.340353012084961,8.60007381439209
447,9.628668785095215,8.60236930847168
448,7.9899983406066895,8.601005554199219
449,10.420445442199707,8.605049133300781
450,9.961963653564453,8.608057022094727
451,10.14899730682373,8.611466407775879
452,6.602046966552734,8.607030868530273
453,11.33681869506836,8.613043785095215
454,7.5069403648376465,8.610611915588379
455,11.433645248413086,8.616803169250488
456,6.9142866134643555,8.613078117370605
457,7.492033958435059,8.61063003540039
458,9.79229736328125,8.613204002380371
459,7.0025434494018555,8.609702110290527
460,8.756064414978027,8.61001968383789
461,7.630333423614502,8.60789966583252
462,10.558218002319336,8.612112045288086
463,9.551926612854004,8.614137649536133
464,9.59644603729248,8.616250038146973
465,7.214792251586914,8.613242149353027
466,8.216865539550781,8.612393379211426
467,8.942485809326172,8.613099098205566
468,9.338043212890625,8.614645004272461
469,11.698188781738281,8.62120532989502
470,12.287396430969238,8.628989219665527
471,9.079988479614258,8.629944801330566
472,10.158467292785645,8.633176803588867
473,8.101805686950684,8.632055282592773
474,8.751155853271484,8.632306098937988
475,8.824150085449219,8.632708549499512
476,13.548373222351074,8.643013954162598
477,7.945740222930908,8.641555786132812
478,8.410005569458008,8.641072273254395
479,7.3307037353515625,8.638341903686523
480,9.56574535369873,8.640271186828613
481,13.094229698181152,8.649511337280273
482,9.866579055786133,8.652030944824219
483,10.317068099975586,8.655470848083496
484,9.185964584350586,8.656564712524414
485,10.024663925170898,8.659380912780762
486,11.523880004882812,8.665262222290039
487,13.154232025146484,8.674461364746094
488,8.485204696655273,8.67407512664795
489,10.97347354888916,8.678768157958984
490,9.254071235656738,8.679939270019531
491,10.524872779846191,8.68368911743164
492,10.197683334350586,8.686759948730469
493,10.945239067077637,8.69133186340332
494,11.362875938415527,8.696728706359863
495,13.900513648986816,8.707220077514648
496,14.253087997436523,8.718379020690918
497,9.474081993103027,8.71989631652832
498,16.177499771118164,8.734841346740723
499,11.145075798034668,8.739662170410156
500,13.211353302001953,8.748587608337402
501,12.246350288391113,8.755556106567383
502,10.400360107421875,8.75882625579834
503,14.246114730834961,8.769713401794434
504,10.616116523742676,8.773369789123535
505,9.316736221313477,8.774443626403809
506,10.557168960571289,8.777959823608398
507,15.634208679199219,8.791457176208496
508,13.33919620513916,8.800392150878906
509,12.11082935333252,8.806882858276367
510,11.989299774169922,8.8131103515625
511,11.669551849365234,8.818689346313477
512,11.789104461669922,8.824479103088379
513,12.107959747314453,8.830867767333984
514,12.674772262573242,8.83833122253418
515,17.586027145385742,8.855284690856934
516,12.116808891296387,8.861592292785645
517,11.573901176452637,8.866827964782715
518,16.351755142211914,8.88124942779541
519,14.655416488647461,8.892354011535645
520,12.052346229553223,8.898418426513672
521,9.087162017822266,8.898780822753906
522,14.255523681640625,8.90902328491211
523,12.986652374267578,8.916805267333984
524,13.126110076904297,8.924822807312012
525,12.081671714782715,8.93082332611084
526,14.635234832763672,8.941648483276367
527,12.46951961517334,8.94832992553711
528,-1.232218623161316,8.929084777832031
529,-1.7604340314865112,8.908916473388672
530,-0.2141745388507843,8.891735076904297
531,-0.4850534200668335,8.874109268188477
532,0.43413445353507996,8.858274459838867
533,0.13433335721492767,8.841938018798828
534,-0.8695589900016785,8.823784828186035
535,-2.0982604026794434,8.8034086227417
536,-0.7314444184303284,8.785653114318848
537,2.076951026916504,8.773183822631836
538,2.0660600662231445,8.76073932647705
539,-4.246723651885986,8.736651420593262
540,-1.2782169580459595,8.7181396484375
541,1.2001547813415527,8.704269409179688
542,4.114542484283447,8.695816993713379
543,0.317405641078949,8.680415153503418
544,2.5255556106567383,8.669121742248535
545,1.18284273147583,8.655409812927246
546,1.2022874355316162,8.64178466796875
547,-1.748815894126892,8.622822761535645
548,4.993584156036377,8.616212844848633
549,-3.333019733428955,8.594487190246582
550,0.6329436302185059,8.580037117004395
551,0.6306297779083252,8.56563663482666
552,2.7310240268707275,8.555086135864258
553,1.2764825820922852,8.541947364807129
554,-0.3929184079170227,8.525848388671875
555,0.15683165192604065,8.510795593261719
556,2.417839527130127,8.499856948852539
557,1.7151380777359009,8.487698554992676
558,-0.5459738373756409,8.471538543701172
559,1.4389878511428833,8.458979606628418
560,-1.4876320362091064,8.44124984741211
561,-1.1362289190292358,8.42420768737793
562,1.9344043731689453,8.412680625915527
563,2.7754769325256348,8.40268611907959
564,-0.4864678978919983,8.386953353881836
565,5.01870059967041,8.381001472473145
566,2.4846572875976562,8.37060260772705
567,-1.9569275379180908,8.352420806884766
568,4.118393898010254,8.344979286193848
569,1.624129056930542,8.3331880569458
570,1.2307515144348145,8.320749282836914
571,2.055979013442993,8.309797286987305
572,1.316864013671875,8.297593116760254
573,1.9764620065689087,8.286581039428711
574,-3.968508243560791,8.265267372131348
575,4.0071539878845215,8.257875442504883
576,0.8306294083595276,8.245002746582031
577,-2.634921073913574,8.226180076599121
578,-2.7149577140808105,8.207283020019531
579,2.048147201538086,8.196664810180664
580,2.334768533706665,8.186575889587402
581,-0.4874608516693115,8.171671867370605
582,6.759533882141113,8.16925048828125
583,2.8619894981384277,8.160161972045898
584,0.10512877255678177,8.146392822265625
585,0.09402952343225479,8.132651329040527
586,2.6562576293945312,8.123322486877441
587,2.2444007396698,8.113324165344238
588,-0.24375832080841064,8.099136352539062
589,4.184689044952393,8.092500686645508
590,4.129940509796143,8.085796356201172
591,-0.13974034786224365,8.07190227508545
592,-11.387001037597656,8.039087295532227
593,-0.6912287473678589,8.024389266967773
594,2.3866066932678223,8.014914512634277
595,2.8029754161834717,8.006169319152832
596,7.176778793334961,8.004779815673828
597,0.9419611692428589,7.992969036102295
598,5.977747917175293,7.989604473114014
599,4.6833977699279785,7.984094142913818
600,1.699110746383667,7.973637104034424
601,4.27887487411499,7.967499256134033
602,3.9008703231811523,7.960755348205566
603,-0.016648070886731148,7.947547912597656
604,0.9618543386459351,7.936001300811768
605,2.1183547973632812,7.926400661468506
606,3.25573468208313,7.91870641708374
607,0.8173605799674988,7.907026767730713
608,-0.43790772557258606,7.89332389831543
609,3.152742624282837,7.885552406311035
610,4.865050792694092,7.880609035491943
611,1.6746867895126343,7.870469093322754
612,-4.3516740798950195,7.850531101226807
613,6.727404594421387,7.8487019538879395
614,-0.8826930522918701,7.8345046043396
615,0.17377221584320068,7.822068214416504
616,0.6033554673194885,7.81036901473999
617,3.715756416320801,7.803743362426758
618,-3.1526474952697754,7.7860426902771
619,0.8929803967475891,7.774925231933594
620,3.501657247543335,7.768043518066406
621,6.170644283294678,7.765475273132324
622,1.9875171184539795,7.756200313568115
623,-0.611749529838562,7.742790222167969
624,4.558804035186768,7.737695217132568
625,0.22411546111106873,7.7256927490234375
626,1.703271746635437,7.716087341308594
627,1.898470163345337,7.706823825836182
628,-8.966761589050293,7.6803154945373535
629,4.034003257751465,7.674528121948242
630,-12.677010536193848,7.642274856567383
631,6.558220386505127,7.640559196472168
632,1.0461853742599487,7.6301422119140625
633,0.8095234632492065,7.619383811950684
634,5.036972999572754,7.615317344665527
635,0.2124159038066864,7.603677749633789
636,-0.2541407644748688,7.591342449188232
637,2.187492609024048,7.58287239074707
638,0.30221793055534363,7.571478366851807
639,-2.562255620956421,7.555644989013672
640,0.3724883496761322,7.54443883895874
641,-0.1815319061279297,7.53240442276001
642,3.424180746078491,7.526015758514404
643,-1.8757758140563965,7.511416435241699
644,-3.542849540710449,7.494277477264404
645,0.23687349259853363,7.483043193817139
646,3.7105016708374023,7.477212429046631
647,4.756692886352539,7.4730143547058105
648,3.318316698074341,7.466612339019775
649,-0.31321388483047485,7.454643726348877
650,5.683435916900635,7.451923370361328
651,3.875946521759033,7.446438789367676
652,0.5930283665657043,7.435944080352783
653,1.8253331184387207,7.427364826202393
654,1.3680778741836548,7.418114185333252
655,3.0689046382904053,7.411484241485596
656,6.314192771911621,7.409813404083252
657,1.247079610824585,7.400447845458984
658,0.7241075038909912,7.390316963195801
659,3.5712525844573975,7.384530544281006
660,2.545107841491699,7.377208709716797
661,-3.00504469871521,7.361526012420654
662,-0.8602496385574341,7.349124908447266
663,-1.4164292812347412,7.335923671722412
664,-5.652294635772705,7.316392421722412
665,-0.3432232737541199,7.304891109466553
666,0.9391332268714905,7.295347213745117
667,3.5621542930603027,7.289758205413818
668,3.0919790267944336,7.283483505249023
669,2.67824387550354,7.276609897613525
670,2.7213401794433594,7.269820690155029
671,2.817559003829956,7.263195037841797
672,4.946070194244385,7.2597527503967285
673,6.399528503417969,7.258476257324219
674,3.5253381729125977,7.252945423126221
675,1.8006420135498047,7.244880199432373
676,5.829038143157959,7.242788791656494
677,0.23180343210697174,7.232448577880859
678,3.568692207336426,7.227053165435791
679,3.233396053314209,7.221179962158203
680,3.4169676303863525,7.2155938148498535
681,1.6959636211395264,7.207499980926514
682,3.045273780822754,7.201406478881836
683,-0.08973072469234467,7.190746784210205
684,-1.7845040559768677,7.177643775939941
685,1.9104044437408447,7.169966220855713
686,-4.972179412841797,7.152291774749756
687,-1.5384252071380615,7.139659881591797
688,0.45784351229667664,7.129961967468262
689,1.1477439403533936,7.121292591094971
690,0.850371778011322,7.112217903137207
691,-1.9296425580978394,7.099151611328125
692,-0.19550921022891998,7.088625431060791
693,0.24591094255447388,7.078765869140625
694,-5.775695323944092,7.060269832611084
695,5.062924385070801,7.057400226593018
696,2.5734190940856934,7.050966739654541
697,-7.1937761306762695,7.030559062957764
698,0.6129095554351807,7.0213775634765625
699,-2.988661527633667,7.007077217102051
700,5.325624465942383,7.004678726196289
701,2.4480698108673096,6.998188018798828
702,-4.824092864990234,6.98137092590332
703,-1.5751502513885498,6.969216823577881
704,-2.4238266944885254,6.955893516540527
705,-1.2803555727005005,6.94422721862793
706,2.9367623329162598,6.938558578491211
707,4.185957431793213,6.934670925140381
708,2.6321160793304443,6.928602695465088
709,-6.6303582191467285,6.909505844116211
710,-1.444113850593567,6.897756099700928
711,-8.773000717163086,6.875746726989746
712,0.18133974075317383,6.866357326507568
713,-9.698124885559082,6.843157768249512
714,0.9811515808105469,6.834959030151367
715,2.7993581295013428,6.829322338104248
716,-4.708553314208984,6.813230514526367
717,-1.4603431224822998,6.8017072677612305
718,-2.833897113800049,6.788305759429932
719,-0.07840699702501297,6.778768539428711
720,-1.0317387580871582,6.767935752868652
721,2.258693218231201,6.761690139770508
722,3.1809616088867188,6.756738185882568
723,-1.8459594249725342,6.7448554039001465
724,-1.61955726146698,6.733318328857422
725,-0.07133891433477402,6.723945617675781
726,-4.909506320953369,6.707943439483643
727,3.801875352859497,6.703951358795166
728,-2.026130199432373,6.6919755935668945
729,2.779693603515625,6.68661642074585
730,-2.6101481914520264,6.673898220062256
731,-6.2805328369140625,6.656200408935547
732,0.09121529012918472,6.647244453430176
733,-9.504239082336426,6.625239372253418
734,2.250493049621582,6.619287490844727
735,-3.9213199615478516,6.604965686798096
736,0.4048588275909424,6.596553325653076
737,-2.0503063201904297,6.584836483001709
738,1.4895586967468262,6.57794189453125
739,3.2587714195251465,6.573456764221191
740,6.964705467224121,6.573984622955322
741,3.9161670207977295,6.5704026222229
742,-8.279315948486328,6.550416469573975
743,1.064757227897644,6.543043613433838
744,-7.572664260864258,6.5240960121154785
745,5.545681953430176,6.52278470993042
746,-0.8162564635276794,6.512959957122803
747,2.7253854274749756,6.507896900177002
748,1.9814298152923584,6.5018534660339355
749,0.8417198061943054,6.494306564331055
750,-1.801196575164795,6.483260631561279
751,4.759833812713623,6.480968952178955
752,6.759853363037109,6.481338977813721
753,-0.5905866026878357,6.471959590911865
754,-5.486293315887451,6.456120491027832
755,-2.377286195755005,6.444436073303223
756,1.7401161193847656,6.4382219314575195
757,-1.0010648965835571,6.428407669067383
758,-2.416961669921875,6.41675329208374
759,-0.2831062078475952,6.407938003540039
760,-1.8811721801757812,6.397045135498047
761,2.0075831413269043,6.391284942626953
762,-1.2586592435836792,6.381258487701416
763,2.4389193058013916,6.3760986328125
764,1.1548610925674438,6.3692731857299805
765,2.742753505706787,6.36453914642334
766,1.8133301734924316,6.35860538482666
767,-2.4373481273651123,6.347152233123779
768,0.5238800048828125,6.3395795822143555
769,2.766972541809082,6.334939956665039
770,-3.578660488128662,6.322082042694092
771,-3.2675859928131104,6.309659957885742
772,8.111222267150879,6.311990737915039
773,-0.5987011790275574,6.303062438964844
774,2.4402217864990234,6.298078536987305
775,5.368473052978516,6.296880722045898
776,-0.2987894117832184,6.288392066955566
777,5.4339494705200195,6.287293910980225
778,-8.223859786987305,6.2686662673950195
779,-1.527556300163269,6.258671283721924
780,-3.4526000022888184,6.246236801147461
781,-3.9401984214782715,6.233210563659668
782,-2.5718352794647217,6.221965312957764
783,-6.762384414672852,6.205403804779053
784,5.997445106506348,6.20513916015625
785,-0.06650575250387192,6.197160243988037
786,0.7808040976524353,6.190277576446533
787,-1.0660241842269897,6.181069374084473
788,2.567368507385254,6.176489353179932
789,2.3312015533447266,6.171621799468994
790,7.075393199920654,6.172763824462891
791,-2.620798349380493,6.161661148071289
792,3.3122358322143555,6.15806770324707
793,0.7684534192085266,6.151279926300049
794,-1.21858549118042,6.142009258270264
795,1.8186779022216797,6.13657808303833
796,4.25225830078125,6.134214401245117
797,-2.0844886302948,6.123915195465088
798,-13.740489959716797,6.099053382873535
799,-7.615392684936523,6.081910610198975
800,3.641139030456543,6.078863143920898
801,-5.19493293762207,6.0648064613342285
802,4.229837894439697,6.062521457672119
803,1.3996341228485107,6.056721210479736
804,-13.483640670776367,6.032447814941406
805,2.9824349880218506,6.028663635253906
806,2.242072105407715,6.0239715576171875
807,0.006469259969890118,6.016524314880371
808,-3.8001692295074463,6.004389762878418
809,0.5662791728973389,5.997676372528076
810,-4.8534417152404785,5.9842963218688965
811,-0.7949864864349365,5.975947380065918
812,2.9564764499664307,5.972233295440674
813,0.8742363452911377,5.965970039367676
814,0.4705008268356323,5.959227561950684
815,2.843235969543457,5.955409049987793
816,1.2990831136703491,5.949709892272949
817,-2.836664915084839,5.938969135284424
818,-0.9694287776947021,5.9305338859558105
819,-0.020717471837997437,5.923276901245117
820,-0.07832687348127365,5.915966987609863
821,-4.424225807189941,5.903387546539307
822,-4.125975131988525,5.891201019287109
823,-1.1077721118927002,5.882707118988037
824,3.148517608642578,5.879392623901367
825,-2.7452359199523926,5.868951320648193
826,-6.536487579345703,5.8539509773254395
827,0.9166905879974365,5.847987651824951
828,4.671156883239746,5.846568584442139
829,-0.6374221444129944,5.838756561279297
830,-7.418452262878418,5.822803497314453
831,-4.152468204498291,5.810813903808594
832,-0.2813686430454254,5.803500652313232
833,-4.4355621337890625,5.791223526000977
834,-2.65828275680542,5.781104564666748
835,1.0723083019256592,5.7754716873168945
836,0.3243452310562134,5.768959045410156
837,-4.2538981437683105,5.756998538970947
838,-10.989866256713867,5.7370381355285645
839,1.083824634552002,5.731498718261719
840,1.1803157329559326,5.7260870933532715
841,0.6648408770561218,5.720076084136963
842,-1.7834628820419312,5.711174964904785
843,-1.4954370260238647,5.702636241912842
844,-0.4876667559146881,5.695310115814209
845,-1.8342912197113037,5.686409950256348
846,-3.156802177429199,5.675969123840332
847,0.47088825702667236,5.669830799102783
848,-5.084925651550293,5.657163143157959
849,-6.015688896179199,5.643430709838867
850,1.785925030708313,5.638897895812988
851,-1.7656354904174805,5.630207061767578
852,-0.8746981024742126,5.622581481933594
853,-4.1415910720825195,5.611147880554199
854,-3.068781852722168,5.600996017456055
855,-2.1171464920043945,5.591979503631592
856,-2.4747509956359863,5.582566738128662
857,-0.9358149766921997,5.574969291687012
858,0.05133122205734253,5.568539142608643
859,-1.9121605157852173,5.559840679168701
860,-1.8732514381408691,5.551207542419434
861,-2.907994270324707,5.541394233703613
862,-2.5432679653167725,5.5320258140563965
863,-7.0771098136901855,5.517431735992432
864,1.4576032161712646,5.512738227844238
865,-2.6162588596343994,5.503351211547852
866,-4.059086322784424,5.492321968078613
867,2.317959785461426,5.4886651039123535
868,-4.737379550933838,5.476897239685059
869,12.514204978942871,5.484986305236816
870,11.09367561340332,5.491425514221191
871,10.925897598266602,5.497657775878906
872,12.51923656463623,5.505700588226318
873,12.042947769165039,5.513180255889893
874,12.412660598754883,5.5210652351379395
875,13.837541580200195,5.530559062957764
876,9.674439430236816,5.53528356552124
877,14.604436874389648,5.5456132888793945
878,13.170060157775879,5.554286956787109
879,12.062032699584961,5.561682224273682
880,6.546830177307129,5.562800407409668
881,11.375703811645508,5.569390773773193
882,13.061556816101074,5.57787561416626
883,12.74732494354248,5.585986137390137
884,12.237485885620117,5.593501567840576
885,12.254170417785645,5.601019859313965
886,13.564658164978027,5.609997749328613
887,12.702332496643066,5.617984294891357
888,13.321681022644043,5.626649856567383
889,14.461627960205078,5.6365766525268555
890,13.502542495727539,5.645404815673828
891,13.46431827545166,5.654170513153076
892,13.220596313476562,5.6626434326171875
893,12.875202178955078,5.670711040496826
894,12.157188415527344,5.6779584884643555
895,11.97488784790039,5.684986591339111
896,14.531059265136719,5.694848537445068
897,11.017911911010742,5.70077657699585
898,14.712878227233887,5.710801124572754
899,12.458806991577148,5.718299388885498
900,14.480264663696289,5.728024005889893
901,11.490878105163574,5.734412670135498
902,9.55416202545166,5.738643169403076
903,10.564809799194336,5.743981838226318
904,8.936470985412598,5.747509479522705
905,13.524410247802734,5.756093502044678
906,10.262951850891113,5.7610626220703125
907,13.387999534606934,5.769462585449219
908,8.017023086547852,5.771934986114502
909,14.169549942016602,5.781163215637207
910,15.725645065307617,5.792078971862793
911,11.1268892288208,5.797928810119629
912,13.19847583770752,5.806034088134766
913,8.610652923583984,5.809103012084961
914,11.896768569946289,5.815756320953369
915,9.806262969970703,5.820112705230713
916,8.402015686035156,5.822927951812744
917,14.350099563598633,5.832216739654541
918,11.797782897949219,5.838708400726318
919,14.0616455078125,5.847646236419678
920,8.364736557006836,5.85037899017334
921,16.581073760986328,5.862017631530762
922,11.198463439941406,5.867798805236816
923,10.324959754943848,5.872622966766357
924,12.309151649475098,5.879581451416016
925,10.493095397949219,5.884563446044922
926,14.532994270324707,5.893893241882324
927,13.430959701538086,5.902015209197998
928,11.982283592224121,5.908560752868652
929,12.505959510803223,5.915654182434082
930,13.197382926940918,5.923475742340088
931,12.713885307312012,5.930761337280273
932,14.327943801879883,5.939762115478516
933,13.205345153808594,5.947541236877441
934,14.314697265625,5.9564900398254395
935,12.719196319580078,5.963715553283691
936,13.8468656539917,5.972128391265869
937,13.752769470214844,5.980423450469971
938,12.20344352722168,5.987051010131836
939,12.437390327453613,5.993913173675537
940,13.776018142700195,6.002182960510254
941,12.371111869812012,6.008944034576416
942,11.60373592376709,6.014876842498779
943,12.611419677734375,6.021864414215088
944,11.991997718811035,6.028182506561279
945,11.986003875732422,6.034480094909668
946,12.601424217224121,6.041414737701416
947,9.055154800415039,6.044593811035156
948,14.99407958984375,6.0540242195129395
949,9.692315101623535,6.057854175567627
950,12.23733139038086,6.064352035522461
951,13.992422103881836,6.07267951965332
952,11.936698913574219,6.078832626342773
953,11.610139846801758,6.084630966186523
954,10.776897430419922,6.089544296264648
955,11.451464653015137,6.095152854919434
956,10.466780662536621,6.0997209548950195
957,11.050655364990234,6.104889392852783
958,12.938328742980957,6.1120147705078125
959,11.443540573120117,6.117568492889404
960,14.090669631958008,6.125865459442139
961,14.387417793273926,6.134452819824219
962,13.04853343963623,6.141632556915283
963,13.248238563537598,6.1490044593811035
964,9.934290885925293,6.152926445007324
965,12.352241516113281,6.15934419631958
966,9.999171257019043,6.1633148193359375
967,10.373538970947266,6.167664051055908
968,14.114221572875977,6.1758646965026855
969,11.467637062072754,6.181320667266846
970,10.584197044372559,6.185854434967041
971,14.79658317565918,6.194713115692139
972,12.655794143676758,6.201353549957275
973,9.580878257751465,6.2048234939575195
974,14.011507034301758,6.212830543518066
975,12.20483684539795,6.21897029876709
976,13.514657020568848,6.226437568664551
977,15.509199142456055,6.235929012298584
978,16.444278717041016,6.24635648727417
979,13.313261032104492,6.253568172454834
980,12.150144577026367,6.259578704833984
981,11.63367748260498,6.265051364898682
982,14.884820938110352,6.273819923400879
983,11.414399147033691,6.279044151306152
984,15.228543281555176,6.288130283355713
985,12.922332763671875,6.294858455657959
986,11.930675506591797,6.300568580627441
987,8.97719669342041,6.303277492523193
988,14.743934631347656,6.311812400817871
989,10.774370193481445,6.316319942474365
990,14.474514961242676,6.324552536010742
991,12.827142715454102,6.331107139587402
992,13.409489631652832,6.338235855102539
993,12.358461380004883,6.344292163848877
994,12.117256164550781,6.350094318389893
995,11.908670425415039,6.355675220489502
996,11.969986915588379,6.361306667327881
997,10.298028945922852,6.365251064300537
998,11.812020301818848,6.370703220367432
999,13.893980979919434,6.3782267570495605
1000,11.718299865722656,6.383561134338379
1001,13.717211723327637,6.390880584716797
1002,12.29349136352539,6.396765232086182
1003,12.525053024291992,6.40286922454834
1004,12.78498649597168,6.409219741821289
1005,12.43539810180664,6.415209770202637
1006,12.576518058776855,6.421328544616699
1007,13.397234916687012,6.428249359130859
1008,12.016096115112305,6.4337873458862305
1009,11.608583450317383,6.438910484313965
1010,10.789220809936523,6.44321346282959
1011,11.607866287231445,6.448317050933838
1012,12.81611442565918,6.4546027183532715
1013,10.518051147460938,6.4586100578308105
1014,11.620519638061523,6.463696002960205
1015,13.40213680267334,6.47052526473999
1016,12.27777099609375,6.476235389709473
1017,11.064950942993164,6.480742931365967
1018,13.130533218383789,6.487268924713135
1019,12.689207077026367,6.493349075317383
1020,12.15885066986084,6.498897552490234
1021,12.83423900604248,6.505096912384033
1022,12.93173885345459,6.511378765106201
1023,12.86709213256836,6.517585754394531
1024,14.016919136047363,6.52490234375
1025,11.697510719299316,6.529943943023682
1026,13.145267486572266,6.536385536193848
1027,12.10838508605957,6.541806221008301
1028,11.597318649291992,6.546719074249268
1029,11.849136352539062,6.5518670082092285
1030,12.080894470214844,6.557229995727539
1031,12.996617317199707,6.563469409942627
1032,12.866683959960938,6.569571495056152
1033,9.415504455566406,6.572323799133301
1034,14.461163520812988,6.5799455642700195
1035,11.726998329162598,6.584913730621338
1036,9.970661163330078,6.588178634643555
1037,10.423534393310547,6.591873645782471
1038,11.633970260620117,6.596726417541504
1039,10.695906639099121,6.600667476654053
1040,11.205778121948242,6.605091094970703
1041,9.727250099182129,6.608087062835693
1042,9.231884002685547,6.610602855682373
1043,12.028465270996094,6.615792274475098
1044,9.355962753295898,6.618414402008057
1045,14.14189338684082,6.625607490539551
1046,9.918447494506836,6.6287522315979
1047,11.962508201599121,6.633841514587402
1048,12.444223403930664,6.639380931854248
1049,13.915070533752441,6.646309852600098
1050,13.435750961303711,6.652769565582275
1051,12.73083782196045,6.658547401428223
1052,9.363795280456543,6.661116600036621
1053,13.283689498901367,6.667399883270264
1054,12.71496295928955,6.673131942749023
1055,11.21194839477539,6.677430152893066
1056,9.302434921264648,6.679913520812988
1057,11.852355003356934,6.684802532196045
1058,12.07337474822998,6.6898908615112305
1059,11.975696563720703,6.6948771476745605
1060,12.370874404907227,6.7002272605896
1061,12.07151985168457,6.705284595489502
1062,13.22127914428711,6.711414337158203
1063,12.49901294708252,6.716853618621826
1064,11.559213638305664,6.721400260925293
1065,12.312856674194336,6.7266459465026855
1066,12.498390197753906,6.732055187225342
1067,12.437138557434082,6.737397193908691
1068,13.320514678955078,6.743555068969727
1069,10.946139335632324,6.747482776641846
1070,9.574417114257812,6.7501220703125
1071,11.142847061157227,6.754220008850098
1072,11.106771469116211,6.758276462554932
1073,9.79647159576416,6.761105537414551
1074,12.633424758911133,6.766568183898926
1075,11.44585132598877,6.77091646194458
1076,11.663304328918457,6.775459289550781
1077,11.21384048461914,6.779576301574707
1078,13.436607360839844,6.785746097564697
1079,13.622152328491211,6.7920756340026855
1080,12.864117622375488,6.797693252563477
1081,12.000188827514648,6.802501201629639
1082,14.102197647094727,6.80924129486084
1083,11.09997844696045,6.813199520111084
1084,12.806947708129883,6.818723678588867
1085,13.433206558227539,6.824814319610596
1086,11.694045066833496,6.829293727874756
1087,10.534879684448242,6.832699298858643
1088,12.286499977111816,6.83770751953125
1089,12.626565933227539,6.843018531799316
1090,11.755189895629883,6.8475213050842285
1091,11.366266250610352,6.851659297943115
1092,12.41125202178955,6.856745719909668
1093,11.02922534942627,6.860559463500977
1094,12.980827331542969,6.866148948669434
1095,12.902508735656738,6.87165641784668
1096,10.503998756408691,6.874967575073242
1097,11.862934112548828,6.879509925842285
1098,13.270777702331543,6.885325908660889
1099,12.281511306762695,6.890231609344482
1100,12.866792678833008,6.895659923553467
1101,10.863336563110352,6.899260520935059
1102,10.59661865234375,6.902612686157227
1103,13.357059478759766,6.908458709716797
1104,10.336563110351562,6.911561012268066
1105,12.332315444946289,6.916462421417236
1106,10.322509765625,6.919538974761963
1107,11.415556907653809,6.9235968589782715
1108,11.062849044799805,6.9273295402526855
1109,11.483613014221191,6.93143367767334
1110,12.846604347229004,6.936758041381836
1111,13.039145469665527,6.942245960235596
1112,12.916565895080566,6.947613716125488
1113,13.566550254821777,6.953555107116699
1114,10.793306350708008,6.956998825073242
1115,13.419156074523926,6.962789058685303
1116,14.289141654968262,6.969347953796387
1117,11.800533294677734,6.973669052124023
1118,13.939709663391113,6.979894638061523
1119,14.066163063049316,6.986221790313721
1120,12.575576782226562,6.991208076477051
1121,13.249207496643066,6.9967851638793945
1122,13.32762622833252,7.00242280960083
1123,11.862682342529297,7.006746768951416
1124,14.650857925415039,7.0135416984558105
1125,13.354083061218262,7.019172668457031
1126,12.726600646972656,7.024236679077148
1127,14.025693893432617,7.030444145202637
1128,13.534149169921875,7.036204814910889
1129,14.355098724365234,7.0426812171936035
1130,12.431783676147461,7.047446250915527
1131,13.410457611083984,7.053067207336426
1132,13.825241088867188,7.059044361114502
1133,12.120380401611328,7.063508033752441
1134,14.256621360778809,7.069845676422119
1135,12.45051383972168,7.074582576751709
1136,11.491722106933594,7.07846736907959
1137,12.356111526489258,7.083104610443115
1138,13.9298677444458,7.089115619659424
1139,14.298981666564941,7.095439910888672
1140,12.368120193481445,7.100061416625977
1141,13.345332145690918,7.10552978515625
1142,13.123624801635742,7.110795021057129
1143,13.743124961853027,7.1165924072265625
1144,13.156412124633789,7.1218671798706055
1145,11.302815437316895,7.125515460968018
1146,12.910017013549805,7.130558967590332
1147,8.526951789855957,7.13177490234375
1148,4.320305824279785,7.12932825088501
1149,6.739404201507568,7.1289896965026855
1150,7.88209342956543,7.129643440246582
1151,8.443058967590332,7.130784034729004
1152,7.043917655944824,7.130708694458008
1153,7.358238220214844,7.130906105041504
1154,8.019734382629395,7.1316752433776855
1155,5.291265964508057,7.130083084106445
1156,7.654486656188965,7.130536079406738
1157,7.8179240226745605,7.131130218505859
1158,7.1187872886657715,7.131119728088379
1159,7.808177947998047,7.131703853607178
1160,8.615093231201172,7.132981777191162
1161,7.284641265869141,7.133111476898193
1162,7.61478328704834,7.13352632522583
1163,9.184538841247559,7.135288238525391
1164,8.405293464660645,7.136378288269043
1165,8.443561553955078,7.1374993324279785
1166,7.681179046630859,7.137965679168701
1167,6.0724592208862305,7.1370530128479
1168,6.957096576690674,7.136898994445801
1169,7.395112037658691,7.137120246887207
1170,8.027955055236816,7.137881278991699
1171,7.571258544921875,7.138251304626465
1172,8.205851554870605,7.139161586761475
1173,6.099774360656738,7.138276100158691
1174,8.468441009521484,7.139408111572266
1175,8.740988731384277,7.140770435333252
1176,8.847892761230469,7.142220497131348
1177,9.507524490356445,7.144228458404541
1178,5.832953929901123,7.143116474151611
1179,7.466592788696289,7.143390655517578
1180,7.91508674621582,7.144044399261475
1181,8.696660041809082,7.145357608795166
1182,7.592771530151367,7.145735740661621
1183,8.62012004852295,7.1469807624816895
1184,5.708920478820801,7.1457672119140625
1185,9.364713668823242,7.147637844085693
1186,8.054826736450195,7.148402214050293
1187,8.312347412109375,7.1493821144104
1188,8.03327465057373,7.150125503540039
1189,8.097506523132324,7.15092134475708
1190,7.424635887145996,7.151151657104492
1191,6.176319599151611,7.150333881378174
1192,7.141256332397461,7.150326728820801
1193,9.342195510864258,7.152162075042725
1194,6.81910514831543,7.151883602142334
1195,7.904693603515625,7.152512550354004
1196,6.555430889129639,7.152014255523682
1197,9.284578323364258,7.153793811798096
1198,8.89987564086914,7.15524959564209
1199,9.319913864135742,7.1570539474487305
1200,9.678487777709961,7.159153461456299
1201,10.714797973632812,7.162111759185791
1202,5.717948913574219,7.1609110832214355
1203,8.74329948425293,7.162225246429443
1204,8.672236442565918,7.163478374481201
1205,8.41949462890625,7.164519786834717
1206,7.23799991607666,7.164581298828125
1207,5.903027534484863,7.16353702545166
1208,7.4329681396484375,7.163759708404541
1209,4.687918663024902,7.161713123321533
1210,9.828446388244629,7.163915157318115
1211,5.724665641784668,7.162727355957031
1212,7.241859436035156,7.162792682647705
1213,8.385473251342773,7.163800239562988
1214,7.804359436035156,7.164327621459961
1215,9.112833976745605,7.165930271148682
1216,3.883270025253296,7.163232803344727
1217,2.9247829914093018,7.15975284576416
1218,6.942295074462891,7.159574508666992
1219,7.743030071258545,7.16005277633667
1220,4.933485984802246,7.158229351043701
1221,8.991048812866211,7.159729480743408
1222,10.05636978149414,7.162098407745361
1223,8.0476655960083,7.1628217697143555
1224,9.862990379333496,7.1650261878967285
1225,8.185164451599121,7.165858745574951
1226,9.750423431396484,7.167964935302734
1227,8.912817001342773,7.16938591003418
1228,9.777802467346191,7.171507835388184
1229,8.977921485900879,7.172976016998291
1230,9.17663860321045,7.1746039390563965
1231,8.552584648132324,7.175722599029541
1232,7.175779819488525,7.175722599029541
1233,8.490811347961426,7.176788806915283
1234,8.37497329711914,7.177758693695068
1235,7.127017021179199,7.177717685699463
1236,7.927663326263428,7.178324222564697
1237,9.108102798461914,7.179883003234863
1238,8.294456481933594,7.180783271789551
1239,9.316627502441406,7.182505130767822
1240,9.61635971069336,7.184466361999512
1241,10.803220748901367,7.187379837036133
1242,8.340475082397461,7.188307762145996
1243,8.74814510345459,7.189561367034912
1244,8.610472679138184,7.190702438354492
1245,8.783555030822754,7.191980838775635
1246,3.7053208351135254,7.189184665679932
1247,10.909384727478027,7.192165374755859
1248,8.697689056396484,7.193370342254639
1249,8.542837142944336,7.1944499015808105
1250,7.551948547363281,7.194735527038574
1251,9.598608016967773,7.196655750274658
1252,9.764967918395996,7.198705196380615
1253,9.799631118774414,7.200779438018799
1254,6.776224136352539,7.200441360473633
1255,9.432197570800781,7.202218532562256
1256,9.480487823486328,7.204030990600586
1257,9.6241455078125,7.205954551696777
1258,7.98028039932251,7.206569671630859
1259,8.418540000915527,7.207531929016113
1260,7.561579704284668,7.207812786102295
1261,8.8231201171875,7.209092617034912
1262,8.669820785522461,7.210249423980713
1263,8.878191947937012,7.211568832397461
1264,8.472949028015137,7.2125654220581055
1265,5.524154186248779,7.2112321853637695
1266,8.378684997558594,7.212153911590576
1267,9.086431503295898,7.213632106781006
1268,9.050676345825195,7.2150797843933105
1269,9.832085609436035,7.2171406745910645
1270,8.009263038635254,7.217763423919678
1271,9.666231155395508,7.2196879386901855
1272,11.720131874084473,7.2232232093811035
1273,9.17445182800293,7.224754810333252
1274,9.894731521606445,7.22684907913208
1275,7.702358245849609,7.227221488952637
1276,9.188310623168945,7.228757381439209
1277,8.616318702697754,7.2298431396484375
1278,9.568007469177246,7.231671333312988
1279,6.378608226776123,7.2310051918029785
1280,10.022554397583008,7.233184337615967
1281,9.676775932312012,7.235090255737305
1282,9.0396089553833,7.236496925354004
1283,9.553051948547363,7.238300800323486
1284,9.341035842895508,7.2399373054504395
1285,8.565351486206055,7.240967750549316
1286,8.0794038772583,7.241619110107422
1287,9.620179176330566,7.243465900421143
1288,9.149028778076172,7.2449445724487305
1289,9.155505180358887,7.246425151824951
1290,8.936141967773438,7.247734546661377
1291,9.760293006896973,7.2496795654296875
1292,8.99308967590332,7.251028060913086
1293,9.092283248901367,7.252450466156006
1294,9.323688507080078,7.254049301147461
1295,9.168725967407227,7.255527019500732
1296,9.41125774383545,7.2571892738342285
1297,7.995436191558838,7.257757663726807
1298,9.230367660522461,7.259276390075684
1299,8.299039840698242,7.26007604598999
1300,7.4796576499938965,7.260244369506836
1301,8.589521408081055,7.261265754699707
1302,7.297763824462891,7.261293888092041
1303,7.347354412078857,7.261360168457031
1304,6.853363990783691,7.26104736328125
1305,6.094074726104736,7.260153770446777
1306,9.196969985961914,7.261635780334473
1307,5.630276679992676,7.260388374328613
1308,8.365140914916992,7.261232376098633
1309,8.185842514038086,7.261938095092773
1310,8.594866752624512,7.2629547119140625
1311,8.976245880126953,7.264260768890381
1312,7.573976993560791,7.264496803283691
1313,7.599409103393555,7.26475191116333
1314,9.106714248657227,7.266152381896973
1315,9.290499687194824,7.267690181732178
1316,7.228155136108398,7.267660617828369
1317,9.922916412353516,7.269674777984619
1318,9.761457443237305,7.271564483642578
1319,10.97005844116211,7.2743659019470215
1320,9.425280570983887,7.275993824005127
1321,11.267962455749512,7.279013156890869
1322,10.034858703613281,7.281096458435059
1323,9.912981033325195,7.283084392547607
1324,9.544180870056152,7.284790515899658
1325,10.759767532348633,7.287411212921143
1326,8.73747730255127,7.288504123687744
1327,11.43492603302002,7.2916259765625
1328,7.645333290100098,7.291892051696777
1329,7.443792819976807,7.292006015777588
1330,8.510896682739258,7.292922019958496
1331,8.605987548828125,7.29390811920166
1332,8.74096965789795,7.294993877410889
1333,8.983899116516113,7.296259880065918
1334,10.806194305419922,7.298889636993408
1335,9.030742645263672,7.300185680389404
1336,11.130401611328125,7.303050518035889
1337,9.751629829406738,7.3048810958862305
1338,9.081581115722656,7.30620813369751
1339,9.158013343811035,7.307590007781982
1340,10.290369987487793,7.309814453125
1341,10.347450256347656,7.31207799911499
1342,9.532947540283203,7.313731670379639
1343,8.27387809753418,7.314445972442627
1344,7.758309841156006,7.314776420593262
1345,9.895864486694336,7.3166937828063965
1346,9.200152397155762,7.318091869354248
1347,9.76333236694336,7.319906234741211
1348,8.593826293945312,7.320850372314453
1349,8.847033500671387,7.3219804763793945
1350,11.149938583374023,7.324814319610596
1351,9.783622741699219,7.326632499694824
1352,9.613459587097168,7.328322887420654
1353,8.12432861328125,7.3289103507995605
1354,8.798542976379395,7.329995155334473
1355,10.284871101379395,7.332174777984619
1356,8.860391616821289,7.333300590515137
1357,8.719017028808594,7.334321022033691
1358,7.806966781616211,7.3346686363220215
1359,8.948997497558594,7.335855484008789
1360,9.04289436340332,7.3371100425720215
1361,9.541133880615234,7.338727951049805
1362,5.652878761291504,7.337491512298584
1363,7.36525297164917,7.337512016296387
1364,9.113824844360352,7.338813304901123
1365,10.310864448547363,7.340989112854004
1366,8.523193359375,7.341854095458984
1367,9.197938919067383,7.3432111740112305
1368,10.713369369506836,7.345672607421875
1369,7.980494022369385,7.34613561630249
1370,7.3219895362854,7.346118450164795
1371,7.880816459655762,7.346508026123047
1372,5.995457172393799,7.345523834228516
1373,8.426222801208496,7.346310138702393
1374,11.166448593139648,7.349088191986084
1375,8.7842378616333,7.350131034851074
1376,10.612992286682129,7.352500915527344
1377,10.274434089660645,7.354620933532715
1378,10.48202896118164,7.356889247894287
1379,10.84841251373291,7.359419345855713
1380,10.677638053894043,7.361822605133057
1381,9.866460800170898,7.3636345863342285
1382,10.256690979003906,7.365726470947266
1383,11.343502044677734,7.368600845336914
1384,9.343151092529297,7.370026111602783
1385,9.413497924804688,7.371500492095947
1386,8.931695938110352,7.372625350952148
1387,7.794894218444824,7.372929573059082
1388,8.701833724975586,7.3738861083984375
1389,9.655853271484375,7.375528335571289
1390,7.861966133117676,7.37587833404541
1391,9.844470024108887,7.377651691436768
1392,9.54465389251709,7.379207611083984
1393,9.83656120300293,7.3809709548950195
1394,7.690066814422607,7.381192684173584
1395,9.890460968017578,7.38299036026001
1396,8.517340660095215,7.38380241394043
1397,10.060253143310547,7.385716915130615
1398,9.495187759399414,7.3872246742248535
1399,5.964749336242676,7.386209011077881
1400,7.130131721496582,7.386025905609131
1401,9.780570030212402,7.387733459472656
1402,10.1611328125,7.389710426330566
1403,8.273727416992188,7.3903398513793945
1404,9.312348365783691,7.391707897186279
1405,8.729951858520508,7.3926591873168945
1406,9.054699897766113,7.393840789794922
1407,8.976863861083984,7.394964694976807
1408,8.557841300964355,7.395790100097656
1409,9.630878448486328,7.397375106811523
1410,9.002262115478516,7.398512363433838
1411,9.958635330200195,7.400325775146484
1412,9.24726390838623,7.401632785797119
1413,8.601058959960938,7.402480602264404
1414,7.882876873016357,7.402820110321045
1415,9.384557723999023,7.404219627380371
1416,8.977460861206055,7.405330181121826
1417,9.486591339111328,7.406797409057617
1418,8.379069328308105,7.407482624053955
1419,6.271429538726807,7.40668249130249
1420,8.421751976013184,7.4073967933654785
1421,8.826116561889648,7.408394813537598
1422,6.361474990844727,7.40765905380249
1423,6.884931564331055,7.407291889190674
1424,8.475464820861816,7.408041477203369
1425,9.803706169128418,7.409721374511719
1426,11.328983306884766,7.412467956542969
1427,11.766915321350098,7.4155168533325195
1428,8.765356063842773,7.416461944580078
1429,10.722028732299805,7.418773174285889
1430,11.514820098876953,7.421635627746582
1431,12.006891250610352,7.424837589263916
1432,11.558181762695312,7.427721977233887
1433,11.504711151123047,7.430565357208252
1434,8.46097183227539,7.431283473968506
1435,14.431551933288574,7.436158180236816
1436,9.731559753417969,7.437755584716797
1437,12.112052917480469,7.441006183624268
1438,13.282543182373047,7.445065498352051
1439,10.60057544708252,7.447257041931152
1440,8.463766098022461,7.447962284088135
1441,10.9825439453125,7.450413227081299
1442,11.264089584350586,7.4530558586120605
1443,10.411636352539062,7.455105304718018
1444,8.065780639648438,7.4555277824401855
1445,13.253244400024414,7.459537029266357
1446,10.627994537353516,7.461726665496826
1447,11.838945388793945,7.464749336242676
1448,9.85795783996582,7.466401100158691
1449,10.85488510131836,7.468738079071045
1450,11.296463966369629,7.471375942230225
1451,8.884321212768555,7.472349643707275
1452,11.654630661010742,7.4752278327941895
1453,13.020377159118652,7.479041576385498
1454,10.90142822265625,7.481393814086914
1455,11.979433059692383,7.484482765197754
1456,9.79671859741211,7.486070156097412
1457,13.112041473388672,7.489928722381592
1458,8.659605026245117,7.490730285644531
1459,10.884661674499512,7.4930548667907715
1460,13.39880084991455,7.497097015380859
1461,9.495464324951172,7.4984636306762695
1462,10.367021560668945,7.500424385070801
1463,9.71101188659668,7.50193452835083
1464,9.97917652130127,7.503625392913818
1465,10.637574195861816,7.505763530731201
1466,13.553938865661621,7.509886264801025
1467,9.606456756591797,7.511314392089844
1468,13.946489334106445,7.515694618225098
1469,10.51440715789795,7.517735004425049
1470,9.077311515808105,7.518795013427734
1471,10.33405876159668,7.520707607269287
1472,8.744452476501465,7.521538257598877
1473,10.541892051696777,7.523587226867676
1474,9.645578384399414,7.525025844573975
1475,11.32631778717041,7.52760124206543
1476,11.605737686157227,7.530362129211426
1477,12.455105781555176,7.533694267272949
1478,12.706621170043945,7.537191867828369
1479,11.253360748291016,7.539702415466309
1480,9.254003524780273,7.540860176086426
1481,9.967406272888184,7.542497634887695
1482,10.001378059387207,7.544155597686768
1483,10.892358779907227,7.546411514282227
1484,10.716217041015625,7.548545837402344
1485,13.31545352935791,7.552426815032959
1486,9.419827461242676,7.553682804107666
1487,10.699244499206543,7.5557966232299805
1488,12.719850540161133,7.559264659881592
1489,9.35384750366211,7.560468673706055
1490,9.09784984588623,7.561500072479248
1491,9.757200241088867,7.562971115112305
1492,10.907963752746582,7.565211772918701
1493,11.925304412841797,7.5681304931640625
1494,10.78955078125,7.570284843444824
1495,10.903471946716309,7.572513103485107
1496,9.261442184448242,7.573641300201416
1497,11.478683471679688,7.5762481689453125
1498,11.354427337646484,7.578768730163574
1499,10.309735298156738,7.580589294433594
1500,6.264885902404785,7.579712390899658
1501,10.53600788116455,7.581680774688721
1502,7.84330415725708,7.581855297088623
1503,8.608803749084473,7.582537651062012
1504,12.397150993347168,7.585737228393555
1505,10.192733764648438,7.587467670440674
1506,11.787788391113281,7.590255260467529
1507,10.36171817779541,7.592092990875244
1508,8.766093254089355,7.592870712280273
1509,9.132197380065918,7.5938897132873535
1510,9.668744087219238,7.5952630043029785
1511,9.094615936279297,7.596254825592041
1512,8.575058937072754,7.596901893615723
1513,10.351662635803223,7.598721027374268
1514,10.636783599853516,7.60072660446167
1515,9.183064460754395,7.601769924163818
1516,10.472969055175781,7.603662490844727
1517,9.378340721130371,7.604831218719482
1518,10.360499382019043,7.606645107269287
1519,10.29284381866455,7.608412742614746
1520,8.444561004638672,7.608962059020996
1521,10.01705551147461,7.610544204711914
1522,11.385223388671875,7.613022327423096
1523,9.81395149230957,7.614466190338135
1524,10.670206069946289,7.616469860076904
1525,12.26247787475586,7.619514465332031
1526,9.776880264282227,7.620927333831787
1527,11.292265892028809,7.623330116271973
1528,10.289680480957031,7.6250739097595215
1529,11.169687271118164,7.6273908615112305
1530,10.784931182861328,7.629453659057617
1531,11.428556442260742,7.631933689117432
1532,9.248720169067383,7.632988452911377
1533,9.870671272277832,7.63444709777832
1534,10.42914867401123,7.63626766204834
1535,10.898943901062012,7.638391971588135
1536,11.673965454101562,7.641017436981201
1537,9.709924697875977,7.64236307144165
1538,10.21042251586914,7.644031047821045
1539,8.581857681274414,7.6446404457092285
1540,12.076818466186523,7.64751672744751
1541,11.611589431762695,7.650087356567383
1542,10.469902992248535,7.651914596557617
1543,10.638276100158691,7.653849124908447
1544,9.884657859802246,7.655292987823486
1545,5.904061317443848,7.654160499572754
1546,11.566081047058105,7.656689167022705
1547,12.6832275390625,7.659936904907227
1548,11.664121627807617,7.662521839141846
1549,10.537434577941895,7.664376258850098
1550,9.579078674316406,7.6656107902526855
1551,8.258021354675293,7.665992259979248
1552,11.246209144592285,7.66829776763916
1553,12.717208862304688,7.671546459197998
1554,10.787286758422852,7.673550128936768
1555,10.033269882202148,7.6750664710998535
1556,10.640692710876465,7.676970958709717
1557,9.750889778137207,7.67830228805542
1558,12.7281494140625,7.681541442871094
1559,12.121357917785645,7.684387683868408
1560,11.158634185791016,7.686613082885742
1561,10.062336921691895,7.688133716583252
1562,10.86317253112793,7.6901655197143555
1563,11.215462684631348,7.692419528961182
1564,11.219131469726562,7.69467306137085
1565,11.792716979980469,7.697289943695068
1566,10.36225700378418,7.698990821838379
1567,10.561988830566406,7.7008161544799805
1568,9.625409126281738,7.702042579650879
1569,11.593791007995605,7.704521656036377
1570,9.75969409942627,7.705829620361328
1571,11.14503002166748,7.708017826080322
1572,11.568325996398926,7.710472106933594
1573,10.00802993774414,7.711931228637695
1574,12.642144203186035,7.715062141418457
1575,10.627001762390137,7.716909885406494
1576,12.519512176513672,7.719954967498779
1577,10.571717262268066,7.721762180328369
1578,12.264527320861816,7.724638938903809
1579,10.460747718811035,7.726370811462402
1580,10.977982521057129,7.728427410125732
1581,8.92762565612793,7.729185581207275
1582,13.588848114013672,7.732886791229248
1583,11.589550018310547,7.735321998596191
1584,13.5164213180542,7.738969326019287
1585,10.467031478881836,7.740689277648926
1586,11.482793807983398,7.74304723739624
1587,9.179034233093262,7.743951320648193
1588,11.959339141845703,7.746603965759277
1589,10.284272193908691,7.748199939727783
1590,12.962799072265625,7.751477241516113
1591,10.345101356506348,7.753106117248535
1592,12.60073471069336,7.7561492919921875
1593,11.98858642578125,7.7588043212890625
1594,8.505104064941406,7.75927209854126
1595,11.79013729095459,7.761797904968262
1596,11.778040885925293,7.764312744140625
1597,11.348207473754883,7.7665557861328125
1598,13.182445526123047,7.769942760467529
1599,12.849056243896484,7.7731170654296875
1600,10.680867195129395,7.774933338165283
1601,13.269706726074219,7.77836275100708
1602,12.50418758392334,7.78131103515625
1603,11.501673698425293,7.78363037109375
1604,12.51435661315918,7.786578178405762
1605,12.575733184814453,7.789560317993164
1606,11.071083068847656,7.791602611541748
1607,8.090929985046387,7.791788578033447
1608,13.693046569824219,7.795456409454346
1609,10.546302795410156,7.7971649169921875
1610,11.38345718383789,7.799391269683838
1611,11.42656421661377,7.801641464233398
1612,11.731086730957031,7.804077625274658
1613,12.292671203613281,7.806859016418457
1614,11.37757682800293,7.809070110321045
1615,11.309808731079102,7.811236381530762
1616,13.187379837036133,7.814561367034912
1617,13.198102951049805,7.8178887367248535
1618,12.151260375976562,7.820565223693848
1619,14.59436321258545,7.824746608734131
1620,10.963153839111328,7.8266825675964355
1621,14.386454582214355,7.8307271003723145
1622,11.995540618896484,7.8332929611206055
1623,11.784708023071289,7.835726261138916
1624,13.504158020019531,7.839214324951172
1625,12.64101505279541,7.842167377471924
1626,13.26856803894043,7.845502853393555
1627,12.694585800170898,7.848481178283691
1628,12.8110933303833,7.851527690887451
1629,8.899518013000488,7.852170467376709
1630,11.734138488769531,7.854550838470459
1631,11.377750396728516,7.856709957122803
1632,10.170422554016113,7.858127117156982
1633,12.134947776794434,7.860743999481201
1634,11.713834762573242,7.863101005554199
1635,8.216324806213379,7.863317012786865
1636,13.29563045501709,7.866635799407959
1637,12.147899627685547,7.86924934387207
1638,11.08683967590332,7.871212482452393
1639,14.501703262329102,7.875255584716797
1640,11.604907989501953,7.877528190612793
1641,8.036826133728027,7.877624988555908
1642,11.371610641479492,7.879752159118652
1643,12.977380752563477,7.882853031158447
1644,12.984293937683105,7.885953903198242
1645,11.050432205200195,7.887876987457275
1646,6.333223342895508,7.886932849884033
1647,14.09957504272461,7.890702724456787
1648,15.041751861572266,7.8950395584106445
1649,7.572998046875,7.8948445320129395
1650,9.079071044921875,7.895561695098877
1651,6.973755836486816,7.895003795623779
1652,8.940281867980957,7.895636081695557
1653,8.327181816101074,7.895896911621094
1654,11.108476638793945,7.897838115692139
1655,13.668017387390137,7.901322364807129
1656,12.184148788452148,7.903907299041748
1657,10.977300643920898,7.905761241912842
1658,8.598532676696777,7.906178951263428
1659,7.847801208496094,7.906143665313721
1660,11.272114753723145,7.908170223236084
1661,5.154144287109375,7.906513214111328
1662,6.196686744689941,7.905484676361084
1663,11.221246719360352,7.907477855682373
1664,8.14389419555664,7.907619476318359
1665,7.084186553955078,7.907124996185303
1666,11.559462547302246,7.909316062927246
1667,8.649299621582031,7.909759998321533
1668,7.0279221534729,7.909231662750244
1669,7.244712829589844,7.908833980560303
1670,4.596024036407471,7.906851291656494
1671,11.017820358276367,7.908711910247803
1672,10.314584732055664,7.910150051116943
1673,5.483728408813477,7.908699989318848
1674,8.322011947631836,7.908946990966797
1675,9.332082748413086,7.909796237945557
1676,8.373682022094727,7.9100728034973145
1677,6.8826398849487305,7.90946102142334
1678,5.625285625457764,7.908100128173828
1679,9.764470100402832,7.909205436706543
1680,8.8053617477417,7.909738540649414
1681,11.972288131713867,7.912154197692871
1682,11.366902351379395,7.9142069816589355
1683,14.978248596191406,7.918401718139648
1684,13.96249771118164,7.9219889640808105
1685,14.074850082397461,7.925638675689697
1686,13.086771965026855,7.9286980628967285
1687,10.025899887084961,7.929940700531006
1688,10.200578689575195,7.9312849044799805
1689,13.442755699157715,7.934545993804932
1690,11.163615226745605,7.936455726623535
1691,10.655030250549316,7.93806266784668
1692,15.530277252197266,7.94254732131958
1693,14.595766067504883,7.946474552154541
1694,11.032343864440918,7.9482951164245605
1695,11.681886672973633,7.950496673583984
1696,12.260173797607422,7.953035831451416
1697,11.215618133544922,7.954957485198975
1698,12.635087013244629,7.957711696624756
1699,8.776205062866211,7.958193302154541
1700,9.354625701904297,7.959014415740967
1701,7.657245635986328,7.958837032318115
1702,9.057710647583008,7.959482192993164
1703,6.7645769119262695,7.958780765533447
1704,8.515185356140137,7.959107398986816
1705,9.183334350585938,7.959825038909912
1706,9.30703067779541,7.960614204406738
1707,8.894625663757324,7.961161136627197
1708,7.096958160400391,7.960655212402344
1709,9.491589546203613,7.961550235748291
1710,9.429789543151855,7.962408542633057
1711,7.170546531677246,7.9619460105896
1712,9.20693302154541,7.962672710418701
1713,7.171649932861328,7.962211608886719
1714,8.800890922546387,7.962700366973877
1715,5.563454627990723,7.961302280426025
1716,9.909637451171875,7.962436676025391
1717,6.311237335205078,7.961475849151611
1718,6.492006778717041,7.960620880126953
1719,5.354410171508789,7.959105968475342
1720,-4.394002914428711,7.95192813873291
1721,9.348526954650879,7.952739238739014
1722,-4.29675817489624,7.945630073547363
1723,11.997629165649414,7.9479804039001465
1724,7.944357395172119,7.947978496551514
1725,6.358464241027832,7.947057247161865
1726,12.64694595336914,7.9497785568237305
1727,7.198507785797119,7.949343681335449
1728,6.944551467895508,7.9487624168396
1729,9.59450912475586,7.949713706970215
1730,5.815651893615723,7.948480606079102
1731,9.489349365234375,7.949370384216309
1732,7.380623817443848,7.949042320251465
1733,5.325490951538086,7.947529315948486
1734,7.3198628425598145,7.947167873382568
1735,9.63204288482666,7.948138236999512
1736,7.064807415008545,7.947629451751709
1737,7.602795600891113,7.947430610656738
1738,7.476540565490723,7.947160243988037
1739,7.0667619705200195,7.946653842926025
1740,7.112801551818848,7.9461750984191895
1741,4.662395477294922,7.9442901611328125
1742,7.761897087097168,7.944185256958008
1743,7.166823863983154,7.943739414215088
1744,5.621983528137207,7.942409038543701
1745,7.385611534118652,7.9420905113220215
1746,7.02571964263916,7.94156551361084
1747,9.928533554077148,7.942702293395996
1748,6.557422161102295,7.941910266876221
1749,7.97546911239624,7.941929817199707
1750,7.870876312255859,7.94188928604126
1751,7.649444580078125,7.941722393035889
1752,7.219326972961426,7.941310405731201
1753,8.939885139465332,7.9418792724609375
1754,9.194211959838867,7.942593097686768
1755,7.891924858093262,7.942564010620117
1756,9.659109115600586,7.943541049957275
1757,9.028470993041992,7.94415807723999
1758,7.509869575500488,7.943911075592041
1759,9.353354454040527,7.944712162017822
1760,10.598058700561523,7.946218490600586
1761,10.09317398071289,7.947436809539795
1762,8.368684768676758,7.947676181793213
1763,8.712204933166504,7.948109149932861
1764,8.466659545898438,7.948403358459473
1765,8.470166206359863,7.9486985206604
1766,7.4119873046875,7.948394775390625
1767,7.9166436195373535,7.9483771324157715
1768,7.142979621887207,7.947921276092529
1769,6.973441123962402,7.947371006011963
1770,7.651392936706543,7.947203636169434
1771,7.6479620933532715,7.947035312652588
1772,8.845019340515137,7.9475417137146
1773,7.332724571228027,7.947195053100586
1774,9.214559555053711,7.947909355163574
1775,7.261550426483154,7.94752311706543
1776,7.455326080322266,7.947246074676514
1777,8.851508140563965,7.947754383087158
1778,9.589696884155273,7.9486775398254395
1779,7.707182884216309,7.948541641235352
1780,7.989006519317627,7.948564529418945
1781,7.968828201293945,7.948575973510742
1782,7.963771820068359,7.94858455657959
1783,8.720682144165039,7.949017524719238
1784,7.155792713165283,7.948573112487793
1785,7.969974994659424,7.948585033416748
1786,7.381056785583496,7.948267459869385
1787,6.118274211883545,7.947243690490723
1788,9.496755599975586,7.948110103607178
1789,9.19124698638916,7.94880485534668
1790,10.053854942321777,7.949979782104492
1791,8.242286682128906,7.950142860412598
1792,8.548166275024414,7.950476169586182
1793,8.474637031555176,7.95076847076416
1794,6.424651622772217,7.949918270111084
1795,7.339806079864502,7.949578762054443
1796,7.890870571136475,7.949545860290527
1797,7.173251628875732,7.949113845825195
1798,8.489738464355469,7.949414253234863
1799,8.024534225463867,7.949455738067627
1800,8.132711410522461,7.949557781219482
1801,7.37226676940918,7.94923734664917
1802,5.0318217277526855,7.947619438171387
1803,6.503420829772949,7.946818828582764
1804,6.341851234436035,7.945930004119873
1805,7.325654029846191,7.945586204528809
1806,8.638087272644043,7.945969104766846
1807,7.062101364135742,7.9454803466796875
1808,8.487444877624512,7.945779800415039
1809,7.889158248901367,7.945748329162598
1810,8.951468467712402,7.946303844451904
1811,8.152772903442383,7.946417331695557
1812,9.429187774658203,7.947235107421875
1813,8.506370544433594,7.947543621063232
1814,10.339179039001465,7.948861122131348
1815,11.541555404663086,7.950839519500732
1816,11.829898834228516,7.952974319458008
1817,11.146810531616211,7.954730987548828
1818,11.673629760742188,7.956775665283203
1819,12.255266189575195,7.959137439727783
1820,12.058634757995605,7.96138858795166
1821,11.521305084228516,7.963342666625977
1822,12.804771423339844,7.96599817276001
1823,12.857219696044922,7.968679904937744
1824,12.140668869018555,7.97096586227417
1825,11.490464210510254,7.972893238067627
1826,11.201810836791992,7.974660873413086
1827,12.08366870880127,7.9769086837768555
1828,12.29056167602539,7.979267597198486
1829,12.716558456420898,7.981856346130371
1830,12.378421783447266,7.984257698059082
1831,11.972260475158691,7.9864349365234375
1832,12.979608535766602,7.989158630371094
1833,11.580432891845703,7.991116523742676
1834,11.457003593444824,7.993005275726318
1835,11.294317245483398,7.994803428649902
1836,11.311748504638672,7.996608734130859
1837,11.986730575561523,7.998779773712158
1838,11.867466926574707,8.000883102416992
1839,12.047338485717773,8.003082275390625
1840,10.879794120788574,8.004644393920898
1841,10.77458381652832,8.006148338317871
1842,12.053394317626953,8.008344650268555
1843,11.061650276184082,8.010000228881836
1844,11.742673873901367,8.012022972106934
1845,11.260087966918945,8.013782501220703
1846,12.210265159606934,8.016054153442383
1847,11.462754249572754,8.017919540405273
1848,11.526183128356934,8.019817352294922
1849,10.54458236694336,8.0211820602417
1850,10.605752944946289,8.022578239440918
1851,11.805511474609375,8.02462100982666
1852,11.665851593017578,8.026585578918457
1853,10.110673904418945,8.0277099609375
1854,11.579086303710938,8.029623985290527
1855,12.173131942749023,8.031856536865234
1856,11.145029067993164,8.033533096313477
1857,12.471996307373047,8.035922050476074
1858,11.371086120605469,8.037715911865234
1859,11.973865509033203,8.03983211517334
1860,11.882529258728027,8.04189682006836
1861,14.417192459106445,8.045321464538574
1862,15.641668319702148,8.049398422241211
1863,14.48158073425293,8.052848815917969
1864,14.107074737548828,8.056095123291016
1865,13.758821487426758,8.059151649475098
1866,15.018216133117676,8.06287956237793
1867,14.671330451965332,8.06641674041748
1868,14.547685623168945,8.069884300231934
1869,14.279470443725586,8.07320499420166
1870,13.904970169067383,8.076322555541992
1871,13.285783767700195,8.079105377197266
1872,13.4922456741333,8.081995010375977
1873,13.00981616973877,8.084625244140625
1874,13.68773365020752,8.087613105773926
1875,13.459230422973633,8.090476036071777
1876,13.715056419372559,8.093472480773926
1877,13.990311622619629,8.096612930297852
1878,14.084875106811523,8.099799156188965
1879,14.673018455505371,8.103296279907227
1880,14.94619369506836,8.10693359375
1881,15.07697868347168,8.110637664794922
1882,14.279680252075195,8.113913536071777
1883,13.788494110107422,8.116925239562988
1884,14.54220199584961,8.120333671569824
1885,13.888350486755371,8.123392105102539
1886,14.569427490234375,8.126808166503906
1887,14.338119506835938,8.130098342895508
1888,14.578455924987793,8.133511543273926
1889,14.653974533081055,8.136961936950684
1890,13.568791389465332,8.139833450317383
1891,14.197579383850098,8.143035888671875
1892,14.449804306030273,8.146367073059082
1893,14.098173141479492,8.149510383605957
1894,11.069499015808105,8.151050567626953
1895,12.999320983886719,8.153607368469238
1896,11.271917343139648,8.155251502990723
1897,13.453634262084961,8.158042907714844
1898,14.261186599731445,8.161256790161133
1899,13.805086135864258,8.164226531982422
1900,13.5078125,8.167037963867188
1901,13.462709426879883,8.169822692871094
1902,11.988348960876465,8.171829223632812
1903,13.296236991882324,8.174520492553711
1904,14.622612953186035,8.177905082702637
1905,11.396082878112793,8.179594039916992
1906,12.54270076751709,8.18188190460205
1907,11.796150207519531,8.183775901794434
1908,11.211137771606445,8.185361862182617
1909,11.215965270996094,8.186948776245117
1910,11.351755142211914,8.188604354858398
1911,12.585831642150879,8.19090461730957
1912,12.996443748474121,8.193415641784668
1913,11.9199800491333,8.19536304473877
1914,11.469077110290527,8.19707202911377
1915,12.726131439208984,8.19943618774414
1916,12.422815322875977,8.201639175415039
1917,12.37039566040039,8.203812599182129
1918,12.49776840209961,8.206050872802734
1919,12.22454833984375,8.20814323425293
1920,12.508323669433594,8.210382461547852
1921,10.585886001586914,8.211618423461914
1922,12.856098175048828,8.214034080505371
1923,12.348691940307617,8.216182708740234
1924,13.105655670166016,8.218722343444824
1925,12.160386085510254,8.220768928527832
1926,11.648283958435059,8.22254753112793
1927,13.390774726867676,8.225228309631348
1928,11.140144348144531,8.226739883422852
1929,12.651782989501953,8.229032516479492
1930,9.227837562561035,8.229549407958984
1931,11.624089241027832,8.231306076049805
1932,13.893366813659668,8.234235763549805
1933,12.380236625671387,8.23637866973877
1934,14.609036445617676,8.239672660827637
1935,14.315153121948242,8.24281120300293
1936,13.665057182312012,8.245610237121582
1937,14.04452133178711,8.248602867126465
1938,14.281646728515625,8.251713752746582
1939,13.162703514099121,8.25424575805664
1940,13.889851570129395,8.257148742675781
1941,13.732093811035156,8.259967803955078
1942,13.331674575805664,8.262578964233398
1943,13.565888404846191,8.26530647277832
1944,12.669974327087402,8.267571449279785
1945,12.59946060180664,8.269797325134277
1946,13.879558563232422,8.27267837524414
1947,13.098899841308594,8.275156021118164
1948,13.70484733581543,8.277941703796387
1949,13.871253967285156,8.280810356140137
1950,13.881433486938477,8.28368091583252
1951,13.63394832611084,8.286421775817871
1952,12.906715393066406,8.288787841796875
1953,11.458078384399414,8.290409088134766
1954,15.415975570678711,8.29405403137207
1955,15.388385772705078,8.297680854797363
1956,15.840208053588867,8.301535606384277
1957,13.937182426452637,8.304413795471191
1958,14.648340225219727,8.307652473449707
1959,12.17325210571289,8.309623718261719
1960,12.077875137329102,8.311545372009277
1961,13.209907531738281,8.314042091369629
1962,13.055323600769043,8.316457748413086
1963,13.118424415588379,8.318902969360352
1964,13.827608108520508,8.32170581817627
1965,12.504262924194336,8.323833465576172
1966,13.384668350219727,8.326406478881836
1967,12.462005615234375,8.328508377075195
1968,12.64262580871582,8.33069896697998
1969,12.980085372924805,8.333059310913086
1970,12.689529418945312,8.335269927978516
1971,12.84410572052002,8.337555885314941
1972,10.511190414428711,8.33865737915039
1973,13.308392524719238,8.341175079345703
1974,13.492417335510254,8.343783378601074
1975,11.782994270324707,8.345523834228516
1976,10.790501594543457,8.346760749816895
1977,11.425457000732422,8.348318099975586
1978,12.314485549926758,8.350321769714355
1979,11.938030242919922,8.352133750915527
1980,12.735483169555664,8.354347229003906
1981,12.798367500305176,8.356589317321777
1982,12.711494445800781,8.358784675598145
1983,13.221097946166992,8.361235618591309
1984,13.870421409606934,8.364011764526367
1985,12.031683921813965,8.36585807800293
1986,11.92744255065918,8.367650032043457
1987,12.71982192993164,8.369839668273926
1988,13.490339279174805,8.372414588928223
1989,13.944356918334961,8.375214576721191
1990,12.750616073608398,8.377411842346191
1991,12.153011322021484,8.37930679321289
1992,12.795509338378906,8.381523132324219
1993,12.007637977600098,8.383341789245605
1994,13.732489585876465,8.386022567749023
1995,13.513827323913574,8.388591766357422
1996,13.014544486999512,8.390907287597656
1997,14.514223098754883,8.393972396850586
1998,12.373819351196289,8.395962715148926
1999,13.495540618896484,8.398512840270996
2000,12.907715797424316,8.400766372680664
2001,11.099444389343262,8.402114868164062
2002,13.855892181396484,8.404836654663086
2003,8.172957420349121,8.404722213745117
2004,10.296083450317383,8.405665397644043
2005,8.818194389343262,8.405871391296387
2006,7.597224235534668,8.405468940734863
2007,8.284439086914062,8.40540885925293
2008,10.696486473083496,8.406549453735352
2009,9.602083206176758,8.407143592834473
2010,8.490790367126465,8.407185554504395
2011,10.457677841186523,8.408204078674316
2012,9.132392883300781,8.408563613891602
2013,8.771665573120117,8.408743858337402
2014,8.6677827835083,8.408872604370117
2015,9.12747573852539,8.409229278564453
2016,10.201329231262207,8.410117149353027
2017,7.4672627449035645,8.409649848937988
2018,7.036306381225586,8.40896987915039
2019,11.032386779785156,8.410269737243652
2020,4.156697750091553,8.408164024353027
2021,8.622411727905273,8.408270835876465
2022,4.303558349609375,8.406241416931152
2023,8.742652893066406,8.406407356262207
2024,10.318297386169434,8.40735149383545
2025,9.788183212280273,8.40803337097168
2026,6.460122108459473,8.407073020935059
2027,12.328189849853516,8.409006118774414
2028,8.1470308303833,8.4088773727417
2029,9.311044692993164,8.409320831298828
2030,6.474761486053467,8.408368110656738
2031,5.1790056228637695,8.406779289245605
2032,10.583847999572754,8.40785026550293
2033,9.86473274230957,8.408567428588867
2034,9.307319641113281,8.409008026123047
2035,9.038616180419922,8.409317970275879
2036,6.508198261260986,8.408384323120117
2037,7.843363285064697,8.40810775756836
2038,10.597271919250488,8.409181594848633
2039,8.9834623336792,8.409462928771973
2040,8.231978416442871,8.40937614440918
2041,8.50399112701416,8.409422874450684
2042,8.08564567565918,8.40926456451416
2043,7.947456359863281,8.409038543701172
2044,14.130939483642578,8.411836624145508
2045,6.749223709106445,8.41102409362793
2046,9.111328125,8.41136646270752
2047,8.99570083618164,8.411651611328125
2048,6.4440717697143555,8.410691261291504
2049,7.138875961303711,8.410070419311523
2050,7.596835613250732,8.409674644470215
2051,7.311709403991699,8.409139633178711
2052,7.766796112060547,8.40882682800293
2053,6.92241907119751,8.408102989196777
2054,7.921189308166504,8.407866477966309
2055,6.46132755279541,8.406919479370117
2056,6.971619606018066,8.406221389770508
2057,4.390081882476807,8.40427017211914
2058,8.150733947753906,8.404147148132324
2059,7.872801303863525,8.403889656066895
2060,7.061009407043457,8.403237342834473
2061,7.560373306274414,8.40282917022705
2062,7.92978048324585,8.402599334716797
2063,7.711080551147461,8.402264595031738
2064,6.3923492431640625,8.401290893554688
2065,8.391133308410645,8.401286125183105
2066,3.991168737411499,8.399151802062988
2067,7.8685784339904785,8.398895263671875
2068,9.851237297058105,8.399598121643066
2069,6.480134010314941,8.398670196533203
2070,8.23764419555664,8.398592948913574
2071,7.273684024810791,8.398050308227539
2072,7.659778118133545,8.39769458770752
2073,6.328079700469971,8.396696090698242
2074,6.454563617706299,8.395760536193848
2075,5.799984931945801,8.394510269165039
2076,2.7940807342529297,8.391814231872559
2077,5.93044376373291,8.390629768371582
2078,4.145180702209473,8.38858699798584
2079,6.0596418380737305,8.387468338012695
2080,7.99705696105957,8.387280464172363
2081,5.361020088195801,8.38582706451416
2082,6.2743353843688965,8.384812355041504
2083,4.715973377227783,8.383052825927734
2084,6.762331962585449,8.382274627685547
2085,6.444999694824219,8.381346702575684
2086,7.798469543457031,8.381067276000977
2087,5.03361701965332,8.379464149475098
2088,6.110436916351318,8.378377914428711
2089,7.0665693283081055,8.377750396728516
2090,4.865316867828369,8.376070022583008
2091,6.672737121582031,8.375255584716797
2092,5.538210391998291,8.373900413513184
2093,6.517726898193359,8.373014450073242
2094,5.657558441162109,8.371718406677246
2095,9.805623054504395,8.37240219116211
2096,5.268208980560303,8.37092113494873
2097,6.999088287353516,8.370267868041992
2098,5.002327919006348,8.36866283416748
2099,3.583674669265747,8.366384506225586
2100,-1.283344030380249,8.361791610717773
2101,-0.6052049994468689,8.357525825500488
2102,7.320894718170166,8.357032775878906
2103,0.3381505012512207,8.35322093963623
2104,4.823878765106201,8.351545333862305
2105,3.637300729751587,8.349306106567383
2106,1.0852004289627075,8.345858573913574
2107,0.16167370975017548,8.341976165771484
2108,1.4423118829727173,8.338705062866211
2109,-0.9121764898300171,8.334320068359375
2110,1.968054175376892,8.331304550170898
2111,1.7846375703811646,8.328205108642578
2112,1.74752938747406,8.325091361999512
2113,0.10098050534725189,8.32120132446289
2114,0.12723802030086517,8.317326545715332
2115,3.142324686050415,8.314881324768066
2116,3.773806571960449,8.312736511230469
2117,1.41074538230896,8.309476852416992
2118,0.44909030199050903,8.305768013000488
2119,0.6698329448699951,8.302165985107422
2120,3.567135810852051,8.299933433532715
2121,3.6717886924743652,8.297752380371094
2122,0.8048262596130371,8.294222831726074
2123,0.7420645952224731,8.290667533874512
2124,1.7186663150787354,8.287574768066406
2125,2.7158377170562744,8.284954071044922
2126,-0.07818744331598282,8.281022071838379
2127,3.1374871730804443,8.278604507446289
2128,-0.7575660347938538,8.274360656738281
2129,-1.2612022161483765,8.269883155822754
2130,-1.1812586784362793,8.265448570251465
2131,-1.6396152973175049,8.260802268981934
2132,-1.569062352180481,8.256194114685059
2133,0.10932155698537827,8.252376556396484
2134,0.6260864734649658,8.248805046081543
2135,1.5837215185165405,8.245684623718262
2136,-0.8239783048629761,8.241440773010254
2137,-0.9450346827507019,8.237143516540527
2138,1.6512641906738281,8.234064102172852
2139,0.38572484254837036,8.230396270751953
2140,1.7256665229797363,8.2273588180542
2141,-0.36933717131614685,8.223345756530762
2142,-0.9470173120498657,8.219066619873047
2143,0.6597670316696167,8.215540885925293
2144,14.60186767578125,8.218518257141113
2145,13.467252731323242,8.220963478088379
2146,14.459981918334961,8.223869323730469
2147,14.84789752960205,8.226953506469727
2148,14.617472648620605,8.229927062988281
2149,13.987775802612305,8.23260498046875
2150,12.692964553833008,8.234679222106934
2151,13.466262817382812,8.237110137939453
2152,13.261040687561035,8.2394437789917
2153,14.120389938354492,8.242175102233887
2154,13.731881141662598,8.244722366333008
2155,14.280374526977539,8.247522354125977
2156,15.62808895111084,8.250944137573242
2157,13.589325904846191,8.25341796875
2158,13.980340003967285,8.256071090698242
2159,14.085336685180664,8.258769989013672
2160,13.784996032714844,8.261327743530273
2161,14.547565460205078,8.26423454284668
2162,14.63833236694336,8.267181396484375
2163,13.767852783203125,8.269723892211914
2164,12.26905632019043,8.271571159362793
2165,12.988983154296875,8.273748397827148
2166,15.077094078063965,8.276887893676758
2167,14.688838958740234,8.279845237731934
2168,12.721536636352539,8.281892776489258
2169,13.440857887268066,8.284270286560059
2170,12.808120727539062,8.286355018615723
2171,14.727483749389648,8.28931999206543
2172,14.202760696411133,8.292040824890137
2173,12.475214958190918,8.293965339660645
2174,14.226946830749512,8.296692848205566
2175,12.796331405639648,8.298760414123535
2176,14.282398223876953,8.301509857177734
2177,13.751934051513672,8.304012298583984
2178,14.115924835205078,8.306678771972656
2179,14.222878456115723,8.309392929077148
2180,14.416738510131836,8.312192916870117
2181,14.204887390136719,8.31489372253418
2182,14.243448257446289,8.317609786987305
2183,14.066084861755371,8.320241928100586
2184,16.345060348510742,8.323914527893066
2185,14.858006477355957,8.326903343200684
2186,15.62200927734375,8.330239295959473
2187,14.042496681213379,8.332849502563477
2188,13.82091999053955,8.335356712341309
2189,14.35657024383545,8.338106155395508
2190,12.690133094787598,8.340092658996582
2191,13.345074653625488,8.342375755310059
2192,13.805831909179688,8.344867706298828
2193,13.054351806640625,8.347014427185059
2194,14.154492378234863,8.34965991973877
2195,14.088327407836914,8.352272987365723
2196,11.240499496459961,8.353588104248047
2197,12.691235542297363,8.355561256408691
2198,14.249478340148926,8.35824203491211
2199,14.282699584960938,8.36093521118164
2200,15.758176803588867,8.364295959472656
2201,13.45687484741211,8.366608619689941
2202,13.701433181762695,8.369029998779297
2203,14.615924835205078,8.37186336517334
2204,15.4188871383667,8.375059127807617
2205,14.399714469909668,8.377790451049805
2206,13.368875503540039,8.38005256652832
2207,15.466148376464844,8.383261680603027
2208,14.200138092041016,8.385894775390625
2209,15.875242233276367,8.389283180236816
2210,13.308341979980469,8.391508102416992
2211,12.558259963989258,8.393392562866211
2212,11.730096817016602,8.39490032196045
2213,15.268346786499023,8.398004531860352
2214,12.407371520996094,8.39981460571289
2215,15.243182182312012,8.40290355682373
2216,13.621630668640137,8.405257225036621
2217,14.615945816040039,8.40805721282959
2218,14.965070724487305,8.411011695861816
2219,12.473601341247559,8.412841796875
2220,13.183632850646973,8.414989471435547
2221,-1.1650701761245728,8.410677909851074
2222,1.6114201545715332,8.407618522644043
2223,3.098914861679077,8.405232429504395
2224,1.8073363304138184,8.402266502380371
2225,3.746091365814209,8.400175094604492
2226,0.14402775466442108,8.396468162536621
2227,-0.4704383611679077,8.392487525939941
2228,0.6296988725662231,8.389004707336426
2229,3.7594032287597656,8.38692855834961
2230,1.2319719791412354,8.383722305297852
2231,-0.26512646675109863,8.379846572875977
2232,1.0498942136764526,8.376564979553223
2233,-0.3661918640136719,8.372652053833008
2234,1.7889560461044312,8.369706153869629
2235,4.775562763214111,8.368098258972168
2236,4.5571513175964355,8.366394996643066
2237,5.289853096008301,8.365019798278809
2238,0.7399142980575562,8.361614227294922
2239,5.583091735839844,8.360374450683594
2240,1.6612975597381592,8.357385635375977
2241,-0.29578790068626404,8.35352611541748
2242,-1.8209697008132935,8.348990440368652
2243,-4.630486488342285,8.343206405639648
2244,3.374356269836426,8.34099292755127
2245,5.554161548614502,8.339752197265625
2246,2.93326997756958,8.337346076965332
2247,-2.4998605251312256,8.332525253295898
2248,6.096624851226807,8.331530570983887
2249,1.8902182579040527,8.328668594360352
2250,3.490623950958252,8.326519012451172
2251,-0.40422603487968445,8.32264232635498
2252,2.0056967735290527,8.319838523864746
2253,7.270632743835449,8.31937313079834
2254,-0.14773991703987122,8.315618515014648
2255,-2.9492430686950684,8.310625076293945
2256,5.666934967041016,8.309453010559082
2257,-0.48603910207748413,8.305557250976562
2258,1.2907719612121582,8.302452087402344
2259,1.7527801990509033,8.299553871154785
2260,5.836968421936035,8.298465728759766
2261,5.963888168334961,8.297433853149414
2262,3.498522996902466,8.295312881469727
2263,3.569037675857544,8.293225288391113
2264,3.7034153938293457,8.29119873046875
2265,2.700867176055908,8.288731575012207
2266,4.559290885925293,8.287086486816406
2267,4.26487922668457,8.28531265258789
2268,2.1077768802642822,8.28258991241455
2269,5.2140913009643555,8.281238555908203
2270,-0.053626611828804016,8.277568817138672
2271,3.8942551612854004,8.275639533996582
2272,3.7072970867156982,8.273630142211914
2273,0.6928339600563049,8.270296096801758
2274,1.7324914932250977,8.267422676086426
2275,3.0920963287353516,8.265149116516113
2276,2.3096961975097656,8.262533187866211
2277,-1.1144158840179443,8.258417129516602
2278,4.011948585510254,8.256553649902344
2279,3.283816337585449,8.254372596740723
2280,0.015100441873073578,8.250760078430176
2281,0.2025139331817627,8.247233390808105
2282,0.8815768957138062,8.244007110595703
2283,2.0480778217315674,8.241294860839844
2284,-0.7117205858230591,8.237377166748047
2285,2.431873321533203,8.234837532043457
2286,1.0887165069580078,8.231712341308594
2287,3.2443056106567383,8.229532241821289
2288,0.6548684239387512,8.22622299194336
2289,1.908081293106079,8.223464012145996
2290,2.1524245738983154,8.220813751220703
2291,-0.21503859758377075,8.217133522033691
2292,6.304751396179199,8.216299057006836
2293,-6.111727714538574,8.210053443908691
2294,-0.4835919737815857,8.206265449523926
2295,2.508655548095703,8.20378303527832
2296,0.27817854285240173,8.200332641601562
2297,3.126368999481201,8.198124885559082
2298,-0.14154809713363647,8.194498062133789
2299,4.181389808654785,8.192752838134766
2300,-3.2367050647735596,8.187786102294922
2301,1.7795488834381104,8.185002326965332
2302,-0.4461645483970642,8.181254386901855
2303,6.922745227813721,8.180707931518555
2304,2.542642116546631,8.178262710571289
2305,0.9265240430831909,8.175117492675781
2306,-10.629674911499023,8.166966438293457
2307,4.646675109863281,8.165440559387207
2308,8.5594482421875,8.165611267089844
2309,0.7048356533050537,8.162381172180176
2310,3.529254198074341,8.16037654876709
2311,3.685469388961792,8.158441543579102
2312,4.902414321899414,8.157033920288086
2313,3.6638622283935547,8.155092239379883
2314,-3.33327579498291,8.150129318237305
2315,-4.202486038208008,8.144795417785645
2316,-2.263758897781372,8.140302658081055
2317,0.9105117321014404,8.137184143066406
2318,4.471668720245361,8.135602951049805
2319,2.178692102432251,8.133034706115723
2320,0.07185350358486176,8.129561424255371
2321,-2.031376361846924,8.1251859664917
2322,0.8585978150367737,8.122057914733887
2323,1.687479019165039,8.11928939819336
2324,-6.890395164489746,8.112833976745605
2325,-0.35895204544067383,8.109190940856934
2326,3.6454172134399414,8.107272148132324
2327,6.58839225769043,8.106619834899902
2328,3.3814425468444824,8.10459041595459
2329,4.6390838623046875,8.103103637695312
2330,4.513279914855957,8.101563453674316
2331,6.715795516967773,8.100968360900879
2332,2.6859471797943115,8.098647117614746
2333,-6.237903118133545,8.092504501342773
2334,6.752851486206055,8.091930389404297
2335,2.511218547821045,8.089542388916016
2336,3.375399589538574,8.0875244140625
2337,4.970926761627197,8.086191177368164
2338,0.590794026851654,8.082986831665039
2339,-2.2784955501556396,8.078557968139648
2340,-4.185479164123535,8.073319435119629
2341,-2.6679065227508545,8.068733215332031
2342,-6.189697265625,8.062647819519043
2343,-0.4250083565711975,8.059025764465332
2344,1.802153468132019,8.056358337402344
2345,1.7277495861053467,8.053661346435547
2346,-1.4336289167404175,8.0496187210083
2347,-3.4976067543029785,8.044700622558594
2348,3.8769893646240234,8.042926788330078
2349,9.237458229064941,8.043435096740723
2350,6.285879611968994,8.04268741607666
2351,0.026910342276096344,8.039278984069824
2352,-0.3174607455730438,8.035727500915527
2353,1.21234130859375,8.032829284667969
2354,-2.0005648136138916,8.028568267822266
2355,-0.3643430769443512,8.025006294250488
2356,-5.459125518798828,8.019285202026367
2357,1.0727224349975586,8.016339302062988
2358,2.175503730773926,8.013863563537598
2359,0.8104085326194763,8.010810852050781
2360,0.43165507912635803,8.007600784301758
2361,0.08598741888999939,8.004246711730957
2362,4.404477119445801,8.002723693847656
2363,0.905253529548645,7.999720573425293
2364,-2.5173699855804443,7.995273590087891
2365,4.8479905128479,7.993943214416504
2366,-4.653204917907715,7.988600730895996
2367,8.005535125732422,7.988607883453369
2368,1.7232491970062256,7.985962867736816
2369,3.6186156272888184,7.9841203689575195
2370,-0.6147190928459167,7.980493545532227
2371,-0.5048259496688843,7.976916790008545
2372,0.21438995003700256,7.9736456871032715
2373,2.6550700664520264,7.971405029296875
2374,3.0548348426818848,7.969334602355957
2375,3.7009458541870117,7.967538356781006
2376,0.8588106632232666,7.964548110961914
2377,-3.3099899291992188,7.959806442260742
2378,5.993757724761963,7.958980083465576
2379,2.815993309020996,7.956819534301758
2380,2.082042694091797,7.954352378845215
2381,4.143754959106445,7.952752590179443
2382,2.9513587951660156,7.950654029846191
2383,3.011667490005493,7.948582172393799
2384,0.6509073972702026,7.945522308349609
2385,6.9497575759887695,7.945104598999023
2386,3.27974796295166,7.943150043487549
2387,1.5632331371307373,7.9404778480529785
2388,2.4357688426971436,7.938173770904541
2389,0.5705500245094299,7.935091018676758
2390,-3.4287467002868652,7.930337905883789
2391,3.068639039993286,7.928305149078369
2392,8.76425552368164,7.928654193878174
2393,8.572296142578125,7.9289231300354
2394,-2.2264416217803955,7.9246826171875
2395,-2.961669921875,7.920139312744141
2396,-5.821168422698975,7.914407253265381
2397,-1.61629056930542,7.9104323387146
2398,5.554686069488525,7.909450531005859
2399,4.019034385681152,7.907829761505127
2400,4.848881244659424,7.906555652618408
2401,3.686622381210327,7.904799461364746
2402,-3.5210752487182617,7.9000444412231445
2403,-6.644197463989258,7.893994331359863
2404,-9.34377384185791,7.886826992034912
2405,-2.606991767883301,7.88246488571167
2406,5.316144943237305,7.881399154663086
2407,1.614760398864746,7.878796577453613
2408,4.950479984283447,7.877581596374512
2409,-0.3474295139312744,7.874168395996094
2410,4.290964126586914,7.872682571411133
2411,0.9998043775558472,7.869832992553711
2412,-1.7080752849578857,7.86586332321167
2413,0.06958889961242676,7.862634181976318
2414,-1.1198700666427612,7.858914852142334
2415,0.33570581674575806,7.855801105499268
2416,3.405580520629883,7.853960037231445
2417,-0.3908539414405823,7.850550174713135
2418,1.0162514448165894,7.847724914550781
2419,0.6300486326217651,7.844742774963379
2420,2.287494421005249,7.842447280883789
2421,4.993412017822266,7.841270923614502
2422,-1.8887370824813843,7.837255477905273
2423,2.625375747680664,7.835104942321777
2424,-3.2244434356689453,7.830544471740723
2425,-2.234741687774658,7.826395511627197
2426,-5.604415416717529,7.820862293243408
2427,-8.391722679138184,7.814184665679932
2428,2.651939868927002,7.81205940246582
2429,1.12003493309021,7.809305191040039
2430,-1.6155555248260498,7.8054280281066895
2431,0.04114848002791405,7.8022356033325195
2432,1.7362284660339355,7.799742698669434
2433,-4.840433120727539,7.794549465179443
2434,-1.3765320777893066,7.790782928466797
2435,9.323643684387207,7.791412353515625
2436,-2.167762279510498,7.787325859069824
2437,-0.6599624156951904,7.783860683441162
2438,0.56981360912323,7.780903339385986
2439,-3.3050897121429443,7.776360034942627
2440,-3.7235255241394043,7.771649360656738
2441,4.433725833892822,7.77028226852417
2442,-2.3422727584838867,7.766142845153809
2443,2.7956509590148926,7.764109134674072
2444,2.8752777576446533,7.762109279632568
2445,-2.510798931121826,7.757909297943115
2446,7.57314395904541,7.757833480834961
2447,0.4971161186695099,7.7548675537109375
2448,-0.8744767904281616,7.751343727111816
2449,-12.74685001373291,7.742977619171143
2450,-1.6206098794937134,7.739157199859619
2451,4.522050857543945,7.737844944000244
2452,-2.0111401081085205,7.733870029449463
2453,-7.962301254272461,7.727473735809326
2454,-1.1687147617340088,7.723850250244141
2455,4.050361633300781,7.722354888916016
2456,-0.2643500566482544,7.719104766845703
2457,4.046242713928223,7.7176103591918945
2458,-0.15915372967720032,7.714407920837402
2459,-1.0247831344604492,7.710855007171631
2460,-0.18495920300483704,7.707646369934082
2461,-1.1607768535614014,7.704044342041016
2462,4.726432800292969,7.702835559844971
2463,5.286106109619141,7.701854228973389
2464,2.8049254417419434,7.6998677253723145
2465,2.0249767303466797,7.697566509246826
2466,-2.412951946258545,7.6934685707092285
2467,1.0804240703582764,7.690788745880127
2468,-2.2236409187316895,7.68677282333374
2469,4.8944268226623535,7.685642719268799
2470,-1.2809799909591675,7.682013511657715
2471,2.302177906036377,7.679837703704834
2472,1.6593886613845825,7.677403450012207
2473,5.402497291564941,7.676484107971191
2474,6.369663238525391,7.675955772399902
2475,0.6198203563690186,7.673105716705322
2476,4.370779991149902,7.671772480010986
2477,5.486977577209473,7.6708903312683105
2478,6.644742012023926,7.67047643661499
2479,0.6871594190597534,7.667660713195801
2480,8.384146690368652,7.667949676513672
2481,0.9837380647659302,7.665256977081299
2482,0.8852254748344421,7.6625261306762695
2483,-0.056592486798763275,7.65941858291626
2484,-1.6735002994537354,7.655663013458252
2485,-15.341911315917969,7.646411895751953
2486,-0.46431148052215576,7.643150806427002
2487,-6.3520002365112305,7.63752555847168
2488,4.548112869262695,7.636284828186035
2489,-3.679129123687744,7.631740093231201
2490,-2.626047134399414,7.627622127532959
2491,4.874123573303223,7.626517295837402
2492,-0.1431979537010193,7.623401165008545
2493,0.4545556306838989,7.6205267906188965
2494,-6.116907119750977,7.615020751953125
2495,-1.8772894144058228,7.611217975616455
2496,-0.143197163939476,7.608112335205078
2497,0.11718957871198654,7.605113983154297
2498,2.35172963142395,7.603011608123779
2499,11.267086029052734,7.604477405548096
2500,11.883811950683594,7.606188774108887
2501,4.9621968269348145,7.605132102966309
2502,11.887079238891602,7.606842994689941
2503,7.122389793395996,7.606649875640869
2504,13.288915634155273,7.608918190002441
2505,12.241317749023438,7.610766887664795
2506,9.14437484741211,7.6113786697387695
2507,8.714838981628418,7.611818790435791
2508,11.63363265991211,7.613421440124512
2509,7.663285255432129,7.613441467285156
2510,7.022952556610107,7.613206386566162
2511,9.360105514526367,7.613901615142822
2512,10.877408981323242,7.615200042724609
2513,12.212706565856934,7.617029190063477
2514,10.103601455688477,7.618017673492432
2515,7.992425441741943,7.618166446685791
2516,10.088882446289062,7.619148254394531
2517,8.858171463012695,7.619640350341797
2518,8.372547149658203,7.61993932723999
2519,7.234745502471924,7.619786262512207
2520,10.258581161499023,7.620832443237305
2521,10.62929916381836,7.622025489807129
2522,7.464824199676514,7.621963024139404
2523,8.235320091247559,7.62220573425293
2524,10.476564407348633,7.623336315155029
2525,9.3236665725708,7.624009609222412
2526,10.598578453063965,7.625186443328857
2527,6.013441562652588,7.62454891204834
2528,10.486564636230469,7.625680446624756
2529,11.499556541442871,7.627211570739746
2530,8.360361099243164,7.627501964569092
2531,8.773509979248047,7.627954483032227
2532,11.028335571289062,7.629297256469727
2533,10.003857612609863,7.630234241485596
2534,11.781281471252441,7.631871700286865
2535,9.585697174072266,7.6326422691345215
2536,8.54305648803711,7.633001327514648
2537,7.05112886428833,7.6327714920043945
2538,12.879838943481445,7.634838104248047
2539,11.432727813720703,7.636333465576172
2540,9.509650230407715,7.637070655822754
2541,9.8186674118042,7.6379289627075195
2542,11.015745162963867,7.639256954193115
2543,10.30174732208252,7.640303134918213
2544,9.551627159118652,7.641054153442383
2545,7.842702388763428,7.641132831573486
2546,9.98862075805664,7.642054557800293
2547,9.386495590209961,7.642739295959473
2548,10.406594276428223,7.643823146820068
2549,10.831727027893066,7.645073413848877
2550,11.766806602478027,7.646689414978027
2551,11.914463996887207,7.648361682891846
2552,10.832243919372559,7.649608612060547
2553,11.618714332580566,7.651163101196289
2554,12.805721282958984,7.6531805992126465
2555,12.437620162963867,7.655052661895752
2556,8.035778999328613,7.655201435089111
2557,9.886714935302734,7.656073570251465
2558,6.753375053405762,7.655721187591553
2559,10.49582290649414,7.656830787658691
2560,12.741022109985352,7.658815383911133
2561,8.527557373046875,7.659154415130615
2562,7.659268856048584,7.659154891967773
2563,7.850647449493408,7.659229755401611
2564,8.230587005615234,7.659452438354492
2565,9.417032241821289,7.660138130187988
2566,11.848943710327148,7.661769866943359
2567,11.417428016662598,7.663232803344727
2568,10.897125244140625,7.664491176605225
2569,13.647087097167969,7.666819095611572
2570,8.210389137268066,7.667030334472656
2571,11.854114532470703,7.668658256530762
2572,10.51983642578125,7.669766426086426
2573,9.479419708251953,7.670468807220459
2574,11.65682315826416,7.672016620635986
2575,7.0666913986206055,7.671781539916992
2576,9.311777114868164,7.672418594360352
2577,10.399227142333984,7.673475742340088
2578,10.608171463012695,7.6746134757995605
2579,8.303793907165527,7.6748576164245605
2580,11.238136291503906,7.676238536834717
2581,12.404092788696289,7.678069591522217
2582,10.494514465332031,7.679159641265869
2583,8.755363464355469,7.679576396942139
2584,6.892446994781494,7.679272174835205
2585,10.380298614501953,7.68031644821167
2586,6.091782569885254,7.6797027587890625
2587,11.588457107543945,7.681212902069092
2588,9.255056381225586,7.681820869445801
2589,11.774392127990723,7.683400630950928
2590,7.575760364532471,7.683359146118164
2591,5.395717144012451,7.682476997375488
2592,3.0260112285614014,7.680681228637695
2593,8.195297241210938,7.680879592895508
2594,4.831401824951172,7.679781436920166
2595,6.961531162261963,7.679504871368408
2596,4.2314133644104,7.678176403045654
2597,4.953601837158203,7.677127838134766
2598,3.1546711921691895,7.675387382507324
2599,5.408698081970215,7.674515247344971
2600,4.789518356323242,7.67340612411499
2601,6.725368499755859,7.673041343688965
2602,3.1954920291900635,7.671321392059326
2603,5.436479568481445,7.670462608337402
2604,4.817298412322998,7.669366836547852
2605,5.903903961181641,7.668689727783203
2606,5.794111251831055,7.667971134185791
2607,4.973832130432129,7.666938304901123
2608,4.343602180480957,7.6656646728515625
2609,4.93595552444458,7.664618492126465
2610,-0.9076279401779175,7.661334991455078
2611,5.37804651260376,7.66046142578125
2612,2.3517136573791504,7.6584296226501465
2613,3.4312474727630615,7.65681266784668
2614,3.138962745666504,7.655084609985352
2615,0.8900504112243652,7.652499198913574
2616,4.108065605163574,7.651144504547119
2617,1.2844444513320923,7.648712635040283
2618,3.3682589530944824,7.647078514099121
2619,3.6776375770568848,7.64556360244751
2620,2.1943740844726562,7.643484115600586
2621,4.847256183624268,7.642417907714844
2622,3.5559792518615723,7.640860080718994
2623,4.651369571685791,7.639721393585205
2624,3.9916059970855713,7.638331890106201
2625,3.159264087677002,7.636626720428467
2626,3.4706273078918457,7.635040760040283
2627,4.030800819396973,7.633669376373291
2628,5.612165451049805,7.632900238037109
2629,4.128596305847168,7.63156795501709
2630,3.7300608158111572,7.630084991455078
2631,3.488156795501709,7.628511428833008
2632,5.472306728363037,7.627692699432373
2633,4.447585105895996,7.626485347747803
2634,1.5806889533996582,7.624190807342529
2635,5.1757283210754395,7.62326192855835
2636,2.5469655990600586,7.621336460113525
2637,7.133597373962402,7.621151447296143
2638,0.42134469747543335,7.6184234619140625
2639,3.2656285762786865,7.616774559020996
2640,3.0967094898223877,7.615063667297363
2641,8.52883243560791,7.6154093742370605
2642,2.96217942237854,7.613649368286133
2643,2.7403764724731445,7.6118059158325195
2644,2.5238988399505615,7.609882354736328
2645,3.040774345397949,7.608155727386475
2646,4.214041709899902,7.606873512268066
2647,4.365154266357422,7.605649471282959
2648,4.0780463218688965,7.604317665100098
2649,1.0992205142974854,7.601863384246826
2650,4.419119834899902,7.600662708282471
2651,4.838191986083984,7.599621295928955
2652,3.679929733276367,7.598143577575684
2653,6.589199066162109,7.597763538360596
2654,5.294158935546875,7.596896171569824
2655,3.801881790161133,7.595468044281006
2656,5.836004257202148,7.594805717468262
2657,4.559139728546143,7.593663215637207
2658,-0.21218544244766235,7.59072732925415
2659,2.4379420280456543,7.588789939880371
2660,4.620946407318115,7.587674617767334
2661,5.5571088790893555,7.586911678314209
2662,4.184222221374512,7.585633754730225
2663,5.575580596923828,7.584879398345947
2664,6.207690238952637,7.584362506866455
2665,3.54610538482666,7.582848072052002
2666,7.600109577178955,7.582854270935059
2667,7.145613670349121,7.582690715789795
2668,5.846714973449707,7.582040786743164
2669,6.962812423706055,7.581809043884277
2670,6.0007524490356445,7.581216812133789
2671,5.049895763397217,7.580269813537598
2672,6.9887919425964355,7.580048084259033
2673,6.378182411193848,7.579598903656006
2674,6.79018497467041,7.579304218292236
2675,6.195817470550537,7.578786849975586
2676,6.635841369628906,7.578434944152832
2677,7.100462436676025,7.578256130218506
2678,13.002400398254395,7.580280780792236
2679,7.417449474334717,7.5802202224731445
2680,9.29699420928955,7.580860614776611
2681,6.396110534667969,7.580419063568115
2682,7.437682628631592,7.5803656578063965
2683,5.60732889175415,7.579630374908447
2684,8.360747337341309,7.579921722412109
2685,6.982877731323242,7.579699516296387
2686,7.051074504852295,7.579502582550049
2687,7.443187236785889,7.579451560974121
2688,8.70541763305664,7.579870223999023
2689,7.255281925201416,7.579750061035156
2690,6.953679084777832,7.579516887664795
2691,9.17288875579834,7.580109119415283
2692,6.150836944580078,7.579578399658203
2693,7.166452407836914,7.579424858093262
2694,11.222901344299316,7.580776691436768
2695,9.532132148742676,7.581500053405762
2696,7.570644378662109,7.581496238708496
2697,6.675406455993652,7.581160545349121
2698,6.101324081420898,7.5806121826171875
2699,7.4680047035217285,7.580570697784424
2700,7.688628196716309,7.580611228942871
2701,8.635554313659668,7.581001281738281
2702,4.512524127960205,7.579865455627441
2703,7.163426399230957,7.5797119140625
2704,5.8603949546813965,7.579076766967773
2705,8.362988471984863,7.579366683959961
2706,4.971379280090332,7.578402996063232
2707,6.3007025718688965,7.577930927276611
2708,4.399910926818848,7.576757907867432
2709,6.124270439147949,7.5762224197387695
2710,5.918403625488281,7.575610637664795
2711,7.977531433105469,7.575758457183838
2712,9.351694107055664,7.576413154602051
2713,4.792735576629639,7.575387477874756
2714,7.319018363952637,7.575292587280273
2715,9.432353973388672,7.575976371765137
2716,6.436572074890137,7.575557231903076
2717,7.853021144866943,7.57565975189209
2718,8.510197639465332,7.576003074645996
2719,5.249911308288574,7.575148105621338
2720,6.819164752960205,7.574869632720947
2721,8.475728034973145,7.575201034545898
2722,7.708130836486816,7.575250148773193
2723,6.343382835388184,7.574798107147217
2724,6.627368450164795,7.574450492858887
2725,8.6104736328125,7.574830532073975
2726,8.533705711364746,7.57518196105957
2727,6.811225891113281,7.574901580810547
2728,5.797468185424805,7.574250221252441
2729,7.342733860015869,7.574164867401123
2730,5.566750526428223,7.573430061340332
2731,6.372227191925049,7.572990417480469
2732,5.680144309997559,7.5722975730896
2733,5.853822708129883,7.571669101715088
2734,5.972841262817383,7.571084499359131
2735,6.2050604820251465,7.570585250854492
2736,6.328546524047852,7.570131301879883
2737,5.498767375946045,7.5693745613098145
2738,7.562788009643555,7.569372177124023
2739,5.705883502960205,7.568691730499268
2740,6.338315010070801,7.56824254989624
2741,7.102808952331543,7.56807279586792
2742,7.225217342376709,7.567947864532471
2743,7.047769546508789,7.567758083343506
2744,6.5487060546875,7.567386627197266
2745,7.052657127380371,7.567199230194092
2746,6.371279239654541,7.566763877868652
2747,6.570341110229492,7.566401481628418
2748,5.937710762023926,7.5658087730407715
2749,7.788455486297607,7.565889835357666
2750,6.760231018066406,7.565597057342529
2751,7.851550102233887,7.565701007843018
2752,5.367975234985352,7.564902305603027
2753,9.755788803100586,7.56569766998291
2754,11.464786529541016,7.567112922668457
2755,12.072092056274414,7.568747520446777
2756,9.358853340148926,7.569397449493408
2757,9.585582733154297,7.570128440856934
2758,10.014904022216797,7.571014881134033
2759,7.950486183166504,7.571152687072754
2760,11.943107604980469,7.5727362632751465
2761,10.094392776489258,7.573648929595947
2762,11.09756851196289,7.574923992156982
2763,12.28857421875,7.576629638671875
2764,8.601737976074219,7.577000617980957
2765,10.345206260681152,7.578001499176025
2766,10.064554214477539,7.57889986038208
2767,8.252035140991211,7.579143047332764
2768,8.94682502746582,7.579637050628662
2769,10.570291519165039,7.580717086791992
2770,9.673980712890625,7.581472396850586
2771,10.905767440795898,7.582671642303467
2772,9.44826889038086,7.58334493637085
2773,9.933582305908203,7.584192276000977
2774,9.291020393371582,7.5848069190979
2775,11.293807983398438,7.5861430168151855
2776,8.986642837524414,7.586647033691406
2777,11.238168716430664,7.587961673736572
2778,9.184673309326172,7.588536739349365
2779,9.777074813842773,7.589323997497559
2780,10.343685150146484,7.5903143882751465
2781,7.77009916305542,7.590378761291504
2782,9.049259185791016,7.590902805328369
2783,10.231884002685547,7.591851711273193
2784,12.006763458251953,7.5934367179870605
2785,10.482016563415527,7.594473361968994
2786,11.554559707641602,7.5958943367004395
2787,11.5693941116333,7.597320079803467
2788,11.488630294799805,7.598715305328369
2789,13.233158111572266,7.600734233856201
2790,13.059600830078125,7.602690696716309
2791,9.790523529052734,7.603474140167236
2792,10.999627113342285,7.6046905517578125
2793,9.209366798400879,7.605264663696289
2794,10.154760360717773,7.606176853179932
2795,11.147624015808105,7.607443332672119
2796,10.194230079650879,7.608367919921875
2797,10.501507759094238,7.609402179718018
2798,10.79411506652832,7.610540390014648
2799,10.526344299316406,7.611581325531006
2800,9.515645027160645,7.6122612953186035
2801,9.720977783203125,7.613013744354248
2802,11.173649787902832,7.614284038543701
2803,11.300178527832031,7.615598678588867
2804,12.010926246643066,7.617166042327881
2805,11.62844181060791,7.618595600128174
2806,12.061139106750488,7.62017822265625
2807,11.959169387817383,7.621723175048828
2808,10.930582046508789,7.62290096282959
2809,11.438474655151367,7.624258518218994
2810,11.741119384765625,7.625722408294678
2811,10.314001083374023,7.626678943634033
2812,10.420249938964844,7.627671718597412
2813,11.749688148498535,7.629136562347412
2814,10.686224937438965,7.630222320556641
2815,10.330015182495117,7.631181240081787
2816,12.74551010131836,7.632997035980225
2817,11.424256324768066,7.634342193603516
2818,9.335550308227539,7.634945869445801
2819,12.143864631652832,7.636544704437256
2820,12.953712463378906,7.638429641723633
2821,10.850724220275879,7.639568328857422
2822,11.115341186523438,7.640799522399902
2823,11.781731605529785,7.642265319824219
2824,11.49075984954834,7.643627643585205
2825,10.279034614562988,7.64456033706665
2826,12.262752532958984,7.646193981170654
2827,13.27615737915039,7.648184776306152
2828,9.852340698242188,7.648963451385498
2829,12.240694999694824,7.650586128234863
2830,10.396991729736328,7.651556015014648
2831,10.956012725830078,7.652722358703613
2832,10.179685592651367,7.653614521026611
2833,10.634413719177246,7.654666423797607
2834,10.982438087463379,7.655839920043945
2835,11.307952880859375,7.657127857208252
2836,12.109221458435059,7.658697605133057
2837,11.777589797973633,7.660148620605469
2838,11.944931030273438,7.66165828704834
2839,11.983345985412598,7.663179397583008
2840,11.995266914367676,7.6647047996521
2841,10.950831413269043,7.665861129760742
2842,12.074821472167969,7.667411804199219
2843,12.414727210998535,7.66908073425293
2844,11.86165714263916,7.670554161071777
2845,10.109817504882812,7.671411037445068
2846,12.423787117004395,7.6730804443359375
2847,12.391098976135254,7.674736976623535
2848,13.317302703857422,7.6767168045043945
2849,12.445097923278809,7.678390026092529
2850,11.357335090637207,7.679680824279785
2851,11.01123332977295,7.680849075317383
2852,13.972156524658203,7.683054447174072
2853,12.57079029083252,7.68476676940918
2854,11.562799453735352,7.686124801635742
2855,12.730478286743164,7.687891006469727
2856,12.317094802856445,7.689511299133301
2857,10.675835609436035,7.690556049346924
2858,10.586483001708984,7.691568851470947
2859,11.403218269348145,7.692866325378418
2860,12.69727611541748,7.694615364074707
2861,11.661863327026367,7.6960015296936035
2862,11.171171188354492,7.697216033935547
2863,11.452437400817871,7.6985273361206055
2864,10.91212272644043,7.699648857116699
2865,11.951260566711426,7.701132297515869
2866,12.070149421691895,7.702656269073486
2867,12.093972206115723,7.704187393188477
2868,12.110489845275879,7.705723285675049
2869,11.686981201171875,7.70711088180542
2870,10.485772132873535,7.708078861236572
2871,2.184976100921631,7.706156253814697
2872,5.433582782745361,7.705365180969238
2873,7.669764041900635,7.705352783203125
2874,6.059943199157715,7.704780578613281
2875,4.4097208976745605,7.703635215759277
2876,7.166683197021484,7.703448295593262
2877,6.624756813049316,7.703073501586914
2878,6.82419490814209,7.702768325805664
2879,4.3468017578125,7.701603412628174
2880,7.525785446166992,7.701541900634766
2881,7.63239860534668,7.7015180587768555
2882,7.303285598754883,7.701379776000977
2883,7.6432061195373535,7.701359272003174
2884,4.51384162902832,7.700254440307617
2885,6.990738391876221,7.700008392333984
2886,5.80949592590332,7.699353218078613
2887,6.889238357543945,7.69907283782959
2888,7.114956378936768,7.698870658874512
2889,5.609903812408447,7.698147773742676
2890,8.106721878051758,7.698288917541504
2891,6.7951860427856445,7.697976589202881
2892,5.56215763092041,7.697238445281982
2893,7.456782341003418,7.697155475616455
2894,2.617521286010742,7.695400714874268
2895,4.873239517211914,7.694426536560059
2896,6.15966272354126,7.693896770477295
2897,7.191372871398926,7.693723201751709
2898,6.173541069030762,7.693199157714844
2899,7.788772106170654,7.69323205947876
2900,5.768108367919922,7.692568302154541
2901,-1.524569034576416,7.68939208984375
2902,6.755331993103027,7.689070224761963
2903,6.254479885101318,7.6885762214660645
2904,5.925581932067871,7.687969207763672
2905,7.528541088104248,7.687914848327637
2906,6.799997806549072,7.687609672546387
2907,6.187229156494141,7.687093734741211
2908,5.695459365844727,7.686408996582031
2909,7.369383811950684,7.686299800872803
2910,5.229982376098633,7.685456275939941
2911,4.3347554206848145,7.684305191040039
2912,7.40583610534668,7.684209823608398
2913,3.891303062438965,7.682908058166504
2914,1.385782241821289,7.680747985839844
2915,4.958460330963135,7.67981481552124
2916,7.0235209465026855,7.679589748382568
2917,5.953508377075195,7.678997993469238
2918,6.923198223114014,7.678739547729492
2919,5.367522239685059,7.677947521209717
2920,6.804408073425293,7.677649021148682
2921,6.900757789611816,7.677382946014404
2922,4.5765204429626465,7.676321983337402
2923,5.1620965003967285,7.675461769104004
2924,5.741946697235107,7.674800872802734
2925,2.586684226989746,7.673061847686768
2926,5.890678882598877,7.672452926635742
2927,6.045350074768066,7.671896934509277
2928,4.526195049285889,7.670822620391846
2929,5.16428279876709,7.669967174530029
2930,6.804571628570557,7.669672012329102
2931,5.023065567016602,7.668769359588623
2932,3.4165167808532715,7.667319297790527
2933,4.401342868804932,7.666205883026123
2934,7.214270114898682,7.666052341461182
2935,9.824322700500488,7.666787147521973
2936,5.342042446136475,7.6659955978393555
2937,3.471874237060547,7.6645684242248535
2938,6.175339698791504,7.664062023162842
2939,6.876252174377441,7.663794040679932
2940,7.328596591949463,7.663680076599121
2941,6.234412670135498,7.663194179534912
2942,5.412132263183594,7.662429332733154
2943,5.852744102478027,7.6618146896362305
2944,4.1927690505981445,7.660636901855469
2945,4.34265661239624,7.659510612487793
2946,4.300914764404297,7.6583709716796875
2947,1.4246141910552979,7.656256198883057
2948,0.6545732021331787,7.653881549835205
2949,4.795839309692383,7.652912616729736
2950,6.1197309494018555,7.652392864227295
2951,-0.8568394184112549,7.649509906768799
2952,4.31158447265625,7.648379802703857
2953,5.337255001068115,7.647597789764404
2954,2.3978219032287598,7.645821571350098
2955,2.6095404624938965,7.644117832183838
2956,4.154693603515625,7.642937660217285
2957,3.575962781906128,7.641562461853027
2958,4.364914894104004,7.64045524597168
2959,4.67860746383667,7.639454364776611
2960,3.659172296524048,7.6381096839904785
2961,4.102893352508545,7.636916637420654
2962,4.70114803314209,7.635925769805908
2963,3.3876850605010986,7.63449239730835
2964,5.094910144805908,7.633635997772217
2965,6.088438510894775,7.633114814758301
2966,5.5865092277526855,7.632424831390381
2967,5.975959300994873,7.631866931915283
2968,4.284196376800537,7.630739688873291
2969,7.936884880065918,7.630843162536621
2970,4.077153205871582,7.629647254943848
2971,3.212618827819824,7.6281609535217285
2972,2.1149253845214844,7.626306533813477
2973,5.102021217346191,7.625457763671875
2974,5.123323440551758,7.624616622924805
2975,3.420856237411499,7.623203754425049
2976,7.974147796630859,7.623321533203125
2977,3.0033328533172607,7.62177038192749
2978,4.634931564331055,7.620768070220947
2979,0.22750771045684814,7.618286609649658
2980,3.759038209915161,7.616992473602295
2981,4.118940353393555,7.615819454193115
2982,4.458279132843018,7.614760875701904
2983,4.661991119384766,7.613771438598633
2984,6.0210041999816895,7.6132378578186035
2985,4.501830577850342,7.61219596862793
2986,3.0421624183654785,7.610666275024414
2987,-1.3340940475463867,7.607672691345215
2988,2.2002015113830566,7.60586404800415
2989,6.144435405731201,7.605375289916992
2990,6.681764602661133,7.605066299438477
2991,7.400989055633545,7.6049981117248535
2992,-1.8880665302276611,7.601826190948486
2993,2.27284574508667,7.600046634674072
2994,4.2005510330200195,7.598911762237549
2995,5.7025580406188965,7.598278999328613
2996,2.52524995803833,7.596586227416992
2997,4.74592399597168,7.595635414123535
2998,6.045685291290283,7.595118522644043
2999,4.1606035232543945,7.593973159790039
3000,5.106138706207275,7.593143939971924
3001,5.206742763519287,7.592349052429199
3002,4.661583423614502,7.591373443603516
3003,4.719460964202881,7.590417385101318
3004,2.702512741088867,7.5887908935546875
3005,2.345533847808838,7.5870466232299805
3006,3.32855486869812,7.585630416870117
3007,4.4487128257751465,7.584587574005127
3008,4.191047191619873,7.583459854125977
3009,4.889841556549072,7.5825653076171875
3010,4.438241958618164,7.5815205574035645
3011,3.7026665210723877,7.580233097076416
3012,3.934851884841919,7.579023361206055
3013,5.065676689147949,7.578189849853516
3014,5.76533317565918,7.5775885581970215
3015,3.4986793994903564,7.576235771179199
3016,3.0085606575012207,7.574721813201904
3017,1.9644174575805664,7.5728631019592285
3018,4.049463748931885,7.571695804595947
3019,2.3584647178649902,7.569969654083252
3020,6.395010948181152,7.569580554962158
3021,4.575319290161133,7.56859016418457
3022,3.4658515453338623,7.567233085632324
3023,3.951812982559204,7.566037654876709
3024,3.4977240562438965,7.564692497253418
3025,3.4109230041503906,7.563319683074951
3026,4.0284810066223145,7.56215238571167
3027,3.1472110748291016,7.560693740844727
3028,3.4937992095947266,7.559351444244385
3029,4.765598773956299,7.55842924118042
3030,5.531055450439453,7.557760715484619
3031,3.4588236808776855,7.556408882141113
3032,3.5072250366210938,7.5550737380981445
3033,1.7526288032531738,7.553161144256592
3034,4.634458541870117,7.552199363708496
3035,4.983388423919678,7.5513529777526855
3036,4.592252731323242,7.550378799438477
3037,1.1717036962509155,7.548279285430908
3038,-0.5747039914131165,7.5456061363220215
3039,2.3803646564483643,7.543907642364502
3040,2.460543155670166,7.542235851287842
3041,5.308587074279785,7.541501522064209
3042,4.491703033447266,7.540499687194824
3043,7.470713138580322,7.5404767990112305
3044,2.663465976715088,7.538875102996826
3045,4.078646659851074,7.537739276885986
3046,2.9692258834838867,7.5362396240234375
3047,3.078439235687256,7.53477668762207
3048,2.529521942138672,7.533135414123535
3049,2.318631649017334,7.531425476074219
3050,1.9915626049041748,7.529609680175781
3051,6.7924394607543945,7.5293684005737305
3052,-2.1100149154663086,7.526211261749268
3053,4.681000232696533,7.525279998779297
3054,3.196547269821167,7.523863315582275
3055,2.6112985610961914,7.522255897521973
3056,1.8589030504226685,7.5204033851623535
3057,1.2921034097671509,7.518366813659668
3058,3.2204463481903076,7.516962051391602
3059,-7.029862403869629,7.512208461761475
3060,2.0650010108947754,7.510428428649902
3061,2.385924816131592,7.508755207061768
3062,1.3918911218643188,7.506758689880371
3063,2.611975908279419,7.505160808563232
3064,-0.44609135389328003,7.502566814422607
3065,1.1749167442321777,7.500503063201904
3066,3.546128749847412,7.499214172363281
3067,3.517752170562744,7.497916221618652
3068,2.024595022201538,7.496133327484131
3069,3.554813861846924,7.49484920501709
3070,3.9914069175720215,7.493708610534668
3071,2.311554193496704,7.4920220375061035
3072,3.600349187850952,7.490755558013916
3073,4.174704074859619,7.489676475524902
3074,3.5935890674591064,7.488409519195557
3075,2.7413716316223145,7.486866474151611
3076,4.165926933288574,7.485787391662598
3077,3.835766553878784,7.4846014976501465
3078,3.461742877960205,7.483294486999512
3079,3.2548739910125732,7.481921672821045
3080,3.967754602432251,7.480780601501465
3081,3.8363332748413086,7.479598045349121
3082,3.4259583950042725,7.478282928466797
3083,3.6405997276306152,7.477038860321045
3084,3.709413528442383,7.4758172035217285
3085,3.318674087524414,7.474470138549805
3086,4.236763954162598,7.473421096801758
3087,4.890185356140137,7.4725847244262695
3088,4.925207614898682,7.471760272979736
3089,6.763880252838135,7.471530914306641
3090,5.067220211029053,7.470753192901611
3091,3.1124067306518555,7.469343662261963
3092,9.51998519897461,7.470006465911865
3093,9.440587043762207,7.470643997192383
3094,10.721057891845703,7.471693992614746
3095,10.109029769897461,7.472545623779297
3096,8.863337516784668,7.472994804382324
3097,5.474699974060059,7.472349643707275
3098,8.362266540527344,7.472636699676514
3099,12.885047912597656,7.474382400512695
3100,11.325590133666992,7.4756245613098145
3101,7.0554962158203125,7.475489139556885
3102,6.952856063842773,7.475320816040039
3103,10.142470359802246,7.476180076599121
3104,11.253609657287598,7.477396488189697
3105,9.779768943786621,7.478137493133545
3106,6.588436126708984,7.477851390838623
3107,9.243224143981934,7.478419303894043
3108,6.079331398010254,7.477969646453857
3109,10.61591911315918,7.478978633880615
3110,8.885452270507812,7.479430198669434
3111,7.674208164215088,7.479492664337158
3112,8.941550254821777,7.479962348937988
3113,7.021080017089844,7.4798150062561035
3114,10.51945686340332,7.480791091918945
3115,10.039308547973633,7.481612205505371
3116,7.982047080993652,7.4817728996276855
3117,9.15756893157959,7.4823102951049805
3118,6.831841468811035,7.482101917266846
3119,10.32675838470459,7.48301362991333
3120,10.050501823425293,7.4838361740112305
3121,9.552460670471191,7.484498977661133
3122,8.694036483764648,7.484886169433594
3123,10.602063179016113,7.485883712768555
3124,6.327991485595703,7.485513210296631
3125,6.863548278808594,7.485313892364502
3126,9.473891258239746,7.485950469970703
3127,6.338300704956055,7.485583305358887
3128,8.328560829162598,7.4858527183532715
3129,8.1638822555542,7.486069202423096
3130,7.619606971740723,7.486111640930176
3131,6.637457847595215,7.485840320587158
3132,9.694110870361328,7.486545085906982
3133,9.249410629272461,7.487107753753662
3134,10.046255111694336,7.487924098968506
3135,8.987310409545898,7.488402843475342
3136,9.443436622619629,7.489026069641113
3137,6.961886882781982,7.488857746124268
3138,9.232398986816406,7.489413261413574
3139,7.66391658782959,7.489468574523926
3140,8.835515975952148,7.48989725112915
3141,10.220541000366211,7.490766525268555
3142,9.985610008239746,7.491560459136963
3143,9.66567325592041,7.492251873016357
3144,5.883528709411621,7.4917402267456055
3145,8.087828636169434,7.49193000793457
3146,7.455382347106934,7.491918087005615
3147,9.022516250610352,7.492404460906982
3148,8.196457862854004,7.492628574371338
3149,6.376068592071533,7.492274284362793
3150,9.090529441833496,7.492781162261963
3151,8.352091789245605,7.493053913116455
3152,8.195843696594238,7.493276596069336
3153,7.249998092651367,7.493199348449707
3154,8.703100204467773,7.493582725524902
3155,9.991815567016602,7.494374752044678
3156,10.103324890136719,7.495201110839844
3157,8.957282066345215,7.495664119720459
3158,9.365438461303711,7.496255874633789
3159,8.109355926513672,7.496449947357178
3160,7.720739364624023,7.496520519256592
3161,9.666464805603027,7.497206687927246
3162,8.001757621765137,7.497366428375244
3163,8.667285919189453,7.49773645401001
3164,8.936553001403809,7.4981913566589355
3165,9.18337631225586,7.49872350692749
3166,8.7937593460083,7.49913215637207
3167,10.343965530395508,7.500030040740967
3168,7.771232604980469,7.500115871429443
3169,8.954977989196777,7.500575065612793
3170,10.228371620178223,7.501435279846191
3171,8.289384841918945,7.501683235168457
3172,9.990157127380371,7.502467632293701
3173,9.613731384277344,7.5031328201293945
3174,8.77831745147705,7.503534317016602
3175,9.953579902648926,7.504305362701416
3176,-2.2707760334014893,7.501228332519531
3177,5.807921409606934,7.500695705413818
3178,6.6721673011779785,7.500434875488281
3179,4.71076774597168,7.499557971954346
3180,-3.8241734504699707,7.495997905731201
3181,5.2366485595703125,7.495287895202637
3182,1.61442232131958,7.493440628051758
3183,6.590456962585449,7.493156909942627
3184,4.507891654968262,7.4922194480896
3185,5.516923904418945,7.4915995597839355
3186,3.2102954387664795,7.490256309509277
3187,6.007318496704102,7.489791393280029
3188,3.0125365257263184,7.488387107849121
3189,5.4076619148254395,7.487735271453857
3190,4.511410713195801,7.486802577972412
3191,3.5030856132507324,7.4855546951293945
3192,5.153378486633301,7.4848246574401855
3193,4.789502143859863,7.483980655670166
3194,4.909481048583984,7.483174800872803
3195,8.90522575378418,7.483619689941406
3196,7.2088422775268555,7.48353385925293
3197,9.926774978637695,7.484298229217529
3198,6.303678035736084,7.483928680419922
3199,5.503006458282471,7.483309745788574
3200,5.4178009033203125,7.482664585113525
3201,5.304622173309326,7.481984615325928
3202,5.982532024383545,7.481516361236572
3203,2.5094528198242188,7.479964733123779
3204,7.189600944519043,7.479874134063721
3205,5.795174598693848,7.479348182678223
3206,5.139823913574219,7.47861909866333
3207,7.0243377685546875,7.478477478027344
3208,8.87139892578125,7.478911399841309
3209,5.805382251739502,7.478389739990234
3210,8.6375150680542,7.478750228881836
3211,6.414584636688232,7.478418827056885
3212,6.475496768951416,7.478106498718262
3213,9.13518238067627,7.478621959686279
3214,6.456696510314941,7.478304386138916
3215,7.848628044128418,7.478418827056885
3216,12.725643157958984,7.480050563812256
3217,12.629743576049805,7.481650352478027
3218,6.414723873138428,7.481318950653076
3219,2.443620443344116,7.479754447937012
3220,8.248091697692871,7.479992866516113
3221,5.460204124450684,7.479366302490234
3222,7.030632019042969,7.479227066040039
3223,5.058655738830566,7.478476047515869
3224,5.413921356201172,7.4778361320495605
3225,4.394541263580322,7.4768805503845215
3226,2.9778432846069336,7.4754862785339355
3227,4.900455951690674,7.474688529968262
3228,6.2990241050720215,7.474324703216553
3229,5.419499397277832,7.47368860244751
3230,6.554082870483398,7.4734039306640625
3231,8.50025749206543,7.473721504211426
3232,6.947516918182373,7.4735589027404785
3233,9.63210678100586,7.474226474761963
3234,5.274749755859375,7.473546981811523
3235,8.51860237121582,7.473869800567627
3236,4.88082218170166,7.473069190979004
3237,5.589444160461426,7.472487449645996
3238,5.711723327636719,7.471943378448486
3239,3.859769105911255,7.470828533172607
3240,5.553520202636719,7.470236778259277
3241,4.9378862380981445,7.469455242156982
3242,6.730260848999023,7.4692277908325195
3243,6.806529998779297,7.46902322769165
3244,1.320665955543518,7.467128276824951
3245,5.623374938964844,7.466560363769531
3246,2.128743886947632,7.464916706085205
3247,3.7399439811706543,7.463769912719727
3248,5.748833656311035,7.4632415771484375
3249,5.802025318145752,7.462730884552002
3250,5.962815284729004,7.462269306182861
3251,8.779485702514648,7.462674617767334
3252,6.1191911697387695,7.462261199951172
3253,6.789407730102539,7.46205472946167
3254,6.055194854736328,7.46162223815918
3255,8.251246452331543,7.461864948272705
3256,11.876014709472656,7.463220596313477
3257,6.824541091918945,7.463024139404297
3258,11.55552864074707,7.464279651641846
3259,7.484557151794434,7.464285850524902
3260,6.519212245941162,7.463996410369873
3261,4.439168453216553,7.463068962097168
3262,6.481029510498047,7.462768077850342
3263,7.152607440948486,7.462672710418701
3264,8.738826751708984,7.463063716888428
3265,6.780638694763184,7.462854862213135
3266,9.177978515625,7.463379859924316
3267,7.338332176208496,7.463341236114502
3268,1.4033098220825195,7.461487293243408
3269,6.989533424377441,7.461343288421631
3270,7.282493591308594,7.4612884521484375
3271,7.8727617263793945,7.461414337158203
3272,8.01989459991455,7.46158504486084
3273,6.973919868469238,7.4614362716674805
3274,7.708556652069092,7.461511611938477
3275,6.666987419128418,7.461268901824951
3276,7.5226850509643555,7.461287975311279
3277,6.203801155090332,7.460904121398926
3278,5.215660095214844,7.460219383239746
3279,8.56201171875,7.460555076599121
3280,7.3677825927734375,7.460526943206787
3281,5.966408729553223,7.460071563720703
3282,5.554935455322266,7.45949125289917
3283,6.918392181396484,7.459326267242432
3284,8.241153717041016,7.459564208984375
3285,7.14661169052124,7.459468841552734
3286,8.484848976135254,7.459780693054199
3287,7.116299152374268,7.459676265716553
3288,7.289585113525391,7.459624767303467
3289,7.200229167938232,7.459546089172363
3290,4.082338809967041,7.458519458770752
3291,7.3862223625183105,7.458498001098633
3292,7.241475582122803,7.458432197570801
3293,5.703865051269531,7.45789909362793
3294,7.1718854904174805,7.457812309265137
3295,6.250889301300049,7.457446098327637
3296,4.549485206604004,7.456563949584961
3297,6.605441570281982,7.456305980682373
3298,9.997929573059082,7.457076072692871
3299,3.6111702919006348,7.455910682678223
3300,8.930574417114258,7.456357479095459
3301,4.853396415710449,7.455569267272949
3302,8.515345573425293,7.45589017868042
3303,7.657752513885498,7.45595121383667
3304,5.932648658752441,7.455490589141846
3305,5.59044885635376,7.454926490783691
3306,5.647750377655029,7.454380035400391
3307,7.686981678009033,7.454450607299805
3308,6.634345531463623,7.454202651977539
3309,5.611615180969238,7.453646183013916
3310,7.664167404174805,7.453709602355957
3311,8.179983139038086,7.4539289474487305
3312,3.9236764907836914,7.4528632164001465
3313,4.7727484703063965,7.452054500579834
3314,1.5189235210418701,7.450264930725098
3315,4.891368389129639,7.449493408203125
3316,2.5368599891662598,7.448012351989746
3317,1.9517320394515991,7.44635534286499
3318,1.7215676307678223,7.4446306228637695
3319,2.8252310752868652,7.443239212036133
3320,3.012514591217041,7.4419050216674805
3321,3.7223148345947266,7.4407854080200195
3322,2.1024868488311768,7.439178466796875
3323,3.9915502071380615,7.438141822814941
3324,9.372247695922852,7.438723564147949
3325,4.750265121459961,7.437915325164795
3326,3.7166712284088135,7.43679666519165
3327,7.469982624053955,7.436806678771973
3328,7.553977966308594,7.436842441558838
3329,3.6676173210144043,7.435710430145264
3330,3.350376844406128,7.434484004974365
3331,3.4312198162078857,7.433282375335693
3332,3.196166515350342,7.432011127471924
3333,6.698725700378418,7.431791305541992
3334,1.379591703414917,7.429975986480713
3335,6.005037307739258,7.429549217224121
3336,3.9267804622650146,7.428500175476074
3337,4.05889368057251,7.427490234375
3338,2.869664430618286,7.4261250495910645
3339,6.075725078582764,7.425721168518066
3340,5.096940040588379,7.425024032592773
3341,1.8543734550476074,7.423357009887695
3342,-3.9282102584838867,7.419961452484131
3343,2.2038583755493164,7.418401718139648
3344,5.389801025390625,7.417795181274414
3345,0.29736432433128357,7.4156670570373535
3346,5.122617721557617,7.414982318878174
3347,2.0464799404144287,7.413378715515137
3348,5.776242256164551,7.41288948059082
3349,3.6510169506073,7.411766529083252
3350,7.728641033172607,7.411860942840576
3351,3.5431101322174072,7.410706996917725
3352,3.6351256370544434,7.409580707550049
3353,5.226171016693115,7.408929824829102
3354,6.340755939483643,7.408611297607422
3355,8.321731567382812,7.408883571624756
3356,8.118143081665039,7.409094333648682
3357,5.858337879180908,7.408632278442383
3358,4.465198993682861,7.4077558517456055
3359,0.48804762959480286,7.405696392059326
3360,3.515004873275757,7.404539108276367
3361,4.768397331237793,7.403754711151123
3362,7.250805854797363,7.4037089347839355
3363,2.728925943374634,7.402319431304932
3364,4.882387638092041,7.401570796966553
3365,3.7726614475250244,7.4004926681518555
3366,4.9611358642578125,7.399768352508545
3367,5.787060260772705,7.399289608001709
3368,4.38120174407959,7.398393630981445
3369,4.672202110290527,7.397584438323975
3370,9.969493865966797,7.398346900939941
3371,4.564457416534424,7.3975067138671875
3372,0.426634818315506,7.395439624786377
3373,3.984389066696167,7.394428730010986
3374,6.331781387329102,7.394114017486572
3375,-2.1484363079071045,7.391287326812744
3376,-1.7437177896499634,7.388582229614258
3377,11.418037414550781,7.389775276184082
3378,5.214977264404297,7.389131546020508
3379,2.709012985229492,7.387746810913086
3380,3.777862548828125,7.386678695678711
3381,2.0073065757751465,7.3850884437561035
3382,6.400387287139893,7.3847975730896
3383,4.175268173217773,7.383849143981934
3384,6.758384704589844,7.383664131164551
3385,5.179992198944092,7.3830132484436035
3386,-1.83951735496521,7.3802900314331055
3387,4.387222766876221,7.379406452178955
3388,8.79421615600586,7.379824161529541
3389,6.323916435241699,7.379512786865234
3390,8.564656257629395,7.379862308502197
3391,8.37950611114502,7.380156993865967
3392,7.875089645385742,7.380302906036377
3393,7.106179237365723,7.380221843719482
3394,7.301210403442383,7.3801984786987305
3395,7.3476386070251465,7.380188941955566
3396,8.596148490905762,7.380546569824219
3397,7.042519569396973,7.3804473876953125
3398,7.7519121170043945,7.380556583404541
3399,7.684823036193848,7.380646228790283
3400,7.6837053298950195,7.380735397338867
3401,9.15758991241455,7.381258010864258
3402,8.606108665466309,7.381617546081543
3403,6.878483295440674,7.3814697265625
3404,12.32103157043457,7.382920265197754
3405,7.295102596282959,7.382894515991211
3406,8.78442668914795,7.38330602645874
3407,8.530425071716309,7.38364315032959
3408,9.567625045776367,7.384284019470215
3409,9.720812797546387,7.3849687576293945
3410,8.30059814453125,7.385237216949463
3411,8.273561477661133,7.385497570037842
3412,7.804535865783691,7.385620594024658
3413,7.285500526428223,7.38559103012085
3414,7.904346466064453,7.385743141174316
3415,11.05739688873291,7.386817455291748
3416,9.15948486328125,7.387336730957031
3417,8.128052711486816,7.387553691864014
3418,10.805999755859375,7.388553619384766
3419,9.103489875793457,7.389055252075195
3420,11.004557609558105,7.390111923217773
3421,6.909213542938232,7.3899712562561035
3422,7.402500629425049,7.389975070953369
3423,7.684798240661621,7.390061378479004
3424,7.042847633361816,7.389960289001465
3425,8.036555290222168,7.390149116516113
3426,9.287949562072754,7.390702724456787
3427,8.67309856414795,7.391077041625977
3428,10.269004821777344,7.391916275024414
3429,9.139174461364746,7.392425537109375
3430,6.239523410797119,7.39208984375
3431,7.684998035430908,7.392175197601318
3432,8.157480239868164,7.392398357391357
3433,7.060737133026123,7.392301559448242
3434,8.228403091430664,7.392545223236084
3435,8.395914077758789,7.3928375244140625
3436,9.24024772644043,7.393374919891357
3437,8.033247947692871,7.393560886383057
3438,11.150628089904785,7.3946533203125
3439,10.862202644348145,7.395660877227783
3440,5.741852760314941,7.395180702209473
3441,9.383705139160156,7.395758152008057
3442,7.543719291687012,7.395800590515137
3443,9.772501945495605,7.396491050720215
3444,9.827369689941406,7.397197246551514
3445,7.218237400054932,7.3971452713012695
3446,8.247623443603516,7.397392272949219
3447,9.725061416625977,7.398066997528076
3448,6.966945648193359,7.397942066192627
3449,8.999349594116211,7.398406505584717
3450,7.345614910125732,7.398391246795654
3451,10.302253723144531,7.399232387542725
3452,8.216935157775879,7.399469375610352
3453,9.752004623413086,7.400150299072266
3454,8.463519096374512,7.400457859039307
3455,8.695818901062012,7.400832653045654
3456,7.77248477935791,7.400940418243408
3457,6.477381706237793,7.400672912597656
3458,5.580079555511475,7.400146484375
3459,6.653267860412598,7.399930477142334
3460,8.548332214355469,7.400262355804443
3461,8.92215633392334,7.400701999664307
3462,7.250576019287109,7.40065860748291
3463,9.82119369506836,7.401357173919678
3464,6.571237564086914,7.401117324829102
3465,8.55207347869873,7.401449680328369
3466,5.4215474128723145,7.400878429412842
3467,8.56021785736084,7.401212692260742
3468,8.123313903808594,7.401421070098877
3469,10.324735641479492,7.402263164520264
3470,6.39665412902832,7.401973724365234
3471,5.531773567199707,7.401434898376465
3472,9.451944351196289,7.402024745941162
3473,8.212414741516113,7.402258396148682
3474,7.698780059814453,7.40234375
3475,7.843687534332275,7.402470588684082
3476,7.267487525939941,7.402431964874268
3477,7.921606063842773,7.402581214904785
3478,8.296147346496582,7.402838230133057
3479,8.951436042785645,7.40328311920166
3480,7.767899036407471,7.403388023376465
3481,7.789311408996582,7.403498649597168
3482,4.5274834632873535,7.40267276763916
3483,10.632933616638184,7.403600215911865
3484,7.791802883148193,7.403711318969727
3485,5.986260890960693,7.403304576873779
3486,8.264996528625488,7.403552055358887
3487,10.006671905517578,7.404297828674316
3488,9.312564849853516,7.404844760894775
3489,10.185659408569336,7.405641555786133
3490,7.9682393074035645,7.405803203582764
3491,7.666686058044434,7.405877590179443
3492,6.974674224853516,7.405754089355469
3493,6.184419631958008,7.405404090881348
3494,7.744623184204102,7.405501365661621
3495,9.004298210144043,7.40595817565918
3496,10.319150924682617,7.4067912101745605
3497,6.85243034362793,7.406632423400879
3498,7.467660903930664,7.406649589538574
3499,7.9218430519104,7.406796932220459
3500,7.872404098510742,7.406929969787598
3501,7.519540309906006,7.4069623947143555
3502,7.882655143737793,7.407097816467285
3503,7.8347487449646,7.407219886779785
3504,10.24007797241211,7.4080281257629395
3505,11.040431022644043,7.409064292907715
3506,7.852927207946777,7.409191131591797
3507,9.218884468078613,7.409707069396973
3508,6.987957000732422,7.4095869064331055
3509,6.616153717041016,7.409360408782959
3510,5.748185634613037,7.4088873863220215
3511,8.298476219177246,7.409140586853027
3512,8.50479507446289,7.409452438354492
3513,6.723392486572266,7.409256935119629
3514,8.695734977722168,7.409622669219971
3515,8.787562370300293,7.410014629364014
3516,6.9316582679748535,7.409878730773926
3517,7.1419243812561035,7.409802436828613
3518,8.4741792678833,7.410105228424072
3519,10.427610397338867,7.4109625816345215
3520,5.3776164054870605,7.410384654998779
3521,8.695622444152832,7.410749435424805
3522,9.630247116088867,7.411379814147949
3523,7.819267272949219,7.411495208740234
3524,10.070494651794434,7.412249565124512
3525,6.6319780349731445,7.4120283126831055
3526,7.73471736907959,7.4121198654174805
3527,6.636731147766113,7.411900043487549
3528,7.054515838623047,7.41179895401001
3529,7.767279148101807,7.411899566650391
3530,8.310701370239258,7.412154197692871
3531,7.325422763824463,7.412129878997803
3532,6.150829315185547,7.411772727966309
3533,5.728204727172852,7.411296367645264
3534,7.161667823791504,7.41122579574585
3535,6.171228885650635,7.41087532043457
3536,7.95268440246582,7.411028861999512
3537,6.2859110832214355,7.410710334777832
3538,6.57332181930542,7.4104743003845215
3539,7.505131244659424,7.410501003265381
3540,7.974310398101807,7.410660266876221
3541,6.311425685882568,7.4103498458862305
3542,6.656636714935303,7.410137176513672
3543,6.28296422958374,7.40981912612915
3544,6.456901550292969,7.409550189971924
3545,5.605391979217529,7.409041404724121
3546,6.068257808685303,7.408663272857666
3547,7.36955451965332,7.408652305603027
3548,8.826156616210938,7.409051895141602
3549,6.123509407043457,7.408689498901367
3550,6.209964752197266,7.408352375030518
3551,6.830842971801758,7.408189296722412
3552,6.365629196166992,7.407896041870117
3553,6.784843444824219,7.407720565795898
3554,5.068130016326904,7.407062530517578
3555,7.292601585388184,7.4070305824279785
3556,4.477525234222412,7.4062066078186035
3557,7.041112899780273,7.40610408782959
3558,8.344706535339355,7.406367301940918
3559,8.691250801086426,7.406728267669678
3560,8.202068328857422,7.406951427459717
3561,7.564971923828125,7.40699577331543
3562,8.55737018585205,7.407318592071533
3563,7.761168956756592,7.4074177742004395
3564,6.0500383377075195,7.407037258148193
3565,8.065637588500977,7.407222270965576
3566,8.137819290161133,7.4074273109436035
3567,7.23030948638916,7.40737771987915
3568,8.007641792297363,7.407546043395996
3569,8.057514190673828,7.4077277183532715
3570,6.082411289215088,7.407356262207031
3571,7.865668296813965,7.407484531402588
3572,9.548972129821777,7.408083915710449
3573,7.026703834533691,7.40797758102417
3574,5.014165878295898,7.4073076248168945
3575,8.16729736328125,7.407520294189453
3576,5.302282333374023,7.4069318771362305
3577,8.264745712280273,7.407172203063965
3578,6.904130935668945,7.407031536102295
3579,6.896984100341797,7.406888961791992
3580,7.1848673820495605,7.406826972961426
3581,7.427776336669922,7.406832695007324
3582,6.28387451171875,7.406519412994385
3583,9.570889472961426,7.40712308883667
3584,7.983310222625732,7.407283306121826
3585,4.403661251068115,7.4064459800720215
3586,6.296858310699463,7.406136512756348
3587,5.5726518630981445,7.405625820159912
3588,7.329395294189453,7.405604362487793
3589,9.517870903015137,7.406192779541016
3590,6.367215633392334,7.405903339385986
3591,7.723834037780762,7.405992031097412
3592,6.585917949676514,7.405764102935791
3593,7.134668350219727,7.405688762664795
3594,7.444465637207031,7.405699729919434
3595,6.639549255371094,7.405486583709717
3596,6.722283840179443,7.405296325683594
3597,6.271167278289795,7.40498161315918
3598,9.066731452941895,7.40544319152832
3599,7.747020244598389,7.4055376052856445
3600,-3.055452823638916,7.402632713317871
3601,-3.5794484615325928,7.39958381652832
3602,-1.17025625705719,7.397205352783203
3603,-9.237449645996094,7.392589569091797
3604,-13.998075485229492,7.386655807495117
3605,-5.626814365386963,7.383047103881836
3606,-10.972590446472168,7.377958297729492
3607,-6.672041893005371,7.374063968658447
3608,-5.211541652679443,7.370576858520508
3609,-8.281473159790039,7.366241455078125
3610,-13.141183853149414,7.360562324523926
3611,-8.562616348266602,7.356153964996338
3612,-5.278268337249756,7.352657318115234
3613,-5.065748691558838,7.3492207527160645
3614,-8.6001558303833,7.344809055328369
3615,-12.053202629089355,7.339444637298584
3616,-8.612910270690918,7.335033893585205
3617,-12.725997924804688,7.329489231109619
3618,-8.662847518920898,7.325070381164551
3619,-7.281233787536621,7.321035385131836
3620,-10.884626388549805,7.316007614135742
3621,-6.111879825592041,7.312300682067871
3622,-7.924031734466553,7.3080949783325195
3623,-7.6274943351745605,7.303974151611328
3624,-5.6431427001953125,7.300402641296387
3625,-6.348385334014893,7.296638488769531
3626,-9.350954055786133,7.292048454284668
3627,-3.732617139816284,7.2890095710754395
3628,-5.98816442489624,7.285351276397705
3629,0.10016049444675446,7.283371448516846
3630,-11.574613571166992,7.2781782150268555
3631,-3.7557168006896973,7.275139808654785
3632,-8.07303237915039,7.270915508270264
3633,-7.339786529541016,7.266894817352295
3634,-2.6256392002105713,7.26417350769043
3635,-8.858684539794922,7.259739398956299
3636,-5.734817981719971,7.256166458129883
3637,-15.21644401550293,7.249989032745361
3638,-14.578370094299316,7.243990898132324
3639,-11.281364440917969,7.238901615142822
3640,0.7810229063034058,7.237127780914307
3641,-2.620708465576172,7.234421253204346
3642,-6.43806266784668,7.230668067932129
3643,-4.572490215301514,7.227429389953613
3644,-5.751657962799072,7.223868370056152
3645,0.9647482633590698,7.222151756286621
3646,-2.4717297554016113,7.219493389129639
3647,-0.7619624137878418,7.217305660247803
3648,-4.681180000305176,7.214044570922852
3649,-7.286558151245117,7.210071563720703
3650,-7.862635612487793,7.2059431076049805
3651,-8.478601455688477,7.201648235321045
3652,-3.2188358306884766,7.198795795440674
3653,-4.678565502166748,7.195545673370361
3654,-10.21043872833252,7.1907830238342285
3655,-9.446072578430176,7.186233043670654
3656,-4.318031311035156,7.18308687210083
3657,-6.547065258026123,7.179333686828613
3658,-0.9207348823547363,7.177120208740234
3659,15.508180618286133,7.179396152496338
3660,10.135065078735352,7.180203437805176
3661,13.547272682189941,7.181941986083984
3662,13.4098482131958,7.183642387390137
3663,13.329532623291016,7.185319900512695
3664,15.521781921386719,7.187594413757324
3665,12.042211532592773,7.188918590545654
3666,10.883837699890137,7.189926624298096
3667,16.266986846923828,7.19240140914917
3668,12.49833869934082,7.19384765625
3669,13.197144508361816,7.195483207702637
3670,9.957931518554688,7.196235656738281
3671,10.216609954833984,7.197058200836182
3672,10.10008430480957,7.197848320007324
3673,13.834766387939453,7.199654579162598
3674,13.627857208251953,7.201403617858887
3675,13.654069900512695,7.203158855438232
3676,12.525794982910156,7.204606533050537
3677,12.985057830810547,7.206177711486816
3678,12.58116340637207,7.207639217376709
3679,12.314043998718262,7.20902681350708
3680,10.165508270263672,7.209830284118652
3681,13.115009307861328,7.2114338874816895
3682,10.42879867553711,7.212307929992676
3683,13.561288833618164,7.214031219482422
3684,12.01858139038086,7.215334892272949
3685,13.893455505371094,7.217146396636963
3686,11.126974105834961,7.218206882476807
3687,12.369704246520996,7.219603538513184
3688,12.405009269714355,7.221009254455566
3689,12.183871269226074,7.222353935241699
3690,13.128085136413574,7.223954200744629
3691,11.571891784667969,7.225131988525391
3692,12.674020767211914,7.226607322692871
3693,11.955869674682617,7.2278876304626465
3694,12.580284118652344,7.229335784912109
3695,11.535601615905762,7.230501174926758
3696,11.937368392944336,7.23177433013916
3697,12.699560165405273,7.23325252532959
3698,11.249418258666992,7.234338760375977
3699,12.746809005737305,7.235828399658203
3700,12.842903137207031,7.2373433113098145
3701,10.96500301361084,7.2383503913879395
3702,11.23054313659668,7.239428520202637
3703,16.22452163696289,7.241854190826416
3704,11.012939453125,7.24287223815918
3705,12.380483627319336,7.244258880615234
3706,12.297492027282715,7.245621681213379
3707,14.510222434997559,7.247580528259277
3708,15.868328094482422,7.249905109405518
3709,11.111059188842773,7.250946044921875
3710,11.63669204711914,7.252127647399902
3711,11.2017240524292,7.253191947937012
3712,13.955744743347168,7.2549967765808105
3713,14.284536361694336,7.256889343261719
3714,13.878164291381836,7.25867223739624
3715,15.238228797912598,7.260819435119629
3716,13.889204025268555,7.262602806091309
3717,13.917587280273438,7.264392375946045
3718,12.722477912902832,7.265860080718994
3719,11.955392837524414,7.267120838165283
3720,14.819497108459473,7.269150733947754
3721,12.678017616271973,7.270603656768799
3722,12.170671463012695,7.2719197273254395
3723,12.438678741455078,7.2733073234558105
3724,10.011754035949707,7.27404260635376
3725,11.594305038452148,7.275201797485352
3726,11.187347412109375,7.276251792907715
3727,10.532186508178711,7.277124881744385
3728,11.45014762878418,7.278243541717529
3729,9.570452690124512,7.278858184814453
3730,13.842403411865234,7.2806172370910645
3731,11.72142505645752,7.281806945800781
3732,9.819591522216797,7.282486915588379
3733,11.662483215332031,7.283659934997559
3734,12.29519271850586,7.285001277923584
3735,11.612373352050781,7.286159992218018
3736,11.311809539794922,7.287237644195557
3737,10.520099639892578,7.288102149963379
3738,11.878293991088867,7.289330005645752
3739,11.36878490447998,7.290421009063721
3740,10.274761199951172,7.2912187576293945
3741,7.682008743286133,7.291323184967041
3742,11.159116744995117,7.292356014251709
3743,11.849188804626465,7.293573379516602
3744,9.115899085998535,7.294059753417969
3745,8.350419044494629,7.294341564178467
3746,10.07378101348877,7.295083522796631
3747,6.970973491668701,7.294996738433838
3748,10.886709213256836,7.295955181121826
3749,10.444674491882324,7.296794891357422
3750,11.747491836547852,7.297981262207031
3751,7.969723224639893,7.298160076141357
3752,9.503506660461426,7.298748016357422
3753,10.451440811157227,7.299587726593018
3754,10.432279586791992,7.300421714782715
3755,11.639338493347168,7.301576614379883
3756,13.255205154418945,7.30316162109375
3757,12.533353805541992,7.304553508758545
3758,11.493417739868164,7.305667877197266
3759,10.487250328063965,7.306513786315918
3760,13.239497184753418,7.308091640472412
3761,11.426393508911133,7.309185981750488
3762,12.156349182128906,7.310474395751953
3763,12.290704727172852,7.311797618865967
3764,13.818526268005371,7.313525676727295
3765,9.183005332946777,7.314022064208984
3766,11.838179588317871,7.315223217010498
3767,10.93894100189209,7.316184997558594
3768,11.662651062011719,7.317337989807129
3769,12.335664749145508,7.318669319152832
3770,13.080063819885254,7.320197105407715
3771,9.699373245239258,7.320827484130859
3772,12.636977195739746,7.32223653793335
3773,13.916271209716797,7.323983669281006
3774,11.33701229095459,7.325047016143799
3775,9.87668514251709,7.325722694396973
3776,10.863945007324219,7.326659679412842
3777,13.045637130737305,7.3281731605529785
3778,11.334989547729492,7.329233646392822
3779,10.712965965270996,7.3301286697387695
3780,12.63294792175293,7.331531047821045
3781,13.772505760192871,7.3332343101501465
3782,9.404572486877441,7.333782196044922
3783,14.667973518371582,7.335720062255859
3784,11.22734260559082,7.336748123168945
3785,10.28078842163086,7.337525844573975
3786,14.820942878723145,7.339501857757568
3787,2.965219497680664,7.3383469581604
3788,5.840867042541504,7.337952136993408
3789,4.941113471984863,7.337319850921631
3790,6.357149600982666,7.337060928344727
3791,1.5738176107406616,7.335541248321533
3792,5.467290878295898,7.335048675537109
3793,4.351140975952148,7.334262371063232
3794,3.7332189083099365,7.333313465118408
3795,4.540985107421875,7.332577705383301
3796,6.5494771003723145,7.332371234893799
3797,7.871665000915527,7.332513332366943
3798,3.6698625087738037,7.331549167633057
3799,2.910524845123291,7.330385684967041
3800,2.508242130279541,7.3291168212890625
3801,4.406831741333008,7.328348159790039
3802,4.6651692390441895,7.327647686004639
3803,4.242549419403076,7.326836585998535
3804,4.524120807647705,7.326099872589111
3805,5.830288410186768,7.325706958770752
3806,3.5605738162994385,7.324717998504639
3807,10.106649398803711,7.325448513031006
3808,3.1829590797424316,7.324361324310303
3809,5.030007839202881,7.323759078979492
3810,4.789902210235596,7.323093891143799
3811,2.7019667625427246,7.321881294250488
3812,4.846935749053955,7.321232318878174
3813,5.204690933227539,7.320677757263184
3814,3.9174561500549316,7.3197855949401855
3815,4.139222621917725,7.3189520835876465
3816,5.379979133605957,7.31844425201416
3817,5.666105270385742,7.318011283874512
3818,4.158609867095947,7.317183971405029
3819,4.858165264129639,7.316540241241455
3820,4.611703872680664,7.315832138061523
3821,3.655137777328491,7.314874172210693
3822,3.622947931289673,7.313908576965332
3823,4.649235248565674,7.313211441040039
3824,3.9148316383361816,7.312322616577148
3825,4.0157151222229,7.311460971832275
3826,5.1562089920043945,7.3108978271484375
3827,5.309507846832275,7.310374736785889
3828,0.9620679020881653,7.308717250823975
3829,4.124721527099609,7.307886123657227
3830,1.0256353616714478,7.306245803833008
3831,4.333638668060303,7.3054704666137695
3832,10.920774459838867,7.306413173675537
3833,4.743803977966309,7.3057451248168945
3834,-0.9807430505752563,7.303584575653076
3835,3.004826068878174,7.302463531494141
3836,4.426526069641113,7.301713943481445
3837,2.01283597946167,7.300335884094238
3838,4.416744709014893,7.299584865570068
3839,2.060845375061035,7.298220157623291
3840,7.171899795532227,7.298187255859375
3841,3.6119844913482666,7.29722785949707
3842,3.7046656608581543,7.296293258666992
3843,4.123976707458496,7.295467376708984
3844,2.5297908782958984,7.2942280769348145
3845,5.709037780761719,7.293815612792969
3846,6.73328971862793,7.293669700622559
3847,6.919229030609131,7.293572902679443
3848,4.055026054382324,7.292731285095215
3849,4.653702735900879,7.292046070098877
3850,5.0660223960876465,7.291468143463135
3851,2.8713154792785645,7.29032039642334
3852,5.652918338775635,7.289895534515381
3853,4.137621879577637,7.289077281951904
3854,8.918109893798828,7.289499759674072
3855,9.036547660827637,7.289952754974365
3856,6.872041702270508,7.289844512939453
3857,5.862614631652832,7.2894744873046875
3858,7.659529685974121,7.2895708084106445
3859,4.037888526916504,7.2887282371521
3860,6.518448829650879,7.2885284423828125
3861,6.923408031463623,7.288434028625488
3862,7.977658271789551,7.288612365722656
3863,7.687582969665527,7.288715839385986
3864,5.630543231964111,7.2882866859436035
3865,6.4560956954956055,7.288071632385254
3866,8.564000129699707,7.288402080535889
3867,6.584409713745117,7.288219928741455
3868,6.148670196533203,7.2879252433776855
3869,11.22498607635498,7.288942337036133
3870,5.63476037979126,7.288515090942383
3871,6.654535293579102,7.288351058959961
3872,6.255257606506348,7.288084506988525
3873,8.381512641906738,7.288366794586182
3874,6.595306873321533,7.2881879806518555
3875,5.551571369171143,7.2877397537231445
3876,8.120917320251465,7.287954807281494
3877,6.952900409698486,7.287868499755859
3878,6.183894157409668,7.287583827972412
3879,6.74519157409668,7.287444114685059
3880,4.544567108154297,7.286737442016602
3881,4.776637077331543,7.286090850830078
3882,6.454136371612549,7.285877227783203
3883,7.156603813171387,7.285843849182129
3884,3.8989388942718506,7.284971714019775
3885,7.966275215148926,7.285147190093994
3886,12.489424705505371,7.2864861488342285
3887,5.898077487945557,7.286129474639893
3888,1.3601253032684326,7.284605503082275
3889,8.8193359375,7.284999370574951
3890,6.315393924713135,7.284749984741211
3891,3.416795492172241,7.283756256103516
3892,8.685380935668945,7.284116268157959
3893,7.649997711181641,7.284210205078125
3894,7.2823567390441895,7.284210205078125
3895,7.0059309005737305,7.2841386795043945
3896,5.396251201629639,7.28365421295166
3897,5.356581211090088,7.283160209655762
3898,3.7042524814605713,7.282242298126221
3899,6.225137233734131,7.281970977783203
3900,7.357877731323242,7.2819905281066895
3901,6.984234809875488,7.281914234161377
3902,6.422061443328857,7.281693935394287
3903,3.2252132892608643,7.280654430389404
3904,4.9220805168151855,7.280050754547119
3905,6.843505382537842,7.279938697814941
3906,7.202035903930664,7.279918670654297
3907,6.221808910369873,7.279648303985596
3908,6.012465476989746,7.279324054718018
3909,1.9258021116256714,7.277954578399658
3910,9.468692779541016,7.278514862060547
3911,5.212944984436035,7.277987003326416
3912,7.441346645355225,7.27802848815918
3913,7.381410121917725,7.278054714202881
3914,6.064760208129883,7.277744770050049
3915,5.2885236740112305,7.2772369384765625
3916,8.48425006866455,7.277544975280762
3917,6.604336738586426,7.277373313903809
3918,7.0615620613098145,7.277318477630615
3919,4.879647254943848,7.276706695556641
3920,6.153998374938965,7.2764201164245605
3921,4.367081165313721,7.275678634643555
3922,7.3103814125061035,7.275687217712402
3923,4.8583292961120605,7.275071144104004
3924,4.750860214233398,7.274427890777588
3925,5.692304611206055,7.274024486541748
3926,8.96397876739502,7.2744550704956055
3927,5.43079948425293,7.273985862731934
3928,9.92994213104248,7.274662017822266
3929,11.013111114501953,7.275613307952881
3930,4.910877227783203,7.2750115394592285
3931,2.3124396800994873,7.273749351501465
3932,7.886744022369385,7.273905277252197
3933,5.243640899658203,7.2733893394470215
3934,10.335233688354492,7.274167537689209
3935,4.024773120880127,7.273342132568359
3936,4.85602331161499,7.272727966308594
3937,3.657853364944458,7.271810054779053
3938,12.161005020141602,7.2730512619018555
3939,5.253713130950928,7.272538661956787
3940,6.187162399291992,7.272263526916504
3941,4.279641151428223,7.2715044021606445
3942,5.268750190734863,7.270996570587158
3943,9.702554702758789,7.271613121032715
3944,6.7588324546813965,7.271483421325684
3945,5.940271377563477,7.271145820617676
3946,6.910829067230225,7.271054267883301
3947,6.809427261352539,7.270937442779541
3948,10.613164901733398,7.271783828735352
3949,15.253978729248047,7.273804187774658
3950,13.243362426757812,7.275315284729004
3951,12.563884735107422,7.27665376663208
3952,12.378130912780762,7.277944564819336
3953,12.485308647155762,7.279261112213135
3954,13.817024230957031,7.280914306640625
3955,12.451017379760742,7.28222131729126
3956,10.934405326843262,7.283143997192383
3957,13.662940979003906,7.284755706787109
3958,13.105178833007812,7.28622579574585
3959,13.507279396057129,7.287796974182129
3960,13.875537872314453,7.289459705352783
3961,13.386804580688477,7.290998935699463
3962,12.6615571975708,7.292354106903076
3963,13.579421043395996,7.293940544128418
3964,13.285224914550781,7.295451641082764
3965,13.13398265838623,7.296923637390137
3966,15.52053451538086,7.298996925354004
3967,13.853851318359375,7.3006486892700195
3968,11.13773250579834,7.3016157150268555
3969,11.660914421081543,7.302713871002197
3970,11.718960762023926,7.303825855255127
3971,13.797607421875,7.305460453033447
3972,11.669021606445312,7.306559085845947
3973,12.298309326171875,7.307815074920654
3974,12.568930625915527,7.309138774871826
3975,11.425658226013184,7.310173988342285
3976,13.768583297729492,7.311798095703125
3977,12.371797561645508,7.313069820404053
3978,13.529728889465332,7.314632415771484
3979,13.544926643371582,7.316197872161865
3980,11.890896797180176,7.317346572875977
3981,10.24814510345459,7.318082809448242
3982,12.584297180175781,7.319404602050781
3983,11.138742446899414,7.320363521575928
3984,11.789436340332031,7.3214850425720215
3985,12.753402709960938,7.322847843170166
3986,11.082023620605469,7.323790550231934
3987,13.011473655700684,7.325216770172119
3988,12.792211532592773,7.326587677001953
3989,10.892132759094238,7.327481269836426
3990,12.540253639221191,7.328787803649902
3991,12.480003356933594,7.330078125
3992,13.315300941467285,7.331576824188232
3993,13.626106262207031,7.333153247833252
3994,11.534507751464844,7.33420467376709
3995,10.226168632507324,7.334928512573242
3996,12.362049102783203,7.336186408996582
3997,14.73980712890625,7.338037967681885
3998,12.82492733001709,7.339409828186035
3999,11.11630916595459,7.3403544425964355
4000,14.286662101745605,7.342090606689453
4001,11.359003067016602,7.343094348907471
4002,13.022109031677246,7.344512939453125
4003,13.477069854736328,7.346044540405273
4004,12.435503959655762,7.347315311431885
4005,12.350112915039062,7.348564147949219
4006,13.25418472290039,7.350038051605225
4007,12.36620044708252,7.35128927230835
4008,13.781299591064453,7.352892875671387
4009,13.096673965454102,7.354325294494629
4010,12.626216888427734,7.355639457702637
4011,12.577850341796875,7.356941223144531
4012,14.536310195922852,7.358730792999268
4013,12.927352905273438,7.3601179122924805
4014,13.953228950500488,7.361760139465332
4015,13.988748550415039,7.363409996032715
4016,13.21513557434082,7.364866733551025
4017,12.479951858520508,7.366139888763428
4018,11.812399864196777,7.367246150970459
4019,10.648164749145508,7.368062496185303
4020,10.561161994934082,7.368856430053711
4021,13.452731132507324,7.3703694343566895
4022,12.708064079284668,7.371696472167969
4023,13.289510726928711,7.373166561126709
4024,12.922438621520996,7.374545097351074
4025,14.534805297851562,7.376323699951172
4026,15.718459129333496,7.3783955574035645
4027,15.259115219116211,7.380352020263672
4028,13.687678337097168,7.381917476654053
4029,14.435876846313477,7.383667945861816
4030,14.269329071044922,7.3853759765625
4031,12.971171379089355,7.38676118850708
4032,12.24874496459961,7.387966632843018
4033,13.454656600952148,7.38947057723999
4034,13.372727394104004,7.390953540802002
4035,13.957494735717773,7.392580509185791
4036,13.132650375366211,7.394002437591553
4037,14.439797401428223,7.395747184753418
4038,13.009288787841797,7.39713716506958
4039,12.807616233825684,7.3984761238098145
4040,10.078523635864258,7.399139404296875
4041,13.949352264404297,7.400759696960449
4042,12.627614974975586,7.402052402496338
4043,14.430459976196289,7.403790473937988
4044,14.48766803741455,7.405541896820068
4045,14.21999740600586,7.407226085662842
4046,12.102014541625977,7.40838623046875
4047,13.422687530517578,7.409871578216553
4048,16.035560607910156,7.412001609802246
4049,13.559914588928223,7.413519859313965
4050,15.343252182006836,7.415477752685547
4051,14.680558204650879,7.417270183563232
4052,13.881591796875,7.418865203857422
4053,14.678380966186523,7.420655727386475
4054,14.033064842224121,7.422286510467529
4055,15.449074745178223,7.424265384674072
4056,13.767515182495117,7.42582893371582
4057,15.485551834106445,7.4278154373168945
4058,13.777734756469727,7.429379463195801
4059,13.585845947265625,7.430895805358887
4060,15.083982467651367,7.4327802658081055
4061,14.651490211486816,7.434557914733887
4062,16.349166870117188,7.436751842498779
4063,14.295281410217285,7.43843936920166
4064,14.812478065490723,7.440253734588623
4065,14.089736938476562,7.441888809204102
4066,14.071016311645508,7.44351863861084
4067,12.266282081604004,7.444704055786133
4068,16.885028839111328,7.447024345397949
4069,10.181692123413086,7.447696208953857
4070,12.9798583984375,7.449055194854736
4071,10.332240104675293,7.449763298034668
4072,13.876267433166504,7.451341152191162
4073,13.54383659362793,7.452836513519287
4074,12.876442909240723,7.454167366027832
4075,11.790157318115234,7.455231666564941
4076,14.627195358276367,7.456990718841553
4077,14.483903884887695,7.458714008331299
4078,16.28399085998535,7.460876941680908
4079,13.784130096435547,7.462426662445068
4080,13.428340911865234,7.463888645172119
4081,13.761734962463379,7.465431213378906
4082,7.889723300933838,7.465535640716553
4083,15.154010772705078,7.467418193817139
4084,14.511232376098633,7.469142436981201
4085,14.683794975280762,7.470908164978027
4086,13.68951416015625,7.4724297523498535
4087,14.233787536621094,7.47408390045166
4088,13.858516693115234,7.475645542144775
4089,15.05567741394043,7.477499008178711
4090,14.2826566696167,7.479162693023682
4091,14.818154335021973,7.480956077575684
4092,15.516595840454102,7.482919216156006
4093,13.739012718200684,7.484447002410889
4094,13.934183120727539,7.486021995544434
4095,14.216574668884277,7.487665176391602
4096,13.33015251159668,7.489091396331787
4097,10.312137603759766,7.489779949188232
4098,16.079357147216797,7.491875648498535
4099,15.923225402832031,7.493932247161865
4100,13.415494918823242,7.4953765869140625
4101,14.479142189025879,7.497078895568848
4102,11.098532676696777,7.497956275939941
4103,12.046160697937012,7.499064922332764
4104,14.518832206726074,7.50077486038208
4105,15.335650444030762,7.502683162689209
4106,14.412776947021484,7.50436544418335
4107,13.382293701171875,7.505796432495117
4108,12.666598320007324,7.507052421569824
4109,13.781044006347656,7.508579254150391
4110,13.942632675170898,7.510144233703613
4111,13.557175636291504,7.511614799499512
4112,14.668636322021484,7.513354778289795
4113,13.499282836914062,7.514810085296631
4114,13.682183265686035,7.516308307647705
4115,14.98127555847168,7.518121719360352
4116,15.284852981567383,7.520008563995361
4117,13.023943901062012,7.521345138549805
4118,11.43190860748291,7.522294044494629
4119,14.466093063354492,7.523979663848877
4120,10.109933853149414,7.524607181549072
4121,11.027689933776855,7.52545690536499
4122,11.61151123046875,7.526447772979736
4123,10.289870262145996,7.527117729187012
4124,11.299639701843262,7.528032302856445
4125,10.9859619140625,7.528870582580566
4126,11.176660537719727,7.529754161834717
4127,9.764012336730957,7.530295372009277
4128,10.522942543029785,7.531020164489746
4129,10.648751258850098,7.531774997711182
4130,11.784904479980469,7.532804489135742
4131,10.455072402954102,7.533511638641357
4132,11.052204132080078,7.534363269805908
4133,10.639163970947266,7.535114288330078
4134,11.644281387329102,7.536108016967773
4135,11.642760276794434,7.537100791931152
4136,10.810357093811035,7.5378923416137695
4137,12.26983642578125,7.539035797119141
4138,10.296173095703125,7.53970193862915
4139,11.26654052734375,7.54060173034668
4140,10.220603942871094,7.5412492752075195
4141,11.7955322265625,7.542275905609131
4142,12.586624145507812,7.543493270874023
4143,12.692347526550293,7.544735908508301
4144,10.464802742004395,7.545440196990967
4145,11.312721252441406,7.546348571777344
4146,10.215898513793945,7.546992778778076
4147,10.122673034667969,7.547613620758057
4148,11.387394905090332,7.548539161682129
4149,11.991782188415527,7.549609661102295
4150,10.697775840759277,7.550368309020996
4151,12.660273551940918,7.551599025726318
4152,12.074989318847656,7.552687644958496
4153,11.124733924865723,7.5535478591918945
4154,11.852134704589844,7.554582118988037
4155,10.733808517456055,7.555347442626953
4156,10.365019798278809,7.556023120880127
4157,13.259028434753418,7.557394981384277
4158,11.798044204711914,7.558414936065674
4159,12.854459762573242,7.559687614440918
4160,12.159385681152344,7.560793399810791
4161,11.442718505859375,7.561726093292236
4162,10.896081924438477,7.562527179718018
4163,12.015352249145508,7.563596725463867
4164,10.93970775604248,7.5644073486328125
4165,10.894688606262207,7.565206527709961
4166,11.296719551086426,7.566102027893066
4167,13.02918815612793,7.567412853240967
4168,12.906798362731934,7.5686936378479
4169,11.740058898925781,7.569693565368652
4170,10.015518188476562,7.570280075073242
4171,10.627951622009277,7.571013450622559
4172,13.818302154541016,7.572510242462158
4173,10.726910591125488,7.57326602935791
4174,12.52610969543457,7.5744524002075195
4175,10.219696998596191,7.575085639953613
4176,12.068378448486328,7.576160907745361
4177,11.098240852355957,7.5770039558410645
4178,11.387715339660645,7.577916145324707
4179,11.890912055969238,7.578948020935059
4180,9.808870315551758,7.57948112487793
4181,11.21318244934082,7.580349922180176
4182,12.06441879272461,7.581421852111816
4183,11.445449829101562,7.582345485687256
4184,11.985490798950195,7.58339786529541
4185,9.945277214050293,7.5839619636535645
4186,10.772852897644043,7.584723949432373
4187,11.49523639678955,7.585657596588135
4188,11.082549095153809,7.586492538452148
4189,12.429494857788086,7.587648391723633
4190,9.526209831237793,7.588110446929932
4191,10.92507553100586,7.588906764984131
4192,11.104098320007324,7.589745044708252
4193,10.508678436279297,7.59044075012207
4194,10.667400360107422,7.591174602508545
4195,11.25605583190918,7.592047691345215
4196,11.02126693725586,7.592864990234375
4197,11.694193840026855,7.593841552734375
4198,11.139827728271484,7.594686508178711
4199,9.213214874267578,7.595071792602539
4200,10.396783828735352,7.595738410949707
4201,9.912108421325684,7.59628963470459
4202,10.854442596435547,7.59706449508667
4203,10.840370178222656,7.597836017608643
4204,10.092350006103516,7.598429203033447
4205,9.88682746887207,7.598973274230957
4206,11.038454055786133,7.599791049957275
4207,11.46613597869873,7.600709915161133
4208,11.416667938232422,7.601616382598877
4209,11.435240745544434,7.602527141571045
4210,12.629627227783203,7.603720664978027
4211,11.769325256347656,7.604709625244141
4212,10.649104118347168,7.605432033538818
4213,12.714661598205566,7.606644630432129
4214,8.967501640319824,7.606967449188232
4215,10.09945011138916,7.607558727264404
4216,10.796536445617676,7.6083149909973145
4217,11.694268226623535,7.609283447265625
4218,9.88049602508545,7.609821796417236
4219,12.249650001525879,7.610921382904053
4220,14.468391418457031,7.612545967102051
4221,12.67375373840332,7.613744735717773
4222,9.916175842285156,7.6142897605896
4223,10.119189262390137,7.614882946014404
4224,9.353019714355469,7.615294456481934
4225,9.090522766113281,7.615643501281738
4226,11.557872772216797,7.616576194763184
4227,12.786979675292969,7.617799282073975
4228,11.965673446655273,7.618826866149902
4229,12.79300308227539,7.620050430297852
4230,11.646814346313477,7.621001720428467
4231,8.895030975341797,7.621302604675293
4232,11.478145599365234,7.622213840484619
4233,10.683120727539062,7.622937202453613
4234,13.230916023254395,7.624261379241943
4235,12.3567476272583,7.625378608703613
4236,8.841764450073242,7.625665664672852
4237,11.336594581604004,7.6265411376953125
4238,8.367623329162598,7.626715660095215
4239,9.746014595031738,7.62721586227417
4240,9.290619850158691,7.627607822418213
4241,13.272780418395996,7.628939151763916
4242,12.399246215820312,7.630063056945801
4243,12.124500274658203,7.63112211227417
4244,9.108482360839844,7.631470203399658
4245,10.107059478759766,7.632053375244141
4246,17.778480529785156,7.6344428062438965
4247,10.858930587768555,7.635201930999756
4248,11.755460739135742,7.636171817779541
4249,9.023948669433594,7.636497974395752
4250,12.183540344238281,7.63756799697876
4251,9.092264175415039,7.637909889221191
4252,10.23985767364502,7.638521671295166
4253,10.423808097839355,7.639176368713379
4254,9.675074577331543,7.639655113220215
4255,11.70893669128418,7.640611171722412
4256,12.43802547454834,7.641737937927246
4257,12.422101974487305,7.6428608894348145
4258,11.978439331054688,7.64387845993042
4259,10.57186222076416,7.644566059112549
4260,11.25461196899414,7.645412921905518
4261,11.765417098999023,7.6463799476623535
4262,14.36149787902832,7.647954940795898
4263,15.377777099609375,7.649767875671387
4264,12.060775756835938,7.650801658630371
4265,12.247941970825195,7.65187931060791
4266,13.202404975891113,7.6531805992126465
4267,13.635217666625977,7.6545820236206055
4268,12.780643463134766,7.655782699584961
4269,13.053699493408203,7.657046794891357
4270,10.551403045654297,7.657724380493164
4271,13.087301254272461,7.658995628356934
4272,13.331762313842773,7.660323143005371
4273,10.00804328918457,7.660872459411621
4274,11.810660362243652,7.6618428230285645
4275,11.718311309814453,7.662791728973389
4276,10.025279998779297,7.663343906402588
4277,12.859201431274414,7.664558410644531
4278,11.144815444946289,7.665371417999268
4279,13.46683120727539,7.666727542877197
4280,11.393980979919434,7.667598247528076
4281,11.965238571166992,7.668601989746094
4282,11.665992736816406,7.669534683227539
4283,10.1914701461792,7.67012357711792
4284,11.03201961517334,7.670907974243164
4285,11.84103012084961,7.67188024520874
4286,12.245880126953125,7.672947406768799
4287,9.139501571655273,7.673289775848389
4288,11.890965461730957,7.6742730140686035
4289,11.292160987854004,7.675116539001465
4290,13.70557689666748,7.676522254943848
4291,13.225020408630371,7.6778154373168945
4292,12.536706924438477,7.6789469718933105
4293,10.848550796508789,7.679684638977051
4294,13.77830982208252,7.68110466003418
4295,11.764120101928711,7.682055473327637
4296,12.007589340209961,7.6830620765686035
4297,10.875751495361328,7.683804512023926
4298,10.666427612304688,7.6844987869262695
4299,13.023813247680664,7.6857404708862305
4300,13.01432991027832,7.6869797706604
4301,12.623369216918945,7.688127517700195
4302,14.544046401977539,7.689720630645752
4303,13.531255722045898,7.691077709197998
4304,12.569380760192871,7.692211151123047
4305,12.848409652709961,7.693408489227295
4306,12.283157348632812,7.694473743438721
4307,10.467387199401855,7.695117473602295
4308,12.381685256958008,7.6962056159973145
4309,12.363595962524414,7.697288513183594
4310,11.051469802856445,7.698066234588623
4311,10.999475479125977,7.698832035064697
4312,11.772886276245117,7.699776649475098
4313,9.838370323181152,7.700272560119629
4314,14.661613464355469,7.70188570022583
4315,13.224387168884277,7.703165054321289
4316,13.446313858032227,7.704494953155518
4317,11.524033546447754,7.705379486083984
4318,12.748889923095703,7.706547260284424
4319,13.53512191772461,7.707896709442139
4320,13.377613067626953,7.709208965301514
4321,13.050283432006836,7.710444927215576
4322,12.44844913482666,7.711541175842285
4323,13.22305679321289,7.712815761566162
4324,14.408744812011719,7.714364051818848
4325,13.44375991821289,7.715688705444336
4326,11.284849166870117,7.716513633728027
4327,13.042533874511719,7.71774435043335
4328,14.282310485839844,7.7192606925964355
4329,13.896062850952148,7.720686912536621
4330,13.940059661865234,7.722123146057129
4331,13.240586280822754,7.723397254943848
4332,14.857881546020508,7.725044250488281
4333,12.185884475708008,7.72607421875
4334,10.651782989501953,7.726748943328857
4335,11.526097297668457,7.727625370025635
4336,13.099488258361816,7.728863716125488
4337,9.43557357788086,7.729257583618164
4338,11.948495864868164,7.730230331420898
4339,11.779679298400879,7.731163501739502
4340,9.814010620117188,7.731643199920654
4341,14.688358306884766,7.733244895935059
4342,13.193074226379395,7.734501838684082
4343,13.710634231567383,7.735877513885498
4344,12.127195358276367,7.736888885498047
4345,12.78994369506836,7.738050937652588
4346,13.689868927001953,7.7394208908081055
4347,12.602577209472656,7.740539073944092
4348,11.661982536315918,7.741440296173096
4349,11.041277885437012,7.742198944091797
4350,12.85165786743164,7.743373394012451
4351,12.610236167907715,7.7444915771484375
4352,13.299306869506836,7.745768070220947
4353,11.606989860534668,7.746654510498047
4354,13.078878402709961,7.747878551483154
4355,11.340812683105469,7.748703479766846
4356,12.001229286193848,7.749679088592529
4357,13.10498046875,7.750907897949219
4358,12.521657943725586,7.752002716064453
4359,12.324773788452148,7.7530517578125
4360,10.690496444702148,7.753725528717041
4361,13.106818199157715,7.754952430725098
4362,11.651450157165527,7.755845546722412
4363,12.604419708251953,7.756956577301025
4364,12.462135314941406,7.7580342292785645
4365,12.68191146850586,7.759162425994873
4366,9.346277236938477,7.759526252746582
4367,10.143452644348145,7.760072231292725
4368,10.311256408691406,7.760656356811523
4369,10.25229549407959,7.761227130889893
4370,9.155989646911621,7.7615461349487305
4371,8.874249458312988,7.761800765991211
4372,10.925176620483398,7.762524604797363
4373,10.65125846862793,7.763185024261475
4374,10.12031078338623,7.763724327087402
4375,7.085989952087402,7.763569355010986
4376,10.085304260253906,7.764099597930908
4377,10.439043045043945,7.764710426330566
4378,10.659140586853027,7.765371799468994
4379,9.98974323272705,7.765879154205322
4380,8.747489929199219,7.7661027908325195
4381,9.206558227539062,7.76643180847168
4382,9.23311996459961,7.766766548156738
4383,7.007133483886719,7.7665934562683105
4384,9.681497573852539,7.767029762268066
4385,10.066133499145508,7.76755428314209
4386,5.551490783691406,7.7670488357543945
4387,7.734865665435791,7.767041206359863
4388,10.496713638305664,7.76766300201416
4389,9.45751953125,7.76804780960083
4390,10.2210054397583,7.768607139587402
4391,7.856325626373291,7.768626689910889
4392,10.096977233886719,7.7691569328308105
4393,7.241464614868164,7.769036769866943
4394,9.160623550415039,7.76935338973999
4395,11.028034210205078,7.770094394683838
4396,9.071294784545898,7.770390510559082
4397,8.37769889831543,7.770528793334961
4398,11.139211654663086,7.771294593811035
4399,9.089923858642578,7.771594524383545
4400,10.218306541442871,7.77215051651001
4401,9.329544067382812,7.772503852844238
4402,7.99296760559082,7.77255392074585
4403,9.791544914245605,7.773012638092041
4404,7.593681812286377,7.772972106933594
4405,10.83978271484375,7.773667812347412
4406,8.945453643798828,7.7739338874816895
4407,7.561058044433594,7.773885726928711
4408,7.858362674713135,7.773905277252197
4409,11.33984661102295,7.77471399307251
4410,9.844423294067383,7.775182723999023
4411,9.734040260314941,7.775627136230469
4412,6.654313087463379,7.775373458862305
4413,8.895930290222168,7.775627136230469
4414,9.335471153259277,7.775980472564697
4415,10.01030158996582,7.776486396789551
4416,8.395868301391602,7.7766265869140625
4417,10.445148468017578,7.777230739593506
4418,10.16116714477539,7.777770042419434
4419,7.4513773918151855,7.77769660949707
4420,7.559307098388672,7.777647018432617
4421,8.127368927001953,7.777726173400879
4422,6.512840270996094,7.777440071105957
4423,10.202159881591797,7.777988433837891
4424,10.967811584472656,7.778709411621094
4425,7.040426731109619,7.7785420417785645
4426,9.490537643432617,7.778929233551025
4427,10.668865203857422,7.7795820236206055
4428,9.953512191772461,7.7800726890563965
4429,9.727212905883789,7.780511856079102
4430,10.033965110778809,7.781020641326904
4431,7.9528608322143555,7.781059741973877
4432,9.040905952453613,7.781343460083008
4433,8.241471290588379,7.781447410583496
4434,9.712100982666016,7.781882286071777
4435,13.00870418548584,7.783060550689697
4436,8.447969436645508,7.783210754394531
4437,9.358465194702148,7.783565998077393
4438,6.096368312835693,7.783185958862305
4439,8.780595779418945,7.783410549163818
4440,8.451804161071777,7.783561706542969
4441,10.541812896728516,7.784182548522949
4442,9.000553131103516,7.784456253051758
4443,7.296120643615723,7.784346580505371
4444,8.319633483886719,7.7844672203063965
4445,9.937883377075195,7.784951686859131
4446,8.86722183227539,7.7851948738098145
4447,9.799975395202637,7.785647869110107
4448,8.957921981811523,7.785911560058594
4449,7.213622093200684,7.785782814025879
4450,9.865259170532227,7.786250591278076
4451,8.934521675109863,7.786508560180664
4452,7.49418306350708,7.78644323348999
4453,10.413854598999023,7.7870330810546875
4454,10.280203819274902,7.787592887878418
4455,8.080061912536621,7.787658214569092
4456,6.789259910583496,7.787434101104736
4457,7.932336807250977,7.787467002868652
4458,12.254915237426758,7.788468360900879
4459,9.897442817687988,7.788941860198975
4460,7.268388748168945,7.788825035095215
4461,7.61610746383667,7.788786888122559
4462,7.520614147186279,7.788726329803467
4463,9.022385597229004,7.789002895355225
4464,5.557680130004883,7.788503646850586
4465,8.661981582641602,7.788698673248291
4466,7.79380989074707,7.788699626922607
4467,9.314010620117188,7.789040565490723
4468,9.406524658203125,7.789402484893799
4469,9.555810928344727,7.789797306060791
4470,8.361416816711426,7.789925575256348
4471,8.606411933898926,7.7901082038879395
4472,9.046926498413086,7.790389060974121
4473,8.902223587036133,7.790637493133545
4474,8.760135650634766,7.790854454040527
4475,8.389449119567871,7.790988445281982
4476,8.947725296020508,7.791247367858887
4477,9.463757514953613,7.791621208190918
4478,9.585060119628906,7.792021751403809
4479,9.315814971923828,7.792361736297607
4480,8.208843231201172,7.792454242706299
4481,9.53690242767334,7.792843341827393
4482,9.834774017333984,7.793299198150635
4483,9.737861633300781,7.793732643127441
4484,9.076862335205078,7.7940192222595215
4485,8.582404136657715,7.79419469833374
4486,8.919877052307129,7.794445037841797
4487,8.358705520629883,7.7945709228515625
4488,7.265947341918945,7.794453144073486
4489,8.086440086364746,7.794517993927002
4490,6.615514278411865,7.794256210327148
4491,8.897905349731445,7.794501781463623
4492,7.247198104858398,7.794379711151123
4493,8.82015609741211,7.794608116149902
4494,8.271867752075195,7.794714450836182
4495,8.423802375793457,7.794854164123535
4496,10.88788890838623,7.795541763305664
4497,8.828164100646973,7.79577112197876
4498,10.770519256591797,7.796432018280029
4499,11.34145736694336,7.797219753265381
4500,8.530591011047363,7.797382831573486
4501,5.803797721862793,7.796939849853516
4502,7.889537334442139,7.796960830688477
4503,9.735488891601562,7.797390937805176
4504,9.203561782836914,7.797703266143799
4505,7.384185314178467,7.797610759735107
4506,8.131340980529785,7.797685146331787
4507,5.498470306396484,7.797175884246826
4508,6.672420978546143,7.796926021575928
4509,4.707645416259766,7.79624080657959
4510,4.953003406524658,7.7956109046936035
4511,5.931753635406494,7.7951979637146
4512,4.772983074188232,7.794528484344482
4513,8.224735260009766,7.794624328613281
4514,5.768215179443359,7.794175624847412
4515,5.136500358581543,7.7935872077941895
4516,6.3248491287231445,7.793262004852295
4517,6.25730562210083,7.792922019958496
4518,5.413283348083496,7.79239559173584
4519,6.761147975921631,7.792167663574219
4520,4.909507751464844,7.791530132293701
4521,3.642683267593384,7.790613174438477
4522,5.011937618255615,7.789998531341553
4523,2.805112600326538,7.788896560668945
4524,5.281614780426025,7.788342475891113
4525,5.932045936584473,7.787932872772217
4526,5.019745826721191,7.787321090698242
4527,4.532898902893066,7.786602020263672
4528,5.373847007751465,7.786069869995117
4529,4.369744777679443,7.785315990447998
4530,4.367612361907959,7.7845611572265625
4531,4.007701873779297,7.783728122711182
4532,5.189020156860352,7.78315544128418
4533,3.0831286907196045,7.782118320465088
4534,4.994419097900391,7.781504154205322
4535,3.953705072402954,7.780660152435303
4536,4.023238182067871,7.779831886291504
4537,3.605607032775879,7.77891206741333
4538,3.9822444915771484,7.778075218200684
4539,3.9711480140686035,7.7772369384765625
4540,3.655449151992798,7.776329517364502
4541,5.465430736541748,7.775820732116699
4542,3.0767579078674316,7.774786472320557
4543,4.611982822418213,7.774090766906738
4544,4.501706123352051,7.773370265960693
4545,6.968691349029541,7.773193359375
4546,4.85529088973999,7.772552013397217
4547,6.85001802444458,7.7723493576049805
4548,3.5920655727386475,7.771430492401123
4549,3.8239192962646484,7.770563125610352
4550,1.1430574655532837,7.769107341766357
4551,3.7668700218200684,7.768227577209473
4552,3.023959159851074,7.767185688018799
4553,3.53377103805542,7.766256332397461
4554,6.213187217712402,7.765915870666504
4555,5.263614177703857,7.765366077423096
4556,5.030294418334961,7.764766216278076
4557,6.5708136558532715,7.7645039558410645
4558,6.145447731018066,7.764148712158203
4559,6.372867584228516,7.763843059539795
4560,4.824502468109131,7.7631988525390625
4561,4.238180637359619,7.762425899505615
4562,5.379331588745117,7.761903762817383
4563,5.534333229064941,7.761415958404541
4564,3.646850109100342,7.760514736175537
4565,6.612504959106445,7.760263442993164
4566,5.859008312225342,7.759847164154053
4567,5.745353698730469,7.759406566619873
4568,5.229831695556641,7.758852958679199
4569,3.8722755908966064,7.758002281188965
4570,3.9504706859588623,7.757168769836426
4571,5.344008922576904,7.756640911102295
4572,5.081655979156494,7.756056308746338
4573,4.170732498168945,7.75527286529541
4574,3.1193196773529053,7.7542595863342285
4575,3.087996006011963,7.753240585327148
4576,3.5935285091400146,7.752331733703613
4577,5.806182861328125,7.751906394958496
4578,4.745339393615723,7.75124979019165
4579,5.120203018188477,7.750675678253174
4580,7.425169944763184,7.750604629516602
4581,8.249561309814453,7.750713348388672
4582,5.434203624725342,7.750207901000977
4583,7.834075927734375,7.7502264976501465
4584,7.548849105834961,7.75018310546875
4585,5.610374927520752,7.749716281890869
4586,1.0976247787475586,7.748266220092773
4587,5.146422386169434,7.747698783874512
4588,4.270012855529785,7.746940612792969
4589,5.527892112731934,7.746457099914551
4590,7.459866523742676,7.746395111083984
4591,5.816712856292725,7.745974540710449
4592,4.2875189781188965,7.745222091674805
4593,5.5592041015625,7.744746208190918
4594,4.187046527862549,7.743971824645996
4595,5.8091349601745605,7.743550777435303
4596,1.6472755670547485,7.74222469329834
4597,5.1957244873046875,7.741671085357666
4598,5.404858589172363,7.74116325378418
4599,6.69175386428833,7.7409348487854
4600,5.170168876647949,7.7403764724731445
4601,5.838475227355957,7.739963531494141
4602,5.006234645843506,7.739369869232178
4603,5.9496917724609375,7.738981246948242
4604,5.4619598388671875,7.7384867668151855
4605,4.175154685974121,7.737712860107422
4606,4.631424427032471,7.737039089202881
4607,4.939575672149658,7.7364325523376465
4608,2.755768299102783,7.7353515625
4609,6.920701026916504,7.735174655914307
4610,4.213022708892822,7.734411239624023
4611,9.264518737792969,7.734743595123291
4612,4.952009677886963,7.734140396118164
4613,5.772504806518555,7.733715534210205
4614,4.236356735229492,7.7329583168029785
4615,4.18274450302124,7.732189178466797
4616,3.499288558959961,7.7312726974487305
4617,7.048382759094238,7.731124401092529
4618,4.372549533843994,7.730396747589111
4619,1.101658821105957,7.728961944580078
4620,3.955284595489502,7.728145599365234
4621,5.157015800476074,7.727589130401611
4622,5.915914058685303,7.727197170257568
4623,4.144705772399902,7.726422309875488
4624,5.470084190368652,7.725934028625488
4625,5.288898944854736,7.725407123565674
4626,4.305534839630127,7.724668025970459
4627,4.591303825378418,7.7239909172058105
4628,13.522738456726074,7.72524356842041
4629,12.397310256958008,7.726253032684326
4630,11.305225372314453,7.727025508880615
4631,8.0167875289917,7.72708797454834
4632,11.498403549194336,7.727902412414551
4633,10.729890823364258,7.728549957275391
4634,9.756715774536133,7.728988170623779
4635,11.220565795898438,7.729740619659424
4636,9.968966484069824,7.730223655700684
4637,10.632406234741211,7.730849266052246
4638,11.928515434265137,7.731754779815674
4639,13.15863037109375,7.732924461364746
4640,10.862017631530762,7.7335991859436035
4641,10.456896781921387,7.734185695648193
4642,12.025585174560547,7.735110282897949
4643,12.401092529296875,7.736115455627441
4644,8.467350959777832,7.736272811889648
4645,11.52840518951416,7.737089157104492
4646,10.088106155395508,7.737595558166504
4647,10.898934364318848,7.738275527954102
4648,12.46680736541748,7.739293098449707
4649,11.047769546508789,7.740004062652588
4650,10.26491641998291,7.740547180175781
4651,13.395967483520508,7.741762638092041
4652,11.431205749511719,7.742555141448975
4653,11.922554969787598,7.743453025817871
4654,10.380354881286621,7.744019508361816
4655,10.307558059692383,7.744570255279541
4656,10.278243064880371,7.745113849639893
4657,11.747844696044922,7.745973110198975
4658,10.292091369628906,7.746519565582275
4659,10.47003173828125,7.747103691101074
4660,7.720261096954346,7.747097969055176
4661,11.534762382507324,7.747910499572754
4662,8.92652416229248,7.748162746429443
4663,7.348165035247803,7.748076915740967
4664,14.221975326538086,7.749464988708496
4665,10.899686813354492,7.7501397132873535
4666,10.383149147033691,7.750703811645508
4667,8.716999053955078,7.750911235809326
4668,7.792394638061523,7.750920295715332
4669,9.3631591796875,7.751265525817871
4670,9.754339218139648,7.751694202423096
4671,10.124835014343262,7.75220251083374
4672,11.217931747436523,7.752943992614746
4673,10.337748527526855,7.7534966468811035
4674,11.965330123901367,7.754397392272949
4675,12.583602905273438,7.755430221557617
4676,7.4312849044799805,7.755360126495361
4677,9.598456382751465,7.755753993988037
4678,11.262056350708008,7.756503582000732
4679,10.409046173095703,7.757070541381836
4680,11.755231857299805,7.757924556732178
4681,12.247084617614746,7.758882999420166
4682,8.158477783203125,7.758968830108643
4683,10.483062744140625,7.75955057144165
4684,6.426730155944824,7.759265899658203
4685,7.659902572631836,7.759244441986084
4686,10.607908248901367,7.759852886199951
4687,7.8007893562316895,7.759861469268799
4688,11.191497802734375,7.760593414306641
4689,10.044316291809082,7.761079788208008
4690,14.201885223388672,7.762453079223633
4691,12.527320861816406,7.7634687423706055
4692,10.540948867797852,7.764060020446777
4693,7.844865798950195,7.764077186584473
4694,12.239988327026367,7.7650299072265625
4695,9.656865119934082,7.765432834625244
4696,10.131463050842285,7.765936851501465
4697,12.128759384155273,7.7668657302856445
4698,8.08544921875,7.766933441162109
4699,12.973955154418945,7.768041133880615
4700,13.767867088317871,7.769317626953125
4701,10.590018272399902,7.7699174880981445
4702,12.827481269836426,7.770993232727051
4703,9.60549259185791,7.771383285522461
4704,11.102266311645508,7.772090911865234
4705,11.416726112365723,7.7728657722473145
4706,11.997718811035156,7.7737627029418945
4707,11.399694442749023,7.774532794952393
4708,10.402095794677734,7.77509069442749
4709,8.654216766357422,7.775277137756348
4710,9.975136756896973,7.775744438171387
4711,9.36122989654541,7.776080131530762
4712,10.525020599365234,7.776663303375244
4713,12.210844993591309,7.777604103088379
4714,-1.620884656906128,7.775610446929932
4715,9.259710311889648,7.7759246826171875
4716,9.03748893737793,7.776192665100098
4717,9.971915245056152,7.776658058166504
4718,11.234793663024902,7.777390956878662
4719,11.717225074768066,7.778225898742676
4720,10.601457595825195,7.7788238525390625
4721,10.059910774230957,7.779306888580322
4722,9.57841682434082,7.779687881469727
4723,12.871452331542969,7.780765533447266
4724,8.425359725952148,7.780901908874512
4725,7.343778610229492,7.78080940246582
4726,10.66464614868164,7.781419277191162
4727,9.510222434997559,7.781785488128662
4728,11.947522163391113,7.7826666831970215
4729,11.359410285949707,7.783422946929932
4730,9.314117431640625,7.783745765686035
4731,9.43771743774414,7.784095287322998
4732,8.28781509399414,7.7842020988464355
4733,9.093453407287598,7.784478664398193
4734,9.032424926757812,7.7847418785095215
4735,7.676543712615967,7.784718990325928
4736,12.571745872497559,7.78572940826416
4737,8.65429973602295,7.785912990570068
4738,10.876492500305176,7.786564826965332
4739,8.856216430664062,7.786790370941162
4740,12.350969314575195,7.787753105163574
4741,8.108146667480469,7.787821292877197
4742,12.587579727172852,7.788832664489746
4743,9.518793106079102,7.7891974449157715
4744,6.282036781311035,7.788879871368408
4745,12.327237129211426,7.789836406707764
4746,14.593934059143066,7.791269302368164
4747,9.600747108459473,7.791650772094727
4748,10.619593620300293,7.792246341705322
4749,10.598517417907715,7.792837142944336
4750,10.360384941101074,7.79337739944458
4751,10.889400482177734,7.794029235839844
4752,10.411314010620117,7.79457950592041
4753,11.272632598876953,7.795311450958252
4754,9.214805603027344,7.795609951019287
4755,11.922913551330566,7.796477317810059
4756,11.007136344909668,7.797152519226074
4757,9.759828567504883,7.797565460205078
4758,10.851906776428223,7.7982072830200195
4759,11.184547424316406,7.7989182472229
4760,16.776029586791992,7.800804138183594
4761,9.090670585632324,7.801074981689453
4762,10.658842086791992,7.801675319671631
4763,11.032308578491211,7.8023529052734375
4764,13.876429557800293,7.8036274909973145
4765,10.018272399902344,7.8040924072265625
4766,6.953661918640137,7.8039140701293945
4767,7.576424598693848,7.803866386413574
4768,10.036443710327148,7.80433464050293
4769,9.604358673095703,7.804712295532227
4770,12.392576217651367,7.805673122406006
4771,10.711931228637695,7.806282043457031
4772,10.244136810302734,7.806792259216309
4773,8.828252792358398,7.807006359100342
4774,10.088888168334961,7.8074846267700195
4775,12.955684661865234,7.808562755584717
4776,11.34645938873291,7.8093037605285645
4777,11.433072090148926,7.810061931610107
4778,13.413239479064941,7.811234474182129
4779,14.086111068725586,7.812547206878662
4780,13.021732330322266,7.8136372566223145
4781,8.61433219909668,7.813804626464844
4782,11.217846870422363,7.814516544342041
4783,9.951333045959473,7.814963340759277
4784,10.447246551513672,7.8155131340026855
4785,9.628503799438477,7.815892219543457
4786,10.164665222167969,7.81638240814209
4787,10.335659980773926,7.816908836364746
4788,8.926368713378906,7.817140579223633
4789,11.868202209472656,7.817986011505127
4790,13.300782203674316,7.8191304206848145
4791,10.493229866027832,7.819688320159912
4792,14.296921730041504,7.82103967666626
4793,9.143012046813965,7.821315765380859
4794,11.770196914672852,7.822138786315918
4795,16.223777770996094,7.823890686035156
4796,10.345635414123535,7.824415683746338
4797,15.67634391784668,7.826052188873291
4798,13.121612548828125,7.827155590057373
4799,11.675004005432129,7.8279571533203125
4800,12.683486938476562,7.828968524932861
4801,14.342853546142578,7.830325603485107
4802,11.162558555603027,7.831019401550293
4803,8.755542755126953,7.831211566925049
4804,16.59137535095215,7.833034515380859
4805,9.532235145568848,7.833387851715088
4806,7.978048801422119,7.8334174156188965
4807,13.450555801391602,7.834585666656494
4808,10.917945861816406,7.835226535797119
4809,11.81913948059082,7.836055278778076
4810,11.838863372802734,7.836887359619141
4811,13.229628562927246,7.838008403778076
4812,9.798519134521484,7.838415145874023
4813,10.617912292480469,7.838992595672607
4814,11.311641693115234,7.839714050292969
4815,13.241748809814453,7.8408355712890625
4816,13.5313081741333,7.84201717376709
4817,10.65153694152832,7.842600345611572
4818,9.216667175292969,7.8428850173950195
4819,10.310169219970703,7.8433966636657715
4820,13.596736907958984,7.844590187072754
4821,10.130998611450195,7.845064640045166
4822,12.449024200439453,7.846019268035889
4823,14.392009735107422,7.847375869750977
4824,12.490443229675293,7.848338603973389
4825,11.946610450744629,7.849187850952148
4826,10.111381530761719,7.849656581878662
4827,0.607048511505127,7.848156452178955
4828,13.195767402648926,7.849263668060303
4829,9.822209358215332,7.849671840667725
4830,8.730517387390137,7.849853992462158
4831,7.66433048248291,7.849815368652344
4832,11.170873641967773,7.850502967834473
4833,7.076685905456543,7.850343227386475
4834,8.722023010253906,7.850523471832275
4835,9.315766334533691,7.850826740264893
4836,9.327205657958984,7.851131916046143
