Iteration,Result,Mean
0,10.493470191955566,10.493470191955566
1,11.109441757202148,10.801456451416016
2,11.775297164916992,11.126070976257324
3,11.933540344238281,11.327938079833984
4,11.944486618041992,11.451248168945312
5,12.211655616760254,11.577982902526855
6,11.780867576599121,11.606966018676758
7,9.657038688659668,11.363224983215332
8,10.370826721191406,11.252958297729492
9,10.050508499145508,11.132713317871094
10,10.160640716552734,11.044342994689941
11,10.40799331665039,10.991313934326172
12,10.989762306213379,10.991194725036621
13,10.999847412109375,10.991812705993652
14,13.27975845336914,11.144342422485352
15,12.339491844177246,11.219038963317871
16,11.548944473266602,11.238445281982422
17,12.260629653930664,11.295233726501465
18,12.582902908325195,11.363005638122559
19,11.811594009399414,11.385435104370117
20,11.59807300567627,11.395561218261719
21,11.221880912780762,11.387665748596191
22,10.437156677246094,11.34634017944336
23,11.12250804901123,11.337013244628906
24,12.480222702026367,11.382741928100586
25,14.0166015625,11.484044075012207
26,12.784279823303223,11.532200813293457
27,12.663583755493164,11.572607040405273
28,12.32194995880127,11.5984468460083
29,10.076473236083984,11.547714233398438
30,10.56003475189209,11.515852928161621
31,12.943717002868652,11.560474395751953
32,11.786983489990234,11.567337989807129
33,10.452710151672363,11.534554481506348
34,12.574111938476562,11.564255714416504
35,10.960683822631836,11.547490119934082
36,11.627471923828125,11.549652099609375
37,10.765109062194824,11.529006004333496
38,11.896180152893066,11.538420677185059
39,11.378246307373047,11.534416198730469
40,11.910834312438965,11.543597221374512
41,10.057733535766602,11.508219718933105
42,12.408145904541016,11.52914810180664
43,12.90284538269043,11.560367584228516
44,11.308574676513672,11.554773330688477
45,9.099396705627441,11.501396179199219
46,11.373562812805176,11.498675346374512
47,12.244617462158203,11.514216423034668
48,10.806337356567383,11.49976921081543
49,10.572609901428223,11.481226921081543
50,9.925215721130371,11.450716972351074
51,10.259035110473633,11.427800178527832
52,11.676825523376465,11.432498931884766
53,10.210487365722656,11.409869194030762
54,11.816690444946289,11.417265892028809
55,10.060080528259277,11.393030166625977
56,10.947808265686035,11.38521957397461
57,12.438310623168945,11.403375625610352
58,12.591151237487793,11.423507690429688
59,11.462850570678711,11.424162864685059
60,11.23057746887207,11.420989036560059
61,12.573368072509766,11.439576148986816
62,9.979180335998535,11.41639518737793
63,12.190579414367676,11.428491592407227
64,12.68581485748291,11.447834968566895
65,12.016209602355957,11.456446647644043
66,8.671829223632812,11.414885520935059
67,11.287827491760254,11.413017272949219
68,8.328948974609375,11.368319511413574
69,12.443872451782227,11.383684158325195
70,12.13101577758789,11.394210815429688
71,10.580683708190918,11.382911682128906
72,11.368082046508789,11.382708549499512
73,11.53245735168457,11.384732246398926
74,10.350566864013672,11.370944023132324
75,11.054176330566406,11.366776466369629
76,7.119217872619629,11.311613082885742
77,9.762018203735352,11.291746139526367
78,11.798094749450684,11.298155784606934
79,11.311485290527344,11.298322677612305
80,12.831083297729492,11.317244529724121
81,10.964357376098633,11.312941551208496
82,11.01636791229248,11.309368133544922
83,12.712292671203613,11.326069831848145
84,10.718337059020996,11.31891918182373
85,11.047139167785645,11.31575870513916
86,11.848905563354492,11.321887016296387
87,8.293035507202148,11.287467956542969
88,11.632139205932617,11.291340827941895
89,12.2406587600708,11.301888465881348
90,12.273475646972656,11.312565803527832
91,12.065924644470215,11.320754051208496
92,6.92160701751709,11.273451805114746
93,8.592546463012695,11.2449312210083
94,9.45514965057373,11.226092338562012
95,11.100983619689941,11.224788665771484
96,9.44809627532959,11.206472396850586
97,9.934041976928711,11.193489074707031
98,9.204010009765625,11.173393249511719
99,9.335898399353027,11.155017852783203
100,9.322809219360352,11.136877059936523
101,10.167430877685547,11.127372741699219
102,9.182401657104492,11.108489990234375
103,9.2808837890625,11.090916633605957
104,9.50345230102539,11.075797080993652
105,10.213092803955078,11.067659378051758
106,7.259037971496582,11.032064437866211
107,9.763347625732422,11.020317077636719
108,10.228100776672363,11.013049125671387
109,8.493145942687988,10.990140914916992
110,9.27466106414795,10.974686622619629
111,7.342358589172363,10.942255020141602
112,9.922860145568848,10.933234214782715
113,8.307756423950195,10.910202980041504
114,9.399223327636719,10.897064208984375
115,8.561430931091309,10.87692928314209
116,11.269512176513672,10.880284309387207
117,10.373162269592285,10.87598705291748
118,9.97799301147461,10.868440628051758
119,10.383213996887207,10.864397048950195
120,11.289295196533203,10.867908477783203
121,9.325145721435547,10.855263710021973
122,9.564924240112305,10.844773292541504
123,8.524388313293457,10.82606029510498
124,8.560896873474121,10.807939529418945
125,8.204605102539062,10.787278175354004
126,8.323978424072266,10.767881393432617
127,9.618005752563477,10.758898735046387
128,9.798937797546387,10.751457214355469
129,9.004416465759277,10.738018035888672
130,9.069345474243164,10.72528076171875
131,10.719204902648926,10.725234985351562
132,7.477891445159912,10.700818061828613
133,9.58069133758545,10.692459106445312
134,13.290804862976074,10.711706161499023
135,12.977324485778809,10.728364944458008
136,6.910688400268555,10.700498580932617
137,7.4670610427856445,10.677067756652832
138,9.387396812438965,10.667789459228516
139,5.553470134735107,10.631258964538574
140,8.720017433166504,10.617703437805176
141,8.21258544921875,10.6007661819458
142,9.785921096801758,10.595067977905273
143,9.314882278442383,10.586177825927734
144,10.440068244934082,10.58517074584961
145,9.692330360412598,10.579055786132812
146,9.688440322875977,10.572997093200684
147,9.498810768127441,10.565738677978516
148,10.376054763793945,10.56446647644043
149,10.501312255859375,10.564044952392578
150,8.395469665527344,10.549684524536133
151,13.684059143066406,10.570304870605469
152,7.895961761474609,10.552825927734375
153,8.572164535522461,10.53996467590332
154,9.846234321594238,10.53548812866211
155,11.945561408996582,10.544527053833008
156,10.128744125366211,10.541879653930664
157,12.125572204589844,10.551902770996094
158,12.218374252319336,10.562383651733398
159,9.919017791748047,10.55836296081543
160,9.894439697265625,10.554239273071289
161,9.415828704833984,10.547211647033691
162,8.15477180480957,10.5325345993042
163,11.175856590270996,10.536457061767578
164,10.159528732299805,10.534173011779785
165,9.50819206237793,10.527992248535156
166,8.541282653808594,10.516096115112305
167,11.853605270385742,10.524057388305664
168,10.914826393127441,10.526369094848633
169,11.3222074508667,10.531050682067871
170,10.051560401916504,10.528246879577637
171,10.992218017578125,10.530943870544434
172,10.910805702209473,10.5331392288208
173,10.276905059814453,10.53166675567627
174,8.855523109436035,10.522088050842285
175,8.063556671142578,10.508119583129883
176,9.273941040039062,10.501147270202637
177,6.234807968139648,10.477178573608398
178,8.94419002532959,10.46861457824707
179,8.541839599609375,10.457910537719727
180,10.016057968139648,10.455470085144043
181,10.214766502380371,10.454147338867188
182,9.49903392791748,10.448927879333496
183,11.159316062927246,10.452788352966309
184,10.452309608459473,10.45278549194336
185,7.618136882781982,10.437545776367188
186,6.533303737640381,10.416667938232422
187,13.580282211303711,10.43349552154541
188,8.700007438659668,10.424323081970215
189,8.912712097167969,10.416367530822754
190,16.408170700073242,10.447738647460938
191,12.04929256439209,10.456080436706543
192,9.699790954589844,10.45216178894043
193,10.483960151672363,10.452325820922852
194,11.103116989135742,10.455663681030273
195,9.876277923583984,10.452707290649414
196,12.063077926635742,10.460882186889648
197,10.329090118408203,10.460216522216797
198,13.760601043701172,10.476800918579102
199,13.462058067321777,10.491726875305176
200,12.061473846435547,10.499537467956543
201,10.72374439239502,10.500646591186523
202,10.834848403930664,10.502293586730957
203,11.931924819946289,10.50930118560791
204,12.341079711914062,10.518237113952637
205,10.7041015625,10.519139289855957
206,12.212118148803711,10.527318000793457
207,10.355277061462402,10.526490211486816
208,11.289539337158203,10.530141830444336
209,12.474688529968262,10.539401054382324
210,12.357397079467773,10.548016548156738
211,12.335399627685547,10.556447982788086
212,12.773933410644531,10.566859245300293
213,10.836174011230469,10.568117141723633
214,9.947815895080566,10.565232276916504
215,11.500165939331055,10.569561004638672
216,12.304450988769531,10.577555656433105
217,11.371994018554688,10.58120059967041
218,12.484500885009766,10.58989143371582
219,11.823729515075684,10.595499992370605
220,11.12710952758789,10.597906112670898
221,12.126607894897461,10.604792594909668
222,10.815377235412598,10.60573673248291
223,11.079560279846191,10.6078519821167
224,11.33250617980957,10.61107349395752
225,14.343570709228516,10.627588272094727
226,12.449936866760254,10.635616302490234
227,10.997669219970703,10.63720417022705
228,9.208809852600098,10.630966186523438
229,12.200322151184082,10.637789726257324
230,13.226476669311523,10.648996353149414
231,13.10956859588623,10.659603118896484
232,10.746983528137207,10.659977912902832
233,11.66079044342041,10.664255142211914
234,11.279167175292969,10.666872024536133
235,10.74128246307373,10.667186737060547
236,11.917256355285645,10.67246150970459
237,10.621990203857422,10.672249794006348
238,3.781346321105957,10.643416404724121
239,6.053890228271484,10.62429428100586
240,4.433440208435059,10.598605155944824
241,6.309264183044434,10.580881118774414
242,5.287384510040283,10.559097290039062
243,7.213344573974609,10.545385360717773
244,2.992375373840332,10.514556884765625
245,4.116211891174316,10.488547325134277
246,7.846092700958252,10.477849006652832
247,7.185032367706299,10.464571952819824
248,3.494825839996338,10.4365816116333
249,5.053348541259766,10.415048599243164
250,6.103349685668945,10.397870063781738
251,-0.23816972970962524,10.355663299560547
252,6.3035430908203125,10.33964729309082
253,0.6483539342880249,10.301492691040039
254,1.514830470085144,10.267035484313965
255,-1.4097224473953247,10.221423149108887
256,1.6286180019378662,10.18798828125
257,2.4693517684936523,10.15807056427002
258,1.192906141281128,10.123456001281738
259,-1.918959617614746,10.077138900756836
260,1.9429957866668701,10.045973777770996
261,5.920965671539307,10.030229568481445
262,5.851323127746582,10.0143404006958
263,0.9432483315467834,9.97998046875
264,5.413232803344727,9.962747573852539
265,2.8991987705230713,9.936193466186523
266,-0.8130273222923279,9.895934104919434
267,1.115113377571106,9.86316967010498
268,1.9500190019607544,9.833752632141113
269,-0.20151464641094208,9.796586036682129
270,-0.6273928284645081,9.7581205368042
271,3.2606985569000244,9.734232902526855
272,-3.1413731575012207,9.6870698928833
273,1.2135382890701294,9.656145095825195
274,3.0692968368530273,9.632192611694336
275,1.435627818107605,9.602495193481445
276,-4.792367935180664,9.550527572631836
277,2.715027332305908,9.52593994140625
278,2.3844785690307617,9.500343322753906
279,0.9645658731460571,9.469858169555664
280,1.9806554317474365,9.443206787109375
281,-0.9142662286758423,9.406477928161621
282,4.1060309410095215,9.387747764587402
283,3.887216567993164,9.368379592895508
284,5.161309242248535,9.353618621826172
285,2.8155360221862793,9.330758094787598
286,5.121713161468506,9.316092491149902
287,2.986628532409668,9.29411506652832
288,-1.6779078245162964,9.256149291992188
289,0.29522785544395447,9.225249290466309
290,2.5936458110809326,9.202460289001465
291,-0.5127335786819458,9.169189453125
292,-4.172554969787598,9.12365436553955
293,7.084106922149658,9.116717338562012
294,-13.974124908447266,9.038443565368652
295,-3.616593837738037,8.995689392089844
296,-1.9057737588882446,8.958984375
297,4.303988933563232,8.943363189697266
298,-8.985398292541504,8.883400917053223
299,3.395250082015991,8.865107536315918
300,3.364284038543701,8.846832275390625
301,4.399068832397461,8.832104682922363
302,-1.4173496961593628,8.79827880859375
303,1.9690340757369995,8.775814056396484
304,2.6514720916748047,8.755733489990234
305,2.8042335510253906,8.736284255981445
306,7.171923637390137,8.731188774108887
307,9.956028938293457,8.7351655960083
308,4.459232330322266,8.72132682800293
309,0.2931382954120636,8.69413948059082
310,-1.5499787330627441,8.661200523376465
311,-1.3829176425933838,8.629008293151855
312,3.046497106552124,8.61117172241211
313,3.261382818222046,8.594135284423828
314,3.355555772781372,8.57750415802002
315,3.8160035610198975,8.5624361038208
316,2.94734263420105,8.544722557067871
317,-2.3830721378326416,8.510357856750488
318,3.9495208263397217,8.496060371398926
319,2.5571556091308594,8.47750186920166
320,4.188867092132568,8.464141845703125
321,1.3457566499710083,8.442034721374512
322,-0.0051984237506985664,8.41588306427002
323,0.8757326006889343,8.392610549926758
324,-1.8862614631652832,8.360982894897461
325,5.023327827453613,8.35074520111084
326,2.453819513320923,8.332712173461914
327,0.28679564595222473,8.308181762695312
328,2.1394779682159424,8.289432525634766
329,0.7672465443611145,8.266637802124023
330,0.8873354196548462,8.244343757629395
331,3.915719509124756,8.231306076049805
332,2.1226820945739746,8.21296215057373
333,0.8212125301361084,8.190832138061523
334,4.565680980682373,8.180010795593262
335,5.401144981384277,8.17173957824707
336,2.2879364490509033,8.154280662536621
337,0.9780305027961731,8.133049011230469
338,4.690237998962402,8.122892379760742
339,1.749605655670166,8.104147911071777
340,4.261682510375977,8.092879295349121
341,2.1420302391052246,8.075479507446289
342,3.768892288208008,8.062923431396484
343,4.112659454345703,8.051440238952637
344,6.020512580871582,8.045553207397461
345,-3.9766480922698975,8.010807037353516
346,0.8177478313446045,7.990077495574951
347,4.224307060241699,7.979256629943848
348,9.852076530456543,7.984622478485107
349,9.552837371826172,7.989102840423584
350,12.496075630187988,8.001943588256836
351,11.624303817749023,8.01223373413086
352,12.547710418701172,8.0250825881958
353,12.881673812866211,8.038801193237305
354,14.251924514770508,8.056303024291992
355,13.617685317993164,8.071925163269043
356,12.458516120910645,8.084212303161621
357,13.074932098388672,8.098153114318848
358,11.08690071105957,8.106477737426758
359,8.294015884399414,8.106998443603516
360,11.291731834411621,8.11582088470459
361,12.643756866455078,8.128329277038574
362,11.628459930419922,8.137970924377441
363,12.525901794433594,8.150025367736816
364,8.269636154174805,8.15035343170166
365,12.499770164489746,8.162237167358398
366,8.823369026184082,8.16403865814209
367,8.500432968139648,8.164953231811523
368,10.714183807373047,8.171860694885254
369,12.079656600952148,8.182422637939453
370,12.036961555480957,8.192811965942383
371,8.53150463104248,8.19372272491455
372,11.265542984008789,8.201957702636719
373,11.401749610900879,8.210514068603516
374,6.557738304138184,8.206106185913086
375,7.3968706130981445,8.203953742980957
376,10.076478958129883,8.2089204788208
377,8.947373390197754,8.210874557495117
378,5.04161262512207,8.20251178741455
379,10.34577751159668,8.208151817321777
380,10.708650588989258,8.214715003967285
381,13.250009536743164,8.227896690368652
382,10.011112213134766,8.232552528381348
383,7.645892143249512,8.231024742126465
384,11.909921646118164,8.240580558776855
385,11.511703491210938,8.249054908752441
386,11.407538414001465,8.257216453552246
387,10.650912284851074,8.263385772705078
388,10.628161430358887,8.269464492797852
389,8.647214889526367,8.27043342590332
390,11.55031681060791,8.27882194519043
391,9.78239917755127,8.282657623291016
392,13.343019485473633,8.295534133911133
393,13.439749717712402,8.308589935302734
394,13.228320121765137,8.321044921875
395,11.540717124938965,8.32917594909668
396,12.793729782104492,8.340421676635742
397,12.936410903930664,8.351968765258789
398,12.863144874572754,8.363275527954102
399,12.661419868469238,8.37402057647705
400,13.323718070983887,8.386363983154297
401,10.382829666137695,8.391329765319824
402,6.348811149597168,8.386261940002441
403,10.812875747680664,8.392269134521484
404,9.762260437011719,8.395650863647461
405,10.811739921569824,8.401602745056152
406,11.51307487487793,8.409247398376465
407,12.123984336853027,8.418352127075195
408,13.312897682189941,8.430319786071777
409,11.822928428649902,8.438594818115234
410,11.648691177368164,8.446404457092285
411,13.067527770996094,8.457621574401855
412,10.86790657043457,8.463457107543945
413,11.618143081665039,8.471077919006348
414,10.753331184387207,8.476576805114746
415,9.535070419311523,8.479122161865234
416,13.032161712646484,8.49004077911377
417,11.759267807006836,8.497861862182617
418,12.621620178222656,8.50770378112793
419,11.934747695922852,8.515863418579102
420,9.320112228393555,8.517773628234863
421,13.027390480041504,8.528459548950195
422,10.575214385986328,8.53329849243164
423,6.9442033767700195,8.529550552368164
424,9.891613960266113,8.532754898071289
425,10.418851852416992,8.537182807922363
426,13.236159324645996,8.548187255859375
427,9.69382095336914,8.550864219665527
428,10.329549789428711,8.555009841918945
429,11.293966293334961,8.561379432678223
430,14.29173469543457,8.574675559997559
431,12.421097755432129,8.583579063415527
432,8.786371231079102,8.584047317504883
433,11.418728828430176,8.59057903289795
434,11.081047058105469,8.596303939819336
435,11.468180656433105,8.602890968322754
436,8.55277156829834,8.602776527404785
437,11.371688842773438,8.609098434448242
438,7.119960784912109,8.605705261230469
439,10.15373706817627,8.609224319458008
440,10.089288711547852,8.612580299377441
441,9.991501808166504,8.615699768066406
442,7.712698936462402,8.613661766052246
443,8.115896224975586,8.612540245056152
444,8.663185119628906,8.612653732299805
445,7.127419471740723,8.60932445526123
446,6.426782608032227,8.60444164276123
447,9.581521987915039,8.606622695922852
448,8.048408508300781,8.605379104614258
449,10.442388534545898,8.609460830688477
450,10.082498550415039,8.612727165222168
451,10.098938941955566,8.616015434265137
452,6.8444671630859375,8.612104415893555
453,11.294618606567383,8.618013381958008
454,7.600641250610352,8.615777015686035
455,11.126252174377441,8.621282577514648
456,7.052674770355225,8.617850303649902
457,7.531250953674316,8.615477561950684
458,9.789268493652344,8.618035316467285
459,7.256461143493652,8.61507511138916
460,8.856449127197266,8.615598678588867
461,7.667689323425293,8.613547325134277
462,10.443574905395508,8.617499351501465
463,9.674478530883789,8.61977767944336
464,9.740245819091797,8.622187614440918
465,7.33042049407959,8.619415283203125
466,8.323188781738281,8.618781089782715
467,9.200536727905273,8.620023727416992
468,9.205533981323242,8.621272087097168
469,11.701422691345215,8.627825736999512
470,12.395959854125977,8.635826110839844
471,9.077095031738281,8.636760711669922
472,10.20079517364502,8.640067100524902
473,8.132309913635254,8.638996124267578
474,8.747200012207031,8.6392240524292
475,9.134458541870117,8.640263557434082
476,13.468461036682129,8.650385856628418
477,7.849845886230469,8.648710250854492
478,8.420670509338379,8.648234367370605
479,7.298862934112549,8.64542293548584
480,9.534930229187012,8.647273063659668
481,13.316960334777832,8.656961441040039
482,9.921142578125,8.659578323364258
483,10.361451148986816,8.663093566894531
484,9.453862190246582,8.664725303649902
485,10.027143478393555,8.667529106140137
486,11.584986686706543,8.673519134521484
487,13.110932350158691,8.682612419128418
488,8.629993438720703,8.682504653930664
489,11.158184051513672,8.687557220458984
490,9.532747268676758,8.689277648925781
491,10.421557426452637,8.692798614501953
492,10.153400421142578,8.695760726928711
493,11.034360885620117,8.700494766235352
494,11.254398345947266,8.70565414428711
495,14.07121467590332,8.716471672058105
496,14.1025390625,8.727309226989746
497,9.738375663757324,8.729339599609375
498,15.942825317382812,8.743795394897461
499,11.076194763183594,8.748459815979004
500,13.15550422668457,8.757255554199219
501,12.34662914276123,8.764406204223633
502,10.46464729309082,8.767786979675293
503,13.63935375213623,8.77745246887207
504,10.556150436401367,8.780974388122559
505,9.213190078735352,8.781828880310059
506,10.52889633178711,8.785274505615234
507,15.75699234008789,8.79899787902832
508,13.074287414550781,8.807397842407227
509,11.820056915283203,8.81330394744873
510,11.973267555236816,8.819487571716309
511,11.75250244140625,8.825216293334961
512,11.661157608032227,8.830744743347168
513,11.694561004638672,8.836315155029297
514,12.396368980407715,8.843228340148926
515,17.919326782226562,8.860817909240723
516,12.155661582946777,8.867191314697266
517,11.481334686279297,8.872238159179688
518,16.544864654541016,8.887022018432617
519,14.555315971374512,8.897921562194824
520,12.037076950073242,8.903946876525879
521,9.036531448364258,8.90420150756836
522,14.243907928466797,8.914411544799805
523,13.231535911560059,8.922650337219238
524,13.15489387512207,8.93071174621582
525,11.996753692626953,8.936540603637695
526,14.856473922729492,8.947772979736328
527,12.48395824432373,8.95447063446045
528,-1.3069928884506226,8.935072898864746
529,-1.9399499893188477,8.91455364227295
530,-0.27399685978889465,8.897249221801758
531,0.02661396749317646,8.880576133728027
532,0.5613417029380798,8.864967346191406
533,0.40835273265838623,8.84913158416748
534,-0.913551926612854,8.830883026123047
535,-1.936517357826233,8.810794830322266
536,-0.5816782712936401,8.793304443359375
537,2.2706174850463867,8.781180381774902
538,2.2277443408966064,8.769021034240723
539,-4.466732501983643,8.744510650634766
540,-1.19578218460083,8.726136207580566
541,1.135644793510437,8.712132453918457
542,3.9611501693725586,8.70338249206543
543,0.35624581575393677,8.68803882598877
544,2.58733868598938,8.676844596862793
545,1.2464429140090942,8.663236618041992
546,1.0621800422668457,8.64933967590332
547,-2.076458692550659,8.629767417907715
548,4.999763011932373,8.62315559387207
549,-3.5239622592926025,8.601069450378418
550,0.7520397901535034,8.586824417114258
551,0.873149573802948,8.572850227355957
552,2.6152048110961914,8.562077522277832
553,1.4183984994888306,8.549182891845703
554,-0.5060511231422424,8.532867431640625
555,-0.11769536137580872,8.517308235168457
556,2.4212279319763184,8.506363868713379
557,1.6932882070541382,8.494154930114746
558,-1.2339119911193848,8.476752281188965
559,1.7954473495483398,8.464820861816406
560,-1.553633213043213,8.446962356567383
561,-1.2899810075759888,8.42963695526123
562,1.9066169261932373,8.418050765991211
563,3.1325318813323975,8.408679008483887
564,-0.6851425766944885,8.392583847045898
565,5.097541332244873,8.386762619018555
566,2.755500316619873,8.3768310546875
567,-2.1328470706939697,8.358327865600586
568,4.293935775756836,8.351184844970703
569,1.4960241317749023,8.339158058166504
570,1.093501329421997,8.326468467712402
571,1.6541218757629395,8.314804077148438
572,1.3309348821640015,8.302616119384766
573,1.669079303741455,8.291058540344238
574,-3.676776885986328,8.270245552062988
575,3.9562458992004395,8.262755393981934
576,1.0614826679229736,8.250274658203125
577,-2.6558640003204346,8.231406211853027
578,-2.860215902328491,8.212249755859375
579,2.115797281265259,8.201738357543945
580,2.1650125980377197,8.1913480758667
581,-0.5983544588088989,8.17624568939209
582,7.187795162200928,8.174551010131836
583,2.543874979019165,8.164909362792969
584,0.5245893597602844,8.151848793029785
585,0.3678653836250305,8.138565063476562
586,2.871156692504883,8.129591941833496
587,2.5706026554107666,8.120138168334961
588,-0.718096137046814,8.105132102966309
589,4.305140495300293,8.098691940307617
590,4.429016590118408,8.092482566833496
591,-0.1226380467414856,8.078605651855469
592,-10.82394790649414,8.046730041503906
593,-0.8479461073875427,8.031755447387695
594,2.5435824394226074,8.022531509399414
595,2.5817365646362305,8.013401985168457
596,6.9267168045043945,8.011582374572754
597,0.7631752490997314,7.9994611740112305
598,6.28955602645874,7.996606349945068
599,4.5850019454956055,7.990920543670654
600,1.689634919166565,7.980435371398926
601,4.308242321014404,7.974335193634033
602,3.684432029724121,7.967221260070801
603,-0.5935530662536621,7.953047275543213
604,0.9863708019256592,7.941532135009766
605,1.8552350997924805,7.931488990783691
606,3.301408529281616,7.923861026763916
607,1.0932289361953735,7.91262674331665
608,-0.23347163200378418,7.899250507354736
609,3.1477456092834473,7.891461372375488
610,5.208122253417969,7.8870697021484375
611,1.9274492263793945,7.877331256866455
612,-4.123006820678711,7.857754707336426
613,6.77681827545166,7.85599422454834
614,-1.6299749612808228,7.840570449829102
615,0.7097851037979126,7.8289947509765625
616,0.9613970518112183,7.817863941192627
617,3.762727975845337,7.811302185058594
618,-3.147808313369751,7.793597221374512
619,0.8429014682769775,7.782386302947998
620,3.4581284523010254,7.775423049926758
621,7.083893775939941,7.774311065673828
622,2.369845390319824,7.765635967254639
623,-0.9151127338409424,7.751724720001221
624,4.495513916015625,7.746514797210693
625,-0.19259417057037354,7.733832836151123
626,1.5448322296142578,7.723962306976318
627,1.96869957447052,7.7147979736328125
628,-8.09922981262207,7.689656734466553
629,4.010087490081787,7.683815956115723
630,-10.591554641723633,7.654853343963623
631,6.460423946380615,7.652963161468506
632,1.0515071153640747,7.642534255981445
633,0.8775734305381775,7.631863594055176
634,5.020794868469238,7.62775182723999
635,-0.05321124196052551,7.61567497253418
636,-0.24733731150627136,7.603331089019775
637,2.298762083053589,7.5950164794921875
638,0.32298094034194946,7.5836358070373535
639,-2.818128824234009,7.5673828125
640,0.27186310291290283,7.556001663208008
641,-0.596938967704773,7.543302059173584
642,3.561434507369995,7.537109375
643,-1.1399749517440796,7.523635387420654
644,-4.115154266357422,7.505590438842773
645,0.3656529188156128,7.494538307189941
646,3.7257351875305176,7.488712787628174
647,5.232236385345459,7.485230922698975
648,3.036296844482422,7.4783759117126465
649,-0.5711029767990112,7.465991497039795
650,5.493818283081055,7.462961673736572
651,3.6349904537200928,7.457090377807617
652,0.6727835536003113,7.4467010498046875
653,1.7104840278625488,7.437930107116699
654,1.3385050296783447,7.42861795425415
655,3.235259532928467,7.422225475311279
656,6.375937461853027,7.420633316040039
657,1.307314395904541,7.411342144012451
658,1.4255856275558472,7.402259349822998
659,3.8174338340759277,7.396827697753906
660,2.7944302558898926,7.389864921569824
661,-2.739858627319336,7.374563217163086
662,-1.1952729225158691,7.361637592315674
663,-1.2269521951675415,7.348702907562256
664,-6.133016586303711,7.328429698944092
665,-0.9523630738258362,7.3159966468811035
666,0.6938706636428833,7.306067943572998
667,3.537205219268799,7.300426006317139
668,2.539856195449829,7.293310165405273
669,2.675983428955078,7.286418437957764
670,2.9578709602355957,7.279967784881592
671,2.741380214691162,7.273213863372803
672,4.868748664855957,7.269640922546387
673,6.333673000335693,7.268251895904541
674,3.407292366027832,7.262531757354736
675,1.769840955734253,7.254406929016113
676,5.78861141204834,7.252241611480713
677,0.15569846332073212,7.241775035858154
678,3.4324655532836914,7.2361650466918945
679,3.256072521209717,7.230311393737793
680,3.1786296367645264,7.224361896514893
681,1.89329993724823,7.2165446281433105
682,2.8827688694000244,7.21019983291626
683,-0.21759478747844696,7.199340343475342
684,-1.782059669494629,7.186228275299072
685,1.2886238098144531,7.177631378173828
686,-5.074632167816162,7.159796714782715
687,-1.7439006567001343,7.146854877471924
688,0.48680421710014343,7.13718843460083
689,1.1790791749954224,7.128553867340088
690,0.5218039751052856,7.118992805480957
691,-2.582584857940674,7.104973316192627
692,-0.16475708782672882,7.094483375549316
693,0.9896706938743591,7.085687160491943
694,-4.665018081665039,7.068779468536377
695,4.956860065460205,7.0657453536987305
696,2.5383212566375732,7.059249401092529
697,-6.452210426330566,7.039892196655273
698,0.6669616103172302,7.03077507019043
699,-2.8837835788726807,7.016611099243164
700,5.257332801818848,7.014101505279541
701,2.4055066108703613,7.0075364112854
702,-4.527222156524658,6.991128444671631
703,-1.3680431842803955,6.979254245758057
704,-2.1581549644470215,6.9662933349609375
705,-1.1860144138336182,6.954746246337891
706,4.080994606018066,6.950681686401367
707,3.998293876647949,6.946511745452881
708,2.7181243896484375,6.940547943115234
709,-6.750123500823975,6.921265602111816
710,-1.0654911994934082,6.910032749176025
711,-8.14682388305664,6.888885021209717
712,0.5868414640426636,6.880046367645264
713,-10.333650588989258,6.855937957763672
714,0.8610782623291016,6.847553253173828
715,2.7396156787872314,6.841815948486328
716,-6.259676933288574,6.823543071746826
717,-1.511551022529602,6.811933994293213
718,-3.050048589706421,6.798218250274658
719,-0.20895631611347198,6.788486003875732
720,-1.1305605173110962,6.77750301361084
721,2.4921445846557617,6.771567344665527
722,3.8747177124023438,6.7675604820251465
723,-2.2970693111419678,6.755040645599365
724,-1.4529138803482056,6.743719100952148
725,-0.14084668457508087,6.734236240386963
726,-5.444475173950195,6.717484474182129
727,4.104677200317383,6.713895320892334
728,-2.0116748809814453,6.701926231384277
729,3.087925434112549,6.696975231170654
730,-2.504711627960205,6.68438720703125
731,-6.694760322570801,6.666109561920166
732,0.38700318336486816,6.657543659210205
733,-9.697495460510254,6.6352620124816895
734,2.623429298400879,6.629803657531738
735,-4.1597185134887695,6.6151442527771
736,0.015838664025068283,6.606189727783203
737,-1.6479196548461914,6.595005035400391
738,0.40263116359710693,6.586626052856445
739,3.1555190086364746,6.581989765167236
740,6.506341934204102,6.581887722015381
741,4.0220232009887695,6.578437805175781
742,-8.825697898864746,6.557705402374268
743,1.326910138130188,6.550674915313721
744,-7.8760175704956055,6.531310081481934
745,6.040672302246094,6.5306525230407715
746,-0.49291789531707764,6.521250247955322
747,2.032771348953247,6.515249729156494
748,2.0684337615966797,6.509312629699707
749,0.42098337411880493,6.501194477081299
750,-2.3063812255859375,6.489467144012451
751,5.18766975402832,6.487735748291016
752,6.810965061187744,6.488165378570557
753,-1.0292956829071045,6.4781951904296875
754,-5.98214054107666,6.461691379547119
755,-3.5854172706604004,6.448401927947998
756,2.016272783279419,6.442546844482422
757,-1.1165099143981934,6.4325737953186035
758,-2.5441763401031494,6.42074728012085
759,-0.37342631816864014,6.411807537078857
760,-1.9195644855499268,6.400859832763672
761,2.031872034072876,6.395125865936279
762,-1.5333665609359741,6.384735107421875
763,2.9099221229553223,6.380187034606934
764,1.1504433155059814,6.373350620269775
765,2.39328932762146,6.368154525756836
766,1.6153429746627808,6.361957550048828
767,-2.5694122314453125,6.35032844543457
768,0.391338586807251,6.342579364776611
769,3.0346617698669434,6.338283061981201
770,-3.8507115840911865,6.32506799697876
771,-3.142857313156128,6.312803745269775
772,7.6282734870910645,6.314505577087402
773,-0.7980215549468994,6.30531644821167
774,3.00970196723938,6.3010640144348145
775,5.375328540802002,6.299871444702148
776,-0.29507553577423096,6.291383743286133
777,5.179085731506348,6.28995418548584
778,-8.60834789276123,6.270829200744629
779,-1.8763103485107422,6.2603840827941895
780,-3.3159008026123047,6.248122692108154
781,-3.844148635864258,6.2352166175842285
782,-2.379908323287964,6.22421407699585
783,-7.156495094299316,6.207146644592285
784,6.355835914611816,6.207335948944092
785,0.17692118883132935,6.1996636390686035
786,0.8952798843383789,6.1929240226745605
787,-0.9073204398155212,6.183913707733154
788,2.8035268783569336,6.179629325866699
789,2.5458545684814453,6.175029754638672
790,6.962490558624268,6.176024913787842
791,-2.511038303375244,6.165056228637695
792,2.8608994483947754,6.160889625549316
793,0.8111494779586792,6.154151916503906
794,-1.4207082986831665,6.144623279571533
795,2.0328421592712402,6.139457702636719
796,4.088509559631348,6.1368842124938965
797,-1.9275556802749634,6.1267781257629395
798,-13.954434394836426,6.101644992828369
799,-7.8464884757995605,6.084209442138672
800,4.055748462677002,6.081676959991455
801,-4.994543552398682,6.067866325378418
802,4.021440505981445,6.065317630767822
803,1.4781749248504639,6.059612274169922
804,-13.362869262695312,6.035484790802002
805,3.081502676010132,6.031820297241211
806,2.373995542526245,6.027287483215332
807,0.07091796398162842,6.019915580749512
808,-4.064342975616455,6.007450580596924
809,0.21831023693084717,6.000303268432617
810,-4.686573505401611,5.987125873565674
811,-1.0022296905517578,5.978518009185791
812,3.0077333450317383,5.9748640060424805
813,0.3004983961582184,5.967892646789551
814,0.5887773036956787,5.961292743682861
815,2.771956443786621,5.95738410949707
816,1.1919804811477661,5.95155143737793
817,-3.1478981971740723,5.940427303314209
818,-0.8121917247772217,5.932182788848877
819,-0.2444363236427307,5.924649715423584
820,0.028240690007805824,5.917468070983887
821,-4.160721778869629,5.905207633972168
822,-4.461939811706543,5.892610549926758
823,-1.4172966480255127,5.883739471435547
824,3.3147811889648438,5.8806257247924805
825,-2.467851400375366,5.870518684387207
826,-6.991725921630859,5.854965686798096
827,0.976393461227417,5.849073886871338
828,4.099717140197754,5.846963405609131
829,-0.8345868587493896,5.838913440704346
830,-6.967485427856445,5.823503017425537
831,-4.267459392547607,5.811374187469482
832,-0.27745574712753296,5.804064750671387
833,-4.386178970336914,5.79184627532959
834,-2.5671801567077637,5.781835556030273
835,1.06333327293396,5.776191234588623
836,0.3703320026397705,5.769732475280762
837,-4.283535957336426,5.757735729217529
838,-11.0236177444458,5.737734317779541
839,1.9520426988601685,5.733227729797363
840,1.102658987045288,5.727721214294434
841,0.7019186019897461,5.721752643585205
842,-1.6406545639038086,5.713019371032715
843,-1.7058966159820557,5.70422887802124
844,-0.428977370262146,5.696970462799072
845,-1.9651538133621216,5.687913417816162
846,-3.2542829513549805,5.677355766296387
847,0.5631565451622009,5.671324729919434
848,-5.213214874267578,5.658504009246826
849,-5.786558151245117,5.645039081573486
850,2.138218879699707,5.640918254852295
851,-1.7361046075820923,5.632259368896484
852,-0.7909024953842163,5.624729156494141
853,-4.682119369506836,5.6126604080200195
854,-3.6135780811309814,5.601869106292725
855,-2.3878061771392822,5.592535495758057
856,-2.8158326148986816,5.582724094390869
857,-1.2014415264129639,5.574816703796387
858,-0.11434409022331238,5.5681939125061035
859,-2.4297847747802734,5.558894157409668
860,-2.0982978343963623,5.55000114440918
861,-3.0911974906921387,5.539976119995117
862,-2.107463836669922,5.53111457824707
863,-6.813390731811523,5.51682710647583
864,1.6302227973937988,5.512333869934082
865,-2.8024981021881104,5.502732276916504
866,-4.316271781921387,5.4914069175720215
867,2.700221538543701,5.4881911277771
868,-4.3922014236450195,5.476821422576904
869,12.122100830078125,5.48445987701416
870,10.987137794494629,5.490777492523193
871,10.686981201171875,5.496736526489258
872,12.492576599121094,5.5047502517700195
873,11.803215980529785,5.511956691741943
874,12.441767692565918,5.519876480102539
875,13.416114807128906,5.528890609741211
876,9.625268936157227,5.533561706542969
877,14.5552978515625,5.543837070465088
878,12.814539909362793,5.552108287811279
879,11.951940536499023,5.559381008148193
880,6.528599739074707,5.560481548309326
881,11.778573989868164,5.567531585693359
882,12.580587387084961,5.575473785400391
883,12.823901176452637,5.583673477172852
884,12.171884536743164,5.591117858886719
885,11.937614440917969,5.598280429840088
886,13.443534851074219,5.607125282287598
887,12.67453670501709,5.615083694458008
888,13.071243286132812,5.623470783233643
889,14.335688591003418,5.6332597732543945
890,13.260919570922852,5.641820430755615
891,13.204439163208008,5.650298595428467
892,13.001974105834961,5.658531188964844
893,12.639508247375488,5.666339874267578
894,12.169781684875488,5.6736063957214355
895,11.928301811218262,5.680587291717529
896,14.463237762451172,5.690378665924072
897,10.960783958435059,5.696247577667236
898,14.561494827270508,5.706109046936035
899,12.249860763549805,5.713379859924316
900,14.309391021728516,5.722920894622803
901,11.411971092224121,5.7292280197143555
902,9.309572219848633,5.7331929206848145
903,10.471590042114258,5.738434791564941
904,8.72970199584961,5.741739749908447
905,13.381901741027832,5.7501726150512695
906,9.841638565063477,5.754683494567871
907,13.181170463562012,5.762862682342529
908,7.61594295501709,5.7649006843566895
909,13.996020317077637,5.773946285247803
910,15.753328323364258,5.784900665283203
911,11.213665008544922,5.790853500366211
912,13.268097877502441,5.79904317855835
913,8.212715148925781,5.8016839027404785
914,11.925936698913574,5.808377265930176
915,10.048628807067871,5.813006401062012
916,8.441399574279785,5.815872669219971
917,14.306445121765137,5.825121879577637
918,11.686573028564453,5.831500053405762
919,13.962279319763184,5.840337753295898
920,8.214134216308594,5.8429155349731445
921,16.381866455078125,5.854345798492432
922,10.943634033203125,5.859859943389893
923,10.118858337402344,5.864469051361084
924,12.162619590759277,5.871277809143066
925,10.399816513061523,5.876168727874756
926,14.391932487487793,5.885354995727539
927,13.816962242126465,5.893901824951172
928,12.020565032958984,5.900496959686279
929,12.404557228088379,5.9074907302856445
930,13.167032241821289,5.915287971496582
931,12.88323974609375,5.922764778137207
932,14.306713104248047,5.931750297546387
933,13.4142484664917,5.939761638641357
934,14.352354049682617,5.948759078979492
935,12.710777282714844,5.955983638763428
936,13.616842269897461,5.9641594886779785
937,13.43529224395752,5.972124099731445
938,11.975788116455078,5.978517532348633
939,12.192917823791504,5.985128879547119
940,13.598946571350098,5.993220329284668
941,12.457295417785645,6.000082492828369
942,11.355535507202148,6.005761623382568
943,12.550457000732422,6.012694358825684
944,11.795196533203125,6.018813610076904
945,11.880523681640625,6.025009632110596
946,12.497282028198242,6.031844139099121
947,8.818344116210938,6.034783363342285
948,14.9163818359375,6.044142246246338
949,9.60331916809082,6.047889232635498
950,12.311141967773438,6.054474830627441
951,14.05588150024414,6.06287956237793
952,11.66435432434082,6.0687575340271
953,11.430115699768066,6.074377536773682
954,10.662016868591309,6.07918119430542
955,11.0780668258667,6.084410190582275
956,10.420607566833496,6.0889410972595215
957,11.096492767333984,6.094168663024902
958,12.634855270385742,6.100988864898682
959,11.37351131439209,6.106481075286865
960,13.941986083984375,6.1146345138549805
961,14.106297492980957,6.122941970825195
962,12.899170875549316,6.129978656768799
963,12.955056190490723,6.137058734893799
964,9.922266960144043,6.140981197357178
965,12.19697380065918,6.147250175476074
966,9.938779830932617,6.1511712074279785
967,10.137925148010254,6.155289649963379
968,13.915010452270508,6.163297653198242
969,11.587738037109375,6.168889999389648
970,10.316015243530273,6.173161029815674
971,14.713178634643555,6.181947231292725
972,12.76119327545166,6.188708782196045
973,9.362024307250977,6.191966533660889
974,13.829254150390625,6.199799537658691
975,12.034884452819824,6.205778121948242
976,13.250425338745117,6.212988376617432
977,15.320825576782227,6.222301483154297
978,16.38788414001465,6.23268461227417
979,13.191572189331055,6.239785671234131
980,12.005983352661133,6.245663166046143
981,11.505742073059082,6.2510199546813965
982,14.781485557556152,6.259697437286377
983,11.140073776245117,6.264657497406006
984,15.086687088012695,6.273613929748535
985,12.771190643310547,6.280203819274902
986,11.812167167663574,6.285808086395264
987,8.9168062210083,6.288471221923828
988,14.485071182250977,6.296759128570557
989,10.783136367797852,6.301290512084961
990,14.41685676574707,6.3094801902771
991,12.70028305053711,6.315922260284424
992,13.282052993774414,6.322937965393066
993,11.928503036499023,6.328577518463135
994,12.039480209350586,6.334317207336426
995,11.773396492004395,6.339777946472168
996,11.765460014343262,6.34522008895874
997,9.719159126281738,6.3486008644104
998,11.646978378295898,6.353904724121094
999,13.642820358276367,6.3611931800842285
1000,11.700959205627441,6.366528034210205
1001,13.611010551452637,6.373757839202881
1002,12.05416488647461,6.379421234130859
1003,12.198010444641113,6.38521671295166
1004,12.614704132080078,6.391415596008301
1005,12.285259246826172,6.397274017333984
1006,12.654592514038086,6.4034881591796875
1007,13.242307662963867,6.410272598266602
1008,12.143692970275879,6.41595458984375
1009,11.659345626831055,6.421145915985107
1010,11.082908630371094,6.425756931304932
1011,11.729341506958008,6.430997848510742
1012,12.797815322875977,6.437283039093018
1013,10.526400566101074,6.441315650939941
1014,11.631349563598633,6.446429252624512
1015,13.312484741210938,6.453186988830566
1016,12.281712532043457,6.45891809463501
1017,11.02269172668457,6.463400840759277
1018,13.203680038452148,6.470015525817871
1019,12.789642333984375,6.476211071014404
1020,12.272725105285645,6.481888771057129
1021,12.92436695098877,6.488192558288574
1022,13.10280990600586,6.494658470153809
1023,12.957730293273926,6.500969886779785
1024,13.944698333740234,6.508232116699219
1025,11.722904205322266,6.513314723968506
1026,13.269289016723633,6.519893646240234
1027,12.217440605163574,6.525435924530029
1028,11.644357681274414,6.5304107666015625
1029,11.974498748779297,6.535696029663086
1030,12.247185707092285,6.54123592376709
1031,12.877968788146973,6.5473761558532715
1032,12.819031715393066,6.553447246551514
1033,9.752434730529785,6.5565409660339355
1034,14.409395217895508,6.5641279220581055
1035,11.72784423828125,6.569112300872803
1036,10.082618713378906,6.572500705718994
1037,10.596466064453125,6.5763773918151855
1038,11.590641975402832,6.581203460693359
1039,10.747746467590332,6.585209846496582
1040,11.251558303833008,6.589692115783691
1041,9.754812240600586,6.5927300453186035
1042,9.289260864257812,6.595314979553223
1043,12.055693626403809,6.600545406341553
1044,9.495454788208008,6.603315830230713
1045,14.089545249938965,6.610472679138184
1046,9.969711303710938,6.613680839538574
1047,12.064103126525879,6.618881702423096
1048,12.428053855895996,6.624419689178467
1049,13.808642387390137,6.631261825561523
1050,13.366718292236328,6.637670040130615
1051,12.55984878540039,6.6433000564575195
1052,9.44550609588623,6.645960807800293
1053,13.093111038208008,6.652077674865723
1054,12.599693298339844,6.657715320587158
1055,11.118661880493164,6.66193962097168
1056,9.443455696105957,6.664571285247803
1057,11.810543060302734,6.669435024261475
1058,12.09490966796875,6.674558162689209
1059,11.949386596679688,6.679533958435059
1060,12.275906562805176,6.684808731079102
1061,12.138093948364258,6.689943790435791
1062,13.386770248413086,6.696243762969971
1063,12.565437316894531,6.7017598152160645
1064,11.763826370239258,6.706512928009033
1065,12.507503509521484,6.711954593658447
1066,12.47697639465332,6.717357635498047
1067,12.383893966674805,6.722662925720215
1068,13.172325134277344,6.728696346282959
1069,10.959607124328613,6.732650279998779
1070,9.713449478149414,6.735433578491211
1071,11.180599212646484,6.739580154418945
1072,11.110215187072754,6.743653774261475
1073,9.949548721313477,6.746638774871826
1074,12.686100006103516,6.752163887023926
1075,11.591985702514648,6.756661891937256
1076,11.753148078918457,6.761300563812256
1077,11.333464622497559,6.765542030334473
1078,13.378485679626465,6.771670818328857
1079,13.531415939331055,6.777929782867432
1080,12.891759872436523,6.783585071563721
1081,12.156001091003418,6.78855037689209
1082,14.158005714416504,6.795355319976807
1083,11.30447006225586,6.799515247344971
1084,12.723653793334961,6.8049750328063965
1085,13.353739738464355,6.811005115509033
1086,11.731529235839844,6.8155317306518555
1087,10.695051193237305,6.81909704208374
1088,12.452938079833984,6.824270725250244
1089,12.435636520385742,6.829418659210205
1090,11.76461124420166,6.833942413330078
1091,11.559419631958008,6.8382697105407715
1092,12.57601261138916,6.843519687652588
1093,11.366814613342285,6.847653865814209
1094,13.100627899169922,6.85336446762085
1095,12.872962951660156,6.858856678009033
1096,10.824655532836914,6.862472057342529
1097,11.897168159484863,6.8670573234558105
1098,13.324308395385742,6.8729329109191895
1099,11.97957992553711,6.877574920654297
1100,13.222358703613281,6.883337497711182
1101,10.977848052978516,6.887053489685059
1102,10.709380149841309,6.890518665313721
1103,13.474169731140137,6.896481990814209
1104,10.29764175415039,6.899560451507568
1105,12.434789657592773,6.90456485748291
1106,10.416966438293457,6.907737731933594
1107,11.60636043548584,6.911978721618652
1108,11.190271377563477,6.915836334228516
1109,11.59804916381836,6.920054912567139
1110,12.867995262145996,6.925408363342285
1111,13.166961669921875,6.931021690368652
1112,12.958314895629883,6.936437129974365
1113,13.637073516845703,6.9424519538879395
1114,10.835674285888672,6.945943355560303
1115,13.473936080932617,6.951793193817139
1116,14.212913513183594,6.958293914794922
1117,11.871908187866211,6.96268892288208
1118,13.789719581604004,6.968789577484131
1119,14.00921630859375,6.975075721740723
1120,12.844786643981934,6.980311870574951
1121,13.340544700622559,6.98598051071167
1122,13.4590425491333,6.991744518280029
1123,12.037201881408691,6.996232986450195
1124,14.699591636657715,7.00308084487915
1125,13.440346717834473,7.008797645568848
1126,12.802675247192383,7.013938903808594
1127,14.028060913085938,7.0201568603515625
1128,13.654836654663086,7.026033401489258
1129,14.202329635620117,7.032383918762207
1130,12.409724235534668,7.03713846206665
1131,13.5308837890625,7.042874813079834
1132,13.92529582977295,7.048949241638184
1133,12.073139190673828,7.053380012512207
1134,14.252914428710938,7.059722900390625
1135,12.484827041625977,7.0644989013671875
1136,11.724246978759766,7.068596839904785
1137,12.442205429077148,7.073318958282471
1138,14.048699378967285,7.079443454742432
1139,14.402241706848145,7.085866928100586
1140,12.45833969116211,7.090575695037842
1141,13.424449920654297,7.096121788024902
1142,12.918569564819336,7.101215839385986
1143,13.715705871582031,7.106997489929199
1144,13.132671356201172,7.112260341644287
1145,11.42652702331543,7.116024971008301
1146,12.899358749389648,7.121067523956299
1147,8.616912841796875,7.12237024307251
1148,4.303462982177734,7.1199164390563965
1149,6.800826072692871,7.119638919830322
1150,7.862281799316406,7.120284557342529
1151,8.319416999816895,7.1213250160217285
1152,7.049622535705566,7.121263027191162
1153,7.325594902038574,7.1214399337768555
1154,7.741402626037598,7.121976375579834
1155,5.0575361251831055,7.120190620422363
1156,7.79676628112793,7.1207756996154785
1157,7.766112804412842,7.12133264541626
1158,7.431714057922363,7.121600151062012
1159,7.868359565734863,7.122243881225586
1160,8.623793601989746,7.123537063598633
1161,7.195727348327637,7.123599052429199
1162,7.757730960845947,7.124144554138184
1163,9.045082092285156,7.125794410705566
1164,8.097606658935547,7.126628875732422
1165,8.590691566467285,7.127884387969971
1166,7.456766128540039,7.128166675567627
1167,6.446216583251953,7.127582550048828
1168,6.848904609680176,7.127344131469727
1169,7.5803542137146,7.127730846405029
1170,8.118249893188477,7.128576755523682
1171,7.4192023277282715,7.128824710845947
1172,8.307084083557129,7.129828929901123
1173,6.438202381134033,7.129240036010742
1174,8.581672668457031,7.130475997924805
1175,8.717594146728516,7.131825923919678
1176,9.135677337646484,7.133528709411621
1177,9.419910430908203,7.135469436645508
1178,6.2389116287231445,7.134709358215332
1179,7.320023536682129,7.134866714477539
1180,8.075334548950195,7.135663032531738
1181,8.482625007629395,7.1368021965026855
1182,7.535646438598633,7.137139797210693
1183,8.482187271118164,7.138276100158691
1184,5.644163608551025,7.137015342712402
1185,9.082597732543945,7.138656139373779
1186,7.771644592285156,7.13918924331665
1187,8.259228706359863,7.140131950378418
1188,7.933098793029785,7.140798091888428
1189,7.810403823852539,7.141361236572266
1190,7.736138343811035,7.141860485076904
1191,6.210559844970703,7.141079902648926
1192,7.065565586090088,7.141016483306885
1193,9.347089767456055,7.142863750457764
1194,6.629907608032227,7.142434120178223
1195,8.04887580871582,7.143192291259766
1196,6.638436794281006,7.142770767211914
1197,9.200972557067871,7.14448881149292
1198,9.012456893920898,7.146047115325928
1199,9.279585838317871,7.147824764251709
1200,9.478168487548828,7.149765491485596
1201,10.630218505859375,7.152660369873047
1202,5.4996418952941895,7.151286602020264
1203,8.610244750976562,7.152498722076416
1204,8.747776985168457,7.153822898864746
1205,8.331172943115234,7.154798984527588
1206,7.487627029418945,7.155074596405029
1207,5.932104110717773,7.154061794281006
1208,7.532293319702148,7.154374599456787
1209,4.283509731292725,7.15200138092041
1210,9.7887601852417,7.154179096221924
1211,5.902243614196777,7.153146266937256
1212,7.276327610015869,7.153247833251953
1213,8.47181510925293,7.15433406829834
1214,7.568474292755127,7.154674530029297
1215,9.261429786682129,7.156407356262207
1216,4.7554931640625,7.154434680938721
1217,0.8845729827880859,7.149287223815918
1218,6.971020698547363,7.14914083480835
1219,7.801433086395264,7.1496758460998535
1220,5.168395042419434,7.14805269241333
1221,9.079896926879883,7.149633884429932
1222,9.808018684387207,7.1518073081970215
1223,8.032596588134766,7.152526378631592
1224,9.62489128112793,7.154544830322266
1225,8.06564998626709,7.155287742614746
1226,9.659341812133789,7.1573286056518555
1227,8.950203895568848,7.158788204193115
1228,9.904398918151855,7.161022186279297
1229,8.727256774902344,7.162295818328857
1230,9.13461971282959,7.163898468017578
1231,8.712706565856934,7.165155410766602
1232,7.328062534332275,7.165287971496582
1233,8.46436595916748,7.1663408279418945
1234,8.146875381469727,7.1671342849731445
1235,7.126275062561035,7.1671013832092285
1236,7.943044185638428,7.167728900909424
1237,9.259795188903809,7.169418811798096
1238,8.080147743225098,7.170153617858887
1239,9.338835716247559,7.171902656555176
1240,9.50278377532959,7.173780918121338
1241,10.782032012939453,7.1766862869262695
1242,8.167633056640625,7.177483558654785
1243,8.451536178588867,7.1785078048706055
1244,8.574454307556152,7.179628849029541
1245,8.636528015136719,7.180798053741455
1246,3.1604361534118652,7.1775736808776855
1247,10.859099388122559,7.180523872375488
1248,8.159090042114258,7.181307315826416
1249,8.273104667663574,7.182181358337402
1250,7.236618995666504,7.182224750518799
1251,9.536636352539062,7.184105396270752
1252,9.774365425109863,7.1861724853515625
1253,9.918842315673828,7.188352108001709
1254,6.617547035217285,7.187896728515625
1255,9.089561462402344,7.189411163330078
1256,9.550606727600098,7.191289901733398
1257,9.690543174743652,7.193276405334473
1258,7.789694786071777,7.193750381469727
1259,8.10838794708252,7.194476127624512
1260,7.51615047454834,7.194731712341309
1261,8.609037399291992,7.195852756500244
1262,8.539058685302734,7.196916103363037
1263,8.722075462341309,7.198122501373291
1264,8.305631637573242,7.198997974395752
1265,4.934062957763672,7.197208404541016
1266,8.026874542236328,7.197863578796387
1267,9.236625671386719,7.199471473693848
1268,9.066309928894043,7.200942516326904
1269,9.359387397766113,7.20264196395874
1270,8.364373207092285,7.203556060791016
1271,9.707077980041504,7.20552396774292
1272,11.729928016662598,7.209077835083008
1273,9.141762733459473,7.210594654083252
1274,9.907620429992676,7.212709903717041
1275,6.990635395050049,7.212535381317139
1276,9.049076080322266,7.213973522186279
1277,8.672788619995117,7.215115070343018
1278,9.403456687927246,7.21682596206665
1279,5.0461225509643555,7.215129852294922
1280,10.117229461669922,7.217395305633545
1281,9.947741508483887,7.21952486038208
1282,8.926080703735352,7.220854759216309
1283,9.204265594482422,7.2223992347717285
1284,9.417351722717285,7.224107265472412
1285,8.537689208984375,7.225128650665283
1286,8.36007022857666,7.226010799407959
1287,9.587486267089844,7.227844715118408
1288,9.214409828186035,7.229386329650879
1289,9.078348159790039,7.230819225311279
1290,8.983089447021484,7.232176780700684
1291,9.676362991333008,7.234068870544434
1292,9.085395812988281,7.235500335693359
1293,8.924661636352539,7.2368059158325195
1294,9.435249328613281,7.238503932952881
1295,9.188835144042969,7.240008354187012
1296,9.414198875427246,7.241684436798096
1297,7.752729415893555,7.2420783042907715
1298,9.313703536987305,7.243672847747803
1299,8.333012580871582,7.244511127471924
1300,7.545010566711426,7.244741916656494
1301,8.127687454223633,7.245419979095459
1302,7.179326057434082,7.245369911193848
1303,6.669785976409912,7.244928359985352
1304,6.612350940704346,7.244443893432617
1305,5.967881202697754,7.243466377258301
1306,9.153055191040039,7.244927406311035
1307,5.089982986450195,7.243279933929443
1308,8.155776977539062,7.243977069854736
1309,7.908586502075195,7.2444844245910645
1310,8.575007438659668,7.245499134063721
1311,8.571819305419922,7.2465105056762695
1312,7.730033874511719,7.2468791007995605
1313,7.4944868087768555,7.247067451477051
1314,8.90987491607666,7.2483320236206055
1315,9.136484146118164,7.249766826629639
1316,7.224386215209961,7.2497477531433105
1317,10.253503799438477,7.2520270347595215
1318,9.805697441101074,7.253963470458984
1319,11.184253692626953,7.256940841674805
1320,9.29686164855957,7.258485317230225
1321,10.812321662902832,7.261173725128174
1322,9.724148750305176,7.263035774230957
1323,9.80288314819336,7.26495361328125
1324,9.466609001159668,7.266615390777588
1325,10.799468994140625,7.269279956817627
1326,8.221882820129395,7.269997596740723
1327,11.647884368896484,7.273293972015381
1328,7.523321628570557,7.273482322692871
1329,7.440866470336914,7.2736077308654785
1330,7.619083404541016,7.273867607116699
1331,8.792376518249512,7.275007247924805
1332,8.685916900634766,7.276065349578857
1333,8.912457466125488,7.277291774749756
1334,10.663461685180664,7.279828071594238
1335,8.915106773376465,7.281052112579346
1336,11.322134017944336,7.284074306488037
1337,9.502399444580078,7.285732269287109
1338,9.64288330078125,7.287492275238037
1339,8.858623504638672,7.288664817810059
1340,10.2479829788208,7.290871620178223
1341,10.179070472717285,7.293023109436035
1342,9.413515090942383,7.294601917266846
1343,8.286675453186035,7.295340538024902
1344,6.5467329025268555,7.294784069061279
1345,9.426063537597656,7.296367168426514
1346,8.98005199432373,7.297617435455322
1347,9.64033317565918,7.299355506896973
1348,8.67269229888916,7.300373554229736
1349,8.863941192626953,7.30153226852417
1350,11.133247375488281,7.304368019104004
1351,9.6663179397583,7.306114673614502
1352,9.874307632446289,7.30801248550415
1353,7.5136260986328125,7.308164596557617
1354,8.542672157287598,7.309075832366943
1355,10.68468189239502,7.311565399169922
1356,9.06899356842041,7.312860488891602
1357,8.637147903442383,7.313835620880127
1358,6.968509674072266,7.313581466674805
1359,8.800661087036133,7.3146748542785645
1360,9.030349731445312,7.3159356117248535
1361,9.55738353729248,7.317581653594971
1362,5.383279800415039,7.316162109375
1363,6.740860939025879,7.315740585327148
1364,8.98962688446045,7.316966533660889
1365,10.148475646972656,7.319039344787598
1366,8.187542915344238,7.319674491882324
1367,9.172911643981934,7.321029186248779
1368,10.63064193725586,7.323446750640869
1369,7.681400299072266,7.323708534240723
1370,7.474027633666992,7.323817729949951
1371,7.747132301330566,7.324126243591309
1372,5.82061767578125,7.323030948638916
1373,8.139802932739258,7.323625087738037
1374,10.871258735656738,7.326205253601074
1375,8.501910209655762,7.327059745788574
1376,10.762365341186523,7.329554557800293
1377,9.928728103637695,7.3314409255981445
1378,10.536346435546875,7.333765029907227
1379,11.038667678833008,7.33644962310791
1380,10.63454532623291,7.33883810043335
1381,9.926212310791016,7.340710163116455
1382,10.026778221130371,7.342651844024658
1383,11.404500007629395,7.345586776733398
1384,9.469874382019043,7.34712028503418
1385,9.422805786132812,7.348618030548096
1386,8.727824211120605,7.349612236022949
1387,7.859247207641602,7.349979400634766
1388,8.563549041748047,7.350852966308594
1389,9.317560195922852,7.352267742156982
1390,7.504491329193115,7.352377414703369
1391,9.898008346557617,7.354206562042236
1392,9.745564460754395,7.355923175811768
1393,9.582053184509277,7.35752010345459
1394,7.496513843536377,7.357619285583496
1395,9.777914047241211,7.359353542327881
1396,8.200188636779785,7.359955310821533
1397,9.911293983459473,7.361780166625977
1398,9.40933609008789,7.363243579864502
1399,5.597460746765137,7.361982345581055
1400,7.137588977813721,7.361822128295898
1401,9.791190147399902,7.363554954528809
1402,10.220327377319336,7.365591526031494
1403,8.138324737548828,7.366142272949219
1404,9.29227066040039,7.3675127029418945
1405,9.078624725341797,7.368730068206787
1406,9.220458030700684,7.370046615600586
1407,8.864949226379395,7.371108531951904
1408,8.34033203125,7.371796607971191
1409,9.533876419067383,7.373330116271973
1410,9.045378684997559,7.374515056610107
1411,9.447929382324219,7.375983715057373
1412,9.040510177612305,7.377161026000977
1413,8.322050094604492,7.377829551696777
1414,7.906811237335205,7.378203868865967
1415,9.37585163116455,7.379614353179932
1416,9.04443359375,7.380789279937744
1417,9.4638671875,7.38225793838501
1418,8.221989631652832,7.38284969329834
1419,5.900903224945068,7.381806373596191
1420,8.317855834960938,7.38246488571167
1421,8.82167911529541,7.383476734161377
1422,5.3347320556640625,7.382037162780762
1423,7.38922119140625,7.382042407989502
1424,8.267045021057129,7.382663249969482
1425,9.771474838256836,7.38433837890625
1426,11.398028373718262,7.38715124130249
1427,11.853431701660156,7.3902788162231445
1428,8.817492485046387,7.39127779006958
1429,10.544371604919434,7.393482208251953
1430,11.563143730163574,7.396396160125732
1431,11.841211318969727,7.399499893188477
1432,11.705493927001953,7.4025044441223145
1433,11.338310241699219,7.405249118804932
1434,8.349405288696289,7.405907154083252
1435,14.393939971923828,7.410773277282715
1436,9.9903564453125,7.412568092346191
1437,11.85106372833252,7.415654182434082
1438,13.223138809204102,7.419689655303955
1439,10.77180004119873,7.422017574310303
1440,8.203462600708008,7.4225592613220215
1441,10.836042404174805,7.4249267578125
1442,11.16678237915039,7.427519798278809
1443,10.440674781799316,7.4296064376831055
1444,8.056655883789062,7.43004035949707
1445,12.771204948425293,7.43373441696167
1446,10.663890838623047,7.435966491699219
1447,11.687926292419434,7.438902854919434
1448,9.79702091217041,7.440530300140381
1449,10.517081260681152,7.442651748657227
1450,11.246063232421875,7.445272922515869
1451,8.975810050964355,7.446326732635498
1452,11.265897750854492,7.448955059051514
1453,13.065164566040039,7.452817916870117
1454,10.615987777709961,7.454992294311523
1455,12.027645111083984,7.458132743835449
1456,9.714506149291992,7.459681510925293
1457,12.876842498779297,7.463397026062012
1458,8.448427200317383,7.464072227478027
1459,10.81514835357666,7.466367244720459
1460,13.595548629760742,7.470562934875488
1461,9.377256393432617,7.471866607666016
1462,10.102380752563477,7.4736647605896
1463,9.606818199157715,7.47512149810791
1464,9.99673080444336,7.476843357086182
1465,10.497812271118164,7.478903770446777
1466,13.586376190185547,7.483067035675049
1467,9.680875778198242,7.484563827514648
1468,13.775070190429688,7.488846302032471
1469,10.538777351379395,7.490921497344971
1470,8.98562240600586,7.491937160491943
1471,10.2943754196167,7.49384069442749
1472,8.612358093261719,7.494600296020508
1473,10.43433666229248,7.496594429016113
1474,9.453845024108887,7.497921943664551
1475,11.230374336242676,7.500450611114502
1476,11.48573112487793,7.503148555755615
1477,12.364757537841797,7.506438255310059
1478,12.618009567260742,7.509894371032715
1479,11.081439018249512,7.512307167053223
1480,9.164478302001953,7.51342248916626
1481,10.140581130981445,7.515195369720459
1482,9.714296340942383,7.5166778564453125
1483,11.30533218383789,7.51923131942749
1484,10.706148147583008,7.521377086639404
1485,13.353940963745117,7.525301933288574
1486,9.196146965026855,7.526425838470459
1487,10.521435737609863,7.528438568115234
1488,12.686348915100098,7.53190279006958
1489,8.8982572555542,7.532819747924805
1490,8.910921096801758,7.5337443351745605
1491,9.882331848144531,7.535318374633789
1492,10.66525650024414,7.537415027618408
1493,12.06525993347168,7.540445804595947
1494,10.443343162536621,7.54238748550415
1495,10.946826934814453,7.544663429260254
1496,9.107330322265625,7.5457072257995605
1497,11.650436401367188,7.548447608947754
1498,11.144371032714844,7.550846576690674
1499,10.380724906921387,7.552732944488525
1500,6.438961505889893,7.551990509033203
1501,10.825380325317383,7.55417013168335
1502,7.751016139984131,7.554300785064697
1503,8.653183937072754,7.555031776428223
1504,12.392720222473145,7.55824613571167
1505,10.3828125,7.560121536254883
1506,11.623271942138672,7.562817573547363
1507,10.371271133422852,7.5646796226501465
1508,8.762504577636719,7.565473556518555
1509,9.144989013671875,7.566519260406494
1510,9.648330688476562,7.567897319793701
1511,8.848820686340332,7.56874418258667
1512,8.62440013885498,7.569441795349121
1513,10.504679679870605,7.571380615234375
1514,10.383411407470703,7.57323694229126
1515,9.341740608215332,7.574403762817383
1516,10.593666076660156,7.576394081115723
1517,9.350690841674805,7.5775628089904785
1518,10.37850570678711,7.57940673828125
1519,10.448934555053711,7.581295013427734
1520,8.464400291442871,7.581875801086426
1521,9.949292182922363,7.583431243896484
1522,11.362248420715332,7.585912704467773
1523,9.824592590332031,7.587381362915039
1524,10.389471054077148,7.589218616485596
1525,12.368806838989258,7.592350959777832
1526,9.857940673828125,7.59383487701416
1527,11.118370056152344,7.596141338348389
1528,10.119773864746094,7.597792148590088
1529,11.029376029968262,7.600035190582275
1530,10.705079078674316,7.602063179016113
1531,11.277852058410645,7.60446310043335
1532,9.177289962768555,7.605489253997803
1533,9.820068359375,7.606933116912842
1534,10.489492416381836,7.608810901641846
1535,10.888792037963867,7.610946178436279
1536,11.66621208190918,7.613584518432617
1537,9.598160743713379,7.614874839782715
1538,10.139302253723145,7.616515636444092
1539,8.72825813293457,7.617237567901611
1540,12.192858695983887,7.620206356048584
1541,11.461870193481445,7.622697830200195
1542,10.740489959716797,7.624718189239502
1543,10.581737518310547,7.626633644104004
1544,9.766944885253906,7.628018856048584
1545,5.8437819480896,7.626864910125732
1546,11.62183952331543,7.6294474601745605
1547,12.399734497070312,7.632528781890869
1548,11.381974220275879,7.634949207305908
1549,10.497152328491211,7.636795520782471
1550,9.512327194213867,7.638005256652832
1551,8.361896514892578,7.638471603393555
1552,11.108946800231934,7.640706539154053
1553,12.46139144897461,7.643808364868164
1554,10.810056686401367,7.645844459533691
1555,10.0547513961792,7.647392749786377
1556,10.530769348144531,7.649244785308838
1557,9.604119300842285,7.6504998207092285
1558,12.641068458557129,7.653700351715088
1559,11.880180358886719,7.656409740447998
1560,11.157974243164062,7.6586527824401855
1561,9.883759498596191,7.6600775718688965
1562,10.846552848815918,7.662116050720215
1563,11.119675636291504,7.664327144622803
1564,11.276612281799316,7.666635036468506
1565,11.723388671875,7.669226169586182
1566,10.079126358032227,7.670763969421387
1567,10.639692306518555,7.672657012939453
1568,9.614110946655273,7.673894882202148
1569,11.643651962280273,7.676423072814941
1570,9.857576370239258,7.677811622619629
1571,11.19218635559082,7.680047035217285
1572,11.438594818115234,7.682436466217041
1573,9.825501441955566,7.683797836303711
1574,12.792296409606934,7.687041282653809
1575,10.584705352783203,7.68887996673584
1576,12.467912673950195,7.691910266876221
1577,10.464936256408691,7.693667411804199
1578,12.132805824279785,7.696478843688965
1579,10.488710403442383,7.698246002197266
1580,10.961104393005371,7.700309753417969
1581,8.845193862915039,7.701033115386963
1582,13.634632110595703,7.704781532287598
1583,11.444982528686523,7.7071428298950195
1584,13.690863609313965,7.710917949676514
1585,10.295182228088379,7.7125468254089355
1586,11.39456844329834,7.714867115020752
1587,9.030254364013672,7.715695381164551
1588,11.771732330322266,7.718247890472412
1589,10.342493057250977,7.719898700714111
1590,12.660202026367188,7.72300386428833
1591,10.315143585205078,7.724632263183594
1592,12.534146308898926,7.727651119232178
1593,11.819053649902344,7.730218410491943
1594,8.721941947937012,7.730839729309082
1595,11.408320426940918,7.7331438064575195
1596,11.799295425415039,7.735689640045166
1597,11.381446838378906,7.737971305847168
1598,13.085777282714844,7.741315841674805
1599,12.72736644744873,7.74443244934082
1600,10.663375854492188,7.746255397796631
1601,13.227182388305664,7.749676704406738
1602,12.194826126098633,7.752450466156006
1603,11.376561164855957,7.754709720611572
1604,12.278484344482422,7.757528305053711
1605,12.471169471740723,7.760463237762451
1606,10.879390716552734,7.76240348815918
1607,8.400789260864258,7.762800216674805
1608,13.912271499633789,7.766622066497803
1609,10.456876754760742,7.768293380737305
1610,11.301826477050781,7.770486831665039
1611,11.380247116088867,7.772725582122803
1612,11.647773742675781,7.77512788772583
1613,11.742467880249023,7.777585983276367
1614,11.203984260559082,7.779707431793213
1615,11.155267715454102,7.781796455383301
1616,13.115077018737793,7.785094738006592
1617,13.196133613586426,7.78843879699707
1618,11.955081939697266,7.791012763977051
1619,14.416550636291504,7.795102596282959
1620,11.089700698852539,7.797135353088379
1621,14.280460357666016,7.8011322021484375
1622,12.039641380310059,7.803743839263916
1623,11.609424591064453,7.806087493896484
1624,13.124180793762207,7.809360027313232
1625,12.608341217041016,7.81231164932251
1626,13.154181480407715,7.815594673156738
1627,12.640497207641602,7.818558692932129
1628,12.569202423095703,7.821475028991699
1629,8.952774047851562,7.822169303894043
1630,11.835837364196777,7.824630260467529
1631,11.54698371887207,7.826910972595215
1632,10.187772750854492,7.8283562660217285
1633,11.919658660888672,7.830860614776611
1634,11.689501762390137,7.833220481872559
1635,8.410054206848145,7.833572864532471
1636,12.997051239013672,7.836727142333984
1637,11.986734390258789,7.839260578155518
1638,11.064285278320312,7.841228485107422
1639,14.567752838134766,7.845329761505127
1640,11.640987396240234,7.847642421722412
1641,7.959812164306641,7.847711086273193
1642,11.368178367614746,7.849853515625
1643,13.326715469360352,7.853185176849365
1644,13.00101089477539,7.856314659118652
1645,10.907048225402832,7.858168125152588
1646,6.359921455383301,7.8572587966918945
1647,14.23484992980957,7.861128330230713
1648,14.844442367553711,7.865363597869873
1649,7.297567844390869,7.86501932144165
1650,9.12166690826416,7.865780830383301
1651,7.028674125671387,7.865273952484131
1652,8.939143180847168,7.865923881530762
1653,8.337327003479004,7.866208553314209
1654,11.083487510681152,7.868152141571045
1655,14.179094314575195,7.871963024139404
1656,12.208719253540039,7.874580383300781
1657,10.71129035949707,7.876291275024414
1658,8.678953170776367,7.876774787902832
1659,7.645966529846191,7.876635551452637
1660,11.375631332397461,7.878742218017578
1661,4.811593055725098,7.876896858215332
1662,5.902656555175781,7.875709533691406
1663,11.482819557189941,7.8778767585754395
1664,7.853898048400879,7.877862453460693
1665,6.872278213500977,7.87725830078125
1666,11.551876068115234,7.879462718963623
1667,8.469706535339355,7.87981653213501
1668,6.888030052185059,7.879222393035889
1669,7.186366081237793,7.878807544708252
1670,4.517398834228516,7.876795768737793
1671,10.974160194396973,7.87864875793457
1672,10.289801597595215,7.880090236663818
1673,5.208597183227539,7.8784942626953125
1674,8.382281303405762,7.8787946701049805
1675,9.134708404541016,7.879544258117676
1676,8.180706024169922,7.879724025726318
1677,6.687329292297363,7.879013538360596
1678,5.413038730621338,7.87754487991333
1679,9.918761253356934,7.878759860992432
1680,8.91992473602295,7.8793792724609375
1681,11.877828598022461,7.88175630569458
1682,11.395706176757812,7.883844375610352
1683,15.096052169799805,7.888126850128174
1684,14.150781631469727,7.891843318939209
1685,13.846302032470703,7.8953752517700195
1686,13.061585426330566,7.8984375
1687,9.815741539001465,7.89957332611084
1688,10.198051452636719,7.900934219360352
1689,13.206229209899902,7.904073238372803
1690,10.98412036895752,7.905894756317139
1691,10.440217971801758,7.907392978668213
1692,15.649402618408203,7.911965847015381
1693,14.322837829589844,7.915750503540039
1694,10.54327392578125,7.917300224304199
1695,11.446683883666992,7.919381141662598
1696,11.98532485961914,7.921777248382568
1697,11.193963050842285,7.923704624176025
1698,12.520057678222656,7.92641019821167
1699,8.572673797607422,7.9267897605896
1700,9.099328994750977,7.927479267120361
1701,7.905138969421387,7.92746639251709
1702,8.909605979919434,7.928042888641357
1703,6.628889083862305,7.927280426025391
1704,8.310688972473145,7.9275054931640625
1705,9.172727584838867,7.928235054016113
1706,9.175765037536621,7.928966045379639
1707,8.817344665527344,7.929486274719238
1708,7.309317111968994,7.929123401641846
1709,9.02772045135498,7.929765701293945
1710,9.358198165893555,7.930600643157959
1711,6.9448466300964355,7.930025100708008
1712,9.103959083557129,7.930710315704346
1713,6.943057060241699,7.930134296417236
1714,8.658281326293945,7.930558681488037
1715,5.428610324859619,7.92910099029541
1716,9.585782051086426,7.930065631866455
1717,5.928462028503418,7.928900718688965
1718,6.320581436157227,7.92796516418457
1719,5.223415374755859,7.926392555236816
1720,-4.78446626663208,7.919007301330566
1721,9.175511360168457,7.919736862182617
1722,-4.396385192871094,7.912589073181152
1723,11.973125457763672,7.914943695068359
1724,7.874212741851807,7.914920330047607
1725,6.372371196746826,7.914026260375977
1726,12.56529712677002,7.916719436645508
1727,7.135429859161377,7.9162678718566895
1728,6.898726940155029,7.915678977966309
1729,9.570690155029297,7.916635513305664
1730,6.0838775634765625,7.915576934814453
1731,9.439003944396973,7.916456699371338
1732,7.316122531890869,7.916110515594482
1733,5.390405178070068,7.914653778076172
1734,7.447988986968994,7.914384841918945
1735,9.414495468139648,7.915248870849609
1736,7.276915550231934,7.914881706237793
1737,7.746608734130859,7.914784908294678
1738,7.551882266998291,7.914576530456543
1739,7.530641078948975,7.914355278015137
1740,7.210876941680908,7.913951396942139
1741,5.136277198791504,7.912357330322266
1742,7.862393379211426,7.912328243255615
1743,7.21494722366333,7.911928653717041
1744,5.664809226989746,7.910640716552734
1745,7.400081157684326,7.910348892211914
1746,7.150444984436035,7.909913539886475
1747,9.975950241088867,7.91109561920166
1748,6.837170124053955,7.910480976104736
1749,8.0673828125,7.910571098327637
1750,7.921228408813477,7.910576820373535
1751,7.667819976806641,7.910438060760498
1752,7.348217010498047,7.9101176261901855
1753,8.953801155090332,7.910713195800781
1754,9.297408103942871,7.911503314971924
1755,7.9836931228637695,7.911544322967529
1756,9.761946678161621,7.912597179412842
1757,9.127304077148438,7.913288116455078
1758,7.590384483337402,7.913105010986328
1759,9.381991386413574,7.913939476013184
1760,10.589078903198242,7.9154582023620605
1761,10.18887996673584,7.916748523712158
1762,8.435416221618652,7.9170427322387695
1763,8.754817008972168,7.91751766204834
1764,8.449271202087402,7.917819023132324
1765,8.638031005859375,7.91822624206543
1766,7.461491584777832,7.917968273162842
1767,8.030920028686523,7.918032169342041
1768,7.224441051483154,7.917640209197998
1769,6.901881694793701,7.91706657409668
1770,7.8057475090026855,7.917003631591797
1771,7.730057239532471,7.916898727416992
1772,8.861445426940918,7.917431354522705
1773,7.360351085662842,7.917117118835449
1774,9.171676635742188,7.9178242683410645
1775,7.490724563598633,7.91758394241333
1776,7.685156345367432,7.917453289031982
1777,8.781804084777832,7.91793966293335
1778,9.676774024963379,7.918928146362305
1779,7.8060808181762695,7.918864727020264
1780,8.064922332763672,7.918946266174316
1781,7.991930961608887,7.918987274169922
1782,8.071046829223633,7.919073104858398
1783,8.895490646362305,7.919620037078857
1784,7.284287452697754,7.919264316558838
1785,8.013260841369629,7.919317245483398
1786,7.513893127441406,7.919090270996094
1787,6.423974514007568,7.9182538986206055
1788,9.460190773010254,7.9191155433654785
1789,9.270669937133789,7.919870376586914
1790,9.93815803527832,7.920997619628906
1791,8.175739288330078,7.921139717102051
1792,8.767409324645996,7.921611785888672
1793,8.687640190124512,7.922039031982422
1794,6.515693664550781,7.921255111694336
1795,7.404956340789795,7.920968055725098
1796,7.985162734985352,7.921003818511963
1797,7.319405555725098,7.920669078826904
1798,8.35015869140625,7.920907974243164
1799,8.000387191772461,7.920952320098877
1800,8.121546745300293,7.921063423156738
1801,7.309744358062744,7.920723915100098
1802,5.053671836853027,7.91913366317749
1803,6.684520721435547,7.918449401855469
1804,6.480200290679932,7.917652606964111
1805,7.540817737579346,7.917444229125977
1806,8.672191619873047,7.9178619384765625
1807,7.0571370124816895,7.917386054992676
1808,8.440080642700195,7.917675018310547
1809,7.933883190155029,7.917684078216553
1810,9.055362701416016,7.918312072753906
1811,8.0592041015625,7.918390274047852
1812,9.443360328674316,7.919231414794922
1813,8.50356388092041,7.919553756713867
1814,10.172916412353516,7.92079496383667
1815,11.769947052001953,7.922914505004883
1816,11.86571216583252,7.925084114074707
1817,11.275778770446777,7.926927089691162
1818,11.778570175170898,7.929044246673584
1819,12.229921340942383,7.931407451629639
1820,12.230110168457031,7.933768272399902
1821,11.684392929077148,7.935826778411865
1822,12.981748580932617,7.938594341278076
1823,12.917560577392578,7.941324234008789
1824,12.277840614318848,7.943700790405273
1825,11.471444129943848,7.9456329345703125
1826,11.243968963623047,7.9474382400512695
1827,12.192774772644043,7.949760437011719
1828,12.402788162231445,7.952194690704346
1829,12.735944747924805,7.954809188842773
1830,12.456195831298828,7.957267761230469
1831,12.014341354370117,7.959482192993164
1832,13.143705368041992,7.962310314178467
1833,11.736196517944336,7.9643683433532715
1834,11.683732986450195,7.966394901275635
1835,11.391151428222656,7.968260765075684
1836,11.47635555267334,7.970170497894287
1837,12.070189476013184,7.972401142120361
1838,11.988485336303711,7.974585056304932
1839,12.181640625,7.976871490478516
1840,11.10120677947998,7.9785685539245605
1841,10.804024696350098,7.9801025390625
1842,12.241653442382812,7.982414245605469
1843,11.27219009399414,7.984198570251465
1844,11.729002952575684,7.986227989196777
1845,11.312712669372559,7.988029956817627
1846,12.25418472290039,7.990339756011963
1847,11.57345199584961,7.992278575897217
1848,11.623153686523438,7.994242191314697
1849,10.684556007385254,7.995696067810059
1850,10.774602890014648,7.99719762802124
1851,11.882522583007812,7.999295711517334
1852,11.801507949829102,8.001347541809082
1853,10.032435417175293,8.002443313598633
1854,11.660272598266602,8.004414558410645
1855,12.480035781860352,8.006826400756836
1856,11.292208671569824,8.00859546661377
1857,12.595662117004395,8.011064529418945
1858,11.604484558105469,8.0129976272583
1859,12.18126392364502,8.015238761901855
1860,12.033195495605469,8.0173978805542
1861,14.51845645904541,8.020889282226562
1862,15.573856353759766,8.024943351745605
1863,14.381550788879395,8.028353691101074
1864,14.126039505004883,8.031622886657715
1865,13.692864418029785,8.034656524658203
1866,14.991482734680176,8.038383483886719
1867,14.637417793273926,8.041915893554688
1868,14.498550415039062,8.045371055603027
1869,14.258040428161621,8.04869270324707
1870,13.897369384765625,8.05181884765625
1871,13.238858222961426,8.054590225219727
1872,13.467291831970215,8.057479858398438
1873,12.983770370483398,8.060108184814453
1874,13.660560607910156,8.063095092773438
1875,13.66528034210205,8.066081047058105
1876,13.727760314941406,8.069097518920898
1877,13.959428787231445,8.072234153747559
1878,14.046173095703125,8.07541275024414
1879,14.602404594421387,8.078885078430176
1880,15.020317077636719,8.082575798034668
1881,15.131414413452148,8.086320877075195
1882,14.441510200500488,8.089695930480957
1883,13.794923782348633,8.092723846435547
1884,14.298457145690918,8.096016883850098
1885,13.822210311889648,8.099052429199219
1886,14.409305572509766,8.102396965026855
1887,14.206385612487793,8.105629920959473
1888,14.438091278076172,8.10898208618164
1889,14.811263084411621,8.112528800964355
1890,13.635501861572266,8.115448951721191
1891,14.298562049865723,8.118717193603516
1892,14.40748119354248,8.122039794921875
1893,14.086403846740723,8.125187873840332
1894,11.359423637390137,8.1268949508667
1895,13.163408279418945,8.12955093383789
1896,11.398799896240234,8.131274223327637
1897,13.619914054870605,8.13416576385498
1898,14.35986614227295,8.137444496154785
1899,13.829079627990723,8.140440940856934
1900,13.467970848083496,8.143242835998535
1901,13.442984580993652,8.146029472351074
1902,12.163057327270508,8.148139953613281
1903,13.432100296020508,8.150915145874023
1904,14.40542984008789,8.15419864654541
1905,11.531767845153809,8.155970573425293
1906,12.611117362976074,8.158307075500488
1907,11.95406723022461,8.160296440124512
1908,11.441502571105957,8.162014961242676
1909,11.326215744018555,8.163671493530273
1910,11.397605895996094,8.165364265441895
1911,12.63685131072998,8.167702674865723
1912,13.108502388000488,8.17028522491455
1913,12.028013229370117,8.172301292419434
1914,11.639946937561035,8.174111366271973
1915,12.592373847961426,8.17641830444336
1916,12.580336570739746,8.178714752197266
1917,12.449911117553711,8.18094253540039
1918,12.527935028076172,8.183207511901855
1919,12.398002624511719,8.185402870178223
1920,12.485493659973145,8.187641143798828
1921,10.851832389831543,8.189027786254883
1922,12.939083099365234,8.191497802734375
1923,12.3425874710083,8.193655014038086
1924,13.158302307128906,8.196234703063965
1925,12.490385055541992,8.198463439941406
1926,11.793107986450195,8.200328826904297
1927,13.343191146850586,8.202996253967285
1928,11.26366138458252,8.204583168029785
1929,12.71247673034668,8.206918716430664
1930,9.069854736328125,8.207365989685059
1931,11.780954360961914,8.209216117858887
1932,13.9024658203125,8.21216106414795
1933,12.506532669067383,8.21438217163086
1934,14.568578720092773,8.217665672302246
1935,14.257524490356445,8.220785140991211
1936,13.525699615478516,8.22352409362793
1937,14.269505500793457,8.226643562316895
1938,14.031011581420898,8.229637145996094
1939,13.240294456481934,8.232219696044922
1940,13.91982650756836,8.235150337219238
1941,13.708647727966309,8.237969398498535
1942,13.376813888549805,8.24061393737793
1943,13.728232383728027,8.243436813354492
1944,13.03133487701416,8.245898246765137
1945,12.53354263305664,8.248101234436035
1946,13.750992774963379,8.250927925109863
1947,13.178445816040039,8.253458023071289
1948,13.664058685302734,8.256233215332031
1949,13.94437026977539,8.259150505065918
1950,13.981203079223633,8.262084007263184
1951,13.73414134979248,8.264886856079102
1952,13.011155128479004,8.267316818237305
1953,11.4129638671875,8.268926620483398
1954,15.412888526916504,8.272581100463867
1955,15.456384658813477,8.276253700256348
1956,15.828934669494629,8.280113220214844
1957,14.090909957885742,8.2830810546875
1958,14.611324310302734,8.286311149597168
1959,12.195594787597656,8.288305282592773
1960,12.067179679870605,8.29023265838623
1961,13.313597679138184,8.292793273925781
1962,13.080845832824707,8.295232772827148
1963,13.077314376831055,8.297667503356934
1964,13.74809741973877,8.300440788269043
1965,12.511344909667969,8.302582740783691
1966,13.461359024047852,8.305205345153809
1967,12.601651191711426,8.307388305664062
1968,12.670267105102539,8.309603691101074
1969,12.998634338378906,8.311984062194824
1970,12.619370460510254,8.314169883728027
1971,12.788763999938965,8.316438674926758
1972,10.513790130615234,8.31755256652832
1973,13.344284057617188,8.320098876953125
1974,13.402315139770508,8.322671890258789
1975,11.851123809814453,8.324458122253418
1976,10.822467803955078,8.325721740722656
1977,11.68250846862793,8.327418327331543
1978,12.328670501708984,8.329439163208008
1979,11.977921485900879,8.331282615661621
1980,12.789424896240234,8.33353328704834
1981,12.842053413391113,8.335807800292969
1982,12.715363502502441,8.33801555633545
1983,13.221132278442383,8.340476989746094
1984,13.845635414123535,8.343250274658203
1985,12.091924667358398,8.345137596130371
1986,11.946272850036621,8.346949577331543
1987,12.770488739013672,8.349174499511719
1988,13.45706558227539,8.351741790771484
1989,13.837102890014648,8.354498863220215
1990,12.848191261291504,8.356756210327148
1991,12.239294052124023,8.358705520629883
1992,12.872129440307617,8.360970497131348
1993,12.09658432006836,8.36284351348877
1994,13.613887786865234,8.36547565460205
1995,13.501982688903809,8.368048667907715
1996,13.090368270874023,8.370412826538086
1997,14.546698570251465,8.373504638671875
1998,12.394999504089355,8.375515937805176
1999,13.567155838012695,8.378110885620117
2000,13.025243759155273,8.380434036254883
2001,11.020344734191895,8.381752014160156
2002,13.830037117004395,8.384471893310547
2003,8.236833572387695,8.384398460388184
2004,10.366231918334961,8.385387420654297
2005,8.391063690185547,8.38538932800293
2006,7.416982173919678,8.384906768798828
2007,7.991076469421387,8.384710311889648
2008,10.597261428833008,8.385811805725098
2009,9.45628833770752,8.386344909667969
2010,8.331244468688965,8.386317253112793
2011,10.323862075805664,8.387280464172363
2012,9.004631996154785,8.387587547302246
2013,8.513448715209961,8.387649536132812
2014,8.45763874053955,8.387683868408203
2015,8.907052040100098,8.387941360473633
2016,10.020951271057129,8.388751029968262
2017,7.4570112228393555,8.388289451599121
2018,6.930135726928711,8.387567520141602
2019,10.922900199890137,8.388822555541992
2020,4.227748394012451,8.386764526367188
2021,8.495231628417969,8.386817932128906
2022,4.372840404510498,8.384834289550781
2023,8.55252742767334,8.384917259216309
2024,10.266836166381836,8.385847091674805
2025,9.928940773010254,8.386609077453613
2026,6.386157989501953,8.385622024536133
2027,12.195262908935547,8.387500762939453
2028,7.928300380706787,8.387273788452148
2029,9.454320907592773,8.387800216674805
2030,5.62703800201416,8.386441230773926
2031,5.092990398406982,8.384819984436035
2032,10.444502830505371,8.385833740234375
2033,9.681905746459961,8.386470794677734
2034,9.053787231445312,8.386799812316895
2035,8.984953880310059,8.387092590332031
2036,6.4305219650268555,8.38613224029541
2037,7.677734375,8.385784149169922
2038,10.459762573242188,8.386800765991211
2039,8.790061950683594,8.386999130249023
2040,7.995434761047363,8.386807441711426
2041,8.251513481140137,8.386741638183594
2042,7.972674369812012,8.386539459228516
2043,7.572079658508301,8.386140823364258
2044,14.55318832397461,8.389156341552734
2045,6.800051689147949,8.38838005065918
2046,8.99448013305664,8.388675689697266
2047,8.885047912597656,8.388917922973633
2048,6.334743976593018,8.387914657592773
2049,7.134531021118164,8.387303352355957
2050,7.422761917114258,8.386833190917969
2051,7.388618469238281,8.386346817016602
2052,7.831343650817871,8.386076927185059
2053,6.640962600708008,8.38522720336914
2054,8.387788772583008,8.385228157043457
2055,6.58171272277832,8.38435173034668
2056,6.9849114418029785,8.383670806884766
2057,4.530449867248535,8.38179874420166
2058,8.334596633911133,8.381775856018066
2059,8.462127685546875,8.381814956665039
2060,7.225172519683838,8.381253242492676
2061,7.50428581237793,8.380827903747559
2062,8.48352336883545,8.380878448486328
2063,7.8626813888549805,8.380627632141113
2064,6.629487037658691,8.379778861999512
2065,8.317959785461426,8.379749298095703
2066,3.7637102603912354,8.377516746520996
2067,7.942948818206787,8.37730598449707
2068,9.981283187866211,8.378081321716309
2069,6.168398857116699,8.377013206481934
2070,8.351457595825195,8.37700080871582
2071,7.103168964385986,8.376386642456055
2072,7.674163818359375,8.37604808807373
2073,6.131720066070557,8.374964714050293
2074,6.354580402374268,8.373991966247559
2075,5.8003830909729,8.37275218963623
2076,2.8440678119659424,8.37009048461914
2077,5.995782852172852,8.368947982788086
2078,4.035558700561523,8.366863250732422
2079,6.131707191467285,8.365788459777832
2080,7.936318397521973,8.365581512451172
2081,5.139960289001465,8.364032745361328
2082,6.121296405792236,8.362956047058105
2083,4.924370765686035,8.361305236816406
2084,6.746502876281738,8.360530853271484
2085,6.3729753494262695,8.359578132629395
2086,7.897481918334961,8.359356880187988
2087,5.176172256469727,8.357832908630371
2088,5.914437770843506,8.35666275024414
2089,7.117466449737549,8.356069564819336
2090,5.167160987854004,8.354544639587402
2091,6.476336479187012,8.353647232055664
2092,5.430845737457275,8.352251052856445
2093,6.474518775939941,8.351354598999023
2094,5.67380952835083,8.350076675415039
2095,9.253384590148926,8.350507736206055
2096,5.325423240661621,8.349065780639648
2097,7.155956268310547,8.348496437072754
2098,4.996068000793457,8.34689998626709
2099,3.6727042198181152,8.344673156738281
2100,-1.2735074758529663,8.340095520019531
2101,-0.15142101049423218,8.336055755615234
2102,7.209800720214844,8.335519790649414
2103,0.4515942931175232,8.331771850585938
2104,4.876015663146973,8.330130577087402
2105,3.4937384128570557,8.327835083007812
2106,0.998285710811615,8.324356079101562
2107,0.029479101300239563,8.32042121887207
2108,1.5545055866241455,8.31721305847168
2109,-0.8303440809249878,8.312877655029297
2110,1.9345842599868774,8.309856414794922
2111,1.8367136716842651,8.306791305541992
2112,1.9276643991470337,8.30377197265625
2113,-0.38666409254074097,8.299661636352539
2114,0.0031507322564721107,8.29573917388916
2115,3.3481101989746094,8.293400764465332
2116,3.6731061935424805,8.291218757629395
2117,1.5045859813690186,8.28801441192627
2118,0.7143226265907288,8.284440040588379
2119,0.6968384981155396,8.280860900878906
2120,3.586841583251953,8.278647422790527
2121,3.8942131996154785,8.276581764221191
2122,0.8493053913116455,8.273083686828613
2123,0.85747230052948,8.26959228515625
2124,1.517289161682129,8.266414642333984
2125,3.150815486907959,8.264008522033691
2126,-0.14159409701824188,8.260056495666504
2127,3.106858730316162,8.257635116577148
2128,-0.5738867521286011,8.253486633300781
2129,-1.1086772680282593,8.249091148376465
2130,-1.137117862701416,8.2446870803833
2131,-1.3716977834701538,8.2401762008667
2132,-1.7400953769683838,8.23549747467041
2133,0.06117111071944237,8.231666564941406
2134,0.5672442317008972,8.228076934814453
2135,1.616548776626587,8.224981307983398
2136,-0.47342944145202637,8.220911979675293
2137,-0.7353360652923584,8.21672248840332
2138,1.856473684310913,8.213749885559082
2139,0.4797325134277344,8.210136413574219
2140,1.7202746868133545,8.207104682922363
2141,-0.13409653306007385,8.203210830688477
2142,-0.9795820116996765,8.198925018310547
2143,0.7411659359931946,8.195446014404297
2144,14.4789457321167,8.198375701904297
2145,13.505163192749023,8.200848579406738
2146,14.449701309204102,8.20375919342041
2147,14.634461402893066,8.20675277709961
2148,14.410563468933105,8.209639549255371
2149,13.855599403381348,8.212265968322754
2150,12.611088752746582,8.214310646057129
2151,13.29531478881836,8.21667194366455
2152,13.362955093383789,8.219061851501465
2153,13.569559097290039,8.221546173095703
2154,13.779953956604004,8.224125862121582
2155,14.217342376708984,8.22690486907959
2156,15.421985626220703,8.230240821838379
2157,13.576745986938477,8.232717514038086
2158,13.986984252929688,8.235383033752441
2159,14.00424861907959,8.238053321838379
2160,13.59865951538086,8.240534782409668
2161,14.470290184020996,8.243415832519531
2162,14.54555892944336,8.246329307556152
2163,13.669792175292969,8.248835563659668
2164,12.274847030639648,8.25069522857666
2165,13.20240592956543,8.252982139587402
2166,14.984037399291992,8.256088256835938
2167,14.593982696533203,8.259011268615723
2168,12.38277816772461,8.260912895202637
2169,13.380326271057129,8.263272285461426
2170,12.686115264892578,8.26530933380127
2171,14.509851455688477,8.268184661865234
2172,14.24078369140625,8.2709321975708
2173,12.410273551940918,8.272836685180664
2174,14.122506141662598,8.27552604675293
2175,12.402974128723145,8.277422904968262
2176,14.099903106689453,8.280097007751465
2177,13.61131763458252,8.28254508972168
2178,13.880958557128906,8.285114288330078
2179,14.138792991638184,8.287798881530762
2180,14.094170570373535,8.290461540222168
2181,13.596351623535156,8.292892456054688
2182,14.221187591552734,8.295608520507812
2183,14.402069091796875,8.298404693603516
2184,16.047664642333984,8.301950454711914
2185,14.782605171203613,8.304915428161621
2186,15.476766586303711,8.308194160461426
2187,14.049356460571289,8.310818672180176
2188,13.61504077911377,8.313241004943848
2189,14.29332160949707,8.315972328186035
2190,12.708484649658203,8.317976951599121
2191,13.497986793518066,8.320340156555176
2192,13.882342338562012,8.322876930236816
2193,12.920221328735352,8.324972152709961
2194,14.113802909851074,8.327609062194824
2195,14.075428009033203,8.33022689819336
2196,11.585711479187012,8.331708908081055
2197,12.786138534545898,8.333735466003418
2198,14.254247665405273,8.336427688598633
2199,14.106971740722656,8.339051246643066
2200,15.596288681030273,8.342348098754883
2201,13.636043548583984,8.344752311706543
2202,13.636702537536621,8.34715461730957
2203,14.384366989135742,8.349893569946289
2204,15.377243041992188,8.353080749511719
2205,14.377872467041016,8.35581111907959
2206,13.227712631225586,8.35801887512207
2207,15.443899154663086,8.361227989196777
2208,14.189813613891602,8.363866806030273
2209,15.465448379516602,8.367079734802246
2210,13.294692993164062,8.369308471679688
2211,12.740123748779297,8.371284484863281
2212,11.733330726623535,8.372803688049316
2213,15.122337341308594,8.375852584838867
2214,12.057848930358887,8.377514839172363
2215,15.307714462280273,8.380642890930176
2216,13.524250030517578,8.382962226867676
2217,14.557085990905762,8.385746002197266
2218,14.813109397888184,8.388642311096191
2219,12.371417999267578,8.390436172485352
2220,13.14653491973877,8.392577171325684
2221,-0.050217028707265854,8.388777732849121
2222,1.5382258892059326,8.385696411132812
2223,3.067854881286621,8.383305549621582
2224,1.7382298707962036,8.380318641662598
2225,3.7006947994232178,8.378216743469238
2226,-0.14835619926452637,8.374387741088867
2227,-0.5782468318939209,8.370369911193848
2228,0.6380131840705872,8.366901397705078
2229,4.092846393585205,8.364984512329102
2230,1.0065014362335205,8.361685752868652
2231,-0.24142804741859436,8.357831001281738
2232,0.6664589047431946,8.354386329650879
2233,-0.7197902202606201,8.350324630737305
2234,1.7735204696655273,8.347381591796875
2235,4.472621917724609,8.345648765563965
2236,4.107170581817627,8.343754768371582
2237,5.612934112548828,8.342534065246582
2238,0.7308555245399475,8.339134216308594
2239,5.549639701843262,8.337888717651367
2240,1.7150710821151733,8.334933280944824
2241,-0.0075344303622841835,8.331212043762207
2242,-1.9799227714538574,8.326615333557129
2243,-4.341361999511719,8.320969581604004
2244,3.5579440593719482,8.318848609924316
2245,5.614353179931641,8.317644119262695
2246,3.248455762863159,8.315388679504395
2247,-2.5614547729492188,8.310550689697266
2248,5.097326755523682,8.309122085571289
2249,2.0575966835021973,8.306343078613281
2250,3.440755844116211,8.304182052612305
2251,-0.8176386952400208,8.300130844116211
2252,2.343751907348633,8.297487258911133
2253,7.399324893951416,8.297088623046875
2254,0.19001120328903198,8.293492317199707
2255,-3.075692892074585,8.288453102111816
2256,5.897132873535156,8.287393569946289
2257,-1.0617353916168213,8.283252716064453
2258,1.1884198188781738,8.280111312866211
2259,1.0849623680114746,8.276927947998047
2260,5.851977348327637,8.27585506439209
2261,5.81196403503418,8.274765968322754
2262,3.56630539894104,8.272686004638672
2263,4.095703125,8.270840644836426
2264,3.675140380859375,8.26881217956543
2265,2.8448433876037598,8.26641845703125
2266,4.635736465454102,8.264817237854004
2267,3.8254828453063965,8.262859344482422
2268,1.9331914186477661,8.26007080078125
2269,5.512973785400391,8.25886058807373
2270,-0.27654385566711426,8.255102157592773
2271,3.771761894226074,8.253128051757812
2272,4.195587635040283,8.2513427734375
2273,0.43862050771713257,8.247907638549805
2274,1.8803389072418213,8.245108604431152
2275,2.9719173908233643,8.242792129516602
2276,2.067493438720703,8.240080833435059
2277,-1.0120854377746582,8.236019134521484
2278,3.9727163314819336,8.234148979187012
2279,3.3468618392944336,8.23200511932373
2280,-0.1371312439441681,8.228336334228516
2281,-0.19880908727645874,8.22464370727539
2282,1.4758179187774658,8.221688270568848
2283,1.882681965827942,8.218912124633789
2284,-0.44432494044303894,8.215121269226074
2285,1.9810948371887207,8.212393760681152
2286,0.38547754287719727,8.208971977233887
2287,2.9956417083740234,8.206693649291992
2288,0.6385575532913208,8.203387260437012
2289,2.2326440811157227,8.200779914855957
2290,1.9477896690368652,8.198049545288086
2291,0.3048538565635681,8.194605827331543
2292,6.368971824645996,8.193809509277344
2293,-6.650548934936523,8.187338829040527
2294,-0.7012078166007996,8.183465957641602
2295,1.8191050291061401,8.180693626403809
2296,0.41014358401298523,8.177310943603516
2297,3.52970027923584,8.175288200378418
2298,0.23249739408493042,8.171833038330078
2299,4.472303867340088,8.170225143432617
2300,-3.549612045288086,8.165131568908691
2301,2.0003745555877686,8.162453651428223
2302,-0.49522292613983154,8.15869426727295
2303,6.807360649108887,8.15810775756836
2304,2.7502858638763428,8.155760765075684
2305,0.9026787281036377,8.152615547180176
2306,-10.42064094543457,8.14456558227539
2307,4.7587738037109375,8.143097877502441
2308,8.565328598022461,8.143280029296875
2309,1.0725743770599365,8.140218734741211
2310,3.7419538497924805,8.13831615447998
2311,3.4787404537200928,8.136301040649414
2312,4.868456840515137,8.1348876953125
2313,3.5518617630004883,8.13290786743164
2314,-3.3937559127807617,8.127928733825684
2315,-3.8009321689605713,8.122777938842773
2316,-1.8875267505645752,8.118457794189453
2317,1.0584005117416382,8.115411758422852
2318,4.525614261627197,8.113863945007324
2319,2.038043975830078,8.111245155334473
2320,0.0026395663153380156,8.10775089263916
2321,-2.1906187534332275,8.103315353393555
2322,0.4857293963432312,8.10003662109375
2323,1.59916090965271,8.09723949432373
2324,-6.057388782501221,8.091151237487793
2325,-0.828934371471405,8.08731746673584
2326,4.104663372039795,8.08560562133789
2327,6.5289411544799805,8.08493709564209
2328,3.3554980754852295,8.082906723022461
2329,4.584060192108154,8.081404685974121
2330,4.487410545349121,8.079863548278809
2331,6.793670654296875,8.07931137084961
2332,3.1648664474487305,8.077204704284668
2333,-6.125746250152588,8.071120262145996
2334,6.621699810028076,8.070499420166016
2335,2.8090896606445312,8.068246841430664
2336,3.531489610671997,8.066305160522461
2337,4.7970967292785645,8.06490707397461
2338,0.48103126883506775,8.061664581298828
2339,-2.651319980621338,8.057085990905762
2340,-3.5403757095336914,8.052131652832031
2341,-1.9401211738586426,8.047865867614746
2342,-6.562105178833008,8.041629791259766
2343,-0.370768278837204,8.038041114807129
2344,1.248354196548462,8.03514575958252
2345,1.401793360710144,8.032318115234375
2346,-1.9684202671051025,8.028057098388672
2347,-3.732748508453369,8.023048400878906
2348,4.071949481964111,8.021366119384766
2349,9.022577285766602,8.0217924118042
2350,6.190709114074707,8.021014213562012
2351,-0.10661108791828156,8.017558097839355
2352,0.10279954969882965,8.01419448852539
2353,1.5628248453140259,8.011453628540039
2354,-1.6678375005722046,8.007344245910645
2355,-0.43740126490592957,8.003759384155273
2356,-5.957691669464111,7.997836589813232
2357,0.6763738393783569,7.994731426239014
2358,2.096127986907959,7.992230415344238
2359,1.3442628383636475,7.989413261413574
2360,0.5225687623023987,7.986251354217529
2361,-0.24831682443618774,7.982765197753906
2362,4.797070503234863,7.981416702270508
2363,0.9982495307922363,7.9784626960754395
2364,-3.24322247505188,7.97371768951416
2365,5.062945365905762,7.972486972808838
2366,-5.286559104919434,7.966885089874268
2367,7.7898969650268555,7.96681022644043
2368,1.7239772081375122,7.964175224304199
2369,3.8077473640441895,7.962421894073486
2370,-0.6120526194572449,7.958805561065674
2371,-0.6541344523429871,7.955174446105957
2372,0.4166507124900818,7.95199728012085
2373,2.511629819869995,7.949705600738525
2374,2.899897575378418,7.947579860687256
2375,3.085331916809082,7.945533752441406
2376,1.3414642810821533,7.942755222320557
2377,-3.228602170944214,7.938057899475098
2378,6.047435283660889,7.937262535095215
2379,2.8209140300750732,7.935112953186035
2380,2.1298935413360596,7.932674884796143
2381,4.250840663909912,7.931128978729248
2382,2.9719245433807373,7.92904806137085
2383,3.144986629486084,7.927041053771973
2384,0.7560440897941589,7.924034595489502
2385,6.900602340698242,7.923605442047119
2386,3.7321672439575195,7.921849727630615
2387,1.664327621459961,7.919229030609131
2388,2.509408473968506,7.916965007781982
2389,0.5510486364364624,7.913882732391357
2390,-2.5951952934265137,7.909487247467041
2391,2.977151870727539,7.9074249267578125
2392,8.778524398803711,7.90778923034668
2393,8.755263328552246,7.908143520355225
2394,-2.0451626777648926,7.903987884521484
2395,-2.4415807723999023,7.899670124053955
2396,-5.622152805328369,7.894028663635254
2397,-1.7015689611434937,7.890027046203613
2398,5.575003623962402,7.88906192779541
2399,3.0953054428100586,7.887064456939697
2400,4.900897026062012,7.8858208656311035
2401,3.724362373352051,7.884088516235352
2402,-3.677708148956299,7.879276752471924
2403,-6.144111633300781,7.873443126678467
2404,-10.18996810913086,7.865932941436768
2405,-2.634708881378174,7.861568450927734
2406,5.632390022277832,7.860642433166504
2407,1.5416736602783203,7.858017921447754
2408,4.871068477630615,7.856778144836426
2409,-0.2334839254617691,7.853420734405518
2410,4.4077019691467285,7.851991653442383
2411,0.43374183773994446,7.848916053771973
2412,-1.807265281677246,7.84491491317749
2413,0.5302340984344482,7.841884136199951
2414,-0.9426572918891907,7.8382463455200195
2415,0.9518399238586426,7.835395812988281
2416,3.1979260444641113,7.833477020263672
2417,-0.5591053366661072,7.830006122589111
2418,1.2189784049987793,7.827273368835449
2419,0.5850867033004761,7.824280738830566
2420,2.57181978225708,7.8221116065979
2421,4.842325687408447,7.820880889892578
2422,-2.151320457458496,7.816765785217285
2423,2.5140979290008545,7.814578056335449
2424,-3.0420031547546387,7.810100555419922
2425,-2.6759748458862305,7.805778503417969
2426,-5.953999042510986,7.800109386444092
2427,-7.737192630767822,7.793710231781006
2428,1.9804742336273193,7.791316986083984
2429,0.9766808152198792,7.788512706756592
2430,-1.2885164022445679,7.784778594970703
2431,-0.05889727175235748,7.781553745269775
2432,1.6863486766815186,7.779047966003418
2433,-5.425734996795654,7.773622989654541
2434,-1.4289040565490723,7.769843101501465
2435,9.463061332702637,7.770538330078125
2436,-2.0063538551330566,7.766526699066162
2437,-0.6047994494438171,7.763092517852783
2438,0.5912015438079834,7.760152339935303
2439,-3.601854085922241,7.755496025085449
2440,-3.873351573944092,7.750731945037842
2441,4.525716304779053,7.749411106109619
2442,-2.407855749130249,7.745253562927246
2443,2.9180493354797363,7.743278503417969
2444,2.613565683364868,7.741180419921875
2445,-2.1559505462646484,7.737133979797363
2446,7.55120325088501,7.737057685852051
2447,-0.08614799380302429,7.733861923217773
2448,-0.7929477691650391,7.730380058288574
2449,-11.825236320495605,7.722397804260254
2450,-1.6482884883880615,7.718574523925781
2451,4.9256815910339355,7.717435836791992
2452,-2.0196895599365234,7.713466167449951
2453,-7.377464771270752,7.707316875457764
2454,-1.685748815536499,7.703490734100342
2455,4.407988548278809,7.702149391174316
2456,-0.4890212416648865,7.698815822601318
2457,3.9134669303894043,7.6972761154174805
2458,-0.16642332077026367,7.694077968597412
2459,-0.9962365031242371,7.690545558929443
2460,-0.15044891834259033,7.68735933303833
2461,-1.0877339839935303,7.68379545211792
2462,4.472885608673096,7.682491302490234
2463,5.28204345703125,7.681517124176025
2464,2.9990267753601074,7.679617881774902
2465,2.0980608463287354,7.677354335784912
2466,-2.6718649864196777,7.673159122467041
2467,0.9379958510398865,7.670429706573486
2468,-2.1010003089904785,7.6664719581604
2469,4.951058387756348,7.665372848510742
2470,-0.7120770812034607,7.66198205947876
2471,2.1774699687957764,7.659763336181641
2472,1.4088623523712158,7.657235622406006
2473,5.421239852905273,7.656332015991211
2474,6.605449199676514,7.65590763092041
2475,0.11385224014520645,7.65286111831665
2476,4.668982982635498,7.6516571044921875
2477,5.651738166809082,7.650850296020508
2478,6.35035514831543,7.650325298309326
2479,0.51963871717453,7.647449970245361
2480,8.515741348266602,7.647799968719482
2481,1.2566773891448975,7.645224571228027
2482,0.8060029745101929,7.642470359802246
2483,0.17276930809020996,7.639462947845459
2484,-1.6306180953979492,7.635732173919678
2485,-15.241049766540527,7.626530647277832
2486,-0.6100770831108093,7.623219013214111
2487,-5.432613372802734,7.617971897125244
2488,4.6634297370910645,7.616785049438477
2489,-3.725489377975464,7.61223030090332
2490,-3.1089961528778076,7.607925891876221
2491,4.667736053466797,7.606746196746826
2492,-0.027712181210517883,7.603683948516846
2493,0.8180763721466064,7.600963592529297
2494,-6.329827308654785,7.595379829406738
2495,-2.167876958847046,7.591468334197998
2496,-0.49418264627456665,7.588230133056641
2497,0.39878880977630615,7.585351943969727
2498,2.5273587703704834,7.583327770233154
2499,11.511980056762695,7.584899425506592
2500,11.76453971862793,7.5865702629089355
2501,5.081668376922607,7.585568904876709
2502,11.633621215820312,7.587185859680176
2503,7.3636298179626465,7.587096691131592
2504,12.914798736572266,7.5892229080200195
2505,12.06512451171875,7.591009140014648
2506,9.149002075195312,7.591629981994629
2507,8.449186325073242,7.5919718742370605
2508,11.578468322753906,7.593560695648193
2509,7.522096157073975,7.593532085418701
2510,7.021450519561768,7.59330415725708
2511,9.274739265441895,7.5939741134643555
2512,10.858150482177734,7.595272541046143
2513,11.961591720581055,7.597009181976318
2514,9.968644142150879,7.597952365875244
2515,7.929184436798096,7.598083972930908
2516,9.727470397949219,7.598929405212402
2517,8.677824974060059,7.599358081817627
2518,8.237896919250488,7.599611759185791
2519,7.208216667175293,7.599456787109375
2520,10.161188125610352,7.600473403930664
2521,10.610562324523926,7.6016669273376465
2522,7.282377243041992,7.601541042327881
2523,8.03078556060791,7.601711273193359
2524,10.4671630859375,7.602845668792725
2525,9.2384033203125,7.6034932136535645
2526,10.567218780517578,7.604665756225586
2527,5.957944393157959,7.604013919830322
2528,10.436625480651855,7.6051344871521
2529,11.516849517822266,7.606680870056152
2530,8.257800102233887,7.606937885284424
2531,8.726409912109375,7.607380390167236
2532,10.890273094177246,7.608676433563232
2533,9.827322006225586,7.609552383422852
2534,11.894784927368164,7.611242771148682
2535,9.67617416381836,7.612056732177734
2536,8.510026931762695,7.612410545349121
2537,6.63424015045166,7.612025260925293
2538,12.993406295776367,7.614145278930664
2539,11.356037139892578,7.6156182289123535
2540,9.231727600097656,7.6162543296813965
2541,9.540278434753418,7.617011547088623
2542,10.858753204345703,7.618286609649658
2543,10.22722053527832,7.619311809539795
2544,9.290202140808105,7.619968891143799
2545,7.645493030548096,7.619978427886963
2546,9.846269607543945,7.620851993560791
2547,9.241941452026367,7.621488571166992
2548,10.314714431762695,7.622544765472412
2549,10.752689361572266,7.623772144317627
2550,11.538268089294434,7.625307083129883
2551,11.85804557800293,7.626965522766113
2552,10.859131813049316,7.628231525421143
2553,11.662077903747559,7.629810810089111
2554,12.592580795288086,7.631752967834473
2555,12.42025375366211,7.633626461029053
2556,7.892451286315918,7.633727550506592
2557,9.675328254699707,7.634525775909424
2558,6.557216644287109,7.6341047286987305
2559,10.004921913146973,7.635031223297119
2560,12.737663269042969,7.63702392578125
2561,8.274969100952148,7.637272834777832
2562,7.3411173820495605,7.637157917022705
2563,7.876579284667969,7.637251377105713
2564,8.242429733276367,7.637486934661865
2565,9.160004615783691,7.638080596923828
2566,11.591838836669922,7.639620780944824
2567,11.35047435760498,7.64106559753418
2568,10.829602241516113,7.642306804656982
2569,13.621167182922363,7.6446332931518555
2570,8.463486671447754,7.644951343536377
2571,11.297616958618164,7.646371364593506
2572,10.478926658630371,7.647471904754639
2573,9.666632652282715,7.648256301879883
2574,11.567658424377441,7.649778366088867
2575,6.899104595184326,7.649487018585205
2576,9.414616584777832,7.650171756744385
2577,10.231480598449707,7.651173114776611
2578,10.720706939697266,7.652363300323486
2579,8.171199798583984,7.652565002441406
2580,11.199895858764648,7.6539387702941895
2581,12.311521530151367,7.655742645263672
2582,10.471981048583984,7.656833171844482
2583,8.586471557617188,7.657192707061768
2584,6.656949043273926,7.656805515289307
2585,10.331626892089844,7.657839775085449
2586,5.897886753082275,7.657159805297852
2587,11.398943901062012,7.658605575561523
2588,9.289694786071777,7.659235000610352
2589,11.70541000366211,7.660797119140625
2590,7.943427562713623,7.6609063148498535
2591,5.691101551055908,7.660146236419678
2592,2.843019962310791,7.658288955688477
2593,8.471352577209473,7.658602237701416
2594,4.804047584533691,7.657502174377441
2595,7.076076507568359,7.657278537750244
2596,4.183213233947754,7.655941009521484
2597,5.149352550506592,7.654975891113281
2598,2.888902187347412,7.653141975402832
2599,5.3376312255859375,7.652251243591309
2600,4.732709884643555,7.651128768920898
2601,6.412191867828369,7.6506524085998535
2602,3.099701404571533,7.648904323577881
2603,5.447631359100342,7.648058891296387
2604,4.764646530151367,7.646951675415039
2605,5.848611831665039,7.646261215209961
2606,5.956218242645264,7.645613193511963
2607,5.0143866539001465,7.644603729248047
2608,4.216200828552246,7.643290042877197
2609,4.682719707489014,7.64215612411499
2610,-1.6853313446044922,7.638583660125732
2611,5.345401287078857,7.6377058029174805
2612,1.9620622396469116,7.635533809661865
2613,3.669731855392456,7.634016990661621
2614,3.192495107650757,7.63231897354126
2615,1.1036432981491089,7.629823207855225
2616,3.410919666290283,7.628210544586182
2617,1.7534675598144531,7.625967025756836
2618,3.294940233230591,7.6243133544921875
2619,3.756898880004883,7.622837543487549
2620,2.4817304611206055,7.620876312255859
2621,4.580287456512451,7.619716644287109
2622,3.359851837158203,7.618092060089111
2623,4.675063610076904,7.616971015930176
2624,3.850087881088257,7.615535736083984
2625,2.762951612472534,7.613687992095947
2626,3.26322340965271,7.612032413482666
2627,4.150945663452148,7.610714912414551
2628,5.388045787811279,7.609869956970215
2629,4.104435920715332,7.608536720275879
2630,3.789572238922119,7.60708475112915
2631,4.4878129959106445,7.605899810791016
2632,5.347695350646973,7.605042457580566
2633,4.091180801391602,7.603708267211914
2634,0.9487858414649963,7.60118293762207
2635,5.1145782470703125,7.6002397537231445
2636,2.8623783588409424,7.598443508148193
2637,7.006730556488037,7.59821891784668
2638,0.4566640853881836,7.595512866973877
2639,3.8582701683044434,7.594097137451172
2640,2.9852752685546875,7.59235143661499
2641,8.91053581237793,7.592850208282471
2642,3.0500128269195557,7.591131687164307
2643,3.0777289867401123,7.589425086975098
2644,2.320441246032715,7.587432861328125
2645,3.328186273574829,7.585823059082031
2646,3.6855344772338867,7.584349632263184
2647,4.22936487197876,7.58308219909668
2648,3.4804723262786865,7.581533432006836
2649,2.880296468734741,7.57975959777832
2650,4.268642425537109,7.5785112380981445
2651,4.8117499351501465,7.577467918395996
2652,2.9813919067382812,7.575735092163086
2653,6.265921592712402,7.575241565704346
2654,5.073726654052734,7.5742998123168945
2655,3.7628629207611084,7.572865009307861
2656,5.923720359802246,7.572244167327881
2657,5.054599761962891,7.5712971687316895
2658,-0.7841204404830933,7.568155288696289
2659,2.271677017211914,7.566164016723633
2660,4.337627410888672,7.564950942993164
2661,5.59050989151001,7.564208984375
2662,4.3566999435424805,7.563004493713379
2663,5.817374229431152,7.56234884262085
2664,6.139593124389648,7.561814785003662
2665,3.3002474308013916,7.560216426849365
2666,7.989053726196289,7.56037712097168
2667,6.871196746826172,7.560118675231934
2668,5.702742576599121,7.559422969818115
2669,7.021547317504883,7.559221267700195
2670,5.800418853759766,7.558563232421875
2671,4.985545635223389,7.557600498199463
2672,6.955535411834717,7.557374954223633
2673,6.157598972320557,7.556851863861084
2674,6.5614519119262695,7.556479454040527
2675,6.189702033996582,7.555968284606934
2676,6.307928085327148,7.555502414703369
2677,7.009047985076904,7.555298805236816
2678,12.70389461517334,7.557219982147217
2679,7.3750691413879395,7.557152271270752
2680,9.14472484588623,7.55774450302124
2681,5.863658905029297,7.557112693786621
2682,7.344243049621582,7.557033061981201
2683,5.089056491851807,7.5561137199401855
2684,8.082263946533203,7.556309700012207
2685,6.860703468322754,7.556050777435303
2686,6.59069299697876,7.555691242218018
2687,7.312306880950928,7.555600643157959
2688,8.673684120178223,7.55601692199707
2689,7.268073558807373,7.555909633636475
2690,6.938872337341309,7.555680274963379
2691,9.414530754089355,7.556370735168457
2692,5.644903182983398,7.555660724639893
2693,7.087095260620117,7.555487155914307
2694,10.910743713378906,7.556732177734375
2695,9.468021392822266,7.557441234588623
2696,7.75429630279541,7.557514190673828
2697,6.34670352935791,7.557065486907959
2698,6.192358016967773,7.5565595626831055
2699,7.294010162353516,7.55646276473999
2700,7.913588523864746,7.5565948486328125
2701,8.429919242858887,7.556918144226074
2702,4.601345062255859,7.5558247566223145
2703,7.079628944396973,7.5556488037109375
2704,5.707905292510986,7.554965496063232
2705,7.7989630699157715,7.555055618286133
2706,5.006576061248779,7.554113864898682
2707,6.146905422210693,7.55359411239624
2708,4.313634872436523,7.552398204803467
2709,5.884540557861328,7.551783084869385
2710,5.783832550048828,7.551130771636963
2711,7.9239606857299805,7.551268100738525
2712,9.152009963989258,7.551858425140381
2713,4.369045734405518,7.550685405731201
2714,7.23737907409668,7.550570487976074
2715,9.168145179748535,7.55116605758667
2716,6.155267238616943,7.550652027130127
2717,7.409267902374268,7.550600051879883
2718,8.269444465637207,7.5508646965026855
2719,4.744262218475342,7.549832820892334
2720,6.682096004486084,7.549513816833496
2721,8.689201354980469,7.549932479858398
2722,7.677700996398926,7.549979209899902
2723,6.362462997436523,7.549543857574463
2724,5.885133266448975,7.5489325523376465
2725,8.047837257385254,7.5491156578063965
2726,8.735180854797363,7.5495500564575195
2727,6.802988529205322,7.549276351928711
2728,5.494800090789795,7.548523426055908
2729,7.011136054992676,7.54832649230957
2730,5.23726749420166,7.54748010635376
2731,6.156070232391357,7.546970844268799
2732,5.425401210784912,7.546194553375244
2733,5.655814170837402,7.545503616333008
2734,5.813875675201416,7.544870376586914
2735,6.049780368804932,7.544323444366455
2736,6.414840221405029,7.543910503387451
2737,5.3738908767700195,7.543118000030518
2738,7.4878668785095215,7.543097972869873
2739,5.578069686889648,7.5423808097839355
2740,6.091697692871094,7.54185152053833
2741,7.173238754272461,7.541717052459717
2742,7.0969719886779785,7.541555404663086
2743,6.934377670288086,7.5413336753845215
2744,6.209854602813721,7.540848255157471
2745,6.947068214416504,7.540632247924805
2746,6.221269607543945,7.540151596069336
2747,6.722279071807861,7.539854049682617
2748,5.95511531829834,7.53927755355835
2749,7.855892658233643,7.539392948150635
2750,6.439630508422852,7.538992881774902
2751,7.609123706817627,7.539018630981445
2752,5.135611534118652,7.538145065307617
2753,9.620719909667969,7.538901329040527
2754,11.540986061096191,7.540354251861572
2755,11.919775009155273,7.541943073272705
2756,9.311524391174316,7.542585372924805
2757,9.5771484375,7.543323040008545
2758,9.952317237854004,7.544196128845215
2759,7.8362650871276855,7.544301986694336
2760,11.937328338623047,7.54589319229126
2761,10.113744735717773,7.546822547912598
2762,11.22633171081543,7.548154354095459
2763,12.280983924865723,7.549866676330566
2764,8.718421936035156,7.550289630889893
2765,10.392560005187988,7.55131721496582
2766,10.085097312927246,7.5522332191467285
2767,8.314922332763672,7.552508354187012
2768,8.996005058288574,7.553030014038086
2769,10.577826499938965,7.554121971130371
2770,9.656797409057617,7.554880619049072
2771,10.863767623901367,7.556074142456055
2772,9.380023956298828,7.556732177734375
2773,9.813299179077148,7.557545185089111
2774,9.233380317687988,7.5581488609313965
2775,11.323892593383789,7.559505462646484
2776,9.087321281433105,7.560055732727051
2777,11.27930736541748,7.561394691467285
2778,9.258610725402832,7.562005043029785
2779,9.942428588867188,7.562861919403076
2780,10.367964744567871,7.563870429992676
2781,8.236371994018555,7.564111709594727
2782,9.032539367675781,7.564639568328857
2783,9.987014770507812,7.565509796142578
2784,12.198566436767578,7.567173480987549
2785,10.39055347442627,7.5681867599487305
2786,11.435184478759766,7.569574356079102
2787,11.551881790161133,7.571003437042236
2788,11.125844955444336,7.572277545928955
2789,13.220588684082031,7.5743021965026855
2790,13.078330993652344,7.5762739181518555
2791,9.671695709228516,7.577024459838867
2792,10.946768760681152,7.578231334686279
2793,9.20987319946289,7.57881498336792
2794,10.179738998413086,7.579745292663574
2795,11.064350128173828,7.580991744995117
2796,10.241450309753418,7.581943035125732
2797,10.471384048461914,7.5829758644104
2798,10.915412902832031,7.584166526794434
2799,10.073174476623535,7.585054874420166
2800,9.422577857971191,7.5857110023498535
2801,9.590720176696777,7.586426258087158
2802,11.018433570861816,7.587650299072266
2803,11.298810005187988,7.588973522186279
2804,12.105085372924805,7.590583801269531
2805,11.438654899597168,7.591955661773682
2806,12.014842987060547,7.593531608581543
2807,11.96108627319336,7.595087051391602
2808,10.956975936889648,7.596283912658691
2809,11.439517974853516,7.597651481628418
2810,11.62310791015625,7.599083423614502
2811,10.205049514770508,7.600009918212891
2812,10.47020149230957,7.6010308265686035
2813,11.631811141967773,7.6024627685546875
2814,10.369384765625,7.603445529937744
2815,10.200923919677734,7.604368209838867
2816,12.569997787475586,7.606131076812744
2817,11.349066734313965,7.60745906829834
2818,9.458037376403809,7.608116149902344
2819,12.051511764526367,7.609691619873047
2820,12.701314926147461,7.611496448516846
2821,10.752622604370117,7.612609386444092
2822,11.204776763916016,7.613881587982178
2823,11.716665267944336,7.615334510803223
2824,11.508416175842285,7.61671257019043
2825,10.507292747497559,7.617735385894775
2826,12.076491355895996,7.619312763214111
2827,13.126887321472168,7.621260166168213
2828,9.832681655883789,7.622041702270508
2829,12.329383850097656,7.6237053871154785
2830,10.489645957946777,7.624717712402344
2831,10.746736526489258,7.625820159912109
2832,10.075201034545898,7.62668514251709
2833,10.636045455932617,7.627747058868408
2834,11.001670837402344,7.628937244415283
2835,11.379531860351562,7.6302595138549805
2836,12.045635223388672,7.631815433502197
2837,11.87441349029541,7.633310794830322
2838,11.936769485473633,7.63482666015625
2839,11.984224319458008,7.636358261108398
2840,11.916078567504883,7.637864589691162
2841,11.031217575073242,7.639058589935303
2842,12.04094123840332,7.6406073570251465
2843,12.463689804077148,7.642302513122559
2844,11.839919090270996,7.643778324127197
2845,9.828399658203125,7.644545555114746
2846,12.413763046264648,7.646221160888672
2847,12.284001350402832,7.647849082946777
2848,13.354421615600586,7.6498517990112305
2849,12.413020133972168,7.651522636413574
2850,11.344364166259766,7.652817726135254
2851,11.017317771911621,7.653997421264648
2852,13.891901969909668,7.656184196472168
2853,12.558103561401367,7.657902240753174
2854,11.771283149719238,7.6593427658081055
2855,12.733654975891113,7.6611199378967285
2856,12.230245590209961,7.662719249725342
2857,10.673324584960938,7.6637725830078125
2858,10.43836784362793,7.664742946624756
2859,11.556867599487305,7.666103839874268
2860,12.56501579284668,7.667815685272217
2861,11.55402946472168,7.669173717498779
2862,11.088589668273926,7.670368194580078
2863,11.452909469604492,7.671689033508301
2864,11.21923828125,7.672926902770996
2865,11.935346603393555,7.674414157867432
2866,12.00119400024414,7.675923824310303
2867,12.247137069702148,7.677517890930176
2868,12.111783981323242,7.679063320159912
2869,11.57468318939209,7.680420398712158
2870,10.504497528076172,7.681404113769531
2871,1.4967122077941895,7.679250240325928
2872,5.504273414611816,7.678493022918701
2873,7.700061798095703,7.678500175476074
2874,6.080138683319092,7.677944183349609
2875,4.4990129470825195,7.676838397979736
2876,7.184329509735107,7.676667213439941
2877,6.824271202087402,7.676371097564697
2878,6.929771900177002,7.676111698150635
2879,4.613623142242432,7.675048351287842
2880,7.552921295166016,7.675005912780762
2881,7.580454349517822,7.6749725341796875
2882,7.447626113891602,7.674893856048584
2883,7.453260898590088,7.674817085266113
2884,4.66581916809082,7.673773765563965
2885,6.977899074554443,7.673532962799072
2886,5.875732898712158,7.672910213470459
2887,6.6939239501953125,7.672570705413818
2888,7.1535468101501465,7.672391414642334
2889,5.389418601989746,7.671601295471191
2890,8.255099296569824,7.6718034744262695
2891,6.794052600860596,7.671500205993652
2892,5.421517372131348,7.670722484588623
2893,7.1999592781066895,7.670559406280518
2894,2.66483998298645,7.668830394744873
2895,5.013515472412109,7.667913436889648
2896,6.389039039611816,7.667471885681152
2897,7.276519775390625,7.667337417602539
2898,6.083864688873291,7.666790962219238
2899,8.010700225830078,7.666909217834473
2900,5.95305871963501,7.666318416595459
2901,-0.7848581075668335,7.6634063720703125
2902,6.828230857849121,7.663118362426758
2903,6.467569351196289,7.66270637512207
2904,5.9872145652771,7.6621294021606445
2905,7.245469093322754,7.661986351013184
2906,6.878690719604492,7.661716938018799
2907,6.232231140136719,7.661225318908691
2908,5.823244571685791,7.6605939865112305
2909,7.346559047698975,7.660485744476318
2910,5.242500305175781,7.6596550941467285
2911,4.247084140777588,7.658483505249023
2912,7.342997074127197,7.658375263214111
2913,3.6663248538970947,7.657005310058594
2914,1.5764678716659546,7.654919147491455
2915,4.984817028045654,7.654003620147705
2916,7.2387847900390625,7.653861045837402
2917,6.174211502075195,7.653353691101074
2918,6.843483924865723,7.653076648712158
2919,5.312327861785889,7.652275085449219
2920,6.816901206970215,7.651988506317139
2921,6.806535720825195,7.651699542999268
2922,4.842800617218018,7.650738716125488
2923,5.359013557434082,7.6499552726745605
2924,5.854823589324951,7.649341583251953
2925,2.454545021057129,7.647566318511963
2926,5.965278148651123,7.646991729736328
2927,6.26032829284668,7.646517753601074
2928,4.694771766662598,7.645510196685791
2929,5.496655464172363,7.644776344299316
2930,6.854524612426758,7.64450740814209
2931,5.274267673492432,7.643698692321777
2932,3.2778921127319336,7.642210006713867
2933,4.193478107452393,7.6410346031188965
2934,7.249883651733398,7.6409010887146
2935,10.005045890808105,7.641706466674805
2936,5.353451251983643,7.640927791595459
2937,3.7138118743896484,7.639590740203857
2938,6.3639302253723145,7.639156341552734
2939,6.916516304016113,7.638910293579102
2940,7.246768951416016,7.638776779174805
2941,6.35707426071167,7.638341426849365
2942,4.356044769287109,7.63722562789917
2943,5.672893524169922,7.636559009552002
2944,4.041351795196533,7.635337829589844
2945,4.474111080169678,7.634264945983887
2946,4.048713684082031,7.6330485343933105
2947,1.4139702320098877,7.63093900680542
2948,0.24189063906669617,7.6284332275390625
2949,4.656914710998535,7.627425670623779
2950,6.373862266540527,7.62700080871582
2951,-0.19058816134929657,7.62435245513916
2952,4.150930881500244,7.623175621032715
2953,5.541977405548096,7.622470855712891
2954,2.2201926708221436,7.620643138885498
2955,2.636237621307373,7.618957042694092
2956,4.397838592529297,7.617867946624756
2957,3.723520040512085,7.616550922393799
2958,4.077510356903076,7.615355014801025
2959,4.481264114379883,7.614295959472656
2960,3.8188486099243164,7.613014221191406
2961,4.011232376098633,7.611798286437988
2962,4.911163330078125,7.610887050628662
2963,3.008572578430176,7.6093339920043945
2964,4.989227771759033,7.608449935913086
2965,5.791642665863037,7.607837200164795
2966,5.428286075592041,7.607102394104004
2967,6.014667510986328,7.606566429138184
2968,4.420729637145996,7.605493068695068
2969,7.876204490661621,7.605584621429443
2970,3.9029717445373535,7.6043381690979
2971,2.5397374629974365,7.602633476257324
2972,2.4785876274108887,7.600910186767578
2973,5.018801689147949,7.600042343139648
2974,5.037149429321289,7.599180698394775
2975,3.132833480834961,7.59768009185791
2976,7.609123706817627,7.597683906555176
2977,3.0859475135803223,7.5961689949035645
2978,4.936177730560303,7.59527587890625
2979,1.823485016822815,7.593338966369629
2980,4.872180938720703,7.592426300048828
2981,4.174051761627197,7.591279983520508
2982,4.362667083740234,7.590198040008545
2983,4.786693096160889,7.589258670806885
2984,6.130825996398926,7.588769912719727
2985,4.078248500823975,7.587594509124756
2986,2.555208444595337,7.585909366607666
2987,-1.1583795547485352,7.582983016967773
2988,2.0734589099884033,7.581140041351318
2989,6.3467559814453125,7.580727577209473
2990,6.511181831359863,7.58036994934082
2991,7.486665725708008,7.580338478088379
2992,-1.4366307258605957,7.577325820922852
2993,1.837788701057434,7.575408458709717
2994,4.447659969329834,7.574364185333252
2995,5.6489458084106445,7.573721408843994
2996,2.6663427352905273,7.572083950042725
2997,4.397210121154785,7.571024417877197
2998,6.129116535186768,7.5705437660217285
2999,3.9509339332580566,7.569337368011475
3000,5.234236240386963,7.568559169769287
3001,5.038322925567627,7.567716598510742
3002,5.051692008972168,7.566878318786621
3003,4.518039703369141,7.565863132476807
3004,2.3204164505004883,7.564117908477783
3005,1.9504438638687134,7.56225061416626
3006,3.3567378520965576,7.56085205078125
3007,4.376476287841797,7.559793472290039
3008,4.2298102378845215,7.558687210083008
3009,4.760014533996582,7.557757377624512
3010,4.546131610870361,7.55675745010376
3011,3.5812900066375732,7.5554375648498535
3012,4.11439323425293,7.554296016693115
3013,5.149503231048584,7.553498268127441
3014,5.199344635009766,7.552717685699463
3015,3.6078097820281982,7.5514092445373535
3016,2.8505754470825195,7.549850940704346
3017,1.9582678079605103,7.547998428344727
3018,3.6453285217285156,7.546705722808838
3019,2.193507432937622,7.544932842254639
3020,6.439713478088379,7.544567108154297
3021,4.297393321990967,7.543492317199707
3022,3.7009634971618652,7.5422210693359375
3023,3.54494047164917,7.540899276733398
3024,3.620357036590576,7.5396037101745605
3025,3.6173417568206787,7.538307189941406
3026,3.919203519821167,7.537111759185791
3027,3.257730007171631,7.535698890686035
3028,3.5514533519744873,7.534383296966553
3029,5.237802982330322,7.53362512588501
3030,5.4334397315979,7.532932281494141
3031,3.117825984954834,7.531476020812988
3032,3.837855100631714,7.5302581787109375
3033,1.634613275527954,7.52831506729126
3034,4.864793300628662,7.527437686920166
3035,5.047259330749512,7.526620864868164
3036,4.657445907592773,7.525676250457764
3037,1.0581355094909668,7.523547649383545
3038,-0.7812016606330872,7.520814895629883
3039,2.268826484680176,7.519087314605713
3040,2.577312469482422,7.517462730407715
3041,5.532623291015625,7.516810417175293
3042,4.513932228088379,7.5158233642578125
3043,7.322732925415039,7.5157599449157715
3044,3.1596527099609375,7.514329433441162
3045,4.146528244018555,7.513223648071289
3046,3.2800917625427246,7.511834144592285
3047,2.88859224319458,7.510317325592041
3048,2.560352087020874,7.508694171905518
3049,2.402029275894165,7.507019519805908
3050,2.371016025543213,7.505336284637451
3051,6.681785583496094,7.505066394805908
3052,-1.5605460405349731,7.502097129821777
3053,4.822963714599609,7.501219749450684
3054,3.530430555343628,7.499919891357422
3055,2.526139736175537,7.498292446136475
3056,2.2631595134735107,7.496580123901367
3057,1.644121527671814,7.49466609954834
3058,3.0067038536071777,7.493198871612549
3059,-7.821342945098877,7.488193988800049
3060,2.0368449687957764,7.48641300201416
3061,2.3568339347839355,7.484737873077393
3062,1.5808998346328735,7.482810020446777
3063,2.4112062454223633,7.4811553955078125
3064,-0.7965143918991089,7.47845458984375
3065,1.2317143678665161,7.476417064666748
3066,3.4783377647399902,7.475113868713379
3067,3.3780810832977295,7.47377872467041
3068,2.1400701999664307,7.47204065322876
3069,3.5200083255767822,7.470753192901611
3070,4.106732368469238,7.469658374786377
3071,2.560127019882202,7.46806001663208
3072,3.3412954807281494,7.46671724319458
3073,4.151575565338135,7.465639114379883
3074,3.615492582321167,7.464386940002441
3075,2.5944230556488037,7.462803840637207
3076,4.392063617706299,7.461805820465088
3077,3.676022529602051,7.460575580596924
3078,3.351949691772461,7.4592413902282715
3079,3.345153570175171,7.4579057693481445
3080,4.022741794586182,7.456790924072266
3081,3.6686248779296875,7.455561637878418
3082,3.3405017852783203,7.454226493835449
3083,3.480595111846924,7.452938079833984
3084,3.720907688140869,7.451728343963623
3085,3.1819076538085938,7.450344562530518
3086,4.2753729820251465,7.449316024780273
3087,4.963927745819092,7.448511600494385
3088,4.776328086853027,7.447646141052246
3089,6.529565334320068,7.4473490715026855
3090,5.003374099731445,7.446558475494385
3091,3.239898681640625,7.445198059082031
3092,9.409631729125977,7.445833683013916
3093,9.63199520111084,7.446540355682373
3094,10.850179672241211,7.4476399421691895
3095,9.985499382019043,7.448459625244141
3096,9.075915336608887,7.448985576629639
3097,5.46799373626709,7.448346138000488
3098,8.469627380371094,7.448675632476807
3099,12.426234245300293,7.450281143188477
3100,11.019612312316895,7.451432228088379
3101,7.089386463165283,7.451315402984619
3102,6.573009967803955,7.4510321617126465
3103,10.369543075561523,7.451972484588623
3104,11.259611129760742,7.453198432922363
3105,10.003702163696289,7.454020023345947
3106,6.737430572509766,7.453789234161377
3107,9.328036308288574,7.454392433166504
3108,5.899048805236816,7.453892230987549
3109,10.355391502380371,7.454824924468994
3110,8.88195514678955,7.455284118652344
3111,7.830779075622559,7.455404281616211
3112,8.854345321655273,7.455853462219238
3113,6.989923477172852,7.455704212188721
3114,10.51346206665039,7.456685543060303
3115,10.212244987487793,7.4575700759887695
3116,7.959024429321289,7.457731246948242
3117,9.063440322875977,7.458245754241943
3118,6.763227462768555,7.4580230712890625
3119,10.232284545898438,7.458912372589111
3120,9.983827590942383,7.459721565246582
3121,9.514246940612793,7.460379600524902
3122,8.666942596435547,7.460765361785889
3123,10.544167518615723,7.461752891540527
3124,6.290093421936035,7.46137809753418
3125,6.828083038330078,7.461175441741943
3126,9.465463638305664,7.461816310882568
3127,6.060416221618652,7.461368560791016
3128,8.233980178833008,7.461615562438965
3129,8.030136108398438,7.461796760559082
3130,7.572504043579102,7.461832046508789
3131,6.513559341430664,7.46152925491333
3132,9.780730247497559,7.4622697830200195
3133,9.267179489135742,7.462845802307129
3134,10.134434700012207,7.463697910308838
3135,9.074369430541992,7.464211463928223
3136,9.355146408081055,7.46481466293335
3137,6.951186180114746,7.464650630950928
3138,9.260214805603027,7.4652228355407715
3139,7.64375114440918,7.465279579162598
3140,8.843709945678711,7.465718746185303
3141,10.324951171875,7.466628551483154
3142,10.13969898223877,7.467479228973389
3143,9.554161071777344,7.468142986297607
3144,5.64881706237793,7.467564582824707
3145,8.095358848571777,7.467763900756836
3146,7.15388822555542,7.46766471862793
3147,8.971365928649902,7.468142032623291
3148,8.293649673461914,7.4684038162231445
3149,6.523715972900391,7.468103885650635
3150,9.099825859069824,7.468621730804443
3151,8.222542762756348,7.468861103057861
3152,8.217658042907715,7.469098091125488
3153,7.1425299644470215,7.468994617462158
3154,8.878825187683105,7.4694414138793945
3155,9.873956680297852,7.470202922821045
3156,10.287397384643555,7.471095561981201
3157,9.060969352722168,7.4715986251831055
3158,9.398256301879883,7.472208499908447
3159,8.209365844726562,7.472441673278809
3160,7.7155022621154785,7.472518444061279
3161,9.553466796875,7.4731764793396
3162,7.9339165687561035,7.473321914672852
3163,8.586402893066406,7.473673343658447
3164,8.931658744812012,7.47413444519043
3165,9.093442916870117,7.474645614624023
3166,8.611248970031738,7.47500467300415
3167,10.23883056640625,7.475876808166504
3168,7.838432312011719,7.475991249084473
3169,8.99531364440918,7.476470470428467
3170,10.22311782836914,7.477336883544922
3171,8.130010604858398,7.477542877197266
3172,10.073690414428711,7.478361129760742
3173,9.654666900634766,7.479046821594238
3174,8.532578468322754,7.479378700256348
3175,9.768807411193848,7.480099678039551
3176,-2.315833806991577,7.477015972137451
3177,5.722786903381348,7.47646427154541
3178,6.512425422668457,7.476160526275635
3179,4.502013683319092,7.475225448608398
3180,-4.030394077301025,7.4716081619262695
3181,4.86475944519043,7.470788955688477
3182,1.4876689910888672,7.468909740447998
3183,6.221785068511963,7.468518257141113
3184,4.435116767883301,7.467566013336182
3185,5.782496452331543,7.467037200927734
3186,2.810332775115967,7.465576171875
3187,5.909557819366455,7.465088367462158
3188,2.789405584335327,7.463622093200684
3189,5.302412509918213,7.462944507598877
3190,4.377086639404297,7.461977481842041
3191,3.460916519165039,7.460723876953125
3192,4.994824409484863,7.459951400756836
3193,4.701186180114746,7.45908784866333
3194,4.637173652648926,7.45820426940918
3195,8.45361042022705,7.458515644073486
3196,7.260916233062744,7.458454132080078
3197,10.000003814697266,7.459249019622803
3198,6.11492919921875,7.458828449249268
3199,5.309054851531982,7.458156585693359
3200,5.204349040985107,7.457452774047852
3201,4.973374366760254,7.456676959991455
3202,5.845948219299316,7.456173896789551
3203,2.405822515487671,7.4545979499816895
3204,6.843271255493164,7.454407215118408
3205,5.747701644897461,7.4538750648498535
3206,4.751515865325928,7.453032493591309
3207,7.156789302825928,7.452939987182617
3208,9.206610679626465,7.453486442565918
3209,5.862488746643066,7.452991008758545
3210,8.349255561828613,7.453270435333252
3211,6.317672252655029,7.452917098999023
3212,6.4075927734375,7.452591896057129
3213,8.932696342468262,7.453052520751953
3214,6.376049518585205,7.4527177810668945
3215,7.786587715148926,7.452821731567383
3216,12.68114948272705,7.454447269439697
3217,12.72754192352295,7.456086158752441
3218,6.180415153503418,7.455689907073975
3219,1.9471263885498047,7.453979015350342
3220,8.457662582397461,7.454290390014648
3221,5.378849506378174,7.453646183013916
3222,7.284929275512695,7.453594207763672
3223,5.168039321899414,7.452885150909424
3224,5.0052266120910645,7.452126502990723
3225,4.076352119445801,7.451079845428467
3226,2.9572501182556152,7.4496870040893555
3227,4.824392318725586,7.448873996734619
3228,6.268498420715332,7.448508262634277
3229,5.029938220977783,7.44775915145874
3230,6.698261260986328,7.4475274085998535
3231,8.588418006896973,7.447880268096924
3232,6.215961456298828,7.4474992752075195
3233,9.2836332321167,7.4480671882629395
3234,5.216458320617676,7.4473772048950195
3235,8.326105117797852,7.447649002075195
3236,4.917818069458008,7.4468674659729
3237,5.358092784881592,7.446222305297852
3238,5.587671279907227,7.445648193359375
3239,3.870725154876709,7.444545269012451
3240,5.545731067657471,7.443958759307861
3241,4.752993106842041,7.443129062652588
3242,6.580822467803955,7.4428629875183105
3243,7.279939651489258,7.442812919616699
3244,1.4118515253067017,7.440954208374023
3245,5.724615573883057,7.440425395965576
3246,2.4733715057373047,7.4388957023620605
3247,3.521921157836914,7.437689304351807
3248,6.229258060455322,7.437317371368408
3249,5.563472747802734,7.436740398406982
3250,6.0196123123168945,7.436304569244385
3251,8.701173782348633,7.43669319152832
3252,6.233191967010498,7.436323165893555
3253,6.835849761962891,7.43613862991333
3254,6.029939651489258,7.435706615447998
3255,8.125732421875,7.43591833114624
3256,11.958366394042969,7.437306880950928
3257,6.653537273406982,7.437066555023193
3258,11.657098770141602,7.438361167907715
3259,7.300413131713867,7.438319206237793
3260,6.3267059326171875,7.4379777908325195
3261,4.071803569793701,7.436946392059326
3262,6.445713520050049,7.436642169952393
3263,7.0666608810424805,7.43652868270874
3264,8.431750297546387,7.436833381652832
3265,6.674441337585449,7.436600208282471
3266,8.865099906921387,7.437037467956543
3267,7.337795257568359,7.437006950378418
3268,1.564890742301941,7.435210704803467
3269,6.8659820556640625,7.4350361824035645
3270,6.9938507080078125,7.434901237487793
3271,7.7017927169799805,7.434982776641846
3272,7.6087164878845215,7.4350361824035645
3273,7.073287010192871,7.4349260330200195
3274,7.744923114776611,7.435020446777344
3275,6.662393093109131,7.434784412384033
3276,7.183797836303711,7.4347076416015625
3277,6.500060558319092,7.434422492980957
3278,5.360631942749023,7.43379020690918
3279,8.367754936218262,7.434074878692627
3280,7.60756254196167,7.4341278076171875
3281,5.551438808441162,7.433553695678711
3282,5.575370788574219,7.432988166809082
3283,7.221247673034668,7.432923316955566
3284,8.038431167602539,7.433107852935791
3285,7.144207954406738,7.433020114898682
3286,8.782485961914062,7.433431148529053
3287,7.200135707855225,7.433359622955322
3288,7.625540733337402,7.433417797088623
3289,7.145848274230957,7.433330535888672
3290,3.992490768432617,7.432285308837891
3291,7.17362117767334,7.432206630706787
3292,7.222133636474609,7.432143211364746
3293,5.581471920013428,7.431581497192383
3294,7.15438175201416,7.431497097015381
3295,6.196774959564209,7.431122779846191
3296,3.9580397605895996,7.430069446563721
3297,6.686782360076904,7.429844379425049
3298,9.753085136413574,7.430549144744873
3299,3.511878252029419,7.429361343383789
3300,8.60740852355957,7.429718494415283
3301,4.679033279418945,7.428885459899902
3302,8.270627975463867,7.429140567779541
3303,7.367978096008301,7.429121971130371
3304,5.620558261871338,7.428574562072754
3305,5.470952987670898,7.427982330322266
3306,5.488409996032715,7.427395820617676
3307,7.5550737380981445,7.42743444442749
3308,6.747450351715088,7.427228927612305
3309,4.934746265411377,7.42647647857666
3310,7.667319297790527,7.426549434661865
3311,8.16064453125,7.4267706871032715
3312,3.65562105178833,7.425632476806641
3313,4.727092266082764,7.42481803894043
3314,1.27814519405365,7.422963619232178
3315,4.670954704284668,7.422133922576904
3316,2.4231414794921875,7.420627117156982
3317,1.8892858028411865,7.418960094451904
3318,1.7415974140167236,7.41724967956543
3319,2.6641845703125,7.415817737579346
3320,2.8336288928985596,7.414438247680664
3321,4.071375846862793,7.4134321212768555
3322,1.7234344482421875,7.411719799041748
3323,3.9157798290252686,7.410667896270752
3324,9.100563049316406,7.4111762046813965
3325,4.815349102020264,7.41039514541626
3326,3.836892604827881,7.409320831298828
3327,7.475330829620361,7.4093403816223145
3328,7.532910346984863,7.409377574920654
3329,3.3963985443115234,7.408172607421875
3330,3.4962730407714844,7.406998157501221
3331,3.268441915512085,7.405755996704102
3332,3.591035842895508,7.404611587524414
3333,6.883275032043457,7.404455184936523
3334,1.5541309118270874,7.402700901031494
3335,5.9374518394470215,7.402261734008789
3336,3.857818603515625,7.4011993408203125
3337,3.7019400596618652,7.400091171264648
3338,2.605961322784424,7.398654937744141
3339,5.633206367492676,7.398126602172852
3340,5.034234523773193,7.397418975830078
3341,1.909442663192749,7.395777225494385
3342,-4.250221252441406,7.392293453216553
3343,1.8740724325180054,7.39064359664917
3344,4.950801849365234,7.389914512634277
3345,-0.06020340323448181,7.387687683105469
3346,5.1493353843688965,7.38701868057251
3347,1.932481288909912,7.38538932800293
3348,5.380103588104248,7.384790897369385
3349,3.6794378757476807,7.3836846351623535
3350,7.573132038116455,7.3837409019470215
3351,3.393004894256592,7.382550239562988
3352,3.5459399223327637,7.381406307220459
3353,5.059267044067383,7.380713939666748
3354,6.134527206420898,7.380342483520508
3355,8.123417854309082,7.380563735961914
3356,8.043050765991211,7.38076114654541
3357,5.8579559326171875,7.380307197570801
3358,4.65394926071167,7.379495620727539
3359,0.19843295216560364,7.377358913421631
3360,3.001220226287842,7.376057147979736
3361,4.99211311340332,7.375348091125488
3362,7.036679267883301,7.375247478485107
3363,2.7847084999084473,7.37388277053833
3364,5.102323532104492,7.3732075691223145
3365,3.790539264678955,7.372143268585205
3366,4.822312355041504,7.3713860511779785
3367,5.654865264892578,7.370876312255859
3368,3.9789340496063232,7.369869232177734
3369,4.5904974937438965,7.369044303894043
3370,9.667169570922852,7.369726181030273
3371,4.61553430557251,7.3689093589782715
3372,1.2567451000213623,7.3670973777771
3373,4.372760772705078,7.366209983825684
3374,6.267561435699463,7.365884304046631
3375,-1.5208386182785034,7.363251686096191
3376,-1.5553230047225952,7.3606109619140625
3377,11.679669380187988,7.361889362335205
3378,5.062985897064209,7.361208915710449
3379,2.704942464828491,7.3598313331604
3380,3.6768271923065186,7.3587422370910645
3381,2.4468657970428467,7.357290267944336
3382,6.726145267486572,7.3571038246154785
3383,3.9698424339294434,7.35610294342041
3384,6.919750213623047,7.355974197387695
3385,4.953007221221924,7.355264663696289
3386,-1.452365517616272,7.352663993835449
3387,4.955343246459961,7.351956367492676
3388,8.846207618713379,7.3523969650268555
3389,6.180376052856445,7.352051258087158
3390,8.566489219665527,7.352409362792969
3391,8.250925064086914,7.3526740074157715
3392,7.854517936706543,7.3528218269348145
3393,7.185702800750732,7.3527727127075195
3394,7.3140668869018555,7.352761268615723
3395,7.2117719650268555,7.352719783782959
3396,8.455613136291504,7.353044033050537
3397,6.9678120613098145,7.352931022644043
3398,7.934174060821533,7.35310173034668
3399,7.729671001434326,7.353212833404541
3400,7.653870105743408,7.353301525115967
3401,9.438004493713379,7.353914260864258
3402,8.579984664916992,7.354274272918701
3403,6.67827033996582,7.3540754318237305
3404,12.403100967407227,7.355558395385742
3405,7.218410491943359,7.355517864227295
3406,8.931135177612305,7.35598087310791
3407,8.361237525939941,7.35627555847168
3408,9.623957633972168,7.356940746307373
3409,9.825888633728027,7.357664585113525
3410,8.38707160949707,7.357966423034668
3411,8.061112403869629,7.358172416687012
3412,8.431583404541016,7.358486652374268
3413,7.263603687286377,7.358458995819092
3414,7.673149585723877,7.358551502227783
3415,11.048023223876953,7.359631538391113
3416,9.002488136291504,7.360112190246582
3417,7.900493144989014,7.3602705001831055
3418,10.673160552978516,7.361239433288574
3419,8.70176887512207,7.361631393432617
3420,11.321688652038574,7.362789154052734
3421,6.87874698638916,7.362647533416748
3422,7.442336082458496,7.3626708984375
3423,7.393906116485596,7.362679958343506
3424,7.1167707443237305,7.362608432769775
3425,8.126312255859375,7.3628315925598145
3426,9.342181205749512,7.363409042358398
3427,8.600452423095703,7.36376953125
3428,10.089515686035156,7.364564418792725
3429,9.033605575561523,7.365050792694092
3430,6.134700298309326,7.364692211151123
3431,7.829225540161133,7.364828109741211
3432,8.145026206970215,7.365055084228516
3433,6.912443161010742,7.364923477172852
3434,8.147367477416992,7.3651509284973145
3435,8.88424015045166,7.365592956542969
3436,9.239293098449707,7.366138458251953
3437,7.9402756690979,7.366305351257324
3438,11.091455459594727,7.367388725280762
3439,11.272812843322754,7.368524074554443
3440,5.7450456619262695,7.368052005767822
3441,9.38442325592041,7.368638038635254
3442,7.3403520584106445,7.368629455566406
3443,9.908930778503418,7.3693671226501465
3444,9.808542251586914,7.37007474899292
3445,7.290699481964111,7.370051860809326
3446,7.685515880584717,7.370143413543701
3447,9.843996047973633,7.370861053466797
3448,6.749691009521484,7.370680809020996
3449,8.851542472839355,7.371109962463379
3450,7.356877326965332,7.371106147766113
3451,10.378494262695312,7.37197732925415
3452,8.093086242675781,7.372186660766602
3453,9.677907943725586,7.372854232788086
3454,8.505650520324707,7.3731818199157715
3455,9.174704551696777,7.3737030029296875
3456,7.760984897613525,7.373815059661865
3457,6.534905910491943,7.373572826385498
3458,5.670853137969971,7.373080253601074
3459,6.508517265319824,7.372829914093018
3460,8.4259033203125,7.373134136199951
3461,9.071889877319336,7.3736252784729
3462,7.104371070861816,7.373547077178955
3463,9.921272277832031,7.3742828369140625
3464,6.524731636047363,7.374037742614746
3465,8.447062492370605,7.374347686767578
3466,5.1353983879089355,7.373701572418213
3467,8.624845504760742,7.3740620613098145
3468,8.152850151062012,7.374286651611328
3469,10.305632591247559,7.375131130218506
3470,6.310333728790283,7.374824523925781
3471,5.728418827056885,7.374350070953369
3472,9.480502128601074,7.3749566078186035
3473,8.118558883666992,7.375170707702637
3474,7.784626007080078,7.375288963317871
3475,8.203112602233887,7.3755269050598145
3476,7.259335517883301,7.37549352645874
3477,7.9869489669799805,7.375669479370117
3478,8.43798542022705,7.375974655151367
3479,8.877777099609375,7.376405715942383
3480,7.6037116050720215,7.376471042633057
3481,7.835318565368652,7.376603126525879
3482,4.7118940353393555,7.375837802886963
3483,10.539138793945312,7.376745700836182
3484,7.889958381652832,7.376893043518066
3485,6.037072658538818,7.376508712768555
3486,8.257637977600098,7.376761436462402
3487,9.702547073364258,7.3774285316467285
3488,9.433286666870117,7.378017902374268
3489,10.373616218566895,7.378876209259033
3490,8.11834716796875,7.379087924957275
3491,7.230628967285156,7.379045486450195
3492,6.902554035186768,7.378909111022949
3493,6.182826042175293,7.378566741943359
3494,7.843587398529053,7.378700256347656
3495,9.124935150146484,7.379199504852295
3496,10.384682655334473,7.380059242248535
3497,6.885540008544922,7.379917621612549
3498,7.403986930847168,7.379924297332764
3499,7.965362548828125,7.380091667175293
3500,7.598313808441162,7.380153656005859
3501,7.814726829528809,7.380277633666992
3502,7.742433071136475,7.380381107330322
3503,7.634050369262695,7.380453586578369
3504,10.08334732055664,7.381225109100342
3505,11.247690200805664,7.382328033447266
3506,7.932677745819092,7.3824849128723145
3507,8.998946189880371,7.382945537567139
3508,7.0159912109375,7.382841110229492
3509,6.57188606262207,7.382609844207764
3510,5.75320291519165,7.382145881652832
3511,8.210282325744629,7.382381916046143
3512,8.67967414855957,7.38275146484375
3513,6.675821304321289,7.382550239562988
3514,8.595070838928223,7.382895469665527
3515,8.626233100891113,7.383249282836914
3516,7.082884311676025,7.3831634521484375
3517,6.982219219207764,7.383049488067627
3518,8.54501724243164,7.383379936218262
3519,10.515825271606445,7.384269714355469
3520,6.00410270690918,7.383877754211426
3521,8.446548461914062,7.384179592132568
3522,9.60238265991211,7.3848090171813965
3523,7.735097408294678,7.384908199310303
3524,9.99487590789795,7.385648250579834
3525,6.636560440063477,7.385436058044434
3526,7.771798133850098,7.385545253753662
3527,6.728458404541016,7.385359287261963
3528,7.2063727378845215,7.385308742523193
3529,7.746752738952637,7.385410785675049
3530,8.290781021118164,7.385667324066162
3531,7.225101470947266,7.385621547698975
3532,6.163572311401367,7.385275840759277
3533,5.719206809997559,7.3848042488098145
3534,7.091689586639404,7.384721279144287
3535,6.074268817901611,7.384350776672363
3536,7.904313087463379,7.38449764251709
3537,6.246766567230225,7.384176254272461
3538,6.482872486114502,7.383921146392822
3539,7.543605804443359,7.383965969085693
3540,8.182901382446289,7.384191989898682
3541,6.306317329406738,7.383887767791748
3542,6.73150634765625,7.383703708648682
3543,6.470389366149902,7.383446216583252
3544,6.511072635650635,7.383200168609619
3545,5.706076622009277,7.38272762298584
3546,6.116182804107666,7.382370471954346
3547,7.486260414123535,7.382399559020996
3548,8.778058052062988,7.3827924728393555
3549,6.172110557556152,7.38245153427124
3550,6.407182693481445,7.382176876068115
3551,6.848294734954834,7.382026195526123
3552,6.66904354095459,7.381825923919678
3553,7.054458141326904,7.3817338943481445
3554,5.241136074066162,7.381131172180176
3555,7.506701469421387,7.381166458129883
3556,4.7687296867370605,7.38043212890625
3557,7.009124755859375,7.380328178405762
3558,8.55111026763916,7.380656719207764
3559,8.940275192260742,7.381094932556152
3560,8.062589645385742,7.381286144256592
3561,7.67183780670166,7.3813676834106445
3562,8.750378608703613,7.381752014160156
3563,7.89400053024292,7.381895542144775
3564,6.149846076965332,7.381550312042236
3565,7.899474143981934,7.381695747375488
3566,8.432568550109863,7.3819899559021
3567,7.57289981842041,7.382043361663818
3568,7.959408760070801,7.382205009460449
3569,7.994327545166016,7.382376670837402
3570,6.235522747039795,7.382055759429932
3571,7.957873344421387,7.382216453552246
3572,9.631357192993164,7.382845878601074
3573,7.172809600830078,7.382786750793457
3574,5.036771297454834,7.3821306228637695
3575,8.328618049621582,7.382395267486572
3576,5.356929302215576,7.381829261779785
3577,8.011454582214355,7.382005214691162
3578,7.0222368240356445,7.381904602050781
3579,6.706277847290039,7.381715774536133
3580,7.035012245178223,7.381618976593018
3581,7.643750190734863,7.381692409515381
3582,6.53645133972168,7.3814568519592285
3583,9.750679016113281,7.382117748260498
3584,8.14877700805664,7.382331371307373
3585,4.243902206420898,7.38145637512207
3586,6.290002346038818,7.3811516761779785
3587,5.468371391296387,7.380618572235107
3588,7.539379119873047,7.38066291809082
3589,9.526008605957031,7.381260395050049
3590,6.398721694946289,7.38098669052124
3591,7.698587894439697,7.381075382232666
3592,6.825461387634277,7.380920886993408
3593,7.087812900543213,7.3808393478393555
3594,7.27048397064209,7.380808353424072
3595,6.617438316345215,7.380596160888672
3596,6.791280746459961,7.38043212890625
3597,6.307961940765381,7.380134105682373
3598,9.246102333068848,7.38065242767334
3599,7.788295269012451,7.380765914916992
3600,-2.7572414875030518,7.377950668334961
3601,-3.442689895629883,7.374946117401123
3602,-1.317936658859253,7.372533321380615
3603,-10.140022277832031,7.367674350738525
3604,-18.616437911987305,7.360466003417969
3605,-6.063236713409424,7.356743812561035
3606,-13.33399772644043,7.351007461547852
3607,-6.1350579261779785,7.347269535064697
3608,-5.18054723739624,7.343798637390137
3609,-10.6029052734375,7.338827133178711
3610,-19.520965576171875,7.331388473510742
3611,-11.699728012084961,7.326119899749756
3612,-6.848172664642334,7.322196960449219
3613,-6.012975692749023,7.318506717681885
3614,-9.1516695022583,7.313950538635254
3615,-10.748199462890625,7.308955669403076
3616,-9.387503623962402,7.30433988571167
3617,-15.800232887268066,7.2979536056518555
3618,-9.174630165100098,7.293402194976807
3619,-6.666934490203857,7.289546012878418
3620,-10.028380393981934,7.284762859344482
3621,-5.8323073387146,7.281141757965088
3622,-6.234360218048096,7.277410984039307
3623,-6.4321184158325195,7.273628234863281
3624,-5.717289447784424,7.270044803619385
3625,-5.357105731964111,7.266562461853027
3626,-10.928144454956055,7.261545658111572
3627,-3.6408450603485107,7.258541107177734
3628,-5.344750881195068,7.255067825317383
3629,-0.30487173795700073,7.252985000610352
3630,-13.650215148925781,7.247228145599365
3631,-3.203282356262207,7.244350910186768
3632,-7.472803592681885,7.240300178527832
3633,-7.618734359741211,7.236210823059082
3634,-2.339326858520508,7.233576774597168
3635,-8.821232795715332,7.229161262512207
3636,-5.779452323913574,7.225584506988525
3637,-12.790875434875488,7.2200822830200195
3638,-12.817728042602539,7.21457576751709
3639,-10.195293426513672,7.2097930908203125
3640,0.813788890838623,7.208036422729492
3641,-3.136064052581787,7.205195903778076
3642,-7.345191955566406,7.201201915740967
3643,-4.791914463043213,7.197910785675049
3644,-5.278110027313232,7.194488525390625
3645,0.27492088079452515,7.192590713500977
3646,-2.911975622177124,7.189819812774658
3647,-1.7681013345718384,7.18736457824707
3648,-4.3357038497924805,7.184206485748291
3649,-7.778597831726074,7.180107116699219
3650,-8.618085861206055,7.175780296325684
3651,-10.376015663146973,7.170973777770996
3652,-3.615072727203369,7.168021202087402
3653,-5.097288608551025,7.164664268493652
3654,-11.04158878326416,7.1596832275390625
3655,-9.686022758483887,7.155075550079346
3656,-4.756669044494629,7.151818752288818
3657,-7.195739269256592,7.147896766662598
3658,-2.245671510696411,7.145329475402832
3659,15.619855880737305,7.147644519805908
3660,10.165178298950195,7.148468971252441
3661,13.501385688781738,7.150204181671143
3662,13.200751304626465,7.151855945587158
3663,13.453758239746094,7.153575420379639
3664,15.837562561035156,7.155945301055908
3665,11.939002990722656,7.157249927520752
3666,11.374338150024414,7.158400058746338
3667,16.49280548095703,7.160944938659668
3668,12.761591911315918,7.162471294403076
3669,13.162582397460938,7.164106369018555
3670,9.92963695526123,7.164859294891357
3671,10.151881217956543,7.16567325592041
3672,10.472606658935547,7.166573524475098
3673,13.747591972351074,7.168365001678467
3674,13.480323791503906,7.1700825691223145
3675,13.541378021240234,7.171815395355225
3676,12.432900428771973,7.173246383666992
3677,12.828332901000977,7.174784183502197
3678,12.493051528930664,7.176229476928711
3679,12.23123550415039,7.177602767944336
3680,10.390254974365234,7.178475379943848
3681,12.972145080566406,7.180049419403076
3682,10.375923156738281,7.180916786193848
3683,13.540323257446289,7.182642936706543
3684,12.17711067199707,7.1839985847473145
3685,13.905305862426758,7.185822486877441
3686,11.292913436889648,7.186936378479004
3687,12.041994094848633,7.188252925872803
3688,12.402802467346191,7.189666271209717
3689,12.087727546691895,7.190993785858154
3690,13.166934967041016,7.192612648010254
3691,11.328033447265625,7.193732738494873
3692,12.455811500549316,7.195157527923584
3693,11.894855499267578,7.19642972946167
3694,12.494474411010742,7.197863578796387
3695,11.577658653259277,7.1990485191345215
3696,11.675979614257812,7.200259685516357
3697,12.592679977416992,7.201717376708984
3698,11.35662841796875,7.202840805053711
3699,12.716022491455078,7.204331398010254
3700,12.780388832092285,7.205838203430176
3701,10.88602066040039,7.206832408905029
3702,10.96555233001709,7.2078471183776855
3703,16.16112518310547,7.210264205932617
3704,10.943617820739746,7.2112717628479
3705,12.513782501220703,7.21270227432251
3706,12.472127914428711,7.214121341705322
3707,14.235576629638672,7.216015338897705
3708,16.278717041015625,7.218458652496338
3709,10.869475364685059,7.219442844390869
3710,11.448063850402832,7.220582008361816
3711,11.414737701416016,7.2217116355896
3712,13.832408905029297,7.22349214553833
3713,14.177694320678711,7.225364685058594
3714,13.80683422088623,7.227136135101318
3715,15.235832214355469,7.2292914390563965
3716,13.967214584350586,7.231103897094727
3717,13.846170425415039,7.232882976531982
3718,12.842988014221191,7.234391689300537
3719,11.802706718444824,7.235620021820068
3720,14.75258731842041,7.237639904022217
3721,12.628988265991211,7.239088535308838
3722,12.17278003692627,7.240413188934326
3723,12.692395210266113,7.241877555847168
3724,9.979341506958008,7.242612361907959
3725,11.479286193847656,7.243749141693115
3726,11.091672897338867,7.244781494140625
3727,10.164291381835938,7.2455644607543945
3728,11.235699653625488,7.2466349601745605
3729,9.255760192871094,7.247173309326172
3730,13.854583740234375,7.2489447593688965
3731,11.38275146484375,7.250052452087402
3732,9.629865646362305,7.250689506530762
3733,11.339872360229492,7.251784801483154
3734,12.139721870422363,7.253093719482422
3735,11.447583198547363,7.254216194152832
3736,11.145801544189453,7.255257606506348
3737,10.424208641052246,7.256105422973633
3738,11.500406265258789,7.257240295410156
3739,11.443096160888672,7.258359909057617
3740,10.150336265563965,7.2591328620910645
3741,7.606956958770752,7.259225845336914
3742,10.87778091430664,7.260192394256592
3743,11.773415565490723,7.261397838592529
3744,8.9054594039917,7.261837005615234
3745,7.983394622802734,7.262029647827148
3746,9.987763404846191,7.262757301330566
3747,6.667196750640869,7.262598514556885
3748,10.782140731811523,7.2635369300842285
3749,10.448283195495605,7.2643866539001465
3750,11.414895057678223,7.265492916107178
3751,7.2338104248046875,7.26548433303833
3752,9.2954740524292,7.266025066375732
3753,10.439568519592285,7.266870498657227
3754,10.275873184204102,7.267671585083008
3755,11.71218490600586,7.268855094909668
3756,13.257148742675781,7.270449161529541
3757,12.527948379516602,7.271848201751709
3758,11.530998229980469,7.2729811668396
3759,10.750082015991211,7.273906230926514
3760,13.311366081237793,7.275511264801025
3761,11.32089614868164,7.276586055755615
3762,12.508749008178711,7.2779765129089355
3763,12.327301025390625,7.279318332672119
3764,13.628807067871094,7.281004428863525
3765,9.666427612304688,7.281638145446777
3766,11.72573471069336,7.282817840576172
3767,10.66024398803711,7.283714294433594
3768,11.26803970336914,7.28477144241333
3769,12.410270690917969,7.286130905151367
3770,13.208680152893066,7.287701606750488
3771,9.388607025146484,7.2882585525512695
3772,12.635114669799805,7.289675235748291
3773,13.817489624023438,7.291405200958252
3774,11.175664901733398,7.292434215545654
3775,9.560762405395508,7.29303503036499
3776,10.81547737121582,7.2939677238464355
3777,12.751904487609863,7.295412540435791
3778,11.128287315368652,7.296426773071289
3779,10.458765983581543,7.2972636222839355
3780,12.674952507019043,7.2986860275268555
3781,13.600264549255371,7.300352096557617
3782,9.531351089477539,7.3009419441223145
3783,14.722643852233887,7.302903175354004
3784,10.947737693786621,7.303865909576416
3785,10.288127899169922,7.304654598236084
3786,14.685511589050293,7.30660343170166
3787,2.870100498199463,7.305431842803955
3788,5.805427551269531,7.3050360679626465
3789,5.1635236740112305,7.304471015930176
3790,6.371924877166748,7.304224967956543
3791,1.831754207611084,7.302781581878662
3792,5.445070743560791,7.3022918701171875
3793,4.233346462249756,7.301482677459717
3794,3.6553618907928467,7.300522327423096
3795,4.450100898742676,7.299771308898926
3796,6.412503719329834,7.299537658691406
3797,7.980900764465332,7.299716949462891
3798,2.738107204437256,7.298516273498535
3799,3.079320192337036,7.29740571975708
3800,2.972598075866699,7.296267986297607
3801,4.44707727432251,7.29551887512207
3802,4.6924214363098145,7.294834613800049
3803,4.255505561828613,7.294035911560059
3804,4.631866455078125,7.293336391448975
3805,5.884758949279785,7.292966365814209
3806,3.1531131267547607,7.291878700256348
3807,9.818504333496094,7.292541980743408
3808,3.287947654724121,7.29149055480957
3809,5.198777198791504,7.29094123840332
3810,4.459442615509033,7.29019832611084
3811,2.831697702407837,7.289028644561768
3812,4.602806568145752,7.288324356079102
3813,5.236461162567139,7.287786483764648
3814,3.9757285118103027,7.286918640136719
3815,4.2152838706970215,7.286113262176514
3816,5.362154960632324,7.285609245300293
3817,5.858355522155762,7.2852349281311035
3818,4.405307292938232,7.284481048583984
3819,4.878840923309326,7.283851623535156
3820,4.5863237380981445,7.283145427703857
3821,3.732100486755371,7.282216548919678
3822,3.532702684402466,7.281235694885254
3823,4.652380466461182,7.280548095703125
3824,3.5991933345794678,7.279585838317871
3825,3.9303231239318848,7.27871036529541
3826,5.3538970947265625,7.278207302093506
3827,5.2221784591674805,7.277670383453369
3828,1.3982341289520264,7.276134967803955
3829,4.151320934295654,7.275318622589111
3830,1.425735354423523,7.273791790008545
3831,4.406374931335449,7.273043632507324
3832,11.047233581542969,7.274028301239014
3833,4.682321071624756,7.273352146148682
3834,-0.07838907837867737,7.271434783935547
3835,2.832761764526367,7.270277500152588
3836,4.366126537322998,7.2695207595825195
3837,1.9209812879562378,7.26812744140625
3838,4.460296154022217,7.267395973205566
3839,1.963495135307312,7.266014575958252
3840,7.133780002593994,7.265979766845703
3841,3.7195005416870117,7.265056610107422
3842,3.592803955078125,7.264101505279541
3843,4.29240608215332,7.263328552246094
3844,2.5649402141571045,7.262106418609619
3845,5.511951923370361,7.261651039123535
3846,6.371033191680908,7.261419773101807
3847,6.809653282165527,7.261302471160889
3848,3.6042962074279785,7.26035213470459
3849,4.63773250579834,7.259671211242676
3850,5.072033405303955,7.259103298187256
3851,2.7675387859344482,7.257937431335449
3852,5.467029571533203,7.257472515106201
3853,4.050196647644043,7.256640434265137
3854,9.01397705078125,7.257096290588379
3855,8.75848388671875,7.257485389709473
3856,6.884663105010986,7.257388591766357
3857,5.853860378265381,7.257024765014648
3858,7.587862968444824,7.257110595703125
3859,3.877452850341797,7.256234645843506
3860,6.585266590118408,7.25606107711792
3861,6.995408535003662,7.255993843078613
3862,8.101591110229492,7.2562127113342285
3863,8.165091514587402,7.256448268890381
3864,5.580652236938477,7.256014347076416
3865,6.619070053100586,7.255849838256836
3866,8.877549171447754,7.2562689781188965
3867,6.763088226318359,7.256141662597656
3868,5.960768699645996,7.255806922912598
3869,11.123615264892578,7.256806373596191
3870,5.8304033279418945,7.2564377784729
3871,6.707667827606201,7.256295680999756
3872,6.260047435760498,7.256038188934326
3873,8.3424654006958,7.25631856918335
3874,6.602964401245117,7.256150245666504
3875,6.105144023895264,7.255853176116943
3876,8.09174633026123,7.256068706512451
3877,6.966729164123535,7.2559943199157715
3878,6.213982105255127,7.255725860595703
3879,6.716773986816406,7.255587100982666
3880,4.553554534912109,7.254890441894531
3881,5.022106647491455,7.254315376281738
3882,6.3134613037109375,7.254072666168213
3883,7.13588285446167,7.254042625427246
3884,4.3000688552856445,7.25328254699707
3885,7.830355167388916,7.2534308433532715
3886,12.415550231933594,7.254758834838867
3887,5.757956027984619,7.254374027252197
3888,1.0707974433898926,7.25278377532959
3889,8.74831771850586,7.253168106079102
3890,6.644505977630615,7.253011703491211
3891,3.064160108566284,7.2519354820251465
3892,8.627689361572266,7.252288818359375
3893,7.603649139404297,7.252378940582275
3894,7.171435356140137,7.252358436584473
3895,7.171426773071289,7.252337455749512
3896,5.414798259735107,7.251865863800049
3897,5.676942348480225,7.251461982727051
3898,3.8892385959625244,7.250599384307861
3899,6.556828498840332,7.250421524047852
3900,7.329188346862793,7.250442028045654
3901,7.152090549468994,7.2504167556762695
3902,6.291784286499023,7.250171184539795
3903,3.4341983795166016,7.2491936683654785
3904,4.779097557067871,7.248560905456543
3905,6.962450981140137,7.248487949371338
3906,7.357212066650391,7.248515605926514
3907,6.069037437438965,7.248213768005371
3908,6.081838607788086,7.247915267944336
3909,2.344329833984375,7.246661186218262
3910,9.572381019592285,7.247255802154541
3911,5.264581680297852,7.246748924255371
3912,7.302310466766357,7.246763229370117
3913,7.197774887084961,7.246750354766846
3914,5.916881561279297,7.246410369873047
3915,5.035782814025879,7.245845794677734
3916,8.359185218811035,7.246129989624023
3917,6.696377754211426,7.24599027633667
3918,6.878928184509277,7.245896339416504
3919,4.91977596282959,7.245303153991699
3920,6.227832794189453,7.245043754577637
3921,3.871687650680542,7.244183540344238
3922,7.350048065185547,7.244210243225098
3923,5.214440822601318,7.2436933517456055
3924,4.867654800415039,7.2430877685546875
3925,5.551162242889404,7.242656707763672
3926,8.836291313171387,7.243062496185303
3927,5.4171905517578125,7.242597579956055
3928,9.387174606323242,7.243143558502197
3929,10.554363250732422,7.243986129760742
3930,5.1301164627075195,7.243448734283447
3931,2.2259912490844727,7.242172718048096
3932,7.623083114624023,7.242269515991211
3933,5.200891017913818,7.241750717163086
3934,9.809982299804688,7.242403507232666
3935,3.4737584590911865,7.241446018218994
3936,5.0929999351501465,7.24090051651001
3937,3.75913143157959,7.240016460418701
3938,11.763477325439453,7.2411651611328125
3939,5.227876663208008,7.240654468536377
3940,6.1017374992370605,7.240365028381348
3941,4.286884307861328,7.2396159172058105
3942,5.146605968475342,7.2390851974487305
3943,9.80665111541748,7.239736080169678
3944,6.803219795227051,7.239625453948975
3945,6.251389980316162,7.239375114440918
3946,6.972257614135742,7.239307403564453
3947,6.971824645996094,7.2392401695251465
3948,10.94556713104248,7.24017858505249
3949,14.883479118347168,7.24211311340332
3950,13.174091339111328,7.243614673614502
3951,12.67678451538086,7.24498987197876
3952,12.440668106079102,7.246304035186768
3953,12.398019790649414,7.247607231140137
3954,13.930255889892578,7.24929666519165
3955,12.289484977722168,7.250570774078369
3956,11.020608901977539,7.251523494720459
3957,13.898174285888672,7.25320291519165
3958,13.11663818359375,7.2546844482421875
3959,13.336373329162598,7.256219863891602
3960,13.974700927734375,7.25791597366333
3961,13.466817855834961,7.259483337402344
3962,12.656026840209961,7.260844707489014
3963,13.509944915771484,7.262421131134033
3964,13.34199047088623,7.2639546394348145
3965,13.4016695022583,7.265502452850342
3966,15.533207893371582,7.267586708068848
3967,13.950623512268066,7.269270896911621
3968,10.98758316040039,7.27020788192749
3969,11.736431121826172,7.271332740783691
3970,11.668184280395508,7.272439956665039
3971,13.864497184753418,7.274099826812744
3972,11.806221008300781,7.275240898132324
3973,12.41621208190918,7.276534080505371
3974,12.343963623046875,7.277809143066406
3975,11.761188507080078,7.278936862945557
3976,13.604870796203613,7.280527591705322
3977,12.230778694152832,7.281772136688232
3978,13.506120681762695,7.283336162567139
3979,13.675049781799316,7.284942150115967
3980,11.920675277709961,7.286106586456299
3981,10.111082077026367,7.286816120147705
3982,12.630229949951172,7.288157939910889
3983,11.202746391296387,7.289140224456787
3984,11.560364723205566,7.290212154388428
3985,12.604559898376465,7.291545867919922
3986,11.198820114135742,7.292525768280029
3987,12.800008773803711,7.293907165527344
3988,12.722846031188965,7.2952680587768555
3989,11.080472946166992,7.2962164878845215
3990,12.65005111694336,7.297558307647705
3991,12.351272583007812,7.298824310302734
3992,13.370314598083496,7.300344944000244
3993,13.927756309509277,7.302004337310791
3994,11.779888153076172,7.303124904632568
3995,10.309694290161133,7.303877830505371
3996,12.3270902633667,7.305134296417236
3997,14.734405517578125,7.306992530822754
3998,12.934479713439941,7.308399200439453
3999,11.524962425231934,7.30945348739624
4000,14.204658508300781,7.3111772537231445
4001,11.297855377197266,7.312173366546631
4002,12.785290718078613,7.313540935516357
4003,13.566594123840332,7.315102577209473
4004,12.623563766479492,7.316427707672119
4005,13.090290069580078,7.317868709564209
4006,13.162211418151855,7.319327354431152
4007,12.497414588928223,7.320619583129883
4008,13.900147438049316,7.322260856628418
4009,13.218316078186035,7.323731422424316
4010,12.924994468688965,7.325128078460693
4011,12.595015525817871,7.326441764831543
4012,14.824885368347168,7.328310012817383
4013,12.877710342407227,7.329692363739014
4014,13.81103515625,7.331306457519531
4015,14.06277847290039,7.332982540130615
4016,13.420246124267578,7.334497928619385
4017,12.44936752319336,7.335770606994629
4018,12.135093688964844,7.336965084075928
4019,10.534025192260742,7.337759971618652
4020,10.563931465148926,7.338562488555908
4021,13.471593856811523,7.340086936950684
4022,12.736251831054688,7.341428279876709
4023,13.301615715026855,7.342909336090088
4024,12.934907913208008,7.344298839569092
4025,14.478358268737793,7.346070766448975
4026,15.846524238586426,7.34818172454834
4027,15.116454124450684,7.350110054016113
4028,13.80616283416748,7.351712703704834
4029,14.634765625,7.353519916534424
4030,14.328680038452148,7.355250358581543
4031,12.98937702178955,7.356647968292236
4032,12.218233108520508,7.357853412628174
4033,13.314678192138672,7.359330177307129
4034,13.351021766662598,7.360815048217773
4035,14.261716842651367,7.36252498626709
4036,13.09467887878418,7.3639445304870605
4037,14.55048656463623,7.365724563598633
4038,12.836488723754883,7.36707878112793
4039,12.734918594360352,7.368407249450684
4040,10.310495376586914,7.36913537979126
4041,14.022239685058594,7.370780944824219
4042,12.525888442993164,7.372056007385254
4043,14.414407730102539,7.373797416687012
4044,14.309859275817871,7.37551212310791
4045,14.302833557128906,7.377224445343018
4046,12.062691688537598,7.378382205963135
4047,13.515584945678711,7.3798980712890625
4048,16.120939254760742,7.382057189941406
4049,13.475886344909668,7.383562088012695
4050,15.226258277893066,7.385498046875
4051,14.806058883666992,7.387329578399658
4052,13.879093170166016,7.3889312744140625
4053,14.61783504486084,7.390714168548584
4054,13.908406257629395,7.392321586608887
4055,15.383978843688965,7.394291877746582
4056,13.894281387329102,7.3958940505981445
4057,15.237692832946777,7.397826671600342
4058,13.83337116241455,7.399412155151367
4059,13.496199607849121,7.400914192199707
4060,15.02888298034668,7.402792453765869
4061,14.539802551269531,7.4045491218566895
4062,16.241222381591797,7.406724452972412
4063,14.258051872253418,7.40841007232666
4064,14.896869659423828,7.410252571105957
4065,13.981233596801758,7.411868095397949
4066,14.042108535766602,7.413498878479004
4067,11.994375228881836,7.4146246910095215
4068,16.326704025268555,7.416814804077148
4069,10.34112548828125,7.4175333976745605
4070,13.09720230102539,7.418928623199463
4071,10.83902359008789,7.419768810272217
4072,13.868108749389648,7.421351909637451
4073,13.407496452331543,7.422821521759033
4074,12.851347923278809,7.4241533279418945
4075,11.674126625061035,7.425196170806885
4076,14.468174934387207,7.426923751831055
4077,14.516555786132812,7.428662300109863
4078,16.41603660583496,7.430865287780762
4079,14.142457962036133,7.4325103759765625
4080,13.796158790588379,7.434070110321045
4081,13.970808982849121,7.435671329498291
4082,8.24372673034668,7.435869216918945
4083,14.9071044921875,7.4376983642578125
4084,14.754878997802734,7.439489364624023
4085,14.652762413024902,7.441254615783691
4086,13.595295906066895,7.442760467529297
4087,14.283937454223633,7.444433689117432
4088,13.943625450134277,7.446023464202881
4089,15.001612663269043,7.44787073135376
4090,14.122518539428711,7.449502468109131
4091,14.671283721923828,7.451267242431641
4092,15.541780471801758,7.453243732452393
4093,13.45258903503418,7.454709529876709
4094,13.870843887329102,7.4562764167785645
4095,14.204777717590332,7.457923889160156
4096,13.337686538696289,7.459359169006348
4097,10.472159385681152,7.460094451904297
4098,16.08832550048828,7.4621992111206055
4099,16.015140533447266,7.464285373687744
4100,12.982641220092773,7.465631008148193
4101,14.210103988647461,7.467275619506836
4102,11.226934432983398,7.468191623687744
4103,11.885540008544922,7.469267845153809
4104,14.419958114624023,7.470961093902588
4105,15.286259651184082,7.472864627838135
4106,14.441600799560547,7.4745612144470215
4107,13.307303428649902,7.47598123550415
4108,12.47241497039795,7.477197170257568
4109,13.834694862365723,7.478743553161621
4110,13.926862716674805,7.480312347412109
4111,13.358248710632324,7.481741905212402
4112,14.62022876739502,7.483477592468262
4113,13.458771705627441,7.484930038452148
4114,13.594632148742676,7.486414432525635
4115,14.79896068572998,7.4881911277771
4116,15.242240905761719,7.490074634552002
4117,13.00371265411377,7.491413593292236
4118,11.361896514892578,7.4923529624938965
4119,14.34901237487793,7.494017601013184
4120,10.189094543457031,7.49467134475708
4121,10.97488784790039,7.495515823364258
4122,11.475587844848633,7.496481418609619
4123,10.423630714416504,7.497190952301025
4124,11.196125030517578,7.498087406158447
4125,10.896476745605469,7.498911380767822
4126,11.056137084960938,7.4997735023498535
4127,9.713714599609375,7.500309467315674
4128,10.511730194091797,7.501038551330566
4129,10.712157249450684,7.501816272735596
4130,11.719508171081543,7.502837181091309
4131,10.419177055358887,7.503543376922607
4132,10.981521606445312,7.504384994506836
4133,10.496538162231445,7.505108833312988
4134,11.71201229095459,7.506126403808594
4135,11.660961151123047,7.5071306228637695
4136,10.641852378845215,7.507888317108154
4137,12.18305492401123,7.509018421173096
4138,10.319332122802734,7.509697437286377
4139,11.202754974365234,7.510589122772217
4140,10.216164588928223,7.511242866516113
4141,11.73045539855957,7.512261390686035
4142,12.620762825012207,7.513494491577148
4143,12.669553756713867,7.514739036560059
4144,10.38367748260498,7.515430927276611
4145,11.346145629882812,7.516354560852051
4146,10.18561840057373,7.516998291015625
4147,10.203286170959473,7.517645835876465
4148,11.28415584564209,7.518553733825684
4149,11.989503860473633,7.5196309089660645
4150,10.901464462280273,7.520445823669434
4151,12.609814643859863,7.521671772003174
4152,11.907289505004883,7.522727966308594
4153,11.225288391113281,7.523619174957275
4154,11.75296688079834,7.524637222290039
4155,10.882471084594727,7.525444984436035
4156,10.340391159057617,7.526122093200684
4157,13.164993286132812,7.527478218078613
4158,11.692915916442871,7.52847957611084
4159,12.859234809875488,7.52976131439209
4160,12.104758262634277,7.530860900878906
4161,11.431476593017578,7.531797885894775
4162,10.96407413482666,7.532622814178467
4163,11.931986808776855,7.533679008483887
4164,10.97933292388916,7.534506320953369
4165,10.84334945678711,7.5353007316589355
4166,11.364076614379883,7.536219120025635
4167,13.095943450927734,7.537553310394287
4168,12.865245819091797,7.5388312339782715
4169,11.867853164672852,7.5398688316345215
4170,10.091619491577148,7.540481090545654
4171,10.727933883666992,7.541244983673096
4172,13.829586029052734,7.542752265930176
4173,10.743062973022461,7.543518543243408
4174,12.607717514038086,7.544731616973877
4175,10.231586456298828,7.545374870300293
4176,12.010017395019531,7.546443939208984
4177,11.06083869934082,7.547285079956055
4178,11.362482070922852,7.548198223114014
4179,11.77754020690918,7.549210071563721
4180,9.672286987304688,7.549717426300049
4181,11.233378410339355,7.55059814453125
4182,12.132811546325684,7.551693439483643
4183,11.384591102600098,7.552609920501709
4184,11.796985626220703,7.553623676300049
4185,10.057140350341797,7.5542216300964355
4186,10.7686767578125,7.554989814758301
4187,11.412797927856445,7.555910587310791
4188,11.079026222229004,7.556751728057861
4189,12.489572525024414,7.557929039001465
4190,9.507402420043945,7.558394432067871
4191,10.867769241333008,7.559183597564697
4192,11.090963363647461,7.560026168823242
4193,10.612181663513184,7.56075382232666
4194,10.873251914978027,7.561542987823486
4195,11.318307876586914,7.562438488006592
4196,10.944204330444336,7.563244342803955
4197,11.785317420959473,7.5642499923706055
4198,11.015730857849121,7.5650715827941895
4199,9.289668083190918,7.565482139587402
4200,10.418814659118652,7.566161155700684
4201,10.120389938354492,7.566769123077393
4202,10.810246467590332,7.567541122436523
4203,10.842089653015137,7.568319797515869
4204,10.068357467651367,7.568914413452148
4205,9.823907852172852,7.569450855255127
4206,10.949746131896973,7.570253849029541
4207,11.501749992370605,7.571188449859619
4208,11.245097160339355,7.572061061859131
4209,11.308012008666992,7.572948455810547
4210,12.575908660888672,7.574136734008789
4211,11.668033599853516,7.575108528137207
4212,10.670370101928711,7.575843334197998
4213,12.66435718536377,7.577050685882568
4214,9.003698348999023,7.577389240264893
4215,10.162611961364746,7.578002452850342
4216,10.693180084228516,7.578741073608398
4217,11.50940990447998,7.579672813415527
4218,9.947784423828125,7.580234050750732
4219,12.113580703735352,7.581308364868164
4220,14.297680854797363,7.58289909362793
4221,12.537980079650879,7.584072589874268
4222,9.568914413452148,7.584542751312256
4223,10.126453399658203,7.585144519805908
4224,9.344939231872559,7.585561275482178
4225,9.186225891113281,7.585939884185791
4226,11.477862358093262,7.586860656738281
4227,12.72814655303955,7.588076591491699
4228,11.996464729309082,7.589118957519531
4229,12.801064491271973,7.590351104736328
4230,11.408690452575684,7.591253757476807
4231,8.726078033447266,7.591521739959717
4232,11.37491226196289,7.592415809631348
4233,10.79841136932373,7.593173027038574
4234,13.051634788513184,7.594461441040039
4235,12.359947204589844,7.59558629989624
4236,8.654979705810547,7.595836162567139
4237,11.285362243652344,7.596706867218018
4238,8.37751293182373,7.596890926361084
4239,9.593694686889648,7.597362041473389
4240,9.145936012268066,7.597727298736572
4241,13.349695205688477,7.599082946777344
4242,12.262701034545898,7.60018253326416
4243,11.998937606811523,7.6012187004089355
4244,9.251309394836426,7.601607799530029
4245,9.875757217407227,7.602142810821533
4246,18.652877807617188,7.604744911193848
4247,10.832601547241211,7.605504512786865
4248,11.809621810913086,7.606494426727295
4249,8.94235897064209,7.606808185577393
4250,12.075918197631836,7.6078596115112305
4251,8.975423812866211,7.608180999755859
4252,10.208124160766602,7.608792781829834
4253,10.359407424926758,7.609439373016357
4254,9.750393867492676,7.609942436218262
4255,11.809412002563477,7.610929012298584
4256,12.459638595581055,7.612067699432373
4257,12.320249557495117,7.613173484802246
4258,11.906133651733398,7.6141815185546875
4259,10.483818054199219,7.6148552894592285
4260,11.099495887756348,7.615673065185547
4261,11.638975143432617,7.616616725921631
4262,14.229389190673828,7.618167877197266
4263,14.977599143981934,7.619894027709961
4264,11.970983505249023,7.620914459228516
4265,12.238020896911621,7.6219964027404785
4266,13.130240440368652,7.623287677764893
4267,13.48326301574707,7.624660491943359
4268,12.398014068603516,7.625778675079346
4269,13.015742301940918,7.627040863037109
4270,10.449382781982422,7.627701759338379
4271,13.119726181030273,7.6289873123168945
4272,13.319892883300781,7.630319118499756
4273,10.13895034790039,7.630906105041504
4274,11.960988998413086,7.631918907165527
4275,11.687251091003418,7.632867336273193
4276,9.818785667419434,7.633378505706787
4277,12.903975486755371,7.634610176086426
4278,10.927838325500488,7.635379791259766
4279,13.379032135009766,7.636722087860107
4280,11.4698486328125,7.637617588043213
4281,11.778387069702148,7.638584613800049
4282,11.721578598022461,7.639537811279297
4283,10.085554122924805,7.640109062194824
4284,10.918316841125488,7.640873908996582
4285,11.6398344039917,7.6418070793151855
4286,12.182517051696777,7.642866134643555
4287,9.07385540008545,7.643199443817139
4288,12.013444900512695,7.6442179679870605
4289,11.170526504516602,7.645040035247803
4290,13.50442123413086,7.6464056968688965
4291,13.17877197265625,7.647695064544678
4292,12.630156517028809,7.648855209350586
4293,11.254833221435547,7.649694919586182
4294,13.826189041137695,7.651133060455322
4295,11.866730690002441,7.652114391326904
4296,11.996726989746094,7.653125762939453
4297,11.019267082214355,7.653908729553223
4298,10.73764419555664,7.654626369476318
4299,13.243051528930664,7.655925750732422
4300,13.122615814208984,7.657196521759033
4301,12.559614181518555,7.6583356857299805
4302,14.465103149414062,7.65991735458374
4303,13.388160705566406,7.661248207092285
4304,12.442835807800293,7.662358283996582
4305,12.835954666137695,7.663559913635254
4306,12.186144828796387,7.664610385894775
4307,10.482948303222656,7.66526460647583
4308,12.282732009887695,7.6663360595703125
4309,12.313584327697754,7.66741418838501
4310,11.006211280822754,7.66818904876709
4311,10.92613410949707,7.668944358825684
4312,11.801434516906738,7.669902324676514
4313,9.70526123046875,7.670374393463135
4314,14.611798286437988,7.67198371887207
4315,13.268657684326172,7.673280715942383
4316,13.441475868225098,7.674616813659668
4317,11.27476692199707,7.675450325012207
4318,12.732366561889648,7.6766204833984375
4319,13.386663436889648,7.677942276000977
4320,13.23616886138916,7.67922830581665
4321,13.073137283325195,7.680476665496826
4322,12.459181785583496,7.681582450866699
4323,13.144339561462402,7.682845592498779
4324,14.442333221435547,7.684408187866211
4325,13.671760559082031,7.685792446136475
4326,11.038003921508789,7.686567306518555
4327,12.976114273071289,7.6877899169921875
4328,14.220949172973633,7.6892991065979
4329,14.058477401733398,7.690770149230957
4330,13.743032455444336,7.692167282104492
4331,13.275968551635742,7.693456649780273
4332,14.678421974182129,7.695069313049316
4333,12.239197731018066,7.696117401123047
4334,10.47987174987793,7.6967597007751465
4335,11.666913986206055,7.697675704956055
4336,12.954507827758789,7.698887348175049
4337,9.216615676879883,7.699236869812012
4338,11.822938919067383,7.7001872062683105
4339,11.729022979736328,7.70111608505249
4340,9.96013355255127,7.701636791229248
4341,14.726177215576172,7.703254699707031
4342,13.030267715454102,7.70448112487793
4343,13.573509216308594,7.705832481384277
4344,12.088919639587402,7.706841468811035
4345,12.684916496276855,7.707986831665039
4346,13.546012878417969,7.709330081939697
4347,12.606348037719727,7.710455894470215
4348,11.580804824829102,7.71134614944458
4349,10.825762748718262,7.712061882019043
4350,12.803804397583008,7.713232040405273
4351,12.622384071350098,7.714359760284424
4352,13.268952369689941,7.715636253356934
4353,11.346439361572266,7.716470241546631
4354,13.071527481079102,7.7176995277404785
4355,11.188308715820312,7.718496322631836
4356,11.962699890136719,7.719470024108887
4357,13.095237731933594,7.720703125
4358,12.505096435546875,7.721800327301025
4359,12.294951438903809,7.7228498458862305
4360,10.639505386352539,7.7235188484191895
4361,13.055700302124023,7.724740982055664
4362,11.741127014160156,7.725661754608154
4363,12.636871337890625,7.726787090301514
4364,12.390813827514648,7.727855682373047
4365,12.643558502197266,7.728981971740723
4366,9.406152725219727,7.729365825653076
4367,10.106002807617188,7.729909896850586
4368,10.407960891723633,7.730522632598877
4369,10.443553924560547,7.731143474578857
4370,9.108163833618164,7.731459140777588
4371,8.684008598327637,7.7316765785217285
4372,10.81201171875,7.732381343841553
4373,10.421209335327148,7.732995986938477
4374,10.146236419677734,7.733547210693359
4375,6.988432884216309,7.733376979827881
4376,10.079227447509766,7.733912944793701
4377,10.752622604370117,7.734602451324463
4378,10.601106643676758,7.735257148742676
4379,9.944042205810547,7.735761642456055
4380,8.716168403625488,7.735985279083252
4381,9.146038055419922,7.736306667327881
4382,9.558605194091797,7.736722469329834
4383,7.243474960327148,7.73660945892334
4384,9.643997192382812,7.737044811248779
4385,10.054458618164062,7.737573146820068
4386,5.227854251861572,7.737000942230225
4387,7.67052698135376,7.73698616027832
4388,10.325404167175293,7.737575531005859
4389,9.585378646850586,7.737996578216553
4390,10.339963912963867,7.738589286804199
4391,7.8027238845825195,7.738603115081787
4392,10.214632034301758,7.739166736602783
4393,7.284333229064941,7.739063739776611
4394,9.047407150268555,7.73936128616333
4395,11.115699768066406,7.740129470825195
4396,9.004159927368164,7.740417003631592
4397,8.438161849975586,7.740575313568115
4398,11.074528694152832,7.741333484649658
4399,8.99915599822998,7.741619110107422
4400,10.181092262268066,7.742173194885254
4401,9.410810470581055,7.742552280426025
4402,7.9271345138549805,7.742593765258789
4403,9.89702320098877,7.743083477020264
4404,7.4509196281433105,7.743016719818115
4405,10.83726692199707,7.74371862411499
4406,8.687021255493164,7.743932723999023
4407,7.515805244445801,7.743880748748779
4408,7.643256187438965,7.743858337402344
4409,11.289443969726562,7.744662284851074
4410,9.676212310791016,7.745100021362305
4411,9.65832805633545,7.745534420013428
4412,6.51521635055542,7.745255470275879
4413,9.055425643920898,7.745552062988281
4414,9.228950500488281,7.745888710021973
4415,9.986712455749512,7.746396064758301
4416,8.344208717346191,7.7465314865112305
4417,10.439311027526855,7.747140407562256
4418,10.048149108886719,7.747661113739014
4419,7.284286022186279,7.747556209564209
4420,7.405625343322754,7.74747896194458
4421,7.956590175628662,7.7475266456604
4422,5.886202812194824,7.747106075286865
4423,9.975249290466309,7.747609615325928
4424,10.901061058044434,7.7483229637146
4425,7.140301704406738,7.748185634613037
4426,9.432999610900879,7.748566150665283
4427,10.816577911376953,7.749258995056152
4428,9.864730834960938,7.749736309051514
4429,10.099872589111328,7.750267028808594
4430,9.909695625305176,7.7507548332214355
4431,7.901477336883545,7.750788688659668
4432,9.14992904663086,7.75110387802124
4433,8.221449851989746,7.751210689544678
4434,9.45287799835205,7.751594066619873
4435,13.120790481567383,7.752804756164551
4436,8.175390243530273,7.752900123596191
4437,9.133670806884766,7.75321102142334
4438,5.9023027420043945,7.752793788909912
4439,8.749799728393555,7.753018379211426
4440,8.441428184509277,7.753173351287842
4441,10.55776596069336,7.753805160522461
4442,8.9086332321167,7.75406551361084
4443,7.23682165145874,7.753949165344238
4444,8.045991897583008,7.7540154457092285
4445,9.76993179321289,7.7544684410095215
4446,8.875283241271973,7.754720687866211
4447,9.84843921661377,7.755190849304199
4448,8.786145210266113,7.755422592163086
4449,7.17795467376709,7.755293369293213
4450,9.932071685791016,7.755782604217529
4451,8.787537574768066,7.756014823913574
4452,7.381765365600586,7.7559309005737305
4453,10.384054183959961,7.756520748138428
4454,10.240697860717773,7.757078647613525
4455,8.10315227508545,7.757155895233154
4456,6.7251996994018555,7.756924629211426
4457,8.080745697021484,7.756997585296631
4458,12.176791191101074,7.757988452911377
4459,10.05263900756836,7.75850248336792
4460,7.141489028930664,7.758364200592041
4461,7.854630947113037,7.758386135101318
4462,7.644377708435059,7.758360385894775
4463,8.800984382629395,7.758594036102295
4464,5.5072736740112305,7.758090019226074
4465,8.63482666015625,7.758286476135254
4466,7.429798126220703,7.758213043212891
4467,9.10566520690918,7.758514404296875
4468,9.442239761352539,7.7588911056518555
4469,9.48799991607666,7.759277820587158
4470,8.192112922668457,7.759374618530273
4471,8.328136444091797,7.759501934051514
4472,9.050653457641602,7.759790420532227
4473,8.852792739868164,7.760034561157227
4474,8.66793155670166,7.760237216949463
4475,8.341378211975098,7.760366916656494
4476,8.809285163879395,7.760601043701172
4477,9.356563568115234,7.76095724105835
4478,9.421469688415527,7.761328220367432
4479,9.26242446899414,7.76166296005249
4480,8.070104598999023,7.7617316246032715
4481,9.406984329223633,7.762098789215088
4482,9.865960121154785,7.762568473815918
4483,9.839524269104004,7.763031482696533
4484,8.809370994567871,7.7632646560668945
4485,8.31236743927002,7.763387203216553
4486,8.613424301147461,7.763576507568359
4487,8.132659912109375,7.7636590003967285
4488,7.096116542816162,7.763510227203369
4489,7.971405982971191,7.763556957244873
4490,6.400092124938965,7.763253211975098
4491,8.918745040893555,7.763510227203369
4492,6.636495113372803,7.763259410858154
4493,8.530485153198242,7.763430118560791
4494,8.229965209960938,7.763534069061279
4495,8.304698944091797,7.763654708862305
4496,10.600484848022461,7.764285564422607
4497,8.749018669128418,7.764504909515381
4498,10.844898223876953,7.765189170837402
4499,11.138948440551758,7.765939235687256
4500,8.430129051208496,7.766086578369141
4501,5.649330139160156,7.765616416931152
4502,7.328138828277588,7.765519142150879
4503,9.024073600769043,7.765798568725586
4504,9.128683090209961,7.766100883483887
4505,7.451114177703857,7.766030788421631
4506,7.953751564025879,7.7660722732543945
4507,5.52628231048584,7.765575408935547
4508,6.747631549835205,7.765349388122559
4509,4.861799240112305,7.764706134796143
4510,5.126033306121826,7.764121055603027
4511,5.990781307220459,7.763728141784668
4512,4.698029041290283,7.763049125671387
4513,8.24402904510498,7.763155460357666
4514,5.761804580688477,7.762712001800537
4515,5.190853595733643,7.762142658233643
4516,6.212800025939941,7.761799335479736
4517,6.356715202331543,7.76148796081543
4518,5.37895393371582,7.760960578918457
4519,6.727174758911133,7.7607316970825195
4520,4.939344882965088,7.760107517242432
4521,3.559659719467163,7.759178161621094
4522,4.945207595825195,7.758555889129639
4523,2.6783695220947266,7.7574334144592285
4524,5.278576850891113,7.756885528564453
4525,5.761446952819824,7.756444454193115
4526,4.99622917175293,7.755834579467773
4527,4.4912214279174805,7.7551140785217285
4528,5.330836296081543,7.754579067230225
4529,4.414587497711182,7.753841400146484
4530,4.51730489730835,7.753127098083496
4531,3.9952030181884766,7.752297878265381
4532,5.127215385437012,7.751718997955322
4533,3.232051134109497,7.7507219314575195
4534,4.938619613647461,7.750101566314697
4535,3.6999094486236572,7.749208450317383
4536,4.0109148025512695,7.748384952545166
4537,3.6748955249786377,7.747487545013428
4538,4.187495231628418,7.746703147888184
4539,3.9201903343200684,7.745860576629639
4540,3.5961170196533203,7.7449469566345215
4541,5.6058783531188965,7.744475841522217
4542,3.1284074783325195,7.743460178375244
4543,4.76782751083374,7.742805480957031
4544,4.695586681365967,7.742135047912598
4545,6.855483531951904,7.741940021514893
4546,4.936262130737305,7.741323471069336
4547,6.976253986358643,7.74115514755249
4548,3.40980863571167,7.740202903747559
4549,3.711899518966675,7.739317417144775
4550,1.3328702449798584,7.73790979385376
4551,3.4062399864196777,7.736958026885986
4552,3.31843638420105,7.735988140106201
4553,3.5199618339538574,7.735062122344971
4554,6.154477596282959,7.734715461730957
4555,5.339545726776123,7.734189987182617
4556,5.042386531829834,7.7335991859436035
4557,6.569623947143555,7.733344078063965
4558,6.0045952796936035,7.732964515686035
4559,6.240300178527832,7.732637882232666
4560,4.76645565032959,7.731986999511719
4561,4.621974468231201,7.731305122375488
4562,5.257440090179443,7.7307634353637695
4563,5.527802467346191,7.73028039932251
4564,3.5459742546081543,7.729363918304443
4565,6.619950294494629,7.729121208190918
4566,6.028051376342773,7.728748798370361
4567,5.617403984069824,7.728286266326904
4568,5.185138702392578,7.727729320526123
4569,3.7292685508728027,7.7268548011779785
4570,4.2936201095581055,7.726103782653809
4571,5.325468063354492,7.725578308105469
4572,4.444852352142334,7.724861145019531
4573,4.484896659851074,7.724152565002441
4574,3.2753825187683105,7.723179817199707
4575,2.960947036743164,7.72213888168335
4576,3.6412763595581055,7.72124719619751
4577,5.650265216827393,7.720794200897217
4578,4.734053134918213,7.720142364501953
4579,5.222771167755127,7.719596862792969
4580,7.493098258972168,7.719547271728516
4581,7.911486625671387,7.719588756561279
4582,5.539399147033691,7.719112873077393
4583,7.3817138671875,7.7190399169921875
4584,7.79421854019165,7.719055652618408
4585,5.384082317352295,7.718546390533447
4586,1.4250452518463135,7.717174530029297
4587,5.067852973937988,7.716596603393555
4588,4.286922454833984,7.715848922729492
4589,5.403356075286865,7.7153449058532715
4590,7.490344524383545,7.715296268463135
4591,5.925492286682129,7.714906692504883
4592,4.449512004852295,7.714195728302002
4593,5.595495223999023,7.713734149932861
4594,4.070428371429443,7.7129411697387695
4595,5.553438186645508,7.7124714851379395
4596,1.3834114074707031,7.711094856262207
4597,5.6278791427612305,7.710641860961914
4598,5.5246076583862305,7.7101664543151855
4599,6.672740936279297,7.709940433502197
4600,4.964204788208008,7.709343910217285
4601,5.881743907928467,7.70894718170166
4602,4.846193313598633,7.708325386047363
4603,6.130099773406982,7.707982540130615
4604,5.4305291175842285,7.7074875831604
4605,4.12750768661499,7.7067108154296875
4606,4.7150444984436035,7.706061363220215
4607,5.124669551849365,7.705501079559326
4608,3.052821397781372,7.704492092132568
4609,6.408642768859863,7.704211235046387
4610,4.5339674949646,7.703524112701416
4611,9.097132682800293,7.703826427459717
4612,4.8441338539123535,7.7032060623168945
4613,5.810756206512451,7.702796459197998
4614,4.166799068450928,7.702030658721924
4615,4.256446838378906,7.701284408569336
4616,3.643171548843384,7.700405597686768
4617,7.068347454071045,7.700268268585205
4618,4.4573822021484375,7.69956636428833
4619,1.1526291370391846,7.69814920425415
4620,4.143960952758789,7.697380065917969
4621,5.306101322174072,7.696862697601318
4622,5.827669620513916,7.696458339691162
4623,4.242324352264404,7.695711135864258
4624,5.410375595092773,7.695217132568359
4625,5.156087398529053,7.694668292999268
4626,4.355603218078613,7.693946361541748
4627,4.219972610473633,7.693195819854736
4628,13.504752159118652,7.694450855255127
4629,12.23672866821289,7.695432186126709
4630,11.135887145996094,7.696175575256348
4631,7.930673599243164,7.696225643157959
4632,11.063549041748047,7.6969523429870605
4633,10.393733024597168,7.697534561157227
4634,9.732256889343262,7.697973251342773
4635,11.222516059875488,7.698733329772949
4636,9.959555625915527,7.699221134185791
4637,10.568185806274414,7.6998395919799805
4638,11.745906829833984,7.700711727142334
4639,13.10837173461914,7.701877593994141
4640,10.846269607543945,7.702555179595947
4641,10.388835906982422,7.703134059906006
4642,11.836275100708008,7.704024314880371
4643,12.337417602539062,7.705021858215332
4644,8.863946914672852,7.705271244049072
4645,11.694952011108398,7.706130027770996
4646,9.90576171875,7.706603527069092
4647,10.796754837036133,7.707268238067627
4648,12.44906997680664,7.708288192749023
4649,11.006308555603027,7.70899772644043
4650,10.133207321166992,7.709518909454346
4651,13.404281616210938,7.710742473602295
4652,11.459959030151367,7.711548805236816
4653,11.818933486938477,7.71243143081665
4654,10.153417587280273,7.712955474853516
4655,10.039846420288086,7.7134552001953125
4656,10.071063995361328,7.713961124420166
4657,11.693504333496094,7.714816093444824
4658,10.353754997253418,7.715383052825928
4659,10.439909934997559,7.715967655181885
4660,7.427607536315918,7.715905666351318
4661,11.422947883605957,7.716700553894043
4662,8.955010414123535,7.716965675354004
4663,6.665136337280273,7.716740131378174
4664,14.376258850097656,7.718167304992676
4665,10.891522407531738,7.718847274780273
4666,10.220916748046875,7.719383716583252
4667,8.853584289550781,7.7196269035339355
4668,8.36662769317627,7.719765663146973
4669,9.320205688476562,7.720108509063721
4670,9.467475891113281,7.72048282623291
4671,10.134222030639648,7.720999240875244
4672,11.213103294372559,7.721746921539307
4673,10.30815315246582,7.722300052642822
4674,11.949201583862305,7.723204612731934
4675,12.45765495300293,7.724216938018799
4676,7.39764928817749,7.724147319793701
4677,9.511567115783691,7.724529266357422
4678,11.095580101013184,7.725249290466309
4679,10.237723350524902,7.725786209106445
4680,11.862120628356934,7.726670265197754
4681,12.17939281463623,7.727621078491211
4682,7.938179016113281,7.727665901184082
4683,10.317248344421387,7.7282185554504395
4684,6.49050760269165,7.727954864501953
4685,7.629990577697754,7.727933883666992
4686,10.680553436279297,7.72856330871582
4687,7.671834945678711,7.728551387786865
4688,10.978092193603516,7.729244232177734
4689,10.036041259765625,7.729735851287842
4690,14.304664611816406,7.731137275695801
4691,12.406493186950684,7.732133865356445
4692,10.51972770690918,7.732728004455566
4693,7.689336776733398,7.732717990875244
4694,12.140893936157227,7.733656883239746
4695,9.246614456176758,7.733979225158691
4696,9.920397758483887,7.734445095062256
4697,11.80445671081543,7.735311031341553
4698,7.607621192932129,7.735284328460693
4699,12.834344863891602,7.736369609832764
4700,13.493820190429688,7.737594127655029
4701,10.43520450592041,7.7381672859191895
4702,12.815848350524902,7.7392473220825195
4703,9.43928337097168,7.739608287811279
4704,10.979641914367676,7.740296840667725
4705,11.253528594970703,7.741043567657471
4706,11.916295051574707,7.741930961608887
4707,11.195782661437988,7.742664813995361
4708,10.28770923614502,7.743205547332764
4709,8.490386962890625,7.743364334106445
4710,10.014586448669434,7.743846893310547
4711,9.299763679504395,7.744176864624023
4712,10.543249130249023,7.7447710037231445
4713,11.872130393981934,7.7456464767456055
4714,-1.465026617050171,7.743692874908447
4715,9.37747573852539,7.744039535522461
4716,8.621576309204102,7.74422550201416
4717,9.795551300048828,7.744660377502441
4718,11.044577598571777,7.745359420776367
4719,11.875105857849121,7.74623441696167
4720,10.469940185546875,7.7468109130859375
4721,9.806535720825195,7.747246742248535
4722,9.448700904846191,7.747607231140137
4723,12.728137969970703,7.748661041259766
4724,8.331197738647461,7.74878454208374
4725,7.875557899475098,7.7488112449646
4726,10.525483131408691,7.749399185180664
4727,9.61866283416748,7.7497944831848145
4728,11.896634101867676,7.75067138671875
4729,11.101317405700684,7.75137996673584
4730,9.203266143798828,7.751687049865723
4731,9.14278507232666,7.751981258392334
4732,8.253140449523926,7.752087116241455
4733,8.938953399658203,7.752337455749512
4734,8.804227828979492,7.752559661865234
4735,7.765867233276367,7.752562522888184
4736,12.588366508483887,7.753583908081055
4737,8.549354553222656,7.7537522315979
4738,10.719243049621582,7.754377841949463
4739,8.795723915100098,7.7545976638793945
4740,12.122773170471191,7.755518913269043
4741,8.07009220123291,7.755585193634033
4742,12.472042083740234,7.756579399108887
4743,9.226241111755371,7.756889343261719
4744,5.95796537399292,7.756510257720947
4745,12.183786392211914,7.757442951202393
4746,14.614591598510742,7.75888729095459
4747,9.380126953125,7.759228229522705
4748,10.38467025756836,7.7597808837890625
4749,10.488229751586914,7.760355472564697
4750,10.117486953735352,7.7608513832092285
4751,10.906425476074219,7.7615132331848145
4752,10.35185432434082,7.762058258056641
4753,11.07667064666748,7.762755870819092
4754,9.050809860229492,7.763026714324951
4755,12.043073654174805,7.7639265060424805
4756,10.938600540161133,7.764593601226807
4757,10.155743598937988,7.765096187591553
4758,10.59423542022705,7.765690803527832
4759,11.209611892700195,7.766414642333984
4760,16.483360290527344,7.768245697021484
4761,9.084060668945312,7.768522262573242
4762,10.521039009094238,7.769099712371826
4763,10.995723724365234,7.769777297973633
4764,13.67369270324707,7.771015644073486
4765,10.165024757385254,7.771517753601074
4766,6.708603382110596,7.771294593811035
4767,7.577284812927246,7.771254062652588
4768,9.829971313476562,7.771685600280762
4769,9.53648567199707,7.772055149078369
4770,12.145631790161133,7.7729716300964355
4771,10.570664405822754,7.773557662963867
4772,10.103811264038086,7.774046421051025
4773,8.519643783569336,7.774202346801758
4774,9.820262908935547,7.774631023406982
4775,12.906261444091797,7.775705337524414
4776,11.086149215698242,7.776398658752441
4777,11.593374252319336,7.777197360992432
4778,13.455849647521973,7.778386116027832
4779,14.104289054870605,7.779709339141846
4780,12.802973747253418,7.780760765075684
4781,8.263045310974121,7.7808613777160645
4782,11.059237480163574,7.781546592712402
4783,9.86766529083252,7.781982421875
4784,10.073466300964355,7.782461643218994
4785,9.693408012390137,7.782861232757568
4786,9.929780960083008,7.783309459686279
4787,10.265960693359375,7.783828258514404
4788,8.771235466003418,7.78403377532959
4789,11.782732009887695,7.784868240356445
4790,13.13419246673584,7.785984516143799
4791,10.144783020019531,7.7864766120910645
4792,14.477143287658691,7.787872791290283
4793,8.926161766052246,7.78810977935791
4794,11.734671592712402,7.788932800292969
4795,16.330913543701172,7.790714263916016
4796,10.340985298156738,7.791245460510254
4797,15.539651870727539,7.792860507965088
4798,13.065441131591797,7.793959140777588
4799,11.56379508972168,7.794744491577148
4800,12.803035736083984,7.795787811279297
4801,14.20840835571289,7.797122955322266
4802,11.046649932861328,7.797799587249756
4803,8.610108375549316,7.797968864440918
4804,17.170536041259766,7.799919605255127
4805,9.46100902557373,7.800265312194824
4806,8.006858825683594,7.8003082275390625
4807,13.474895477294922,7.801488876342773
4808,11.010323524475098,7.802156448364258
4809,11.595138549804688,7.802944660186768
4810,12.035025596618652,7.803824424743652
4811,13.540009498596191,7.805016040802002
4812,9.820449829101562,7.8054351806640625
4813,10.647281646728516,7.806025505065918
4814,11.32304573059082,7.806756019592285
4815,13.217557907104492,7.80787992477417
4816,13.516669273376465,7.809064865112305
4817,10.737102508544922,7.809672832489014
4818,9.265557289123535,7.8099751472473145
4819,10.379363059997559,7.810507774353027
4820,13.712600708007812,7.811731815338135
4821,10.206757545471191,7.812228679656982
4822,12.571297645568848,7.813215255737305
4823,14.539259910583496,7.814609527587891
4824,13.082541465759277,7.815701007843018
4825,12.320781707763672,7.816634654998779
4826,10.095865249633789,7.817107200622559
4827,1.5531935691833496,7.815809726715088
4828,13.25282096862793,7.816936016082764
4829,9.810481071472168,7.817348480224609
4830,8.656302452087402,7.817522048950195
4831,7.659392356872559,7.8174896240234375
4832,11.271071434020996,7.818203926086426
4833,6.624116897583008,7.817956924438477
4834,8.73875904083252,7.8181471824646
4835,9.399977684020996,7.818474292755127
4836,9.511137008666992,7.818824291229248
