Iteration,Result,Mean
0,10.417290687561035,10.417290687561035
1,11.21014404296875,10.813716888427734
2,11.96197509765625,11.1964693069458
3,11.925031661987305,11.378610610961914
4,11.894612312316895,11.481810569763184
5,12.168466567993164,11.596253395080566
6,11.433767318725586,11.573041915893555
7,9.398757934570312,11.30125617980957
8,10.01612663269043,11.158464431762695
9,9.928794860839844,11.035497665405273
10,9.494357109069824,10.895393371582031
11,10.260457038879395,10.842482566833496
12,10.9700345993042,10.852293968200684
13,10.93609619140625,10.85827922821045
14,13.525960922241211,11.036124229431152
15,12.192005157470703,11.108366966247559
16,11.40437126159668,11.125779151916504
17,12.17751693725586,11.184208869934082
18,12.477408409118652,11.25227165222168
19,11.729549407958984,11.27613639831543
20,11.564961433410645,11.289889335632324
21,11.1495361328125,11.283509254455566
22,10.435652732849121,11.2466459274292
23,11.010969161987305,11.236824989318848
24,12.431727409362793,11.284621238708496
25,14.210490226745605,11.397154808044434
26,12.67988109588623,11.444663047790527
27,12.409453392028809,11.479119300842285
28,12.287988662719727,11.507011413574219
29,9.872294425964355,11.452520370483398
30,10.443838119506836,11.41998291015625
31,12.910867691040039,11.466572761535645
32,11.671066284179688,11.472768783569336
33,10.271712303161621,11.437443733215332
34,12.706298828125,11.4736967086792
35,10.877079963684082,11.457123756408691
36,11.768637657165527,11.465542793273926
37,10.776143074035645,11.44740104675293
38,11.835223197937012,11.457345962524414
39,11.314915657043457,11.453784942626953
40,11.922603607177734,11.465219497680664
41,9.682977676391602,11.422785758972168
42,12.400053977966309,11.445512771606445
43,13.197365760803223,11.48532772064209
44,11.239229202270508,11.4798583984375
45,9.197458267211914,11.430240631103516
46,11.01016902923584,11.421303749084473
47,11.90931510925293,11.431469917297363
48,11.08675479888916,11.424434661865234
49,10.748644828796387,11.410919189453125
50,9.774651527404785,11.378835678100586
51,10.111173629760742,11.354456901550293
52,11.700929641723633,11.360994338989258
53,10.372239112854004,11.342683792114258
54,12.00029182434082,11.35464096069336
55,9.931010246276855,11.329218864440918
56,10.939969062805176,11.322389602661133
57,12.153474807739258,11.336719512939453
58,12.559021949768066,11.357436180114746
59,11.406148910522461,11.358247756958008
60,11.16413688659668,11.35506534576416
61,12.53185749053955,11.374046325683594
62,9.917577743530273,11.35092830657959
63,11.947744369506836,11.36025333404541
64,12.462968826293945,11.377218246459961
65,11.756248474121094,11.382960319519043
66,8.642753601074219,11.342061996459961
67,11.257838249206543,11.34082317352295
68,8.129429817199707,11.294281005859375
69,12.346138000488281,11.309308052062988
70,11.951436996459961,11.318351745605469
71,10.563459396362305,11.307867050170898
72,11.015850067138672,11.30386734008789
73,11.359586715698242,11.304619789123535
74,9.962350845336914,11.286723136901855
75,11.041522026062012,11.283495903015137
76,7.351710319519043,11.232433319091797
77,9.18299674987793,11.206158638000488
78,11.72496223449707,11.212725639343262
79,11.41909122467041,11.21530532836914
80,12.582557678222656,11.232185363769531
81,11.02973461151123,11.229716300964355
82,10.853250503540039,11.225180625915527
83,12.759742736816406,11.243449211120605
84,10.710163116455078,11.237174987792969
85,10.998634338378906,11.23440170288086
86,11.862335205078125,11.241619110107422
87,8.270984649658203,11.20786190032959
88,11.738018035888672,11.21381950378418
89,11.816507339477539,11.220516204833984
90,12.176944732666016,11.231025695800781
91,12.001392364501953,11.239399909973145
92,6.919132232666016,11.19294548034668
93,8.36651611328125,11.162878036499023
94,9.219165802001953,11.142417907714844
95,11.118522644042969,11.142168998718262
96,9.260038375854492,11.122764587402344
97,9.736851692199707,11.108622550964355
98,9.087554931640625,11.088207244873047
99,9.046677589416504,11.067791938781738
100,9.273765563964844,11.050029754638672
101,9.866532325744629,11.038427352905273
102,9.213020324707031,11.02070426940918
103,9.132591247558594,11.002549171447754
104,9.533892631530762,10.98856258392334
105,10.167397499084473,10.980814933776855
106,7.294752597808838,10.946366310119629
107,9.717681884765625,10.934989929199219
108,9.990803718566895,10.9263277053833
109,8.404953002929688,10.903406143188477
110,9.14818000793457,10.887593269348145
111,7.191034317016602,10.854588508605957
112,9.841397285461426,10.845622062683105
113,8.108719825744629,10.821614265441895
114,9.170345306396484,10.807254791259766
115,8.316163063049316,10.78577995300293
116,11.028923034667969,10.787858963012695
117,10.49703598022461,10.785393714904785
118,10.02491569519043,10.779003143310547
119,10.138557434082031,10.773666381835938
120,11.611154556274414,10.780588150024414
121,9.210742950439453,10.767720222473145
122,9.579202651977539,10.758057594299316
123,8.1920166015625,10.737363815307617
124,8.365485191345215,10.718388557434082
125,8.130653381347656,10.697851181030273
126,8.156707763671875,10.677842140197754
127,9.5523681640625,10.669049263000488
128,9.648869514465332,10.661141395568848
129,9.075372695922852,10.648942947387695
130,9.54316234588623,10.640501976013184
131,10.366827011108398,10.638428688049316
132,6.940316677093506,10.610623359680176
133,9.594449996948242,10.603039741516113
134,13.121419906616211,10.621695518493652
135,12.308927536010742,10.634101867675781
136,7.182319641113281,10.608906745910645
137,7.430559158325195,10.585874557495117
138,9.286124229431152,10.576523780822754
139,5.8606390953063965,10.542839050292969
140,8.774794578552246,10.530299186706543
141,8.195870399475098,10.513859748840332
142,9.717494010925293,10.508291244506836
143,9.35080623626709,10.500253677368164
144,10.045232772827148,10.497116088867188
145,9.681796073913574,10.491531372070312
146,9.570670127868652,10.48526668548584
147,9.671465873718262,10.479768753051758
148,10.238285064697266,10.478147506713867
149,10.382689476013184,10.477511405944824
150,8.49047565460205,10.46435260772705
151,13.823383331298828,10.486451148986816
152,7.845966815948486,10.469192504882812
153,8.43543529510498,10.455986976623535
154,9.942818641662598,10.452675819396973
155,12.143693923950195,10.463516235351562
156,10.413749694824219,10.4631986618042
157,12.66075611114502,10.477107048034668
158,12.756108283996582,10.491440773010254
159,9.887088775634766,10.487663269042969
160,9.864835739135742,10.483795166015625
161,9.360970497131348,10.476863861083984
162,8.065384864807129,10.462069511413574
163,10.9301176071167,10.464923858642578
164,10.140363693237305,10.462957382202148
165,9.552210807800293,10.457470893859863
166,8.595038414001465,10.446318626403809
167,11.824825286865234,10.454524040222168
168,11.044906616210938,10.45801830291748
169,11.18958854675293,10.462321281433105
170,9.917476654052734,10.459135055541992
171,10.787487030029297,10.461044311523438
172,10.941957473754883,10.463824272155762
173,10.147396087646484,10.462005615234375
174,8.702757835388184,10.45195198059082
175,7.88374137878418,10.437360763549805
176,9.154346466064453,10.4301118850708
177,6.187262535095215,10.406275749206543
178,8.66983699798584,10.396574020385742
179,8.710779190063477,10.387208938598633
180,10.03365421295166,10.385255813598633
181,10.162253379821777,10.38403034210205
182,9.387825965881348,10.378586769104004
183,11.116762161254883,10.382598876953125
184,10.33186149597168,10.382325172424316
185,7.609315872192383,10.367416381835938
186,6.4121479988098145,10.346264839172363
187,13.507904052734375,10.363082885742188
188,8.61986255645752,10.353858947753906
189,8.961756706237793,10.346532821655273
190,15.84747314453125,10.375333786010742
191,12.10660457611084,10.384350776672363
192,9.556023597717285,10.380058288574219
193,10.397453308105469,10.380147933959961
194,11.011272430419922,10.383384704589844
195,9.77096939086914,10.380260467529297
196,12.229543685913086,10.389647483825684
197,10.336213111877441,10.38937759399414
198,13.52511978149414,10.405135154724121
199,13.418704986572266,10.420202255249023
200,11.961274147033691,10.427868843078613
201,10.618484497070312,10.428812026977539
202,10.82672119140625,10.430771827697754
203,11.850339889526367,10.43773078918457
204,12.31672477722168,10.44689655303955
205,10.757265090942383,10.448403358459473
206,12.228821754455566,10.45700454711914
207,10.287343978881836,10.456188201904297
208,11.248844146728516,10.459980964660645
209,12.444732666015625,10.469432830810547
210,12.439355850219727,10.478769302368164
211,12.235095977783203,10.487053871154785
212,12.792974472045898,10.497879981994629
213,10.846281051635742,10.499506950378418
214,9.924145698547363,10.496830940246582
215,11.556452751159668,10.50173568725586
216,12.224891662597656,10.509676933288574
217,11.383750915527344,10.513686180114746
218,12.309273719787598,10.521885871887207
219,11.918914794921875,10.528236389160156
220,11.001429557800293,10.530377388000488
221,12.074726104736328,10.537333488464355
222,10.68341064453125,10.537988662719727
223,10.855619430541992,10.539406776428223
224,11.190133094787598,10.542299270629883
225,14.00046443939209,10.557600975036621
226,12.226947784423828,10.564955711364746
227,10.994060516357422,10.566837310791016
228,9.36351490020752,10.561583518981934
229,12.166168212890625,10.568559646606445
230,13.164172172546387,10.579795837402344
231,12.684660911560059,10.588868141174316
232,10.751265525817871,10.58956527709961
233,11.547449111938477,10.593658447265625
234,11.369843482971191,10.59696102142334
235,10.654464721679688,10.59720516204834
236,11.832627296447754,10.602417945861816
237,10.534421920776367,10.602131843566895
238,4.125885009765625,10.575035095214844
239,5.937685012817383,10.555712699890137
240,4.583345413208008,10.530930519104004
241,6.256544589996338,10.51326847076416
242,5.2556610107421875,10.491631507873535
243,7.522082328796387,10.479460716247559
244,2.837566375732422,10.448269844055176
245,4.078163146972656,10.422374725341797
246,7.291233539581299,10.409698486328125
247,7.111537456512451,10.39639949798584
248,3.494441270828247,10.368680953979492
249,4.7767133712768555,10.346312522888184
250,5.903912544250488,10.32861328125
251,-0.2649613916873932,10.286575317382812
252,6.351106643676758,10.27101993560791
253,0.8419675827026367,10.233898162841797
254,1.503313660621643,10.199661254882812
255,-1.1213141679763794,10.155438423156738
256,1.5945850610733032,10.122127532958984
257,2.4296417236328125,10.09231185913086
258,1.5130482912063599,10.059186935424805
259,-1.8471933603286743,10.01339340209961
260,2.0018603801727295,9.982697486877441
261,5.723230361938477,9.966440200805664
262,5.7419209480285645,9.950377464294434
263,0.9618443250656128,9.916330337524414
264,5.742332935333252,9.900579452514648
265,2.4843971729278564,9.872698783874512
266,-0.5900899171829224,9.833512306213379
267,0.9821271300315857,9.800485610961914
268,1.9893245697021484,9.77144718170166
269,-0.1851264238357544,9.73457145690918
270,-0.3863859176635742,9.697224617004395
271,3.6587634086608887,9.675024032592773
272,-3.160834550857544,9.628005981445312
273,1.5208531618118286,9.598417282104492
274,3.3178610801696777,9.575578689575195
275,1.4935846328735352,9.546296119689941
276,-3.789062023162842,9.498154640197754
277,2.730351448059082,9.473810195922852
278,2.4075465202331543,9.448482513427734
279,0.8540686964988708,9.4177885055542
280,2.0131444931030273,9.391437530517578
281,-1.1330493688583374,9.354116439819336
282,3.977652072906494,9.335118293762207
283,3.512856960296631,9.314617156982422
284,5.263559341430664,9.300403594970703
285,2.870178699493408,9.27791976928711
286,5.190725803375244,9.263678550720215
287,3.3795297145843506,9.243247985839844
288,-1.8533563613891602,9.204852104187012
289,0.4306471645832062,9.174595832824707
290,2.9848756790161133,9.153325080871582
291,-0.42303815484046936,9.120529174804688
292,-4.735948085784912,9.073238372802734
293,7.214737892150879,9.066917419433594
294,-13.723106384277344,8.989662170410156
295,-3.890834093093872,8.946146965026855
296,-1.6088001728057861,8.910608291625977
297,4.212822914123535,8.894844055175781
298,-8.243454933166504,8.837525367736816
299,3.6448941230773926,8.820216178894043
300,3.2095136642456055,8.801575660705566
301,4.358974933624268,8.786865234375
302,-1.510714054107666,8.752880096435547
303,2.1101603507995605,8.73102855682373
304,2.4781134128570557,8.710526466369629
305,3.050631046295166,8.69202995300293
306,7.052501678466797,8.686689376831055
307,9.874852180480957,8.690546989440918
308,4.761105060577393,8.67782974243164
309,0.2584300935268402,8.650671005249023
310,-1.1980890035629272,8.619003295898438
311,-1.323233723640442,8.587137222290039
312,2.955901622772217,8.569145202636719
313,3.1728994846343994,8.551959991455078
314,3.417053461074829,8.535658836364746
315,4.05623197555542,8.521482467651367
316,3.0597212314605713,8.504253387451172
317,-1.5720922946929932,8.472567558288574
318,4.122207164764404,8.458930015563965
319,2.8164563179016113,8.44129753112793
320,4.246011257171631,8.428228378295898
321,1.2349038124084473,8.405888557434082
322,-0.22852185368537903,8.379156112670898
323,1.1359162330627441,8.35680103302002
324,-1.877211570739746,8.325311660766602
325,4.874526023864746,8.314726829528809
326,2.3971571922302246,8.296629905700684
327,0.3610955476760864,8.272436141967773
328,2.068666934967041,8.253580093383789
329,0.6936622858047485,8.230670928955078
330,0.8442085981369019,8.208354949951172
331,3.7671303749084473,8.194977760314941
332,2.101806402206421,8.176680564880371
333,0.9824842810630798,8.15514087677002
334,4.5996928215026855,8.144526481628418
335,5.303943634033203,8.136073112487793
336,2.242439031600952,8.118584632873535
337,1.0988985300064087,8.09781551361084
338,4.767424583435059,8.087991714477539
339,1.8396649360656738,8.069613456726074
340,4.323302745819092,8.058627128601074
341,2.0632662773132324,8.041096687316895
342,3.6165249347686768,8.028197288513184
343,3.8558220863342285,8.016067504882812
344,5.978217124938965,8.010161399841309
345,-3.8395020961761475,7.9759135246276855
346,0.7939041256904602,7.955215930938721
347,3.6570334434509277,7.942864894866943
348,9.953978538513184,7.94862699508667
349,9.697915077209473,7.953625202178955
350,11.839448928833008,7.964695453643799
351,11.744952201843262,7.97543478012085
352,12.537981033325195,7.9883599281311035
353,12.823201179504395,8.002017974853516
354,14.022130966186523,8.018976211547852
355,13.58372688293457,8.034607887268066
356,12.490045547485352,8.047087669372559
357,12.91366195678711,8.060681343078613
358,11.17289924621582,8.069350242614746
359,8.31316089630127,8.070027351379395
360,10.99204158782959,8.078121185302734
361,12.680831909179688,8.090836524963379
362,11.486334800720215,8.100190162658691
363,12.384431838989258,8.111960411071777
364,8.4815673828125,8.1129732131958
365,12.180848121643066,8.124088287353516
366,8.809025764465332,8.125954627990723
367,8.385056495666504,8.12665843963623
368,10.661060333251953,8.133526802062988
369,11.931610107421875,8.143792152404785
370,12.026572227478027,8.154257774353027
371,8.288041114807129,8.154618263244629
372,11.47114372253418,8.163509368896484
373,11.242791175842285,8.17174243927002
374,6.435732364654541,8.167113304138184
375,7.409223556518555,8.1650972366333
376,9.879512786865234,8.169644355773926
377,8.789470672607422,8.171284675598145
378,4.932713985443115,8.162739753723145
379,10.361837387084961,8.168526649475098
380,10.445865631103516,8.174503326416016
381,13.051990509033203,8.187272071838379
382,10.07616901397705,8.192203521728516
383,7.464162826538086,8.1903076171875
384,11.670900344848633,8.199348449707031
385,11.695279121398926,8.208404541015625
386,11.75955581665039,8.217580795288086
387,10.635763168334961,8.2238130569458
388,10.473884582519531,8.229598045349121
389,8.589648246765137,8.230520248413086
390,11.515196800231934,8.238921165466309
391,9.699167251586914,8.242646217346191
392,13.307226181030273,8.255533218383789
393,13.220882415771484,8.268136024475098
394,13.092170715332031,8.280348777770996
395,11.101600646972656,8.28747272491455
396,12.734004020690918,8.298673629760742
397,12.88205623626709,8.310189247131348
398,12.875736236572266,8.32163143157959
399,12.447994232177734,8.331947326660156
400,13.331151962280273,8.344413757324219
401,10.16909122467041,8.348953247070312
402,5.572798728942871,8.34206485748291
403,10.735488891601562,8.347989082336426
404,9.576775550842285,8.351022720336914
405,10.700455665588379,8.356809616088867
406,11.523490905761719,8.36458969116211
407,12.052384376525879,8.373629570007324
408,13.110502243041992,8.385210990905762
409,11.4837646484375,8.392768859863281
410,11.549493789672852,8.400449752807617
411,12.848155975341797,8.41124439239502
412,10.864371299743652,8.417183876037598
413,11.382899284362793,8.424347877502441
414,10.623727798461914,8.429647445678711
415,9.532533645629883,8.43229866027832
416,12.914104461669922,8.443046569824219
417,11.376754760742188,8.450064659118652
418,12.432069778442383,8.45956802368164
419,11.719304084777832,8.467329025268555
420,9.372786521911621,8.469480514526367
421,13.111247062683105,8.480480194091797
422,10.406312942504883,8.485032081604004
423,6.784867763519287,8.481022834777832
424,9.665912628173828,8.483810424804688
425,10.363920211791992,8.488224983215332
426,13.241938591003418,8.499357223510742
427,9.783183097839355,8.50235652923584
428,10.14925479888916,8.506196022033691
429,11.110118865966797,8.512250900268555
430,14.026503562927246,8.525045394897461
431,12.21981143951416,8.533597946166992
432,8.670089721679688,8.533913612365723
433,11.221153259277344,8.540105819702148
434,10.992378234863281,8.545742988586426
435,11.50912094116211,8.552539825439453
436,8.472936630249023,8.55235767364502
437,11.151496887207031,8.5582914352417
438,6.885993957519531,8.554482460021973
439,10.168828964233398,8.558151245117188
440,10.025337219238281,8.561478614807129
441,10.06909465789795,8.564889907836914
442,7.761895656585693,8.563076972961426
443,7.922168254852295,8.561633110046387
444,8.656499862670898,8.561846733093262
445,6.981784820556641,8.558303833007812
446,6.374447345733643,8.553418159484863
447,9.40054702758789,8.555309295654297
448,7.805595874786377,8.55363941192627
449,10.312992095947266,8.557549476623535
450,10.007118225097656,8.560763359069824
451,10.044485092163086,8.564045906066895
452,6.92977237701416,8.56043815612793
453,11.209994316101074,8.56627368927002
454,7.332178115844727,8.56356143951416
455,11.077489852905273,8.569074630737305
456,7.05117130279541,8.565752983093262
457,7.464667320251465,8.563348770141602
458,9.739335060119629,8.565911293029785
459,7.087438583374023,8.56269645690918
460,8.639779090881348,8.562864303588867
461,7.592406272888184,8.560763359069824
462,10.400411605834961,8.564736366271973
463,9.512588500976562,8.566780090332031
464,9.573763847351074,8.568944931030273
465,7.28706169128418,8.566194534301758
466,8.103291511535645,8.565203666687012
467,8.845989227294922,8.565803527832031
468,9.013177871704102,8.566757202148438
469,11.583839416503906,8.573176383972168
470,12.031719207763672,8.580519676208496
471,9.03553581237793,8.581483840942383
472,9.84276294708252,8.584150314331055
473,8.287630081176758,8.583524703979492
474,8.628070831298828,8.5836181640625
475,8.837052345275879,8.584151268005371
476,13.219050407409668,8.593867301940918
477,7.834856986999512,8.592280387878418
478,8.324016571044922,8.591720581054688
479,7.414008140563965,8.589266777038574
480,9.427078247070312,8.591009140014648
481,13.303624153137207,8.600786209106445
482,9.923434257507324,8.603525161743164
483,10.216541290283203,8.606857299804688
484,9.107051849365234,8.607888221740723
485,9.813319206237793,8.610368728637695
486,11.390727996826172,8.616077423095703
487,13.101493835449219,8.625268936157227
488,8.469944953918457,8.624951362609863
489,11.027263641357422,8.629854202270508
490,9.278648376464844,8.631175994873047
491,10.513031005859375,8.635001182556152
492,9.908931732177734,8.637584686279297
493,10.683297157287598,8.641725540161133
494,11.16269588470459,8.646818161010742
495,13.890705108642578,8.657389640808105
496,14.089951515197754,8.668320655822754
497,9.483837127685547,8.669958114624023
498,15.7354154586792,8.684117317199707
499,10.866665840148926,8.688482284545898
500,13.163267135620117,8.697413444519043
501,12.112592697143555,8.704216957092285
502,10.437488555908203,8.707663536071777
503,13.781377792358398,8.717729568481445
504,10.570650100708008,8.721399307250977
505,8.84805679321289,8.721650123596191
506,10.471206665039062,8.72510051727295
507,15.620220184326172,8.738673210144043
508,13.11227035522461,8.747265815734863
509,11.842385292053223,8.753334999084473
510,11.927391052246094,8.759546279907227
511,11.626476287841797,8.765145301818848
512,11.422603607177734,8.77032470703125
513,12.151908874511719,8.776904106140137
514,12.479711532592773,8.784093856811523
515,17.664867401123047,8.801304817199707
516,12.10439682006836,8.807693481445312
517,11.030029296875,8.811983108520508
518,16.01350975036621,8.825859069824219
519,14.396430969238281,8.836572647094727
520,11.929460525512695,8.842509269714355
521,8.9486722946167,8.84271240234375
522,14.00234317779541,8.852578163146973
523,12.88406753540039,8.860272407531738
524,12.94776725769043,8.868058204650879
525,11.819555282592773,8.873668670654297
526,14.597038269042969,8.884529113769531
527,12.271117210388184,8.89094352722168
528,-1.3980053663253784,8.871493339538574
529,-2.0035550594329834,8.850975036621094
530,-0.27908051013946533,8.833780288696289
531,-0.5595770478248596,8.816123962402344
532,0.2062988132238388,8.799969673156738
533,0.23002387583255768,8.783921241760254
534,-0.7181565761566162,8.766160011291504
535,-2.3875913619995117,8.74535083770752
536,-0.8021113276481628,8.727570533752441
537,2.1578927040100098,8.715359687805176
538,2.208411931991577,8.703287124633789
539,-4.153745651245117,8.67947769165039
540,-1.2770222425460815,8.661073684692383
541,1.162223219871521,8.647238731384277
542,3.9597370624542236,8.638606071472168
543,0.2040647268295288,8.623101234436035
544,2.24686598777771,8.61140251159668
545,1.2385504245758057,8.597899436950684
546,1.245498538017273,8.584458351135254
547,-2.0937838554382324,8.564972877502441
548,4.893575191497803,8.558284759521484
549,-3.1941909790039062,8.536916732788086
550,0.8391041159629822,8.522945404052734
551,0.8843905329704285,8.50910758972168
552,2.4548981189727783,8.498160362243652
553,1.3871968984603882,8.485323905944824
554,-0.6793457865715027,8.468811988830566
555,0.10004311800003052,8.453760147094727
556,2.3504819869995117,8.442802429199219
557,1.4789361953735352,8.430322647094727
558,-1.6613448858261108,8.412270545959473
559,1.145046591758728,8.399292945861816
560,-1.5229947566986084,8.381606101989746
561,-1.5270817279815674,8.363975524902344
562,1.8923332691192627,8.352479934692383
563,2.7302441596984863,8.342512130737305
564,-0.6867043972015381,8.326531410217285
565,5.025238037109375,8.320698738098145
566,2.615131378173828,8.310636520385742
567,-1.905468225479126,8.29265022277832
568,3.968045949935913,8.285050392150879
569,1.5364339351654053,8.273211479187012
570,0.9998306632041931,8.260473251342773
571,2.2117676734924316,8.249898910522461
572,1.079939603805542,8.237386703491211
573,1.7452572584152222,8.226076126098633
574,-4.730459213256836,8.203542709350586
575,3.936779022216797,8.196135520935059
576,0.4898281395435333,8.182779312133789
577,-3.4725852012634277,8.162614822387695
578,-3.0620083808898926,8.143228530883789
579,1.8153525590896606,8.132318496704102
580,2.089207410812378,8.121917724609375
581,-0.3113677501678467,8.107426643371582
582,6.872601509094238,8.105308532714844
583,2.4154868125915527,8.095565795898438
584,0.11295899003744125,8.081920623779297
585,-0.6407150030136108,8.067035675048828
586,2.344489574432373,8.057287216186523
587,1.657066822052002,8.046402931213379
588,-0.6481069326400757,8.031641006469727
589,4.662503719329834,8.025931358337402
590,3.851266860961914,8.018866539001465
591,-0.039298735558986664,8.005255699157715
592,-10.647876739501953,7.973800182342529
593,-0.8210235834121704,7.958994388580322
594,2.2822299003601074,7.949453353881836
595,2.1070754528045654,7.939650535583496
596,7.017083644866943,7.93810510635376
597,0.8312262296676636,7.926220417022705
598,5.923367500305176,7.922876834869385
599,4.276880741119385,7.916800022125244
600,1.7366511821746826,7.906517505645752
601,4.434919834136963,7.900750637054443
602,3.6045541763305664,7.893625736236572
603,-0.4145953357219696,7.879870891571045
604,0.7188672423362732,7.8680338859558105
605,1.8979973793029785,7.858182430267334
606,3.109036684036255,7.850358486175537
607,0.8747701644897461,7.83888578414917
608,-0.09046965837478638,7.825865745544434
609,3.012646198272705,7.817975044250488
610,4.887702941894531,7.8131794929504395
611,1.601797103881836,7.803029537200928
612,-4.896430969238281,7.782312393188477
613,6.521091938018799,7.7802581787109375
614,-0.8065057396888733,7.766295909881592
615,0.2551346719264984,7.75410270690918
616,0.16897401213645935,7.741809368133545
617,3.66317081451416,7.7352094650268555
618,-3.5791659355163574,7.716930866241455
619,0.8151799440383911,7.705798625946045
620,3.385890483856201,7.6988420486450195
621,6.227785110473633,7.69647741317749
622,1.9153386354446411,7.687198162078857
623,-1.0756345987319946,7.673155307769775
624,4.439651966094971,7.667981147766113
625,0.09030824899673462,7.655876159667969
626,1.5458283424377441,7.64613151550293
627,1.9336645603179932,7.637035369873047
628,-10.12520694732666,7.6087965965271
629,4.186018943786621,7.603363513946533
630,-9.442458152770996,7.57634973526001
631,6.320376873016357,7.574362277984619
632,1.2226234674453735,7.564328193664551
633,0.6484132409095764,7.553419589996338
634,4.507979869842529,7.548623561859131
635,0.2669773995876312,7.537174701690674
636,-0.17923694849014282,7.525061130523682
637,2.424391269683838,7.51706600189209
638,0.052529312670230865,7.505384922027588
639,-2.486435651779175,7.489772796630859
640,0.4208306670188904,7.478744983673096
641,-1.2092483043670654,7.465211868286133
642,3.2647671699523926,7.45867919921875
643,-1.6644495725631714,7.444512367248535
644,-5.540554523468018,7.424380779266357
645,-0.03954950347542763,7.4128265380859375
646,3.4685516357421875,7.406730651855469
647,4.777037620544434,7.402672290802002
648,2.388612747192383,7.394946575164795
649,-0.35170406103134155,7.383028984069824
650,5.1570611000061035,7.37960958480835
651,4.123047828674316,7.37461519241333
652,0.1500435769557953,7.363551139831543
653,1.5907217264175415,7.354724407196045
654,1.0786547660827637,7.345142364501953
655,2.898575782775879,7.338364124298096
656,6.157454967498779,7.33656644821167
657,1.3915491104125977,7.327531337738037
658,0.8322107791900635,7.31767463684082
659,3.277362585067749,7.311553001403809
660,2.1858537197113037,7.303798675537109
661,-2.9817357063293457,7.288261413574219
662,-0.9489342570304871,7.2758378982543945
663,-1.26231849193573,7.262979030609131
664,-5.769902229309082,7.243380546569824
665,-0.4672645926475525,7.231802940368652
666,0.6152476072311401,7.221883296966553
667,3.475822925567627,7.216274738311768
668,2.7078402042388916,7.209536075592041
669,2.4535486698150635,7.202437877655029
670,2.683238983154297,7.19570255279541
671,2.6468613147735596,7.188933372497559
672,4.881699562072754,7.185505390167236
673,6.199603080749512,7.184042930603027
674,3.532585859298706,7.178633689880371
675,1.9989054203033447,7.170971393585205
676,5.488561630249023,7.168486595153809
677,-0.3879605233669281,7.157341003417969
678,3.4936118125915527,7.1519455909729
679,3.0917952060699463,7.145974636077881
680,3.4393796920776367,7.14053201675415
681,1.7863013744354248,7.132680892944336
682,3.139188289642334,7.126833915710449
683,-0.3023388683795929,7.115972518920898
684,-1.7659140825271606,7.103005886077881
685,1.068544864654541,7.09420919418335
686,-4.790842533111572,7.076909065246582
687,-2.098933696746826,7.063571453094482
688,0.560417115688324,7.054133415222168
689,0.9673432111740112,7.04531192779541
690,0.6159840822219849,7.036007881164551
691,-2.4186556339263916,7.022345066070557
692,-0.1356586217880249,7.012016296386719
693,1.3588827848434448,7.003870487213135
694,-5.117084980010986,6.9864301681518555
695,4.731388568878174,6.983190059661865
696,2.573237657546997,6.976862907409668
697,-6.800193786621094,6.957125186920166
698,0.3195268511772156,6.947628974914551
699,-2.7070703506469727,6.933836460113525
700,4.973513603210449,6.931040287017822
701,2.502256393432617,6.924731731414795
702,-4.807653903961182,6.908042907714844
703,-1.537510871887207,6.896046161651611
704,-2.1864326000213623,6.883162975311279
705,-2.1305103302001953,6.870396137237549
706,3.6816821098327637,6.8658857345581055
707,3.879041910171509,6.861666679382324
708,3.527696371078491,6.856964588165283
709,-6.497777938842773,6.838155269622803
710,-1.12027108669281,6.826962471008301
711,-8.522529602050781,6.805404186248779
712,0.31910932064056396,6.79630708694458
713,-8.828028678894043,6.7744245529174805
714,1.1784019470214844,6.766597270965576
715,2.683851718902588,6.760895729064941
716,-4.1621599197387695,6.74566125869751
717,-1.9864319562911987,6.733500003814697
718,-2.93056058883667,6.720058441162109
719,-0.14647600054740906,6.710521697998047
720,-1.2617093324661255,6.699464797973633
721,2.107671022415161,6.693105220794678
722,2.862698554992676,6.687807083129883
723,-2.1970958709716797,6.675535202026367
724,-1.5768574476242065,6.6641526222229
725,-0.41561615467071533,6.6544013023376465
726,-5.417031288146973,6.637796878814697
727,3.5075738430023193,6.63349723815918
728,-2.4475932121276855,6.621040344238281
729,3.0995421409606934,6.61621618270874
730,-2.515878438949585,6.603723526000977
731,-6.260891437530518,6.586148738861084
732,0.03722914680838585,6.577214241027832
733,-8.966666221618652,6.556037425994873
734,2.311760425567627,6.550262451171875
735,-4.12514591217041,6.535758018493652
736,0.7680439352989197,6.527932167053223
737,-2.0660951137542725,6.516287326812744
738,1.4524085521697998,6.509435176849365
739,3.743684768676758,6.505697727203369
740,6.43695068359375,6.505605220794678
741,4.009836196899414,6.502241134643555
742,-8.29638385772705,6.482324123382568
743,1.5919756889343262,6.47575044631958
744,-7.465353012084961,6.457037925720215
745,5.7419753074646,6.456079483032227
746,-0.64820796251297,6.446568965911865
747,2.3414435386657715,6.441080570220947
748,1.2792620658874512,6.4341888427734375
749,0.5034302473068237,6.426281452178955
750,-2.2913172245025635,6.4146728515625
751,5.082420825958252,6.412901401519775
752,6.723453521728516,6.413314342498779
753,-1.2470983266830444,6.403154373168945
754,-5.594141006469727,6.387263774871826
755,-2.8668699264526367,6.375023365020752
756,2.364673376083374,6.369725704193115
757,-1.0787452459335327,6.359899520874023
758,-2.406710147857666,6.348349094390869
759,-0.17230460047721863,6.33976936340332
760,-2.001741409301758,6.328807830810547
761,1.8816043138504028,6.322971820831299
762,-1.6695728302001953,6.312496662139893
763,2.57191801071167,6.307600498199463
764,1.1504428386688232,6.300858974456787
765,2.5393362045288086,6.2959489822387695
766,1.5893346071243286,6.2898125648498535
767,-2.391625165939331,6.27850866317749
768,0.3351719379425049,6.270779609680176
769,2.8711557388305664,6.266364574432373
770,-4.15355110168457,6.25285005569458
771,-3.8704288005828857,6.239736557006836
772,7.4503068923950195,6.241302490234375
773,-0.9628233909606934,6.23199462890625
774,2.6068644523620605,6.2273173332214355
775,5.19653844833374,6.22598934173584
776,0.09943848848342896,6.218104839324951
777,5.360838890075684,6.217002868652344
778,-8.595489501953125,6.1979875564575195
779,-1.5793378353118896,6.188016891479492
780,-3.669126272201538,6.175395965576172
781,-4.05840539932251,6.162309169769287
782,-2.438225746154785,6.151325225830078
783,-6.808340549468994,6.134795665740967
784,5.793271541595459,6.1343607902526855
785,0.03766029700636864,6.126604080200195
786,0.7522931694984436,6.119775295257568
787,-1.5574826002120972,6.110032558441162
788,2.904161214828491,6.105969429016113
789,2.692615032196045,6.101648330688477
790,6.632796287536621,6.102319717407227
791,-2.6926541328430176,6.091214656829834
792,2.7465269565582275,6.086997032165527
793,0.3621940314769745,6.079787254333496
794,-1.4560527801513672,6.070308208465576
795,2.0572102069854736,6.0652666091918945
796,3.6694297790527344,6.062260627746582
797,-1.9326997995376587,6.052241802215576
798,-13.397895812988281,6.027898788452148
799,-7.822520732879639,6.010585308074951
800,3.4474875926971436,6.00738525390625
801,-5.044116020202637,5.993605613708496
802,3.728874921798706,5.990785121917725
803,1.3338702917099,5.9849934577941895
804,-13.870380401611328,5.960328102111816
805,2.9372000694274902,5.956576824188232
806,2.5972537994384766,5.952414035797119
807,-0.24973437190055847,5.944738388061523
808,-4.33486795425415,5.932031631469727
809,0.4727459251880646,5.925291538238525
810,-4.681923866271973,5.912212371826172
811,-0.9059696793556213,5.903815746307373
812,3.0258588790893555,5.900275707244873
813,0.30570751428604126,5.893403053283691
814,0.3574618697166443,5.886610507965088
815,2.8402554988861084,5.882877349853516
816,1.6935241222381592,5.877748966217041
817,-3.2263612747192383,5.866619110107422
818,-0.7997468113899231,5.8584794998168945
819,-0.10197810083627701,5.851210594177246
820,-0.11932260543107986,5.84393835067749
821,-4.259501934051514,5.8316473960876465
822,-4.6025471687316895,5.818969249725342
823,-1.697773814201355,5.809846878051758
824,3.1256911754608154,5.806593418121338
825,-3.0465362071990967,5.795875549316406
826,-6.591468811035156,5.78089714050293
827,0.788963794708252,5.774868011474609
828,4.140256881713867,5.7728962898254395
829,-0.9388926029205322,5.764809608459473
830,-7.329375267028809,5.749052047729492
831,-4.387819290161133,5.736868858337402
832,-0.4315154254436493,5.729463577270508
833,-4.5452375411987305,5.717143535614014
834,-2.83327054977417,5.706902980804443
835,0.8426196575164795,5.701084613800049
836,0.38141465187072754,5.694729328155518
837,-4.12526798248291,5.683010578155518
838,-10.340320587158203,5.663912296295166
839,1.3839542865753174,5.658816814422607
840,0.9564398527145386,5.653225898742676
841,0.6614816188812256,5.647297382354736
842,-1.5744054317474365,5.638731002807617
843,-1.4671711921691895,5.630311489105225
844,-0.48166531324386597,5.6230788230896
845,-1.717294692993164,5.6144022941589355
846,-3.443337917327881,5.603708267211914
847,0.6472947597503662,5.597863674163818
848,-5.547606468200684,5.584735870361328
849,-7.100367546081543,5.569812297821045
850,1.8331457376480103,5.565421104431152
851,-1.7148125171661377,5.556876182556152
852,-0.9788730144500732,5.549213886260986
853,-4.237894535064697,5.537753582000732
854,-3.3150110244750977,5.52739953994751
855,-2.579118251800537,5.517929553985596
856,-2.5231001377105713,5.508546829223633
857,-1.2753674983978271,5.500640392303467
858,0.08730994164943695,5.494338512420654
859,-1.8426823616027832,5.485806941986084
860,-1.775824785232544,5.477373123168945
861,-2.87374210357666,5.467685222625732
862,-2.1314377784729004,5.458879470825195
863,-7.169003963470459,5.444263935089111
864,1.3421001434326172,5.439521789550781
865,-2.6360604763031006,5.430196762084961
866,-3.8621325492858887,5.419478416442871
867,2.5255560874938965,5.416144371032715
868,-4.431910037994385,5.404811382293701
869,12.302651405334473,5.412740230560303
870,10.946510314941406,5.419093132019043
871,10.885589599609375,5.425362586975098
872,12.299633026123047,5.433237075805664
873,11.680736541748047,5.440384864807129
874,12.303096771240234,5.448228359222412
875,13.471521377563477,5.457387447357178
876,9.705439567565918,5.462231636047363
877,14.308427810668945,5.472307205200195
878,13.033041954040527,5.4809088706970215
879,11.96850299835205,5.488280773162842
880,7.082690715789795,5.490090370178223
881,11.560224533081055,5.496972560882568
882,12.889656066894531,5.505344390869141
883,13.003381729125977,5.513826370239258
884,12.136859893798828,5.521309852600098
885,12.040572166442871,5.52866792678833
886,13.384449005126953,5.537524223327637
887,12.623920440673828,5.545504570007324
888,13.233987808227539,5.554152965545654
889,14.242918014526367,5.563915252685547
890,13.32431411743164,5.572625160217285
891,13.095235824584961,5.581058502197266
892,13.06505298614502,5.5894389152526855
893,12.738448143005371,5.597435474395752
894,12.097217559814453,5.6046977043151855
895,11.543292999267578,5.611325740814209
896,14.351449012756348,5.62106990814209
897,10.920488357543945,5.626971244812012
898,14.425045013427734,5.6367573738098145
899,12.206033706665039,5.64405632019043
900,14.132503509521484,5.653477668762207
901,11.450695037841797,5.659904479980469
902,9.24669361114502,5.663876533508301
903,10.800092697143555,5.669558525085449
904,8.932406425476074,5.673163890838623
905,13.506038665771484,5.681809425354004
906,9.917329788208008,5.686479091644287
907,13.468092918395996,5.69504976272583
908,7.6921916007995605,5.69724702835083
909,13.966775894165039,5.706334114074707
910,15.54029655456543,5.717129230499268
911,10.850503921508789,5.722757816314697
912,13.056596755981445,5.730790615081787
913,8.340328216552734,5.733645915985107
914,11.98671817779541,5.740479946136475
915,9.890100479125977,5.745009899139404
916,8.702531814575195,5.74823522567749
917,14.206768035888672,5.757449150085449
918,11.688557624816895,5.7639031410217285
919,14.021032333374023,5.772878170013428
920,8.408591270446777,5.775740146636963
921,16.290019989013672,5.787143707275391
922,11.12026309967041,5.792921543121338
923,10.062359809875488,5.797542572021484
924,12.1653470993042,5.804426670074463
925,10.298018455505371,5.809279441833496
926,14.180665969848633,5.818309783935547
927,13.248454093933105,5.8263163566589355
928,11.971305847167969,5.832931041717529
929,12.292905807495117,5.839877128601074
930,13.061532974243164,5.847634315490723
931,12.738288879394531,5.855027675628662
932,14.073385238647461,5.86383581161499
933,13.24555492401123,5.871739387512207
934,14.140213966369629,5.880582809448242
935,12.516740798950195,5.887672424316406
936,13.552558898925781,5.895852565765381
937,13.462885856628418,5.9039201736450195
938,11.977640151977539,5.910387992858887
939,12.14030647277832,5.917015552520752
940,13.581823348999023,5.925161361694336
941,12.143314361572266,5.931762218475342
942,11.336617469787598,5.937493801116943
943,12.503484725952148,5.944449424743652
944,11.815672874450684,5.950661659240723
945,12.023334503173828,5.957081317901611
946,12.349258422851562,5.963830947875977
947,9.139875411987305,5.967181205749512
948,14.908747673034668,5.976603031158447
949,9.787429809570312,5.98061466217041
950,12.203656196594238,5.987158298492432
951,13.955347061157227,5.995528697967529
952,11.74284553527832,6.001559257507324
953,11.203716278076172,6.007011890411377
954,10.942717552185059,6.012180328369141
955,11.33747673034668,6.0177507400512695
956,10.607895851135254,6.022547245025635
957,11.142577171325684,6.027891635894775
958,12.6607084274292,6.034808158874512
959,11.329656600952148,6.040323257446289
960,13.945294380187988,6.048549175262451
961,14.220314025878906,6.057043552398682
962,12.880228996276855,6.06412935256958
963,12.789789199829102,6.071105480194092
964,9.712246894836426,6.074879169464111
965,12.281146049499512,6.08130407333374
966,10.00436019897461,6.085361003875732
967,9.712861061096191,6.089108467102051
968,13.763798713684082,6.0970282554626465
969,11.373747825622559,6.102468013763428
970,10.348626136779785,6.106841087341309
971,14.69096565246582,6.115672588348389
972,12.556509017944336,6.1222920417785645
973,9.543313980102539,6.125804424285889
974,13.357358932495117,6.133221626281738
975,12.017387390136719,6.139250755310059
976,13.212261199951172,6.146490573883057
977,15.085545539855957,6.155630588531494
978,15.830146789550781,6.165512561798096
979,13.116683959960938,6.172605514526367
980,11.864672660827637,6.178407669067383
981,11.421361923217773,6.183746814727783
982,14.660722732543945,6.192370414733887
983,11.241072654724121,6.197501182556152
984,15.014409065246582,6.2064528465271
985,12.779306411743164,6.213119029998779
986,11.872627258300781,6.218852996826172
987,8.85601806640625,6.221521854400635
988,14.40964126586914,6.229801177978516
989,10.74144172668457,6.234358310699463
990,14.233345985412598,6.242429733276367
991,12.685842514038086,6.248925685882568
992,13.300766944885254,6.2560272216796875
993,11.894193649291992,6.261699199676514
994,11.928838729858398,6.267394542694092
995,11.80869197845459,6.272958278656006
996,11.742926597595215,6.278444766998291
997,9.664244651794434,6.281836986541748
998,11.478771209716797,6.287039279937744
999,13.667487144470215,6.294419765472412
1000,11.552958488464355,6.299673080444336
1001,13.696100234985352,6.3070549964904785
1002,11.804051399230957,6.312535762786865
1003,12.19286823272705,6.318392276763916
1004,12.710227012634277,6.3247528076171875
1005,12.211722373962402,6.330604553222656
1006,12.462048530578613,6.336693286895752
1007,13.08590030670166,6.34338903427124
1008,11.838478088378906,6.348834991455078
1009,11.511992454528809,6.353947162628174
1010,10.972062110900879,6.35851526260376
1011,11.425300598144531,6.363522052764893
1012,12.575685501098633,6.369654655456543
1013,10.369172096252441,6.373598575592041
1014,11.574231147766113,6.378722667694092
1015,13.187661170959473,6.3854241371154785
1016,12.094621658325195,6.391037940979004
1017,11.01938247680664,6.395584583282471
1018,13.109879493713379,6.4021735191345215
1019,12.570300102233887,6.4082207679748535
1020,12.040399551391602,6.4137372970581055
1021,12.698095321655273,6.419886589050293
1022,12.907808303833008,6.4262285232543945
1023,12.812780380249023,6.432465553283691
1024,13.887680053710938,6.439738750457764
1025,11.48599624633789,6.444657325744629
1026,13.073179244995117,6.451111316680908
1027,12.055984497070312,6.456563949584961
1028,11.376317977905273,6.461345195770264
1029,11.687389373779297,6.466419219970703
1030,12.054890632629395,6.471839427947998
1031,12.807525634765625,6.477978706359863
1032,12.78852653503418,6.4840874671936035
1033,9.609368324279785,6.487110137939453
1034,14.28451919555664,6.4946441650390625
1035,11.692265510559082,6.499660968780518
1036,9.997087478637695,6.503033638000488
1037,10.351146697998047,6.506741046905518
1038,11.394671440124512,6.511445045471191
1039,10.743861198425293,6.515514850616455
1040,11.126431465148926,6.519944190979004
1041,9.656132698059082,6.522953987121582
1042,9.161645889282227,6.52548360824585
1043,11.886188507080078,6.530618667602539
1044,9.24456787109375,6.533215522766113
1045,13.972350120544434,6.540327548980713
1046,9.757087707519531,6.543400287628174
1047,11.983367919921875,6.548591136932373
1048,12.512504577636719,6.554276466369629
1049,13.678050994873047,6.561061382293701
1050,13.176494598388672,6.567355632781982
1051,12.457263946533203,6.572954177856445
1052,9.254261016845703,6.57550048828125
1053,12.824167251586914,6.5814290046691895
1054,12.352750778198242,6.586899280548096
1055,11.098676681518555,6.591171741485596
1056,9.037699699401855,6.593486309051514
1057,11.8010892868042,6.5984086990356445
1058,11.872197151184082,6.60338830947876
1059,11.824417114257812,6.60831356048584
1060,12.127510070800781,6.613515377044678
1061,12.09298324584961,6.6186747550964355
1062,13.264616966247559,6.624927043914795
1063,12.370973587036133,6.6303277015686035
1064,11.46557331085205,6.634867191314697
1065,12.288686752319336,6.640171051025391
1066,12.360639572143555,6.645532608032227
1067,12.305917739868164,6.650832653045654
1068,13.055244445800781,6.656823635101318
1069,10.933151245117188,6.660820007324219
1070,9.438846588134766,6.663414001464844
1071,10.97083568572998,6.6674323081970215
1072,10.982667922973633,6.671453952789307
1073,9.609722137451172,6.674190044403076
1074,12.601198196411133,6.679703235626221
1075,11.550722122192383,6.684230327606201
1076,11.483040809631348,6.688685894012451
1077,11.19314956665039,6.692864894866943
1078,13.283458709716797,6.698973178863525
1079,13.460134506225586,6.705233097076416
1080,12.617836952209473,6.710702419281006
1081,11.952595710754395,6.71554708480835
1082,13.977731704711914,6.72225284576416
1083,10.943116188049316,6.726146697998047
1084,12.45063591003418,6.7314229011535645
1085,13.25699234008789,6.737431526184082
1086,11.64676284790039,6.741948127746582
1087,10.459080696105957,6.745364665985107
1088,12.247564315795898,6.7504167556762695
1089,12.435027122497559,6.755632400512695
1090,11.835354804992676,6.760288238525391
1091,11.328462600708008,6.764472007751465
1092,12.330333709716797,6.769564151763916
1093,11.158544540405273,6.773576259613037
1094,13.047683715820312,6.779306411743164
1095,12.67789077758789,6.7846879959106445
1096,10.444406509399414,6.788023948669434
1097,11.851438522338867,6.792635440826416
1098,13.369861602783203,6.798620223999023
1099,11.804161071777344,6.803170680999756
1100,12.87260913848877,6.808683395385742
1101,10.79659652709961,6.812302112579346
1102,10.662646293640137,6.815792560577393
1103,13.105073928833008,6.821489334106445
1104,10.240755081176758,6.824583530426025
1105,12.321166038513184,6.829553604125977
1106,10.23426628112793,6.832629203796387
1107,11.410807609558105,6.836760997772217
1108,11.026704788208008,6.840539455413818
1109,11.497511863708496,6.844735145568848
1110,12.711501121520996,6.850015640258789
1111,12.828511238098145,6.855391979217529
1112,12.922037124633789,6.860842704772949
1113,13.568829536437988,6.866864204406738
1114,10.670169830322266,6.870275497436523
1115,13.505041122436523,6.876220226287842
1116,14.13062572479248,6.882715225219727
1117,11.821598052978516,6.88713264465332
1118,13.644980430603027,6.893171787261963
1119,13.883575439453125,6.899413585662842
1120,12.554530143737793,6.904458522796631
1121,13.182268142700195,6.910053730010986
1122,13.233119010925293,6.915683746337891
1123,11.945390701293945,6.920158863067627
1124,14.27031421661377,6.926692485809326
1125,13.21183967590332,6.932274341583252
1126,12.607233047485352,6.937309741973877
1127,13.930071830749512,6.943509101867676
1128,13.453827857971191,6.949275493621826
1129,14.31086540222168,6.955790042877197
1130,12.272156715393066,6.960490703582764
1131,13.324777603149414,6.9661126136779785
1132,13.705795288085938,6.9720611572265625
1133,11.970479965209961,6.976469039916992
1134,14.233556747436523,6.982862949371338
1135,12.318723678588867,6.987559795379639
1136,11.680502891540527,6.991687774658203
1137,12.371118545532227,6.996414661407471
1138,13.998050689697266,7.002562046051025
1139,14.374070167541504,7.00902795791626
1140,12.333230018615723,7.0136942863464355
1141,13.207751274108887,7.019117832183838
1142,12.937032699584961,7.024295330047607
1143,13.597965240478516,7.030041694641113
1144,12.896672248840332,7.035165309906006
1145,11.217004776000977,7.038814067840576
1146,12.77586841583252,7.043816089630127
1147,8.097570419311523,7.044734001159668
1148,4.221826076507568,7.042276859283447
1149,6.725188255310059,7.042001247406006
1150,7.698903560638428,7.042571544647217
1151,8.075349807739258,7.043467998504639
1152,7.023621082305908,7.043450832366943
1153,7.2142744064331055,7.043598651885986
1154,7.738840103149414,7.044200420379639
1155,5.223695755004883,7.042625904083252
1156,7.701859951019287,7.0431952476501465
1157,7.612831115722656,7.043687343597412
1158,7.469450950622559,7.0440545082092285
1159,7.8299479484558105,7.044732093811035
1160,8.469847679138184,7.04595947265625
1161,7.111011505126953,7.04601526260376
1162,7.419609069824219,7.046336650848389
1163,8.853979110717773,7.047889232635498
1164,8.072672843933105,7.048768520355225
1165,8.613981246948242,7.050111293792725
1166,7.363568305969238,7.050379753112793
1167,6.299477577209473,7.049736976623535
1168,6.65313720703125,7.049397945404053
1169,7.137485504150391,7.049473285675049
1170,7.971128940582275,7.050260066986084
1171,7.1046953201293945,7.05030632019043
1172,8.103179931640625,7.051204204559326
1173,6.185175895690918,7.050467014312744
1174,8.507779121398926,7.0517072677612305
1175,8.602155685424805,7.053025722503662
1176,8.828365325927734,7.054533958435059
1177,9.191116333007812,7.056347846984863
1178,5.858479022979736,7.055331707000732
1179,7.325802326202393,7.055561542510986
1180,7.992176532745361,7.056354522705078
1181,8.61146068572998,7.0576701164245605
1182,7.372769832611084,7.057936668395996
1183,8.547118186950684,7.059194087982178
1184,5.572608947753906,7.057939529418945
1185,9.248753547668457,7.059786796569824
1186,7.89433479309082,7.060490131378174
1187,8.103408813476562,7.061367988586426
1188,7.899456024169922,7.06207275390625
1189,7.938365459442139,7.062809467315674
1190,7.412042617797852,7.063102722167969
1191,6.2386674880981445,7.062410831451416
1192,7.219691753387451,7.06254243850708
1193,9.526413917541504,7.064606189727783
1194,6.310553550720215,7.063974857330322
1195,7.952966690063477,7.064718723297119
1196,6.52387809753418,7.064266204833984
1197,8.95775032043457,7.065846920013428
1198,9.12341022491455,7.067562580108643
1199,9.146848678588867,7.069295406341553
1200,9.480016708374023,7.071302890777588
1201,10.559306144714355,7.074204921722412
1202,5.221225738525391,7.072665214538574
1203,8.16452407836914,7.073571681976318
1204,8.134981155395508,7.074451923370361
1205,8.407075881958008,7.075557231903076
1206,7.370361328125,7.075801372528076
1207,5.808682918548584,7.074752330780029
1208,7.758725166320801,7.075317859649658
1209,4.676937580108643,7.073335647583008
1210,9.525579452514648,7.0753607749938965
1211,5.578038215637207,7.074125289916992
1212,6.816076755523682,7.073912620544434
1213,8.423877716064453,7.075024604797363
1214,7.715721607208252,7.075551986694336
1215,9.073556900024414,7.077195167541504
1216,3.870516061782837,7.074559688568115
1217,1.6141539812088013,7.070076942443848
1218,6.67207670211792,7.0697503089904785
1219,7.587375640869141,7.070174217224121
1220,4.853804588317871,7.068358421325684
1221,8.937700271606445,7.069888114929199
1222,9.672185897827148,7.072015762329102
1223,7.740841865539551,7.072562217712402
1224,9.761736869812012,7.0747575759887695
1225,8.04714584350586,7.075550556182861
1226,9.665914535522461,7.077661991119385
1227,8.755162239074707,7.0790276527404785
1228,9.708512306213379,7.081167697906494
1229,8.645496368408203,7.082439422607422
1230,8.999784469604492,7.0839972496032715
1231,8.650100708007812,7.085268497467041
1232,7.373319149017334,7.085501670837402
1233,8.39805793762207,7.086565971374512
1234,8.000055313110352,7.087305545806885
1235,7.121654033660889,7.087333679199219
1236,7.7455854415893555,7.087865352630615
1237,9.172142028808594,7.089548587799072
1238,7.952905654907227,7.090245723724365
1239,9.197080612182617,7.091945171356201
1240,9.386336326599121,7.093793869018555
1241,10.705084800720215,7.096701622009277
1242,8.168251037597656,7.097563743591309
1243,8.512303352355957,7.098701000213623
1244,8.549334526062012,7.09986686706543
1245,8.674382209777832,7.101130485534668
1246,3.3129074573516846,7.098092555999756
1247,10.465911865234375,7.100790977478027
1248,8.0714693069458,7.10156774520874
1249,8.464106559753418,7.102657794952393
1250,7.52276611328125,7.102993488311768
1251,9.38424301147461,7.1048150062561035
1252,9.692299842834473,7.106880187988281
1253,8.954161643981934,7.108353137969971
1254,6.654656410217285,7.107991695404053
1255,9.179717063903809,7.109641075134277
1256,9.324070930480957,7.11140251159668
1257,9.566045761108398,7.113354206085205
1258,7.903787612915039,7.1139817237854
1259,8.223958015441895,7.114862442016602
1260,7.626690864562988,7.115268230438232
1261,8.308506965637207,7.116213798522949
1262,8.494842529296875,7.117305755615234
1263,8.673828125,7.118537425994873
1264,8.266480445861816,7.119444847106934
1265,4.994553565979004,7.1177659034729
1266,8.063746452331543,7.1185126304626465
1267,8.909049987792969,7.119924545288086
1268,8.966123580932617,7.121379375457764
1269,9.243932723999023,7.123050689697266
1270,8.122332572937012,7.123836517333984
1271,9.422008514404297,7.125643253326416
1272,10.897283554077148,7.12860631942749
1273,9.3697509765625,7.13036584854126
1274,10.051944732666016,7.132657051086426
1275,7.204277515411377,7.1327128410339355
1276,9.004079818725586,7.134178161621094
1277,8.179790496826172,7.13499641418457
1278,9.31355094909668,7.136699676513672
1279,6.029648303985596,7.135834693908691
1280,9.882162094116211,7.1379780769348145
1281,9.62960147857666,7.139922142028809
1282,8.759968757629395,7.141184329986572
1283,9.092968940734863,7.142704486846924
1284,9.268367767333984,7.1443586349487305
1285,8.568514823913574,7.145465850830078
1286,8.185836791992188,7.146274089813232
1287,9.431855201721191,7.148048400878906
1288,9.037409782409668,7.149514198303223
1289,8.874551773071289,7.150851726531982
1290,8.711926460266113,7.1520609855651855
1291,9.538579940795898,7.1539082527160645
1292,8.954222679138184,7.155300617218018
1293,8.966970443725586,7.156700611114502
1294,9.322434425354004,7.15837287902832
1295,9.121576309204102,7.159887313842773
1296,9.344305038452148,7.161571979522705
1297,7.66439962387085,7.161958694458008
1298,9.243620872497559,7.16356086730957
1299,8.17391300201416,7.164338111877441
1300,7.249002933502197,7.164403438568115
1301,8.188493728637695,7.165189743041992
1302,7.035335540771484,7.165090084075928
1303,6.837977886199951,7.164839267730713
1304,6.525578022003174,7.16434907913208
1305,5.872515678405762,7.163359642028809
1306,9.090774536132812,7.164834499359131
1307,5.121579170227051,7.163271903991699
1308,8.058979034423828,7.1639556884765625
1309,7.972672462463379,7.1645731925964355
1310,8.495963096618652,7.165588855743408
1311,8.606806755065918,7.16668701171875
1312,7.369264602661133,7.16684103012085
1313,7.357842922210693,7.166986465454102
1314,8.84874439239502,7.168264865875244
1315,8.839746475219727,7.169535160064697
1316,6.824090003967285,7.1692728996276855
1317,10.149150848388672,7.171534061431885
1318,9.550114631652832,7.173337459564209
1319,11.174537658691406,7.176368713378906
1320,9.212024688720703,7.1779093742370605
1321,10.675542831420898,7.18055534362793
1322,9.354244232177734,7.182198524475098
1323,9.499994277954102,7.1839494705200195
1324,9.499011039733887,7.185696601867676
1325,10.616456031799316,7.188283443450928
1326,8.46894645690918,7.189248561859131
1327,11.040721893310547,7.1921491622924805
1328,7.5886077880859375,7.192447662353516
1329,7.330698490142822,7.192551612854004
1330,8.075408935546875,7.1932148933410645
1331,8.70613956451416,7.194350719451904
1332,8.596714973449707,7.1954026222229
1333,8.889731407165527,7.196672439575195
1334,10.615200996398926,7.199233531951904
1335,8.604328155517578,7.2002854347229
1336,11.074583053588867,7.203182697296143
1337,9.434908866882324,7.204850196838379
1338,9.44172191619873,7.2065205574035645
1339,8.822015762329102,7.20772647857666
1340,10.194561004638672,7.209953784942627
1341,10.338044166564941,7.212284564971924
1342,9.419333457946777,7.213927745819092
1343,8.120706558227539,7.214602470397949
1344,6.087100505828857,7.213764190673828
1345,8.954877853393555,7.215057849884033
1346,9.192472457885742,7.216525554656982
1347,9.597603797912598,7.218292236328125
1348,8.534589767456055,7.21926736831665
1349,8.946783065795898,7.220547676086426
1350,10.890031814575195,7.223263263702393
1351,9.577333450317383,7.22500467300415
1352,9.679293632507324,7.226818561553955
1353,7.957983493804932,7.227358818054199
1354,8.608135223388672,7.228377819061279
1355,10.278411865234375,7.230627059936523
1356,8.926536560058594,7.231877326965332
1357,8.590620040893555,7.232877731323242
1358,7.19788122177124,7.232852458953857
1359,8.625472068786621,7.233875751495361
1360,8.988407135009766,7.235165119171143
1361,9.269311904907227,7.236658573150635
1362,6.277231693267822,7.235954761505127
1363,7.272722244262695,7.235981464385986
1364,8.825610160827637,7.237145900726318
1365,9.900862693786621,7.239095687866211
1366,9.213810920715332,7.240540027618408
1367,9.24951457977295,7.242009162902832
1368,10.598536491394043,7.2444610595703125
1369,7.723659992218018,7.244810581207275
1370,7.075942039489746,7.244687557220459
1371,7.618887424468994,7.244960784912109
1372,5.95738410949707,7.244022369384766
1373,7.997426509857178,7.244570732116699
1374,10.691545486450195,7.247077465057373
1375,8.65389633178711,7.248100280761719
1376,10.635017395019531,7.250559329986572
1377,10.031038284301758,7.252577304840088
1378,10.537580490112305,7.2549591064453125
1379,10.887540817260742,7.257591724395752
1380,10.6099853515625,7.260019302368164
1381,9.983200073242188,7.261990070343018
1382,9.713966369628906,7.263762950897217
1383,11.42567253112793,7.266770362854004
1384,9.417135238647461,7.268322944641113
1385,9.260089874267578,7.269759654998779
1386,8.404170989990234,7.270577430725098
1387,7.722238540649414,7.27090311050415
1388,8.824368476867676,7.272021293640137
1389,9.273584365844727,7.27346134185791
1390,7.510000228881836,7.2736310958862305
1391,9.507259368896484,7.275235652923584
1392,9.71589183807373,7.276987552642822
1393,9.751161575317383,7.278762340545654
1394,7.448709011077881,7.278883934020996
1395,9.672566413879395,7.2805986404418945
1396,8.110260963439941,7.281192779541016
1397,9.738024711608887,7.282950401306152
1398,9.335528373718262,7.284417629241943
1399,5.825626850128174,7.283375263214111
1400,6.714223861694336,7.282968997955322
1401,9.547611236572266,7.2845845222473145
1402,10.06142520904541,7.286563873291016
1403,7.998323440551758,7.287070274353027
1404,9.37246036529541,7.2885541915893555
1405,8.786346435546875,7.289619445800781
1406,8.85397720336914,7.290730953216553
1407,8.691553115844727,7.2917256355285645
1408,8.142069816589355,7.292328834533691
1409,9.699946403503418,7.294036865234375
1410,9.046815872192383,7.295279026031494
1411,9.479066848754883,7.296825885772705
1412,8.96192455291748,7.298004150390625
1413,8.234018325805664,7.298666477203369
1414,7.867111682891846,7.299068450927734
1415,9.034688949584961,7.300294399261475
1416,8.807555198669434,7.301358222961426
1417,9.304083824157715,7.302770137786865
1418,8.347784042358398,7.303506374359131
1419,6.918918609619141,7.3032355308532715
1420,8.271242141723633,7.303916931152344
1421,8.914573669433594,7.305049896240234
1422,5.852863311767578,7.30402946472168
1423,6.5238261222839355,7.303481101989746
1424,8.323786735534668,7.304197311401367
1425,9.68097972869873,7.305863857269287
1426,10.96783447265625,7.308430194854736
1427,11.832185745239258,7.31159782409668
1428,8.88098430633545,7.3126959800720215
1429,10.446245193481445,7.314887523651123
1430,11.383005142211914,7.317729949951172
1431,11.789709091186523,7.320853233337402
1432,11.912718772888184,7.3240580558776855
1433,11.485734939575195,7.326959609985352
1434,8.317336082458496,7.32765007019043
1435,14.438981056213379,7.332602500915527
1436,9.696266174316406,7.334247589111328
1437,11.703076362609863,7.33728551864624
1438,13.052011489868164,7.341256618499756
1439,10.635415077209473,7.3435444831848145
1440,8.269747734069824,7.344187259674072
1441,10.674572944641113,7.346497058868408
1442,11.110588073730469,7.349105358123779
1443,10.202817916870117,7.351081848144531
1444,7.813742637634277,7.3514018058776855
1445,12.943014144897461,7.355268955230713
1446,10.368824005126953,7.357351779937744
1447,11.621604919433594,7.360296726226807
1448,9.936394691467285,7.362074851989746
1449,10.334943771362305,7.3641252517700195
1450,11.125718116760254,7.36671781539917
1451,8.927094459533691,7.367792129516602
1452,11.154376983642578,7.370398044586182
1453,13.42639446258545,7.374563217163086
1454,10.675753593444824,7.376832485198975
1455,11.777212142944336,7.379854679107666
1456,9.729286193847656,7.381467342376709
1457,12.903529167175293,7.385254383087158
1458,8.552786827087402,7.386054992675781
1459,10.627622604370117,7.388275146484375
1460,13.398770332336426,7.392388820648193
1461,9.203009605407715,7.393627643585205
1462,9.917047500610352,7.395352363586426
1463,9.696633338928223,7.396924018859863
1464,10.01067066192627,7.398708343505859
1465,10.491127967834473,7.400817394256592
1466,13.449158668518066,7.404940605163574
1467,9.786274909973145,7.406562805175781
1468,13.647193908691406,7.410810947418213
1469,10.464029312133789,7.412888050079346
1470,9.128345489501953,7.414053916931152
1471,10.066317558288574,7.415855884552002
1472,8.614903450012207,7.416669845581055
1473,10.469101905822754,7.418740749359131
1474,9.582362174987793,7.4202070236206055
1475,11.138753890991211,7.422726631164551
1476,11.431859970092773,7.425440788269043
1477,12.302556991577148,7.428740501403809
1478,12.51807975769043,7.4321818351745605
1479,10.871256828308105,7.434505462646484
1480,8.79067325592041,7.435421466827393
1481,10.015832901000977,7.437162399291992
1482,9.785743713378906,7.438746452331543
1483,11.116133689880371,7.441224575042725
1484,10.539441108703613,7.443310737609863
1485,12.778495788574219,7.446900844573975
1486,9.256695747375488,7.448118209838867
1487,10.546059608459473,7.450200080871582
1488,12.805076599121094,7.453795909881592
1489,9.113542556762695,7.454909801483154
1490,8.974783897399902,7.455928802490234
1491,9.808309555053711,7.457505702972412
1492,10.507699966430664,7.4595489501953125
1493,11.80829906463623,7.462460041046143
1494,10.359870910644531,7.464398384094238
1495,11.11925220489502,7.466841220855713
1496,9.050395965576172,7.467899322509766
1497,10.662375450134277,7.47003173828125
1498,11.001565933227539,7.472387790679932
1499,10.277060508728027,7.474257946014404
1500,6.4728240966796875,7.47359037399292
1501,10.60844612121582,7.475677490234375
1502,7.943957328796387,7.47598934173584
1503,8.703001022338867,7.476805210113525
1504,12.3894681930542,7.480069637298584
1505,10.617145538330078,7.482152938842773
1506,11.76270580291748,7.484992980957031
1507,10.166269302368164,7.486771106719971
1508,8.641044616699219,7.4875359535217285
1509,9.165410041809082,7.488646507263184
1510,9.643603324890137,7.490072727203369
1511,8.802839279174805,7.490941047668457
1512,8.621543884277344,7.491687774658203
1513,10.320740699768066,7.493556022644043
1514,10.62488079071045,7.4956231117248535
1515,9.223295211791992,7.496763229370117
1516,10.483467102050781,7.49873161315918
1517,9.4179048538208,7.499996185302734
1518,10.281641006469727,7.501827239990234
1519,10.217829704284668,7.5036139488220215
1520,8.261443138122559,7.504112243652344
1521,10.10988998413086,7.505824565887451
1522,11.203409194946289,7.508252143859863
1523,9.784404754638672,7.5097455978393555
1524,10.400672912597656,7.511641502380371
1525,12.321967124938965,7.514793872833252
1526,9.855700492858887,7.516326427459717
1527,11.078269958496094,7.518657684326172
1528,10.036520957946777,7.520304203033447
1529,10.952791213989258,7.522547721862793
1530,10.671998023986816,7.524604797363281
1531,11.301637649536133,7.52707052230835
1532,9.072855949401855,7.528079032897949
1533,9.784153938293457,7.529549598693848
1534,10.486120223999023,7.531476020812988
1535,10.790332794189453,7.533597469329834
1536,11.663360595703125,7.53628396987915
1537,9.65095329284668,7.537659168243408
1538,10.11314582824707,7.539332866668701
1539,8.548701286315918,7.5399885177612305
1540,11.889925956726074,7.542810916900635
1541,11.56576156616211,7.545419692993164
1542,10.522293090820312,7.547348976135254
1543,10.396910667419434,7.5491943359375
1544,9.780080795288086,7.550638198852539
1545,5.871592044830322,7.5495524406433105
1546,11.459737777709961,7.552080154418945
1547,12.258721351623535,7.555120944976807
1548,11.56638240814209,7.557710647583008
1549,10.503595352172852,7.5596113204956055
1550,9.40230941772461,7.5607991218566895
1551,8.235623359680176,7.561233997344971
1552,10.826457977294922,7.563336372375488
1553,12.394133567810059,7.566445350646973
1554,10.789656639099121,7.568518161773682
1555,9.908384323120117,7.570022106170654
1556,10.476454734802246,7.571888446807861
1557,9.512663841247559,7.573134422302246
1558,12.57382869720459,7.5763421058654785
1559,11.951641082763672,7.579146862030029
1560,11.05970287322998,7.581376075744629
1561,9.940653800964355,7.582886695861816
1562,10.687464714050293,7.584872722625732
1563,11.177939414978027,7.587170124053955
1564,11.191875457763672,7.589473247528076
1565,11.55036735534668,7.592002868652344
1566,10.055542945861816,7.5935750007629395
1567,10.428901672363281,7.595383167266846
1568,9.535848617553711,7.596620082855225
1569,11.58408260345459,7.5991597175598145
1570,9.804399490356445,7.6005635261535645
1571,11.039060592651367,7.602750778198242
1572,11.57797622680664,7.605278015136719
1573,9.85969352722168,7.606710433959961
1574,12.612442016601562,7.609888553619385
1575,10.582155227661133,7.611774444580078
1576,12.500452995300293,7.614873886108398
1577,10.518237113952637,7.616714000701904
1578,12.282955169677734,7.619669437408447
1579,10.651823043823242,7.621588230133057
1580,10.805265426635742,7.623602390289307
1581,8.960477828979492,7.624447345733643
1582,13.558311462402344,7.6281962394714355
1583,11.294737815856934,7.6305108070373535
1584,13.326401710510254,7.6341047286987305
1585,10.507436752319336,7.635916233062744
1586,11.444791793823242,7.6383161544799805
1587,8.743121147155762,7.639011859893799
1588,11.789888381958008,7.641624450683594
1589,10.137839317321777,7.643194198608398
1590,12.79766845703125,7.6464338302612305
1591,10.241398811340332,7.648064136505127
1592,12.365211486816406,7.651025295257568
1593,11.664546966552734,7.653542518615723
1594,8.688365936279297,7.654191493988037
1595,11.519598007202148,7.656613349914551
1596,11.84801959991455,7.659237861633301
1597,11.245800018310547,7.661482334136963
1598,12.963382720947266,7.664798259735107
1599,12.759675025939941,7.667982578277588
1600,10.662373542785645,7.6698527336120605
1601,13.05933952331543,7.673217296600342
1602,12.65474796295166,7.676324844360352
1603,11.430929183959961,7.6786651611328125
1604,12.278839111328125,7.68153190612793
1605,12.094222068786621,7.684278964996338
1606,10.99571704864502,7.686339855194092
1607,7.989370346069336,7.686528205871582
1608,13.82771110534668,7.690345287322998
1609,10.322843551635742,7.691980838775635
1610,11.334234237670898,7.694241523742676
1611,11.429071426391602,7.696557998657227
1612,11.506624221801758,7.698920249938965
1613,11.755112648010254,7.701433181762695
1614,11.191488265991211,7.703594207763672
1615,11.124783515930176,7.705711364746094
1616,13.045721054077148,7.709013938903809
1617,13.058187484741211,7.712320327758789
1618,11.791496276855469,7.714839458465576
1619,14.341472625732422,7.718930244445801
1620,10.916738510131836,7.720902919769287
1621,14.138214111328125,7.724859714508057
1622,11.935586929321289,7.72745418548584
1623,11.642446517944336,7.729865074157715
1624,13.378026962280273,7.733340740203857
1625,12.408769607543945,7.7362165451049805
1626,13.01259994506836,7.73945951461792
1627,12.590680122375488,7.742439270019531
1628,12.528728485107422,7.745377540588379
1629,8.86803150177002,7.746066093444824
1630,11.420478820800781,7.748319149017334
1631,11.436817169189453,7.750579357147217
1632,10.049886703491211,7.751986980438232
1633,11.874302864074707,7.754509925842285
1634,11.6077241897583,7.756866455078125
1635,8.289922714233398,7.757192134857178
1636,12.895078659057617,7.760331153869629
1637,11.660327911376953,7.762712001800537
1638,10.917597770690918,7.764636993408203
1639,14.413386344909668,7.768691062927246
1640,11.497005462646484,7.770963191986084
1641,7.919826030731201,7.771053791046143
1642,11.28729248046875,7.773193836212158
1643,13.017273902893066,7.776383876800537
1644,12.730220794677734,7.779395580291748
1645,10.788835525512695,7.781223773956299
1646,6.369533061981201,7.78036642074585
1647,13.950343132019043,7.7841105461120605
1648,14.170185089111328,7.787982940673828
1649,6.841561317443848,7.78740930557251
1650,9.138571739196777,7.7882280349731445
1651,7.0418925285339355,7.787775993347168
1652,8.910459518432617,7.788455009460449
1653,8.247097969055176,7.788732528686523
1654,11.174111366271973,7.790777683258057
1655,13.84342098236084,7.794433116912842
1656,12.314847946166992,7.797160625457764
1657,10.8606538772583,7.799008369445801
1658,8.645082473754883,7.799518585205078
1659,7.8260321617126465,7.799534797668457
1660,11.14833927154541,7.80155086517334
1661,4.972990036010742,7.799848556518555
1662,6.111230850219727,7.79883337020874
1663,11.540201187133789,7.801081657409668
1664,8.034839630126953,7.801222324371338
1665,6.942739963531494,7.80070686340332
1666,11.680702209472656,7.80303430557251
1667,8.482126235961914,7.803441524505615
1668,6.743076324462891,7.802806377410889
1669,7.312007427215576,7.802512168884277
1670,4.711366653442383,7.800662040710449
1671,10.94804573059082,7.802544593811035
1672,10.20652961730957,7.803981304168701
1673,5.05026388168335,7.802335739135742
1674,8.518400192260742,7.80276346206665
1675,9.152854919433594,7.803569316864014
1676,8.388471603393555,7.803918361663818
1677,6.8857831954956055,7.803370952606201
1678,5.540732383728027,7.802023410797119
1679,9.726033210754395,7.803168773651123
1680,8.962080001831055,7.803857803344727
1681,11.676421165466309,7.8061604499816895
1682,11.299592971801758,7.808236122131348
1683,15.00790023803711,7.812511444091797
1684,13.977307319641113,7.8161702156066895
1685,13.731793403625488,7.819678783416748
1686,12.890286445617676,7.8226847648620605
1687,9.806360244750977,7.823860168457031
1688,10.056354522705078,7.82518196105957
1689,13.27798080444336,7.828408718109131
1690,11.216155052185059,7.830411911010742
1691,10.527154922485352,7.832005977630615
1692,15.390414237976074,7.836470603942871
1693,14.477466583251953,7.840390682220459
1694,10.943876266479492,7.842222213745117
1695,11.595874786376953,7.844435214996338
1696,12.204575538635254,7.847004413604736
1697,11.204002380371094,7.8489813804626465
1698,12.501945495605469,7.851719856262207
1699,8.544061660766602,7.8521270751953125
1700,9.06340503692627,7.852839469909668
1701,7.984596252441406,7.852916717529297
1702,9.011917114257812,7.853597164154053
1703,7.041175365447998,7.85312032699585
1704,8.422780990600586,7.853454113006592
1705,9.200356483459473,7.854243755340576
1706,9.240741729736328,7.855056285858154
1707,8.603922843933105,7.855494499206543
1708,7.392529487609863,7.855223655700684
1709,8.98918342590332,7.855886936187744
1710,9.278023719787598,7.856718063354492
1711,7.335821151733398,7.856413841247559
1712,9.07357406616211,7.857124328613281
1713,7.067028045654297,7.856663703918457
1714,8.700379371643066,7.8571553230285645
1715,5.365505218505859,7.855703353881836
1716,9.595781326293945,7.856716632843018
1717,6.223438262939453,7.8557658195495605
1718,6.609992980957031,7.85504150390625
1719,5.345976829528809,7.853582859039307
1720,-4.215872287750244,7.846569538116455
1721,9.199360847473145,7.847354888916016
1722,-4.664054870605469,7.840093612670898
1723,12.107562065124512,7.842568874359131
1724,7.782254695892334,7.842534065246582
1725,6.405186653137207,7.841701030731201
1726,12.37098217010498,7.844324111938477
1727,7.116425514221191,7.843902587890625
1728,7.119540691375732,7.8434834480285645
1729,9.518471717834473,7.844451427459717
1730,6.0701093673706055,7.843426704406738
1731,9.484270095825195,7.844374179840088
1732,7.322693347930908,7.8440728187561035
1733,5.308654308319092,7.842610836029053
1734,7.30037784576416,7.84229850769043
1735,9.4635009765625,7.84323263168335
1736,7.263570308685303,7.842898845672607
1737,7.680939674377441,7.8428053855896
1738,7.288317680358887,7.842486381530762
1739,7.146008014678955,7.842086315155029
1740,7.093638896942139,7.841656684875488
1741,4.593398094177246,7.839792251586914
1742,7.786714553833008,7.839761734008789
1743,6.946208953857422,7.839249610900879
1744,5.545843124389648,7.837935447692871
1745,7.414568901062012,7.837693214416504
1746,6.971201419830322,7.837197303771973
1747,9.975476264953613,7.838420867919922
1748,6.683231353759766,7.8377604484558105
1749,7.88057279586792,7.837785243988037
1750,7.486401557922363,7.837584495544434
1751,7.586955547332764,7.837441444396973
1752,7.060336112976074,7.836997985839844
1753,8.707669258117676,7.837494850158691
1754,9.171539306640625,7.838254928588867
1755,7.9354143142700195,7.838310718536377
1756,9.78127670288086,7.83941650390625
1757,9.03837776184082,7.8400983810424805
1758,7.46403694152832,7.839884281158447
1759,9.31454849243164,7.84072208404541
1760,10.624171257019043,7.8423027992248535
1761,10.188345909118652,7.843634128570557
1762,8.325992584228516,7.843907833099365
1763,8.701766014099121,7.844394207000732
1764,8.439175605773926,7.844731330871582
1765,8.53801155090332,7.845124244689941
1766,7.463300704956055,7.844907760620117
1767,7.876863956451416,7.844925880432129
1768,7.253323554992676,7.84459114074707
1769,6.909472465515137,7.844062805175781
1770,7.708492755889893,7.8439860343933105
1771,7.692521095275879,7.843900680541992
1772,8.806315422058105,7.844443321228027
1773,7.231021881103516,7.844098091125488
1774,9.085138320922852,7.844797134399414
1775,7.449904441833496,7.844574928283691
1776,7.520193576812744,7.8443922996521
1777,8.813850402832031,7.844937324523926
1778,9.520999908447266,7.845880031585693
1779,7.778713703155518,7.845841884613037
1780,8.022942543029785,7.845941066741943
1781,7.968368053436279,7.846010208129883
1782,8.052245140075684,7.846125602722168
1783,8.763360977172852,7.846639633178711
1784,7.549261093139648,7.84647274017334
1785,7.833041191101074,7.846465110778809
1786,7.413005352020264,7.846222877502441
1787,6.293215274810791,7.845354080200195
1788,9.355033874511719,7.846198081970215
1789,9.205650329589844,7.846958160400391
1790,9.925434112548828,7.848118782043457
1791,8.207090377807617,7.848319053649902
1792,8.360818862915039,7.848604679107666
1793,8.20746898651123,7.848804473876953
1794,6.667697429656982,7.848146438598633
1795,7.269332408905029,7.8478240966796875
1796,7.972907543182373,7.847893714904785
1797,7.136755466461182,7.847498416900635
1798,8.272157669067383,7.847734451293945
1799,7.881230354309082,7.847753047943115
1800,8.037097930908203,7.84785795211792
1801,7.250829696655273,7.847526550292969
1802,4.83773136138916,7.845857620239258
1803,6.556502342224121,7.845142841339111
1804,6.454933166503906,7.844372749328613
1805,7.264007568359375,7.844051361083984
1806,8.716099739074707,7.844533443450928
1807,7.0557403564453125,7.844097137451172
1808,8.568839073181152,7.8444976806640625
1809,7.923297882080078,7.844541072845459
1810,8.915916442871094,7.845132827758789
1811,7.988536834716797,7.845211505889893
1812,9.470046997070312,7.846107482910156
1813,8.340062141418457,7.84637975692749
1814,10.104686737060547,7.847623825073242
1815,11.567508697509766,7.849672317504883
1816,11.870805740356445,7.8518853187561035
1817,11.276339530944824,7.853769302368164
1818,11.717175483703613,7.855892658233643
1819,12.30376148223877,7.858336925506592
1820,12.147699356079102,7.860692024230957
1821,11.63295841217041,7.862762451171875
1822,12.940923690795898,7.865548133850098
1823,12.824193000793457,7.868267059326172
1824,12.163980484008789,7.8706207275390625
1825,11.497823715209961,7.872607231140137
1826,11.103772163391113,7.874375820159912
1827,12.104826927185059,7.876689910888672
1828,12.37491226196289,7.879148960113525
1829,12.789874076843262,7.881832599639893
1830,12.364114761352539,7.884280681610107
1831,11.98661994934082,7.886519908905029
1832,12.982706069946289,7.8892998695373535
1833,11.691768646240234,7.891373157501221
1834,11.648130416870117,7.893420696258545
1835,11.439804077148438,7.895351886749268
1836,11.387452125549316,7.897253036499023
1837,12.12583065032959,7.8995537757873535
1838,11.89390754699707,7.901725769042969
1839,12.195378303527832,7.904058933258057
1840,10.93524169921875,7.90570592880249
1841,10.61672592163086,7.907177925109863
1842,12.114540100097656,7.909460544586182
1843,11.188690185546875,7.911238670349121
1844,11.6065034866333,7.913241386413574
1845,11.257896423339844,7.915053367614746
1846,12.11378002166748,7.917326927185059
1847,11.584236145019531,7.919311046600342
1848,11.557464599609375,7.921278476715088
1849,10.472817420959473,7.9226579666137695
1850,10.640192031860352,7.924126148223877
1851,11.833754539489746,7.9262375831604
1852,11.806801795959473,7.92833137512207
1853,9.759820938110352,7.929319381713867
1854,11.547874450683594,7.931270122528076
1855,12.318063735961914,7.933633804321289
1856,11.27620792388916,7.935433864593506
1857,12.410775184631348,7.937842845916748
1858,11.226991653442383,7.939611911773682
1859,12.20858383178711,7.941906929016113
1860,11.931129455566406,7.944050312042236
1861,14.428693771362305,7.947533130645752
1862,15.527290344238281,7.951601505279541
1863,14.35814380645752,7.955039024353027
1864,13.97421932220459,7.958266258239746
1865,13.61677360534668,7.961298942565918
1866,14.89287281036377,7.9650115966796875
1867,14.677616119384766,7.968605041503906
1868,14.42020320892334,7.972056865692139
1869,14.083602905273438,7.975325584411621
1870,13.788501739501953,7.9784321784973145
1871,13.067394256591797,7.9811506271362305
1872,13.279821395874023,7.98397970199585
1873,13.012389183044434,7.986663341522217
1874,13.374542236328125,7.989536762237549
1875,13.46727466583252,7.992456436157227
1876,13.566680908203125,7.995426177978516
1877,13.827338218688965,7.998531341552734
1878,13.837313652038574,8.001638412475586
1879,14.576910972595215,8.005136489868164
1880,14.884456634521484,8.008793830871582
1881,15.002046585083008,8.0125093460083
1882,14.191823959350586,8.015790939331055
1883,13.77099609375,8.018845558166504
1884,14.326395034790039,8.022192001342773
1885,13.687393188476562,8.025196075439453
1886,14.266576766967773,8.02850341796875
1887,14.27991008758545,8.031814575195312
1888,14.343013763427734,8.035155296325684
1889,14.574796676635742,8.038616180419922
1890,13.552638053894043,8.041532516479492
1891,14.271867752075195,8.044824600219727
1892,14.28934097290039,8.048123359680176
1893,14.009419441223145,8.051271438598633
1894,11.101587295532227,8.05288028717041
1895,13.130082130432129,8.055558204650879
1896,11.448844909667969,8.057347297668457
1897,13.249162673950195,8.06008243560791
1898,13.722596168518066,8.063064575195312
1899,13.605484008789062,8.0659818649292
1900,13.306224822998047,8.06873893737793
1901,13.290807723999023,8.071484565734863
1902,12.014566421508789,8.073555946350098
1903,13.126815795898438,8.076210021972656
1904,14.283119201660156,8.079468727111816
1905,11.293230056762695,8.081154823303223
1906,12.411001205444336,8.083425521850586
1907,11.767354965209961,8.085355758666992
1908,11.315389633178711,8.087048530578613
1909,11.083298683166504,8.088616371154785
1910,11.176604270935059,8.090232849121094
1911,12.381017684936523,8.092476844787598
1912,12.693170547485352,8.094882011413574
1913,11.715217590332031,8.096773147583008
1914,11.271085739135742,8.098430633544922
1915,12.343963623046875,8.10064697265625
1916,12.507787704467773,8.102945327758789
1917,12.300891876220703,8.105134010314941
1918,12.283781051635742,8.107312202453613
1919,12.004990577697754,8.109341621398926
1920,12.317203521728516,8.111532211303711
1921,10.790081024169922,8.112926483154297
1922,12.642134666442871,8.11528205871582
1923,12.220378875732422,8.117415428161621
1924,13.011785507202148,8.11995792388916
1925,12.272026062011719,8.122114181518555
1926,11.641201972961426,8.123940467834473
1927,13.161736488342285,8.126553535461426
1928,11.184261322021484,8.128138542175293
1929,12.609790802001953,8.130460739135742
1930,9.080323219299316,8.130952835083008
1931,11.408148765563965,8.132648468017578
1932,13.758293151855469,8.13555908203125
1933,12.49941635131836,8.13781452178955
1934,14.47643756866455,8.141090393066406
1935,14.02807331085205,8.144131660461426
1936,13.441376686096191,8.146866798400879
1937,14.0299654006958,8.14990234375
1938,14.072324752807617,8.15295696258545
1939,13.138702392578125,8.155527114868164
1940,13.876110076904297,8.15847396850586
1941,13.759675025939941,8.161357879638672
1942,13.047664642333984,8.163872718811035
1943,13.538847923278809,8.166638374328613
1944,12.822303771972656,8.169032096862793
1945,12.387370109558105,8.171199798583984
1946,13.48610782623291,8.173929214477539
1947,13.030418395996094,8.176422119140625
1948,13.541430473327637,8.17917537689209
1949,13.677946090698242,8.181994438171387
1950,14.01434326171875,8.18498420715332
1951,13.708525657653809,8.187813758850098
1952,12.93766975402832,8.19024658203125
1953,11.184100151062012,8.191778182983398
1954,15.392004013061523,8.19546127319336
1955,15.315391540527344,8.199101448059082
1956,15.808916091918945,8.20298957824707
1957,14.055229187011719,8.205979347229004
1958,14.501790046691895,8.209192276000977
1959,12.178606033325195,8.211217880249023
1960,11.966904640197754,8.213132858276367
1961,13.060678482055664,8.215603828430176
1962,13.139436721801758,8.218111991882324
1963,13.058889389038086,8.220577239990234
1964,13.718305587768555,8.22337532043457
1965,12.587052345275879,8.225594520568848
1966,13.304464340209961,8.22817611694336
1967,12.570165634155273,8.230382919311523
1968,12.589058876037598,8.232596397399902
1969,12.898421287536621,8.234965324401855
1970,12.998465538024902,8.237381935119629
1971,12.680166244506836,8.23963451385498
1972,10.422724723815918,8.240740776062012
1973,13.308671951293945,8.243308067321777
1974,13.335942268371582,8.24588680267334
1975,11.707965850830078,8.247638702392578
1976,10.75986099243164,8.248908996582031
1977,11.606589317321777,8.250606536865234
1978,12.321279525756836,8.252663612365723
1979,11.942564010620117,8.25452709197998
1980,12.738127708435059,8.256790161132812
1981,12.66815185546875,8.259016036987305
1982,12.668757438659668,8.261240005493164
1983,13.260531425476074,8.26375961303711
1984,13.83572769165039,8.266566276550293
1985,12.073251724243164,8.268484115600586
1986,11.959237098693848,8.270340919494629
1987,12.80225658416748,8.272621154785156
1988,13.363524436950684,8.27518081665039
1989,14.060009002685547,8.278087615966797
1990,12.627456665039062,8.280271530151367
1991,12.257028579711914,8.282268524169922
1992,12.876771926879883,8.284574508666992
1993,11.97297191619873,8.286423683166504
1994,13.616996765136719,8.289095878601074
1995,13.374975204467773,8.291644096374512
1996,12.832843780517578,8.293917655944824
1997,14.437942504882812,8.296992301940918
1998,12.475457191467285,8.299081802368164
1999,13.45450210571289,8.301660537719727
2000,13.061979293823242,8.304039001464844
2001,11.116325378417969,8.305444717407227
2002,13.82962703704834,8.308202743530273
2003,7.877864360809326,8.307987213134766
2004,10.060687065124512,8.30886173248291
2005,8.617780685424805,8.309015274047852
2006,7.623012542724609,8.308673858642578
2007,8.085855484008789,8.308562278747559
2008,10.730337142944336,8.309767723083496
2009,9.635695457458496,8.31042766571045
2010,8.355985641479492,8.310449600219727
2011,10.571866989135742,8.31157398223877
2012,9.106761932373047,8.311968803405762
2013,8.558280944824219,8.312091827392578
2014,8.46591854095459,8.31216812133789
2015,8.827451705932617,8.312424659729004
2016,10.032905578613281,8.313277244567871
2017,7.518417835235596,8.312883377075195
2018,6.985418796539307,8.312226295471191
2019,10.920869827270508,8.313517570495605
2020,4.476665496826172,8.31161880493164
2021,8.609246253967285,8.311765670776367
2022,4.60498046875,8.30993366241455
2023,8.763544082641602,8.310157775878906
2024,10.441888809204102,8.311210632324219
2025,9.699786186218262,8.311895370483398
2026,6.483147621154785,8.310993194580078
2027,12.132076263427734,8.312877655029297
2028,8.000417709350586,8.312723159790039
2029,9.443522453308105,8.31328010559082
2030,5.325793266296387,8.311809539794922
2031,5.222745418548584,8.31028938293457
2032,10.514862060546875,8.311373710632324
2033,9.682180404663086,8.312047958374023
2034,8.986801147460938,8.312378883361816
2035,8.895195007324219,8.312664985656738
2036,6.342270374298096,8.311697006225586
2037,7.747976303100586,8.311420440673828
2038,10.394536972045898,8.312442779541016
2039,8.889555931091309,8.312725067138672
2040,7.8444294929504395,8.312495231628418
2041,8.484652519226074,8.312579154968262
2042,8.053205490112305,8.31245231628418
2043,7.629080295562744,8.312117576599121
2044,14.153722763061523,8.314974784851074
2045,6.6530375480651855,8.314162254333496
2046,9.049787521362305,8.314520835876465
2047,8.885689735412598,8.314799308776855
2048,6.256118297576904,8.313794136047363
2049,6.953195571899414,8.313130378723145
2050,7.223387241363525,8.312599182128906
2051,7.198984622955322,8.312056541442871
2052,7.543272972106934,8.311681747436523
2053,6.683533668518066,8.31088924407959
2054,7.965693950653076,8.310720443725586
2055,6.270901679992676,8.309728622436523
2056,6.807906627655029,8.308999061584473
2057,4.403178691864014,8.307101249694824
2058,8.026201248168945,8.306963920593262
2059,7.852729797363281,8.306743621826172
2060,7.0794148445129395,8.306148529052734
2061,7.340262413024902,8.305680274963379
2062,7.517768859863281,8.3052978515625
2063,7.691905498504639,8.305000305175781
2064,6.262922286987305,8.304012298583984
2065,8.223652839660645,8.303974151611328
2066,3.9024171829223633,8.301844596862793
2067,7.80783224105835,8.301606178283691
2068,9.876914978027344,8.302367210388184
2069,6.052232265472412,8.30128002166748
2070,8.207908630371094,8.30123519897461
2071,7.175172805786133,8.300691604614258
2072,7.3295488357543945,8.300223350524902
2073,5.820755481719971,8.299027442932129
2074,6.321627616882324,8.298074722290039
2075,5.765341758728027,8.296854972839355
2076,2.7337241172790527,8.294177055358887
2077,6.060288429260254,8.293102264404297
2078,4.271749496459961,8.291168212890625
2079,5.978551864624023,8.290056228637695
2080,7.845490455627441,8.28984260559082
2081,5.199207782745361,8.288357734680176
2082,6.086528778076172,8.287301063537598
2083,4.9901814460754395,8.28571891784668
2084,6.772782802581787,8.284993171691895
2085,6.503168106079102,8.284139633178711
2086,7.818200588226318,8.283916473388672
2087,4.975215911865234,8.282331466674805
2088,6.137880802154541,8.281305313110352
2089,7.087315559387207,8.280734062194824
2090,5.01788330078125,8.279173851013184
2091,6.51292085647583,8.278329849243164
2092,5.495590686798096,8.277000427246094
2093,6.474624156951904,8.276139259338379
2094,5.368869304656982,8.274751663208008
2095,9.706514358520508,8.275435447692871
2096,5.4833083152771,8.274103164672852
2097,7.179044723510742,8.273581504821777
2098,4.932528495788574,8.271989822387695
2099,3.577646255493164,8.269754409790039
2100,-1.2194067239761353,8.265237808227539
2101,-0.1777966171503067,8.261221885681152
2102,7.049369812011719,8.260644912719727
2103,0.4104978144168854,8.256914138793945
2104,4.670477390289307,8.255209922790527
2105,3.6368112564086914,8.253016471862793
2106,1.0324735641479492,8.249589920043945
2107,0.28282660245895386,8.245811462402344
2108,1.431436538696289,8.24258041381836
2109,-1.0463359355926514,8.238177299499512
2110,1.873772382736206,8.235162734985352
2111,1.7859959602355957,8.232108116149902
2112,1.729536771774292,8.229031562805176
2113,0.5252156257629395,8.225387573242188
2114,-0.009578267112374306,8.2214937210083
2115,3.1891422271728516,8.219115257263184
2116,3.8204433917999268,8.217037200927734
2117,1.2550857067108154,8.213750839233398
2118,0.4702913165092468,8.210097312927246
2119,0.6416067481040955,8.206527709960938
2120,3.391157388687134,8.204257011413574
2121,4.0638861656188965,8.202305793762207
2122,0.9923446774482727,8.198909759521484
2123,0.7538301944732666,8.195404052734375
2124,1.4636367559432983,8.192235946655273
2125,3.074528932571411,8.189828872680664
2126,-0.1342679262161255,8.185914993286133
2127,2.894853353500366,8.183428764343262
2128,-0.7557120323181152,8.179229736328125
2129,-1.2330334186553955,8.174811363220215
2130,-1.0374623537063599,8.170488357543945
2131,-1.5283126831054688,8.165939331054688
2132,-1.5919746160507202,8.161364555358887
2133,-0.03685420751571655,8.157523155212402
2134,0.4063795804977417,8.153892517089844
2135,1.5415983200073242,8.150796890258789
2136,-0.40620702505111694,8.1467924118042
2137,-0.9182921051979065,8.142552375793457
2138,1.6678390502929688,8.139525413513184
2139,0.4576766788959503,8.13593578338623
2140,1.5423859357833862,8.132856369018555
2141,-0.32293763756752014,8.12890911102295
2142,-0.8193799257278442,8.124732971191406
2143,0.7978600859642029,8.121315956115723
2144,14.370760917663574,8.124229431152344
2145,13.352325439453125,8.126665115356445
2146,14.256353378295898,8.129520416259766
2147,14.560137748718262,8.132513999938965
2148,14.184154510498047,8.135330200195312
2149,13.749305725097656,8.137941360473633
2150,12.30894660949707,8.139880180358887
2151,13.246566772460938,8.142252922058105
2152,13.275217056274414,8.144637107849121
2153,13.655959129333496,8.147195816040039
2154,13.520854949951172,8.149689674377441
2155,13.973746299743652,8.15239143371582
2156,15.18083667755127,8.15565013885498
2157,13.391919136047363,8.158077239990234
2158,13.86088752746582,8.16071891784668
2159,13.791391372680664,8.163325309753418
2160,13.557340621948242,8.165821075439453
2161,14.261733055114746,8.168641090393066
2162,14.407537460327148,8.171525955200195
2163,13.4987154006958,8.17398738861084
2164,12.155782699584961,8.175826072692871
2165,12.840959548950195,8.177980422973633
2166,14.845602035522461,8.181057929992676
2167,14.407788276672363,8.183929443359375
2168,12.218613624572754,8.185790061950684
2169,13.242679595947266,8.188119888305664
2170,12.583393096923828,8.190144538879395
2171,14.414299964904785,8.193010330200195
2172,13.84656047821045,8.195611953735352
2173,12.0994873046875,8.197407722473145
2174,14.109960556030273,8.200125694274902
2175,12.25460433959961,8.201988220214844
2176,13.689871788024902,8.204509735107422
2177,13.330344200134277,8.206862449645996
2178,13.891441345214844,8.209470748901367
2179,14.033169746398926,8.212142944335938
2180,14.044754028320312,8.21481704711914
2181,13.418157577514648,8.217201232910156
2182,13.868302345275879,8.2197904586792
2183,14.03934383392334,8.222455024719238
2184,15.920552253723145,8.225977897644043
2185,14.891973495483398,8.22902774810791
2186,15.238188743591309,8.232232093811035
2187,13.629478454589844,8.234699249267578
2188,13.40127944946289,8.237058639526367
2189,14.116955757141113,8.239744186401367
2190,12.414941787719727,8.24164867401123
2191,13.34189224243164,8.243975639343262
2192,13.408479690551758,8.246330261230469
2193,12.950005531311035,8.24847412109375
2194,13.95193099975586,8.25107192993164
2195,13.943705558776855,8.253664016723633
2196,11.1357421875,8.254976272583008
2197,12.549932479858398,8.25693130493164
2198,13.997751235961914,8.259541511535645
2199,13.969439506530762,8.262136459350586
2200,15.69201374053955,8.265512466430664
2201,13.493255615234375,8.267887115478516
2202,13.53898811340332,8.270279884338379
2203,14.098535537719727,8.272923469543457
2204,14.958507537841797,8.275956153869629
2205,14.190656661987305,8.278636932373047
2206,13.020767211914062,8.280786514282227
2207,15.19558334350586,8.283917427062988
2208,14.150068283081055,8.28657341003418
2209,15.256614685058594,8.289727210998535
2210,13.129499435424805,8.291915893554688
2211,12.425407409667969,8.293784141540527
2212,11.550704956054688,8.295256614685059
2213,14.832462310791016,8.298209190368652
2214,12.264300346374512,8.299999237060547
2215,14.789674758911133,8.302927017211914
2216,13.462433815002441,8.305254936218262
2217,14.466858863830566,8.308032989501953
2218,14.32548999786377,8.310745239257812
2219,12.181100845336914,8.312488555908203
2220,12.61764907836914,8.31442642211914
2221,-1.434717059135437,8.310038566589355
2222,1.7785389423370361,8.307101249694824
2223,3.0469346046447754,8.304736137390137
2224,1.6087005138397217,8.301726341247559
2225,3.714756965637207,8.299666404724121
2226,0.20856481790542603,8.296032905578613
2227,-0.5415208339691162,8.29206657409668
2228,0.6603286266326904,8.288642883300781
2229,3.883761167526245,8.286666870117188
2230,1.1208738088607788,8.283454895019531
2231,-0.4775860607624054,8.279529571533203
2232,0.7591188549995422,8.276162147521973
2233,-1.0284318923950195,8.27199649810791
2234,1.7055319547653198,8.269058227539062
2235,4.464898109436035,8.267356872558594
2236,4.334591865539551,8.265599250793457
2237,5.259457588195801,8.26425552368164
2238,0.3852425515651703,8.260736465454102
2239,5.530333042144775,8.259517669677734
2240,1.5539919137954712,8.256525993347168
2241,-0.3190222382545471,8.252701759338379
2242,-1.604607105255127,8.248306274414062
2243,-4.426316261291504,8.242658615112305
2244,3.2582762241363525,8.240437507629395
2245,5.7188615798950195,8.239315032958984
2246,2.977372169494629,8.23697280883789
2247,-2.336380958557129,8.232270240783691
2248,5.149435520172119,8.230899810791016
2249,1.8364077806472778,8.228056907653809
2250,3.3886184692382812,8.225907325744629
2251,-0.8576318621635437,8.221874237060547
2252,2.1332125663757324,8.219171524047852
2253,7.150271415710449,8.218697547912598
2254,-0.06269656121730804,8.215024948120117
2255,-3.277015447616577,8.209930419921875
2256,5.703780174255371,8.208820343017578
2257,-0.5915942192077637,8.204922676086426
2258,1.3943819999694824,8.201908111572266
2259,1.0664831399917603,8.198750495910645
2260,5.746216773986816,8.197665214538574
2261,5.682964324951172,8.196554183959961
2262,3.5518112182617188,8.194501876831055
2263,3.73901629447937,8.192533493041992
2264,3.5538382530212402,8.190485954284668
2265,2.7097365856170654,8.188067436218262
2266,4.365891456604004,8.186380386352539
2267,3.286562919616699,8.184220314025879
2268,1.899214506149292,8.181450843811035
2269,5.214749336242676,8.180143356323242
2270,-0.22615039348602295,8.17644214630127
2271,3.701997995376587,8.174471855163574
2272,4.006929874420166,8.172638893127441
2273,0.7662320137023926,8.169382095336914
2274,1.8916414976119995,8.166622161865234
2275,2.934919595718384,8.164323806762695
2276,2.2995071411132812,8.161747932434082
2277,-0.9856984615325928,8.157732009887695
2278,4.068235397338867,8.155938148498535
2279,3.294605255126953,8.15380573272705
2280,-0.18967433273792267,8.150148391723633
2281,0.21941688656806946,8.146672248840332
2282,1.429203987121582,8.143730163574219
2283,2.0619759559631348,8.141067504882812
2284,-0.6172970533370972,8.137234687805176
2285,1.6210120916366577,8.134384155273438
2286,0.7157229781150818,8.13114070892334
2287,3.0730113983154297,8.128929138183594
2288,0.34928256273269653,8.125531196594238
2289,1.796905755996704,8.122767448425293
2290,1.9172265529632568,8.1200590133667
2291,0.16904571652412415,8.11659049987793
2292,6.171483993530273,8.115741729736328
2293,-5.786681652069092,8.109681129455566
2294,-0.6475516557693481,8.105865478515625
2295,2.2680552005767822,8.103322982788086
2296,0.27552685141563416,8.09991455078125
2297,3.139500379562378,8.097755432128906
2298,-0.0319904088973999,8.094220161437988
2299,4.246987342834473,8.092546463012695
2300,-3.2387731075286865,8.08762264251709
2301,1.336634874343872,8.084689140319824
2302,-0.4696526527404785,8.080975532531738
2303,6.528702259063721,8.080302238464355
2304,2.1919898986816406,8.077747344970703
2305,1.0883945226669312,8.074715614318848
2306,-10.070643424987793,8.066850662231445
2307,4.7145490646362305,8.065398216247559
2308,8.617195129394531,8.065637588500977
2309,0.7852960824966431,8.062485694885254
2310,3.7059803009033203,8.060600280761719
2311,3.3825020790100098,8.058576583862305
2312,4.52960205078125,8.057050704956055
2313,3.4834117889404297,8.055074691772461
2314,-3.1366629600524902,8.050240516662598
2315,-4.038205623626709,8.04502010345459
2316,-2.319739818572998,8.040547370910645
2317,0.971168041229248,8.037496566772461
2318,4.340296745300293,8.03590202331543
2319,2.0453503131866455,8.033320426940918
2320,-0.18575048446655273,8.029779434204102
2321,-2.197537899017334,8.025374412536621
2322,0.5294212102890015,8.022148132324219
2323,1.5783288478851318,8.01937484741211
2324,-6.571431636810303,8.01309871673584
2325,-0.3832893371582031,8.009489059448242
2326,3.851679563522339,8.007702827453613
2327,6.262304306030273,8.006952285766602
2328,3.543649673461914,8.005035400390625
2329,4.447179794311523,8.003508567810059
2330,4.72382926940918,8.00210189819336
2331,6.651949882507324,8.0015230178833
2332,3.380321502685547,7.999542713165283
2333,-6.170392036437988,7.993472099304199
2334,6.66536283493042,7.992903709411621
2335,2.5078744888305664,7.990555286407471
2336,2.970597743988037,7.988407611846924
2337,4.954604148864746,7.987110137939453
2338,0.66340571641922,7.983979225158691
2339,-2.0631985664367676,7.9796857833862305
2340,-4.183938026428223,7.974490165710449
2341,-2.0922434329986572,7.970191955566406
2342,-5.441631317138672,7.964468002319336
2343,-0.6527618169784546,7.96079158782959
2344,1.0342271327972412,7.957838535308838
2345,1.4396357536315918,7.955060005187988
2346,-2.0026025772094727,7.950817584991455
2347,-3.495436668395996,7.945942401885986
2348,3.8315370082855225,7.944190979003906
2349,8.512307167053223,7.944432258605957
2350,6.1318359375,7.943660736083984
2351,-0.2616804242134094,7.94017219543457
2352,-0.17621874809265137,7.936723232269287
2353,1.3881878852844238,7.93394136428833
2354,-2.3603317737579346,7.92957067489624
2355,-0.5780791640281677,7.925959587097168
2356,-5.3840203285217285,7.920312404632568
2357,0.7640889286994934,7.9172773361206055
2358,2.2267003059387207,7.914865016937256
2359,1.290978193283081,7.912057876586914
2360,0.9562932252883911,7.909112453460693
2361,0.04272209107875824,7.9057817459106445
2362,4.393734931945801,7.904295921325684
2363,0.8381604552268982,7.901307106018066
2364,-3.5804786682128906,7.896451950073242
2365,5.238949775695801,7.895328521728516
2366,-5.168175220489502,7.889809608459473
2367,7.863455772399902,7.889798641204834
2368,1.5841819047927856,7.887136936187744
2369,3.3383865356445312,7.885217189788818
2370,-0.4536168575286865,7.88170051574707
2371,-0.36623892188072205,7.878222942352295
2372,0.15367606282234192,7.8749680519104
2373,2.336397886276245,7.8726348876953125
2374,2.8214030265808105,7.870508193969727
2375,3.244041919708252,7.868561267852783
2376,0.8390707969665527,7.865603923797607
2377,-3.385157823562622,7.860873222351074
2378,5.444278240203857,7.859857082366943
2379,2.762300968170166,7.857714653015137
2380,1.7966363430023193,7.855169296264648
2381,3.928978443145752,7.853521347045898
2382,2.9518163204193115,7.85146427154541
2383,3.238314151763916,7.849529266357422
2384,0.5366783142089844,7.846463203430176
2385,6.714130401611328,7.845988750457764
2386,3.697373628616333,7.844250679016113
2387,1.2554715871810913,7.84149169921875
2388,2.4047133922576904,7.8392157554626465
2389,0.6849442720413208,7.8362226486206055
2390,-3.941495895385742,7.831296920776367
2391,3.467937469482422,7.82947301864624
2392,8.595227241516113,7.829793453216553
2393,8.365975379943848,7.83001708984375
2394,-2.203284740447998,7.825827598571777
2395,-2.8185172080993652,7.821385383605957
2396,-5.379140377044678,7.815878391265869
2397,-1.5521130561828613,7.811971187591553
2398,5.3775224685668945,7.8109564781188965
2399,3.9125747680664062,7.809331893920898
2400,4.833986282348633,7.8080925941467285
2401,3.5660157203674316,7.806326866149902
2402,-3.480280637741089,7.801630020141602
2403,-6.8304057121276855,7.795543193817139
2404,-9.146958351135254,7.788498878479004
2405,-2.800098419189453,7.784097671508789
2406,5.3761091232299805,7.783097743988037
2407,1.6165435314178467,7.780537128448486
2408,5.295412063598633,7.779505252838135
2409,-0.010847849771380424,7.776272296905518
2410,4.122136116027832,7.774756908416748
2411,0.5311646461486816,7.771753787994385
2412,-1.8565415143966675,7.767763614654541
2413,0.37296682596206665,7.764700412750244
2414,-1.0733178853988647,7.761040210723877
2415,0.3106284737586975,7.757956504821777
2416,3.1295082569122314,7.756041049957275
2417,-0.23094676434993744,7.7527384757995605
2418,0.6983331441879272,7.74982213973999
2419,0.29913777112960815,7.746743679046631
2420,2.111238956451416,7.744415760040283
2421,5.026863098144531,7.743293762207031
2422,-1.2060577869415283,7.73960018157959
2423,2.546111583709717,7.737457752227783
2424,-3.2959845066070557,7.732907772064209
2425,-2.2241430282592773,7.7288031578063965
2426,-6.175491809844971,7.723073959350586
2427,-8.55330753326416,7.716370582580566
2428,1.7392289638519287,7.71390962600708
2429,0.7841233015060425,7.711057186126709
2430,-1.5315463542938232,7.7072553634643555
2431,-0.43436652421951294,7.7039079666137695
2432,1.7941055297851562,7.701479434967041
2433,-5.147879123687744,7.696199893951416
2434,-1.3983796834945679,7.692464828491211
2435,9.317548751831055,7.693132400512695
2436,-2.1802525520324707,7.689081192016602
2437,-0.43393370509147644,7.685749530792236
2438,0.42111778259277344,7.6827712059021
2439,-3.55118465423584,7.678167343139648
2440,-3.2306132316589355,7.673698425292969
2441,4.245218753814697,7.672295093536377
2442,-1.9978755712509155,7.668336391448975
2443,2.786574363708496,7.66633939743042
2444,2.831831455230713,7.664361953735352
2445,-2.586686134338379,7.6601715087890625
2446,7.129530906677246,7.65995454788208
2447,0.34275591373443604,7.6569647789001465
2448,-0.7520980834960938,7.653531074523926
2449,-14.018487930297852,7.644685745239258
2450,-1.2765675783157349,7.641045570373535
2451,5.064639568328857,7.639995098114014
2452,-1.9237171411514282,7.636096000671387
2453,-7.1861677169799805,7.630056381225586
2454,-1.187713861465454,7.62646484375
2455,4.391732692718506,7.625147819519043
2456,-0.6689900755882263,7.621771812438965
2457,3.838430881500244,7.620232582092285
2458,-0.41788366436958313,7.6169633865356445
2459,-0.8667323589324951,7.6135149002075195
2460,-0.4051011800765991,7.610256671905518
2461,-1.0331751108169556,7.606746196746826
2462,4.945282459259033,7.60566520690918
2463,5.319037437438965,7.604737281799316
2464,2.923009157180786,7.602838039398193
2465,2.402242422103882,7.600729465484619
2466,-2.9068007469177246,7.596470355987549
2467,1.0828806161880493,7.593830585479736
2468,-2.5381696224212646,7.589726448059082
2469,5.281023979187012,7.588791847229004
2470,-1.2407050132751465,7.585218906402588
2471,2.309682607650757,7.583085060119629
2472,1.6107510328292847,7.580670356750488
2473,5.280645370483398,7.57974100112915
2474,6.142823696136475,7.579160213470459
2475,-0.18548138439655304,7.576024532318115
2476,4.4178972244262695,7.57474946975708
2477,5.468596935272217,7.573899745941162
2478,6.328475475311279,7.573397159576416
2479,0.7701326012611389,7.570653438568115
2480,8.369656562805176,7.570975303649902
2481,1.1945821046829224,7.568406581878662
2482,0.9723882675170898,7.5657501220703125
2483,-0.10504984855651855,7.562662124633789
2484,-1.7334522008895874,7.558920860290527
2485,-15.194292068481445,7.549768447875977
2486,-0.7885698080062866,7.54641580581665
2487,-6.039787292480469,7.540955066680908
2488,4.411399841308594,7.539698123931885
2489,-3.9522483348846436,7.5350823402404785
2490,-3.1095705032348633,7.53080940246582
2491,4.6262288093566895,7.529644012451172
2492,0.021315952762961388,7.526632308959961
2493,0.5621709823608398,7.523839950561523
2494,-6.33953857421875,7.518283367156982
2495,-1.6475467681884766,7.514610767364502
2496,-0.2585046887397766,7.511497974395752
2497,0.046949923038482666,7.508510112762451
2498,2.7376785278320312,7.506600856781006
2499,11.324119567871094,7.5081281661987305
2500,12.013045310974121,7.509929656982422
2501,5.23813533782959,7.509021759033203
2502,11.731986045837402,7.510708808898926
2503,7.201140403747559,7.510585308074951
2504,13.154117584228516,7.512838363647461
2505,12.061424255371094,7.514653205871582
2506,9.249533653259277,7.515345096588135
2507,8.598368644714355,7.515776634216309
2508,11.788248062133789,7.51747989654541
2509,7.52768087387085,7.517484188079834
2510,6.720603942871094,7.517166614532471
2511,9.386290550231934,7.517910957336426
2512,10.87436294555664,7.519246578216553
2513,12.11706256866455,7.52107572555542
2514,10.045820236206055,7.5220794677734375
2515,7.947479248046875,7.522248268127441
2516,10.006311416625977,7.523234844207764
2517,8.734789848327637,7.523715972900391
2518,8.44078540802002,7.524080276489258
2519,7.11630916595459,7.523918628692627
2520,10.108656883239746,7.524944305419922
2521,10.585458755493164,7.526157855987549
2522,7.368075370788574,7.526094913482666
2523,7.7204365730285645,7.526172161102295
2524,10.434823036193848,7.527324199676514
2525,9.209701538085938,7.527990341186523
2526,10.388059616088867,7.529122352600098
2527,6.037036895751953,7.528532028198242
2528,10.376934051513672,7.529658317565918
2529,11.344810485839844,7.5311665534973145
2530,8.210883140563965,7.531435012817383
2531,8.634769439697266,7.5318708419799805
2532,10.909777641296387,7.533204555511475
2533,9.8587064743042,7.534122467041016
2534,11.83706283569336,7.535820484161377
2535,9.680500984191895,7.536665916442871
2536,8.458230018615723,7.537029266357422
2537,6.756936073303223,7.536722183227539
2538,12.786694526672363,7.538790225982666
2539,11.401298522949219,7.540310382843018
2540,9.354754447937012,7.541024684906006
2541,9.628113746643066,7.54184627532959
2542,10.95095157623291,7.543186664581299
2543,10.19321060180664,7.544228553771973
2544,9.327553749084473,7.544929504394531
2545,7.854397296905518,7.545050621032715
2546,9.917139053344727,7.545982360839844
2547,9.303884506225586,7.546672821044922
2548,10.461126327514648,7.547815799713135
2549,10.70285701751709,7.549053192138672
2550,11.542057991027832,7.550619125366211
2551,11.80270004272461,7.552285194396973
2552,10.718169212341309,7.553525447845459
2553,11.626410484313965,7.555120468139648
2554,12.628684997558594,7.557106018066406
2555,12.236345291137695,7.558937072753906
2556,7.96121883392334,7.559093952178955
2557,9.63154125213623,7.559904098510742
2558,6.680511951446533,7.5595598220825195
2559,10.460672378540039,7.560693264007568
2560,12.624805450439453,7.562670707702637
2561,8.432430267333984,7.563010215759277
2562,7.402376651763916,7.5629472732543945
2563,7.569242477416992,7.5629496574401855
2564,8.079375267028809,7.563150882720947
2565,9.392057418823242,7.563863754272461
2566,11.499996185302734,7.565397262573242
2567,11.425999641418457,7.566900730133057
2568,10.860100746154785,7.568182468414307
2569,13.811812400817871,7.570611953735352
2570,8.274813652038574,7.570886135101318
2571,11.372734069824219,7.572364330291748
2572,10.56083869934082,7.573525905609131
2573,9.706233978271484,7.574354648590088
2574,11.264752388000488,7.5757880210876465
2575,6.720889091491699,7.575456142425537
2576,9.464083671569824,7.5761895179748535
2577,10.267799377441406,7.57723331451416
2578,10.451048851013184,7.578347682952881
2579,8.248908996582031,7.578607082366943
2580,11.049692153930664,7.579951763153076
2581,12.322389602661133,7.581788539886475
2582,10.421842575073242,7.582888126373291
2583,8.464814186096191,7.583229064941406
2584,6.522222518920898,7.582818508148193
2585,10.332378387451172,7.583881855010986
2586,5.876435279846191,7.583221912384033
2587,11.439295768737793,7.584712028503418
2588,9.257701873779297,7.585358142852783
2589,11.661310195922852,7.586932182312012
2590,8.11225414276123,7.58713436126709
2591,5.4994893074035645,7.586329460144043
2592,3.069244861602783,7.584587097167969
2593,8.286529541015625,7.584857940673828
2594,5.10369873046875,7.583901405334473
2595,6.911652565002441,7.583642959594727
2596,4.06278657913208,7.582286834716797
2597,5.060127258300781,7.5813164710998535
2598,2.833346128463745,7.579489707946777
2599,5.499618053436279,7.578690052032471
2600,4.450026512145996,7.577486515045166
2601,6.63918924331665,7.5771260261535645
2602,3.4546663761138916,7.575542449951172
2603,5.305572032928467,7.574670314788818
2604,4.848949432373047,7.573624134063721
2605,5.343045711517334,7.572768688201904
2606,5.615738868713379,7.572017669677734
2607,4.86216926574707,7.570978164672852
2608,4.207016944885254,7.56968879699707
2609,4.781643867492676,7.568620681762695
2610,-0.8210301399230957,7.565407752990723
2611,5.113299369812012,7.564468860626221
2612,1.9446184635162354,7.562318325042725
2613,3.3188798427581787,7.560694694519043
2614,3.3640928268432617,7.559089660644531
2615,1.1706078052520752,7.556647300720215
2616,3.7752463817596436,7.555202484130859
2617,1.0706865787506104,7.552725315093994
2618,3.3151402473449707,7.551106929779053
2619,3.5864553451538086,7.549593925476074
2620,2.445482015609741,7.5476460456848145
2621,4.624476909637451,7.546531677246094
2622,3.598738670349121,7.545026779174805
2623,4.879866600036621,7.544010639190674
2624,4.004444122314453,7.542662143707275
2625,2.817965507507324,7.540863037109375
2626,3.326742649078369,7.53925895690918
2627,3.9413094520568848,7.5378899574279785
2628,5.359043121337891,7.5370612144470215
2629,4.528639793395996,7.535917282104492
2630,3.4901442527770996,7.534379959106445
2631,3.750448703765869,7.532941818237305
2632,5.4212493896484375,7.532140254974365
2633,4.352868556976318,7.530933380126953
2634,1.6588361263275146,7.528704643249512
2635,4.745743274688721,7.52764892578125
2636,2.9741082191467285,7.5259222984313965
2637,7.15798282623291,7.525783061981201
2638,0.0986657589673996,7.5229692459106445
2639,4.154433727264404,7.521693229675293
2640,3.0953409671783447,7.520017147064209
2641,7.947723388671875,7.52017879486084
2642,3.2329068183898926,7.518556594848633
2643,3.036634683609009,7.516861438751221
2644,2.8646602630615234,7.515102863311768
2645,2.7128472328186035,7.5132880210876465
2646,3.461087942123413,7.511756896972656
2647,4.45454740524292,7.510602951049805
2648,3.605985164642334,7.509128570556641
2649,1.7697885036468506,7.506962776184082
2650,3.6655898094177246,7.505513668060303
2651,4.620638847351074,7.504426002502441
2652,3.744056463241577,7.503008842468262
2653,6.358848571777344,7.502577781677246
2654,5.339517593383789,7.501763343811035
2655,4.247931957244873,7.500538349151611
2656,5.9441728591918945,7.49995231628418
2657,5.243202209472656,7.499103546142578
2658,-0.5132914781570435,7.496089935302734
2659,2.357212543487549,7.4941582679748535
2660,4.4193220138549805,7.493002891540527
2661,5.464658260345459,7.492240905761719
2662,4.467534065246582,7.491105079650879
2663,5.5810747146606445,7.4903883934021
2664,5.960480690002441,7.489814281463623
2665,3.1788954734802246,7.4881978034973145
2666,8.032756805419922,7.488401889801025
2667,7.087523937225342,7.48825216293335
2668,5.817869186401367,7.487626075744629
2669,7.0840349197387695,7.4874749183654785
2670,5.965157508850098,7.486905097961426
2671,4.9835076332092285,7.485968589782715
2672,6.922074317932129,7.485757350921631
2673,6.293445587158203,7.485311508178711
2674,6.7232255935668945,7.4850263595581055
2675,6.051549911499023,7.484490394592285
2676,6.393179416656494,7.484082221984863
2677,7.08763313293457,7.48393440246582
2678,12.558087348937988,7.485828876495361
2679,7.342458724975586,7.485774993896484
2680,9.378246307373047,7.486481189727783
2681,5.8872294425964355,7.485884666442871
2682,7.303781509399414,7.485816955566406
2683,5.284943103790283,7.484997272491455
2684,8.245829582214355,7.485280513763428
2685,6.922054767608643,7.485070705413818
2686,6.747574806213379,7.484796524047852
2687,7.22321081161499,7.484699249267578
2688,8.639734268188477,7.485128879547119
2689,7.23192024230957,7.485034942626953
2690,6.939424514770508,7.484832286834717
2691,9.248998641967773,7.485487461090088
2692,5.9515581130981445,7.484917640686035
2693,7.025964260101318,7.484746932983398
2694,10.946793556213379,7.486031532287598
2695,9.3505277633667,7.486722946166992
2696,7.661871910095215,7.486787796020508
2697,6.2785773277282715,7.486340522766113
2698,6.182117462158203,7.485857009887695
2699,7.598572254180908,7.485898494720459
2700,7.928884029388428,7.486062526702881
2701,8.397173881530762,7.4863996505737305
2702,4.597075462341309,7.485331058502197
2703,6.9883527755737305,7.485146999359131
2704,5.847357749938965,7.484541893005371
2705,8.556878089904785,7.484938144683838
2706,4.9249773025512695,7.483992576599121
2707,5.8410844802856445,7.483386039733887
2708,4.305555820465088,7.482213020324707
2709,6.0636515617370605,7.481689453125
2710,5.7722578048706055,7.481058597564697
2711,7.899817943572998,7.481213569641113
2712,9.140769004821777,7.48182487487793
2713,4.693276882171631,7.48079776763916
2714,7.148283958435059,7.480675220489502
2715,9.273323059082031,7.481335163116455
2716,6.269460201263428,7.480889320373535
2717,7.976126670837402,7.481071472167969
2718,8.337005615234375,7.481386661529541
2719,5.150088787078857,7.48052978515625
2720,6.696074485778809,7.480241298675537
2721,8.722990989685059,7.4806976318359375
2722,7.733105659484863,7.480790138244629
2723,6.100358009338379,7.480283260345459
2724,6.297591209411621,7.479848861694336
2725,8.102834701538086,7.480077743530273
2726,8.94334602355957,7.480614185333252
2727,6.781495094299316,7.480357646942139
2728,5.291037559509277,7.479555606842041
2729,6.881749629974365,7.479336261749268
2730,4.967228412628174,7.478416442871094
2731,6.496856212615967,7.47805643081665
2732,5.457057952880859,7.4773173332214355
2733,5.781613349914551,7.476696968078613
2734,5.9368510246276855,7.476133823394775
2735,5.983415603637695,7.475588798522949
2736,6.606734275817871,7.475271701812744
2737,5.532042980194092,7.47456169128418
2738,7.410506248474121,7.4745378494262695
2739,5.5396728515625,7.473831653594971
2740,6.097859859466553,7.473329544067383
2741,7.110989570617676,7.4731974601745605
2742,7.265110492706299,7.4731221199035645
2743,6.548326015472412,7.472784996032715
2744,6.354856967926025,7.472378253936768
2745,6.89769983291626,7.472168922424316
2746,6.427471160888672,7.4717888832092285
2747,6.616098403930664,7.471477031707764
2748,6.028051853179932,7.470951557159424
2749,7.756950378417969,7.47105598449707
2750,6.630448341369629,7.47075080871582
2751,7.858890533447266,7.470891952514648
2752,5.194467544555664,7.470065116882324
2753,9.633401870727539,7.470850467681885
2754,11.503485679626465,7.472314357757568
2755,11.878671646118164,7.473913669586182
2756,9.051545143127441,7.474485397338867
2757,9.461174964904785,7.475205421447754
2758,9.827032089233398,7.476057529449463
2759,8.275429725646973,7.47634744644165
2760,11.621992111206055,7.477848529815674
2761,9.996330261230469,7.478760242462158
2762,11.138734817504883,7.4800848960876465
2763,12.303547859191895,7.481829643249512
2764,8.538152694702148,7.482212066650391
2765,10.383091926574707,7.483260631561279
2766,10.000673294067383,7.484170436859131
2767,8.524168968200684,7.484545707702637
2768,9.08897876739502,7.485125541687012
2769,10.449527740478516,7.4861955642700195
2770,9.376794815063477,7.486877918243408
2771,10.735370635986328,7.4880499839782715
2772,9.385757446289062,7.488734722137451
2773,9.700557708740234,7.489532470703125
2774,9.182746887207031,7.490142822265625
2775,11.339805603027344,7.49152946472168
2776,9.002202987670898,7.4920735359191895
2777,11.224869728088379,7.493417263031006
2778,8.828369140625,7.493897438049316
2779,9.739505767822266,7.494705677032471
2780,10.310579299926758,7.495718002319336
2781,7.8809027671813965,7.495856285095215
2782,8.85900592803955,7.496346473693848
2783,10.09653091430664,7.497280120849609
2784,12.349641799926758,7.499022483825684
2785,10.170709609985352,7.499980926513672
2786,11.193610191345215,7.501306056976318
2787,11.359051704406738,7.502690315246582
2788,10.739479064941406,7.503850936889648
2789,13.045149803161621,7.5058369636535645
2790,12.945880889892578,7.507785797119141
2791,9.326262474060059,7.508437156677246
2792,10.873367309570312,7.509641647338867
2793,9.026180267333984,7.510184288024902
2794,10.149096488952637,7.5111284255981445
2795,10.794378280639648,7.512302875518799
2796,9.978462219238281,7.513184547424316
2797,10.176750183105469,7.514135837554932
2798,10.571073532104492,7.515227794647217
2799,10.019039154052734,7.516122341156006
2800,9.449735641479492,7.516812324523926
2801,9.276837348937988,7.5174407958984375
2802,10.881861686706543,7.518641471862793
2803,11.088190078735352,7.519914150238037
2804,11.59549617767334,7.52136754989624
2805,11.396896362304688,7.5227484703063965
2806,11.909150123596191,7.52431058883667
2807,11.776191711425781,7.525824546813965
2808,10.899151802062988,7.52702522277832
2809,11.209105491638184,7.5283355712890625
2810,11.460063934326172,7.5297346115112305
2811,10.081634521484375,7.530642032623291
2812,10.251642227172852,7.531609535217285
2813,11.410731315612793,7.53298807144165
2814,10.54578971862793,7.534058094024658
2815,10.238866806030273,7.535018444061279
2816,12.701419830322266,7.5368523597717285
2817,11.170055389404297,7.538141250610352
2818,9.344237327575684,7.538782119750977
2819,11.789711952209473,7.540288925170898
2820,12.537154197692871,7.542060375213623
2821,10.559675216674805,7.543129920959473
2822,10.894355773925781,7.544317245483398
2823,11.421287536621094,7.545690059661865
2824,11.325939178466797,7.547028541564941
2825,10.171772003173828,7.547957420349121
2826,11.988718032836914,7.549528121948242
2827,13.299559593200684,7.551560878753662
2828,9.624861717224121,7.55229377746582
2829,12.17202377319336,7.553926467895508
2830,10.336204528808594,7.554908752441406
2831,10.50179672241211,7.555949687957764
2832,9.806282043457031,7.55674409866333
2833,10.423460006713867,7.557755947113037
2834,10.808843612670898,7.558902263641357
2835,11.145783424377441,7.56016731262207
2836,11.977121353149414,7.5617241859436035
2837,11.73729133605957,7.56319522857666
2838,11.76858139038086,7.564676761627197
2839,11.94148063659668,7.56621789932251
2840,11.93623161315918,7.567755699157715
2841,10.768312454223633,7.568881511688232
2842,11.95726203918457,7.570425033569336
2843,12.233366012573242,7.572064399719238
2844,11.619783401489258,7.573486804962158
2845,9.595776557922363,7.574197292327881
2846,12.199448585510254,7.575821876525879
2847,12.161575317382812,7.577432155609131
2848,13.11771297454834,7.579376697540283
2849,12.32079029083252,7.581040382385254
2850,11.18135929107666,7.582303047180176
2851,10.746950149536133,7.5834126472473145
2852,13.729748725891113,7.585566997528076
2853,12.447160720825195,7.587270736694336
2854,11.364826202392578,7.58859395980835
2855,12.658868789672852,7.590368747711182
2856,11.845622062683105,7.591858386993408
2857,10.636194229125977,7.592923641204834
2858,10.222850799560547,7.593843460083008
2859,11.417549133300781,7.595180511474609
2860,12.374619483947754,7.596851348876953
2861,11.454305648803711,7.598199367523193
2862,10.989212036132812,7.599383354187012
2863,11.229023933410645,7.600650787353516
2864,10.935422897338867,7.6018147468566895
2865,11.847634315490723,7.603296279907227
2866,11.907569885253906,7.604797840118408
2867,12.123894691467285,7.606373310089111
2868,11.877900123596191,7.607861518859863
2869,11.526412963867188,7.609227180480957
2870,10.257064819335938,7.61014986038208
2871,1.0437836647033691,7.607863426208496
2872,5.246129989624023,7.607041358947754
2873,7.417240619659424,7.606975555419922
2874,5.87110710144043,7.6063714027404785
2875,4.188299655914307,7.605182647705078
2876,6.878322601318359,7.604930400848389
2877,6.566926002502441,7.604569435119629
2878,6.759877681732178,7.604276180267334
2879,4.405304908752441,7.603165626525879
2880,7.4434967041015625,7.603110313415527
2881,7.528949737548828,7.603084564208984
2882,7.238167762756348,7.6029582023620605
2883,7.341218948364258,7.602867603302002
2884,4.458434104919434,7.60177755355835
2885,6.792247772216797,7.601497650146484
2886,5.793583869934082,7.6008710861206055
2887,5.683993816375732,7.600207328796387
2888,6.886899948120117,7.5999603271484375
2889,5.160532474517822,7.59911584854126
2890,8.630701065063477,7.599472999572754
2891,6.448976993560791,7.5990753173828125
2892,4.570594310760498,7.598028182983398
2893,7.285449981689453,7.597919940948486
2894,2.201824188232422,7.59605598449707
2895,4.529651165008545,7.594996929168701
2896,6.140277862548828,7.594494819641113
2897,7.14570426940918,7.5943403244018555
2898,5.843129634857178,7.59373664855957
2899,7.695034980773926,7.593771457672119
2900,5.8642072677612305,7.593174934387207
2901,-1.4477629661560059,7.590059757232666
2902,6.332768440246582,7.589626312255859
2903,6.14067268371582,7.589127540588379
2904,5.844881057739258,7.588527202606201
2905,7.225327491760254,7.588402271270752
2906,6.7658491134643555,7.588119029998779
2907,6.021814346313477,7.58758020401001
2908,5.639171123504639,7.586910247802734
2909,7.168429374694824,7.586766242980957
2910,5.161834716796875,7.585933685302734
2911,4.024892330169678,7.584710597991943
2912,7.037330627441406,7.584522724151611
2913,3.7960023880004883,7.58322286605835
2914,0.7918121814727783,7.580893039703369
2915,5.155563831329346,7.580061435699463
2916,6.979742050170898,7.579855918884277
2917,6.057267665863037,7.579333782196045
2918,6.9365668296813965,7.579113960266113
2919,4.927040100097656,7.5782060623168945
2920,6.5975470542907715,7.5778703689575195
2921,6.427742004394531,7.577476501464844
2922,4.529444694519043,7.5764336585998535
2923,5.1317853927612305,7.575597286224365
2924,5.8221940994262695,7.574997901916504
2925,2.3562874794006348,7.573214054107666
2926,5.868770599365234,7.5726318359375
2927,5.968880653381348,7.572083950042725
2928,4.521735191345215,7.571042537689209
2929,5.316282272338867,7.570273399353027
2930,6.747844219207764,7.569992542266846
2931,5.000218868255615,7.569116115570068
2932,3.377321243286133,7.567687034606934
2933,3.9416000843048096,7.566451072692871
2934,7.362918376922607,7.566381454467773
2935,9.752410888671875,7.5671257972717285
2936,5.197570323944092,7.566318988800049
2937,3.6069774627685547,7.564971446990967
2938,6.216424942016602,7.564512729644775
2939,6.613368511199951,7.564189434051514
2940,7.282134056091309,7.564093112945557
2941,5.999098300933838,7.56356143951416
2942,5.471673965454102,7.562850475311279
2943,5.671060562133789,7.56220817565918
2944,3.755443572998047,7.560915470123291
2945,4.3884968757629395,7.559838771820068
2946,4.052279949188232,7.558648586273193
2947,1.3079142570495605,7.556528568267822
2948,0.675206184387207,7.554195404052734
2949,4.618498802185059,7.5532002449035645
2950,6.1921281814575195,7.552739143371582
2951,-0.4896450340747833,7.550014495849609
2952,3.9388861656188965,7.548791885375977
2953,5.300034523010254,7.548030853271484
2954,2.3520829677581787,7.546272277832031
2955,2.6291637420654297,7.5446085929870605
2956,4.328278541564941,7.543520927429199
2957,3.322052478790283,7.542093753814697
2958,4.161245346069336,7.540951728820801
2959,4.566650867462158,7.539946556091309
2960,3.852597713470459,7.53870153427124
2961,3.920165538787842,7.537479877471924
2962,4.456314563751221,7.536440372467041
2963,2.949554920196533,7.534892559051514
2964,4.901738166809082,7.5340046882629395
2965,5.496845722198486,7.533317565917969
2966,5.319982051849365,7.532571792602539
2967,6.342015743255615,7.53217077255249
2968,4.1794753074646,7.531041622161865
2969,7.827325344085693,7.53114128112793
2970,3.6725046634674072,7.529842376708984
2971,3.0427584648132324,7.528332710266113
2972,2.6635546684265137,7.526696681976318
2973,4.983407020568848,7.52584171295166
2974,4.921485424041748,7.524966716766357
2975,3.14117693901062,7.52349328994751
2976,7.597985744476318,7.523518085479736
2977,2.9365973472595215,7.521978378295898
2978,4.810671329498291,7.521068096160889
2979,0.8654045462608337,7.518834590911865
2980,4.10915994644165,7.517690658569336
2981,4.093395709991455,7.516542434692383
2982,4.395650386810303,7.515496730804443
2983,4.723690509796143,7.514561176300049
2984,6.192872524261475,7.514118671417236
2985,4.239080429077148,7.513021469116211
2986,3.170362710952759,7.51156759262085
2987,-1.3980342149734497,7.5085859298706055
2988,1.7014003992080688,7.506642818450928
2989,6.372043609619141,7.506263256072998
2990,6.529131889343262,7.505936622619629
2991,6.9521894454956055,7.505751609802246
2992,-1.5947093963623047,7.502711296081543
2993,1.7360472679138184,7.5007853507995605
2994,3.84959077835083,7.499566555023193
2995,5.60137939453125,7.498932838439941
2996,2.212717294692993,7.497169017791748
2997,4.954498291015625,7.496321201324463
2998,6.238221168518066,7.495901584625244
2999,3.699338674545288,7.494636058807373
3000,4.987439155578613,7.493801116943359
3001,5.028103828430176,7.492979526519775
3002,4.822489261627197,7.492089748382568
3003,4.741034984588623,7.49117374420166
3004,2.5226714611053467,7.48952054977417
3005,1.8147830963134766,7.487632751464844
3006,3.1722240447998047,7.486197471618652
3007,4.33370304107666,7.48514986038208
3008,4.244611740112305,7.484072685241699
3009,4.264079570770264,7.483002662658691
3010,5.029094696044922,7.482187747955322
3011,3.748009204864502,7.480947971343994
3012,4.03533411026001,7.479804515838623
3013,4.588981628417969,7.478845596313477
3014,5.455061912536621,7.478174209594727
3015,3.4039306640625,7.476823329925537
3016,3.0953595638275146,7.475371360778809
3017,1.3598716259002686,7.473344802856445
3018,3.4838075637817383,7.4720234870910645
3019,2.273219585418701,7.470302104949951
3020,6.093860149383545,7.469846725463867
3021,4.06099796295166,7.468718528747559
3022,3.7669787406921387,7.467494010925293
3023,3.7866928577423096,7.466277122497559
3024,3.284238576889038,7.464894771575928
3025,3.060621738433838,7.463439464569092
3026,3.863510847091675,7.462249755859375
3027,2.897217273712158,7.460741996765137
3028,3.3993542194366455,7.4594011306762695
3029,4.566991806030273,7.458446025848389
3030,5.303964614868164,7.457735538482666
3031,3.036461353302002,7.456277370452881
3032,3.890453815460205,7.45510196685791
3033,1.6953785419464111,7.4532036781311035
3034,4.510726451873779,7.452233791351318
3035,4.978573799133301,7.451418876647949
3036,4.667110443115234,7.450502395629883
3037,0.7526453733444214,7.448297500610352
3038,-0.7355549931526184,7.44560432434082
3039,2.0309300422668457,7.443823337554932
3040,2.266307830810547,7.442120552062988
3041,5.346695899963379,7.441431999206543
3042,4.126963138580322,7.440342903137207
3043,7.225865840911865,7.440272331237793
3044,2.6506667137145996,7.438699245452881
3045,4.161476135253906,7.437623977661133
3046,2.6060123443603516,7.436038017272949
3047,2.761298656463623,7.434504508972168
3048,2.375896692276001,7.432845115661621
3049,2.309279203414917,7.431164741516113
3050,1.7759058475494385,7.429311275482178
3051,6.812638282775879,7.4291090965271
3052,-1.733399748802185,7.426107406616211
3053,4.851931571960449,7.425264358520508
3054,3.314875364303589,7.423918724060059
3055,2.5355517864227295,7.422319412231445
3056,1.7693228721618652,7.420470237731934
3057,1.3811815977096558,7.418495178222656
3058,2.977992296218872,7.417043685913086
3059,-7.18933629989624,7.4122700691223145
3060,1.9039294719696045,7.410470962524414
3061,2.095543622970581,7.408735275268555
3062,1.1176608800888062,7.406681060791016
3063,2.4677767753601074,7.405069351196289
3064,-0.6071895956993103,7.4024553298950195
3065,0.9900572896003723,7.400363922119141
3066,3.130220413208008,7.3989715576171875
3067,3.2909116744995117,7.397632598876953
3068,1.9882476329803467,7.395870208740234
3069,3.3178720474243164,7.394542217254639
3070,3.8158676624298096,7.39337682723999
3071,2.3154678344726562,7.391724109649658
3072,3.3788909912109375,7.390418529510498
3073,3.942650556564331,7.389297008514404
3074,3.3470382690429688,7.3879828453063965
3075,2.392163038253784,7.386358737945557
3076,3.919721841812134,7.385231971740723
3077,3.822748899459839,7.384074687957764
3078,3.256253719329834,7.3827338218688965
3079,3.163311004638672,7.381364345550537
3080,3.8888742923736572,7.38023042678833
3081,3.7916157245635986,7.379065990447998
3082,3.203422784805298,7.377711296081543
3083,3.588775157928467,7.3764824867248535
3084,3.6576952934265137,7.375277519226074
3085,3.3739523887634277,7.373980522155762
3086,4.069972038269043,7.372910022735596
3087,4.604877948760986,7.372014045715332
3088,4.881740093231201,7.3712077140808105
3089,6.573922634124756,7.370949745178223
3090,4.804759979248047,7.370119571685791
3091,2.9935338497161865,7.368704319000244
3092,9.320784568786621,7.369335174560547
3093,9.413698196411133,7.369996070861816
3094,10.623263359069824,7.371047019958496
3095,10.135124206542969,7.371939659118652
3096,8.832113265991211,7.372411251068115
3097,5.409640312194824,7.3717780113220215
3098,8.24596881866455,7.3720598220825195
3099,12.267877578735352,7.373639106750488
3100,11.141804695129395,7.374854564666748
3101,7.109357833862305,7.3747687339782715
3102,6.70803165435791,7.37455415725708
3103,10.095848083496094,7.375431060791016
3104,10.995522499084473,7.376596927642822
3105,9.723445892333984,7.377352237701416
3106,6.652195930480957,7.377119064331055
3107,9.153913497924805,7.37769079208374
3108,6.01719331741333,7.377253532409668
3109,10.436783790588379,7.378237247467041
3110,8.949581146240234,7.378742218017578
3111,7.6367034912109375,7.3788251876831055
3112,8.805719375610352,7.379283905029297
3113,7.001344680786133,7.379162788391113
3114,10.267667770385742,7.380090236663818
3115,10.149641990661621,7.380979061126709
3116,7.764561176300049,7.381102085113525
3117,8.982017517089844,7.38161563873291
3118,6.936118125915527,7.381472587585449
3119,10.414392471313477,7.382444381713867
3120,9.894007682800293,7.383249282836914
3121,9.465154647827148,7.383915901184082
3122,8.68356990814209,7.384332180023193
3123,10.483941078186035,7.385324478149414
3124,6.3985595703125,7.385008811950684
3125,6.77324104309082,7.38481330871582
3126,9.46081256866455,7.385477066040039
3127,6.2631683349609375,7.38511848449707
3128,8.21545124053955,7.385383605957031
3129,8.141519546508789,7.385624885559082
3130,7.635562419891357,7.385704517364502
3131,6.619647026062012,7.385459899902344
3132,9.572466850280762,7.386157512664795
3133,9.286955833435059,7.386764049530029
3134,10.09797191619873,7.38762903213501
3135,9.042315483093262,7.388156890869141
3136,9.49522590637207,7.388828754425049
3137,6.87581729888916,7.388665199279785
3138,9.185144424438477,7.389237403869629
3139,7.431407451629639,7.389250755310059
3140,8.88602352142334,7.389727592468262
3141,10.129386901855469,7.390599727630615
3142,10.043392181396484,7.391443252563477
3143,9.63232421875,7.39215612411499
3144,5.7459869384765625,7.391633033752441
3145,8.019052505493164,7.39183235168457
3146,7.668421268463135,7.39192008972168
3147,9.017998695373535,7.392436504364014
3148,8.244515419006348,7.392707347869873
3149,6.534969806671143,7.392435073852539
3150,9.072090148925781,7.39296817779541
3151,8.09677505493164,7.393191337585449
3152,8.178910255432129,7.393441200256348
3153,7.396074295043945,7.393442153930664
3154,8.728300094604492,7.39386510848999
3155,9.833770751953125,7.394638538360596
3156,9.947463989257812,7.39544677734375
3157,9.059478759765625,7.3959736824035645
3158,9.163124084472656,7.396533012390137
3159,8.193818092346191,7.396785259246826
3160,7.432506084442139,7.396796226501465
3161,9.418868064880371,7.397435665130615
3162,8.087559700012207,7.397654056549072
3163,8.467656135559082,7.39799165725708
3164,8.831561088562012,7.398445129394531
3165,9.155267715454102,7.3989996910095215
3166,8.500138282775879,7.399347305297852
3167,10.161565780639648,7.400219440460205
3168,7.753293514251709,7.400331020355225
3169,8.908835411071777,7.400806427001953
3170,10.176224708557129,7.401681423187256
3171,8.299511909484863,7.4019646644592285
3172,9.826736450195312,7.40272855758667
3173,9.646478652954102,7.403435230255127
3174,8.488893508911133,7.403777122497559
3175,9.723278045654297,7.404507160186768
3176,-2.017094850540161,7.401541709899902
3177,6.055819988250732,7.401118278503418
3178,6.457152843475342,7.400821208953857
3179,4.651125431060791,7.399956226348877
3180,-3.591323137283325,7.396501064300537
3181,5.025608062744141,7.395755767822266
3182,1.7574365139007568,7.393984317779541
3183,6.381938457489014,7.393666744232178
3184,4.44386100769043,7.392740726470947
3185,5.682504653930664,7.392203330993652
3186,2.7419371604919434,7.390744686126709
3187,5.818607330322266,7.390251159667969
3188,3.164069414138794,7.388926029205322
3189,5.303464412689209,7.388272285461426
3190,4.48792839050293,7.387363433837891
3191,3.8207314014434814,7.3862457275390625
3192,4.971251964569092,7.385489463806152
3193,4.711409568786621,7.3846516609191895
3194,4.859016418457031,7.383861541748047
3195,8.50601577758789,7.384212493896484
3196,7.140071392059326,7.384136199951172
3197,9.633187294006348,7.3848395347595215
3198,6.308985710144043,7.38450288772583
3199,5.267791748046875,7.383841514587402
3200,5.2343950271606445,7.383170127868652
3201,5.394947052001953,7.382548809051514
3202,5.738089561462402,7.382035732269287
3203,2.4411020278930664,7.380493640899658
3204,6.87653112411499,7.380336284637451
3205,5.677519798278809,7.379805564880371
3206,5.1932854652404785,7.379123687744141
3207,7.005287170410156,7.379007339477539
3208,8.959210395812988,7.379499435424805
3209,5.73807430267334,7.378988265991211
3210,8.399550437927246,7.379306316375732
3211,6.207275867462158,7.378941535949707
3212,6.516702175140381,7.378673553466797
3213,8.765902519226074,7.379105091094971
3214,6.613640308380127,7.378866672515869
3215,7.313295364379883,7.378846168518066
3216,12.683859825134277,7.380495071411133
3217,12.387969970703125,7.382051467895508
3218,6.55033540725708,7.381793022155762
3219,2.559952735900879,7.380295753479004
3220,8.205781936645508,7.380551815032959
3221,5.682528018951416,7.380024433135986
3222,6.995784759521484,7.379905700683594
3223,5.112432479858398,7.379202365875244
3224,4.850468158721924,7.37841796875
3225,4.139001369476318,7.377413749694824
3226,2.7363548278808594,7.375975608825684
3227,5.010820388793945,7.375243186950684
3228,6.788686752319336,7.375061511993408
3229,5.4611406326293945,7.37446928024292
3230,6.678757190704346,7.37425422668457
3231,8.439251899719238,7.374583721160889
3232,6.4917426109313965,7.374310493469238
3233,9.449370384216309,7.37495231628418
3234,5.025835037231445,7.374226093292236
3235,8.209705352783203,7.374484062194824
3236,4.748851776123047,7.3736724853515625
3237,5.475090980529785,7.373085975646973
3238,5.674848556518555,7.372561931610107
3239,3.916020631790161,7.371495246887207
3240,5.519809722900391,7.37092399597168
3241,4.74818754196167,7.370114803314209
3242,6.425018787384033,7.369823455810547
3243,6.291919708251953,7.369491100311279
3244,1.3664263486862183,7.367641448974609
3245,5.303532600402832,7.367005348205566
3246,2.5179288387298584,7.365511894226074
3247,3.542905807495117,7.364334583282471
3248,5.711254596710205,7.363825798034668
3249,5.631568908691406,7.363292694091797
3250,5.89027214050293,7.362839698791504
3251,8.902388572692871,7.3633131980896
3252,6.0649213790893555,7.362913608551025
3253,6.608397960662842,7.362681865692139
3254,6.1866912841796875,7.362320423126221
3255,8.075263977050781,7.362539768218994
3256,11.59577465057373,7.363839626312256
3257,6.5241851806640625,7.363581657409668
3258,11.592435836791992,7.364879131317139
3259,7.489513874053955,7.364917278289795
3260,6.270226955413818,7.36458158493042
3261,4.1763715744018555,7.3636040687561035
3262,6.325002670288086,7.363285541534424
3263,7.034564018249512,7.363184928894043
3264,8.278690338134766,7.363465309143066
3265,6.590564250946045,7.363228797912598
3266,8.901505470275879,7.363699913024902
3267,7.206747531890869,7.363651752471924
3268,1.7822024822235107,7.361944198608398
3269,6.860921859741211,7.361791133880615
3270,7.042928218841553,7.361693382263184
3271,7.508575916290283,7.361738204956055
3272,7.47255277633667,7.361772060394287
3273,6.985698223114014,7.361657619476318
3274,7.786044120788574,7.361786842346191
3275,6.314164161682129,7.361466884613037
3276,7.189389228820801,7.361414432525635
3277,6.18795919418335,7.361056327819824
3278,5.309501647949219,7.360430717468262
3279,8.370589256286621,7.360738754272461
3280,7.505059242248535,7.360782623291016
3281,5.574192047119141,7.360238552093506
3282,5.587909698486328,7.35969877243042
3283,6.960909843444824,7.359577178955078
3284,8.072222709655762,7.3597941398620605
3285,7.065560340881348,7.359704971313477
3286,8.629426002502441,7.360091209411621
3287,6.943314552307129,7.359964370727539
3288,7.0552263259887695,7.3598713874816895
3289,6.973420143127441,7.359753608703613
3290,4.164560317993164,7.358782768249512
3291,6.971500396728516,7.3586649894714355
3292,7.2220683097839355,7.358623504638672
3293,5.538764476776123,7.358071327209473
3294,7.0788092613220215,7.357985973358154
3295,6.218512058258057,7.357640743255615
3296,4.225461006164551,7.356690406799316
3297,6.596508979797363,7.356459617614746
3298,10.225600242614746,7.357329368591309
3299,3.3491406440734863,7.356114864349365
3300,8.569652557373047,7.356482982635498
3301,4.45549201965332,7.35560417175293
3302,8.106637001037598,7.355831623077393
3303,7.645791053771973,7.35591983795166
3304,5.515751838684082,7.355362892150879
3305,5.377811908721924,7.354764461517334
3306,5.573472499847412,7.354226112365723
3307,7.601997375488281,7.3543009757995605
3308,7.029200077056885,7.354202747344971
3309,5.544590473175049,7.35365629196167
3310,7.353734493255615,7.353655815124512
3311,8.12468433380127,7.353888988494873
3312,3.691053628921509,7.352783203125
3313,4.637426853179932,7.351963996887207
3314,1.4495235681533813,7.350183010101318
3315,4.765608787536621,7.3494038581848145
3316,2.657956600189209,7.347989559173584
3317,1.9085190296173096,7.346350193023682
3318,1.803131341934204,7.344679832458496
3319,2.6927947998046875,7.343278884887695
3320,2.992523193359375,7.341968536376953
3321,4.2172722816467285,7.341027736663818
3322,1.724173903465271,7.3393378257751465
3323,4.087305068969727,7.338359355926514
3324,9.048121452331543,7.338873863220215
3325,4.570823669433594,7.338041305541992
3326,3.9748427867889404,7.337030410766602
3327,7.1117730140686035,7.336962699890137
3328,7.755399703979492,7.337088584899902
3329,3.6565115451812744,7.3359832763671875
3330,3.311819553375244,7.334775447845459
3331,3.4897687435150146,7.333621501922607
3332,3.6592798233032227,7.33251953125
3333,6.568096160888672,7.332290172576904
3334,1.6045429706573486,7.330573081970215
3335,5.701680660247803,7.330084800720215
3336,3.639589786529541,7.328978538513184
3337,3.8199689388275146,7.327927112579346
3338,2.7970149517059326,7.3265700340271
3339,5.845827579498291,7.326127052307129
3340,4.817594528198242,7.325376033782959
3341,1.9951797723770142,7.323781490325928
3342,-4.326941013336182,7.320296764373779
3343,2.482487916946411,7.318850040435791
3344,5.336451530456543,7.3182573318481445
3345,0.287550151348114,7.316155910491943
3346,5.129974365234375,7.315503120422363
3347,2.073948621749878,7.313937187194824
3348,5.600018501281738,7.313425540924072
3349,3.5823605060577393,7.31231164932251
3350,7.588951587677002,7.312394618988037
3351,3.7059378623962402,7.311318397521973
3352,3.6783790588378906,7.310234546661377
3353,4.904721736907959,7.3095173835754395
3354,6.380941390991211,7.309240341186523
3355,8.33071517944336,7.309544563293457
3356,8.004892349243164,7.309751987457275
3357,5.8142194747924805,7.309306621551514
3358,4.440461158752441,7.30845308303833
3359,0.7430201768875122,7.306499004364014
3360,3.194406509399414,7.3052754402160645
3361,5.134551525115967,7.304629802703857
3362,7.183874130249023,7.304594039916992
3363,2.6226720809936523,7.303202152252197
3364,5.213265895843506,7.302581310272217
3365,4.287227153778076,7.301685333251953
3366,4.659177780151367,7.300899982452393
3367,5.729546070098877,7.300434112548828
3368,4.116913795471191,7.2994890213012695
3369,4.598407745361328,7.29868745803833
3370,9.354706764221191,7.299297332763672
3371,4.523810386657715,7.298474311828613
3372,0.4831417202949524,7.296453475952148
3373,4.354706764221191,7.295581817626953
3374,6.3253679275512695,7.295294761657715
3375,-1.6133732795715332,7.292655944824219
3376,-1.0869436264038086,7.2901740074157715
3377,10.56796646118164,7.291144371032715
3378,5.43407678604126,7.290595054626465
3379,2.4832918643951416,7.289172172546387
3380,3.7976596355438232,7.288139343261719
3381,1.8664121627807617,7.286536693572998
3382,6.555878639221191,7.286320686340332
3383,4.161149501800537,7.285397529602051
3384,6.835625171661377,7.285264492034912
3385,5.043411731719971,7.284602642059326
3386,-1.7737966775894165,7.281928062438965
3387,5.167818069458008,7.281304359436035
3388,8.75372314453125,7.281738758087158
3389,6.473002910614014,7.281499862670898
3390,8.591120719909668,7.281886577606201
3391,8.352046966552734,7.282201766967773
3392,7.901675701141357,7.282384395599365
3393,7.11299991607666,7.282334804534912
3394,7.219182968139648,7.282316207885742
3395,7.372488498687744,7.282342910766602
3396,8.575023651123047,7.2827229499816895
3397,6.983370780944824,7.282634735107422
3398,7.8977131843566895,7.282815933227539
3399,7.732858657836914,7.282948017120361
3400,7.66453218460083,7.283060073852539
3401,9.383650779724121,7.283677577972412
3402,8.309616088867188,7.2839789390563965
3403,6.875472068786621,7.283858776092529
3404,12.170257568359375,7.285294055938721
3405,7.208545207977295,7.285271644592285
3406,8.899181365966797,7.285745143890381
3407,7.981964111328125,7.285949230194092
3408,9.411416053771973,7.2865729331970215
3409,9.550074577331543,7.287237167358398
3410,8.107548713684082,7.287477493286133
3411,8.146306991577148,7.287729263305664
3412,7.731183052062988,7.287858963012695
3413,7.372342109680176,7.287883758544922
3414,7.94069242477417,7.2880754470825195
3415,10.983649253845215,7.289157390594482
3416,9.191431045532227,7.289714336395264
3417,8.009132385253906,7.289924621582031
3418,10.774499893188477,7.2909440994262695
3419,8.803851127624512,7.291386604309082
3420,11.226442337036133,7.292537212371826
3421,6.9398298263549805,7.292433738708496
3422,7.678088188171387,7.29254674911499
3423,7.359396934509277,7.292565822601318
3424,7.423924446105957,7.292604446411133
3425,7.946165084838867,7.292794704437256
3426,9.130069732666016,7.293331146240234
3427,8.493358612060547,7.293681621551514
3428,10.277037620544434,7.294551849365234
3429,8.860189437866211,7.295007705688477
3430,6.150379180908203,7.294674396514893
3431,7.805490970611572,7.294822692871094
3432,8.257046699523926,7.295103549957275
3433,7.072625637054443,7.29503870010376
3434,8.134602546691895,7.29528284072876
3435,8.76220417022705,7.295709609985352
3436,9.23623275756836,7.296274185180664
3437,8.343633651733398,7.296578884124756
3438,10.969892501831055,7.297647476196289
3439,11.275243759155273,7.298803806304932
3440,5.940533638000488,7.298409461975098
3441,9.379111289978027,7.299013614654541
3442,7.373694896697998,7.29903507232666
3443,9.55169677734375,7.299688816070557
3444,9.870070457458496,7.3004350662231445
3445,7.1626996994018555,7.300394535064697
3446,8.28780746459961,7.300681114196777
3447,9.69733715057373,7.301375865936279
3448,6.719045639038086,7.301207065582275
3449,8.989991188049316,7.30169677734375
3450,7.566583156585693,7.301773548126221
3451,10.363272666931152,7.3026604652404785
3452,8.057312965393066,7.302878379821777
3453,9.6043062210083,7.303544521331787
3454,8.389371871948242,7.303858757019043
3455,9.000794410705566,7.304349422454834
3456,7.878994941711426,7.304515838623047
3457,6.65499210357666,7.304327487945557
3458,5.457008361816406,7.303793430328369
3459,6.650571346282959,7.303604602813721
3460,8.580769538879395,7.30397367477417
3461,8.895881652832031,7.304433822631836
3462,7.089223384857178,7.3043718338012695
3463,9.70639705657959,7.305065155029297
3464,6.383804798126221,7.304799556732178
3465,8.597420692443848,7.305172920227051
3466,5.155190467834473,7.30455207824707
3467,8.84139633178711,7.304995536804199
3468,8.095444679260254,7.30522346496582
3469,10.269075393676758,7.30607795715332
3470,6.417913436889648,7.305821895599365
3471,5.471842288970947,7.305294036865234
3472,9.544563293457031,7.305938720703125
3473,7.913337230682373,7.3061137199401855
3474,7.923764228820801,7.306291580200195
3475,7.868666648864746,7.306453704833984
3476,7.505711555480957,7.306510925292969
3477,8.113393783569336,7.3067426681518555
3478,8.390131950378418,7.30705451965332
3479,9.065652847290039,7.307559967041016
3480,7.50521183013916,7.307616710662842
3481,7.850566864013672,7.307772636413574
3482,4.42235803604126,7.306943893432617
3483,10.562326431274414,7.307878494262695
3484,7.828126430511475,7.308027744293213
3485,6.075236797332764,7.307674407958984
3486,8.18921947479248,7.307927131652832
3487,9.88187313079834,7.3086652755737305
3488,9.397127151489258,7.309263706207275
3489,10.197603225708008,7.310091495513916
3490,8.167983055114746,7.310337066650391
3491,7.765510082244873,7.31046724319458
3492,7.129600524902344,7.310415267944336
3493,6.139562606811523,7.310080051422119
3494,7.771165370941162,7.310212135314941
3495,8.88812255859375,7.31066370010376
3496,10.583169937133789,7.3115997314453125
3497,6.958274841308594,7.311498641967773
3498,7.438398361206055,7.311534881591797
3499,7.837090969085693,7.311685085296631
3500,7.888375282287598,7.311850070953369
3501,7.5118632316589355,7.3119072914123535
3502,7.702006816864014,7.312018394470215
3503,7.6336774826049805,7.31210994720459
3504,10.014142990112305,7.312880516052246
3505,11.083118438720703,7.313956260681152
3506,7.881209850311279,7.314117908477783
3507,9.173006057739258,7.314648151397705
3508,7.005712509155273,7.3145599365234375
3509,6.681728839874268,7.314379692077637
3510,5.46873140335083,7.313854217529297
3511,8.268915176391602,7.314126014709473
3512,8.677420616149902,7.31451416015625
3513,6.908443450927734,7.314398765563965
3514,8.639835357666016,7.3147759437561035
3515,9.0281982421875,7.315263271331787
3516,7.0059685707092285,7.3151750564575195
3517,7.168550968170166,7.315133094787598
3518,8.705212593078613,7.315528392791748
3519,10.377946853637695,7.316398620605469
3520,5.694464683532715,7.3159379959106445
3521,8.765229225158691,7.316349506378174
3522,9.617120742797852,7.317002773284912
3523,7.692169189453125,7.317109107971191
3524,9.94061279296875,7.3178534507751465
3525,6.731555461883545,7.317687511444092
3526,7.855891704559326,7.317840099334717
3527,6.588597297668457,7.317633152008057
3528,7.183511734008789,7.3175950050354
3529,7.864308834075928,7.317749977111816
3530,8.453051567077637,7.3180718421936035
3531,7.079787731170654,7.318004131317139
3532,6.202479362487793,7.317688941955566
3533,5.7357025146484375,7.317241191864014
3534,7.090287685394287,7.317176818847656
3535,6.076071739196777,7.316825866699219
3536,7.932495594024658,7.316999912261963
3537,6.315135478973389,7.31671667098999
3538,6.544696807861328,7.316498279571533
3539,7.557867050170898,7.3165669441223145
3540,7.9140143394470215,7.316735744476318
3541,6.245388031005859,7.316433429718018
3542,6.690612316131592,7.316256999969482
3543,6.324029445648193,7.315977096557617
3544,6.438620090484619,7.31572961807251
3545,5.599947929382324,7.315245628356934
3546,6.253297328948975,7.31494665145874
3547,7.386767387390137,7.314966678619385
3548,8.821332931518555,7.315391540527344
3549,5.995014190673828,7.315019130706787
3550,6.121971130371094,7.314682960510254
3551,6.887472152709961,7.3145623207092285
3552,6.632609844207764,7.314370632171631
3553,6.823807716369629,7.31423282623291
3554,5.316965103149414,7.313670635223389
3555,7.444629192352295,7.3137078285217285
3556,4.285949230194092,7.312856197357178
3557,7.207353115081787,7.312826633453369
3558,8.520089149475098,7.313165664672852
3559,9.049535751342773,7.313652992248535
3560,8.038280487060547,7.313857078552246
3561,7.665822982788086,7.313955783843994
3562,8.608369827270508,7.314318656921387
3563,7.95674991607666,7.314499378204346
3564,6.135575294494629,7.314168453216553
3565,7.818360805511475,7.314309597015381
3566,7.491163730621338,7.314358711242676
3567,7.341933250427246,7.314366817474365
3568,7.704751491546631,7.314476013183594
3569,7.994570732116699,7.314666271209717
3570,5.938076019287109,7.314280986785889
3571,7.973664283752441,7.314465522766113
3572,9.366476058959961,7.315040111541748
3573,7.0792236328125,7.314974308013916
3574,5.0478515625,7.314340114593506
3575,8.428190231323242,7.3146514892578125
3576,5.597162246704102,7.314171314239502
3577,8.025504112243652,7.314370155334473
3578,6.804746627807617,7.31422758102417
3579,6.632180213928223,7.314037322998047
3580,7.444011688232422,7.31407356262207
3581,7.746539115905762,7.314194202423096
3582,6.638371467590332,7.314005374908447
3583,9.74402904510498,7.314683437347412
3584,8.234270095825195,7.314939975738525
3585,4.445337295532227,7.3141398429870605
3586,6.295413017272949,7.3138556480407715
3587,5.3760857582092285,7.3133158683776855
3588,7.4744720458984375,7.313360691070557
3589,9.41018009185791,7.3139448165893555
3590,6.139331817626953,7.313617706298828
3591,7.851815223693848,7.313767433166504
3592,6.722508430480957,7.313602924346924
3593,7.015666484832764,7.3135199546813965
3594,7.402913570404053,7.313544750213623
3595,6.8192596435546875,7.313406944274902
3596,6.659440994262695,7.313225269317627
3597,6.177525997161865,7.3129096031188965
3598,9.25197982788086,7.313448429107666
3599,7.649613380432129,7.313542366027832
3600,-2.936429500579834,7.310696125030518
3601,-3.480863571166992,7.307700157165527
3602,-1.5221025943756104,7.3052496910095215
3603,-10.964322090148926,7.300180435180664
3604,-17.909324645996094,7.293187141418457
3605,-5.026374816894531,7.289770603179932
3606,-11.085247993469238,7.2846760749816895
3607,-7.040271759033203,7.280705451965332
3608,-5.043801307678223,7.2772908210754395
3609,-10.076416015625,7.272483825683594
3610,-11.833831787109375,7.267192363739014
3611,-10.962838172912598,7.262145519256592
3612,-5.41867208480835,7.258635997772217
3613,-6.998821258544922,7.254691123962402
3614,-9.283734321594238,7.250116348266602
3615,-11.732290267944336,7.244866371154785
3616,-8.353328704833984,7.240553855895996
3617,-18.29667091369629,7.233495712280273
3618,-8.742886543273926,7.229081153869629
3619,-7.591939926147461,7.224987030029297
3620,-10.816686630249023,7.220004558563232
3621,-5.822348117828369,7.216403961181641
3622,-6.833710670471191,7.212525844573975
3623,-6.681868553161621,7.208691596984863
3624,-5.778200626373291,7.205109596252441
3625,-6.247084140777588,7.201399326324463
3626,-10.137053489685059,7.196619033813477
3627,-4.097496509552002,7.193505764007568
3628,-6.78542423248291,7.1896538734436035
3629,-0.6318503618240356,7.187499046325684
3630,-13.091464042663574,7.18191385269165
3631,-3.5385050773620605,7.178962230682373
3632,-8.716377258300781,7.174586772918701
3633,-8.15428638458252,7.170368671417236
3634,-2.4627695083618164,7.167718410491943
3635,-9.583293914794922,7.163111209869385
3636,-5.603507041931152,7.159601211547852
3637,-12.817010879516602,7.154109954833984
3638,-15.82695484161377,7.1477952003479
3639,-10.22189712524414,7.1430230140686035
3640,-0.0867563933134079,7.141037464141846
3641,-3.7845232486724854,7.13803768157959
3642,-6.579010963439941,7.134272575378418
3643,-4.186985969543457,7.131165504455566
3644,-5.750767707824707,7.127631664276123
3645,0.07187794893980026,7.125696182250977
3646,-3.374542713165283,7.122817039489746
3647,-1.2528425455093384,7.120521545410156
3648,-4.728981971740723,7.117274284362793
3649,-7.7978715896606445,7.113187789916992
3650,-8.005910873413086,7.109046459197998
3651,-9.329113960266113,7.1045451164245605
3652,-2.9561681747436523,7.101790904998779
3653,-4.859300136566162,7.098517417907715
3654,-10.296138763427734,7.0937581062316895
3655,-12.112265586853027,7.088504791259766
3656,-4.495048522949219,7.0853376388549805
3657,-6.613558769226074,7.081593036651611
3658,-1.5531922578811646,7.079233169555664
3659,15.664406776428223,7.081578731536865
3660,10.030738830566406,7.0823845863342285
3661,13.455329895019531,7.084124565124512
3662,13.268726348876953,7.085813045501709
3663,13.191861152648926,7.087479591369629
3664,15.801122665405273,7.08985710144043
3665,11.995016098022461,7.0911946296691895
3666,11.19072151184082,7.092312812805176
3667,16.7528018951416,7.094946384429932
3668,12.608424186706543,7.096449375152588
3669,13.123138427734375,7.0980916023254395
3670,9.928606986999512,7.098862171173096
3671,10.252622604370117,7.0997209548950195
3672,10.015848159790039,7.100514888763428
3673,13.94305419921875,7.102377414703369
3674,13.511370658874512,7.104121685028076
3675,13.572465896606445,7.105881214141846
3676,12.621766090393066,7.1073808670043945
3677,12.78109073638916,7.108923435211182
3678,12.4537353515625,7.110376358032227
3679,12.10322380065918,7.1117329597473145
3680,10.43661880493164,7.112636566162109
3681,13.092490196228027,7.114260673522949
3682,10.558053970336914,7.1151957511901855
3683,13.452910423278809,7.116916179656982
3684,12.031543731689453,7.118249893188477
3685,13.838815689086914,7.120072841644287
3686,11.234415054321289,7.121188640594482
3687,12.072690963745117,7.122530937194824
3688,12.305028915405273,7.123935699462891
3689,12.038251876831055,7.12526798248291
3690,13.057822227478027,7.126875400543213
3691,11.209386825561523,7.127981185913086
3692,12.515292167663574,7.129439830780029
3693,11.901841163635254,7.13073205947876
3694,12.487543106079102,7.1321821212768555
3695,11.790258407592773,7.133442401885986
3696,11.803642272949219,7.134705543518066
3697,12.598809242248535,7.136183261871338
3698,11.408571243286133,7.137338161468506
3699,12.842138290405273,7.138879776000977
3700,12.584129333496094,7.140351295471191
3701,10.920662879943848,7.141372203826904
3702,11.120889663696289,7.142446994781494
3703,15.892923355102539,7.144809246063232
3704,10.880175590515137,7.145817756652832
3705,12.285174369812012,7.147204399108887
3706,12.289506912231445,7.1485915184021
3707,14.372444152832031,7.150539875030518
3708,15.966575622558594,7.15291690826416
3709,11.173151969909668,7.154000282287598
3710,11.524188995361328,7.155178070068359
3711,11.347135543823242,7.156307220458984
3712,13.744586944580078,7.158081531524658
3713,13.802000045776367,7.159870624542236
3714,13.68040657043457,7.161625862121582
3715,15.228896141052246,7.163796424865723
3716,14.163838386535645,7.165679931640625
3717,13.8157320022583,7.167468547821045
3718,12.890501022338867,7.169007778167725
3719,11.732994079589844,7.170234203338623
3720,14.653325080871582,7.172245502471924
3721,12.505977630615234,7.173678398132324
3722,12.327287673950195,7.175063133239746
3723,12.311139106750488,7.1764421463012695
3724,9.816597938537598,7.177150726318359
3725,11.524686813354492,7.178318023681641
3726,11.1058349609375,7.179371356964111
3727,10.340625762939453,7.1802191734313965
3728,11.229854583740234,7.181305408477783
3729,9.445377349853516,7.181912422180176
3730,13.436088562011719,7.18358850479126
3731,11.635618209838867,7.184781074523926
3732,9.591546058654785,7.185426235198975
3733,11.58714485168457,7.186604976654053
3734,11.972454071044922,7.1878862380981445
3735,11.533843994140625,7.18904972076416
3736,11.202486991882324,7.190123558044434
3737,10.33580207824707,7.190965175628662
3738,11.43427848815918,7.1921000480651855
3739,11.399998664855957,7.193225383758545
3740,10.22068977355957,7.194034576416016
3741,7.6922101974487305,7.194167137145996
3742,11.086523056030273,7.195207118988037
3743,11.584092140197754,7.1963791847229
3744,9.146492004394531,7.196899890899658
3745,8.036687850952148,7.197124481201172
3746,9.939430236816406,7.197856426239014
3747,7.242022514343262,7.1978678703308105
3748,10.999265670776367,7.198882102966309
3749,10.416021347045898,7.199739933013916
3750,11.890371322631836,7.200990676879883
3751,7.65000057220459,7.201110363006592
3752,9.187971115112305,7.201639652252197
3753,10.235130310058594,7.202447414398193
3754,10.284067153930664,7.203268051147461
3755,11.52253246307373,7.204418182373047
3756,13.018436431884766,7.205965518951416
3757,12.517829895019531,7.20737886428833
3758,11.494363784790039,7.208519458770752
3759,10.854040145874023,7.209488868713379
3760,13.299297332763672,7.2111077308654785
3761,11.364568710327148,7.212212085723877
3762,12.161178588867188,7.213527679443359
3763,12.284086227416992,7.214874267578125
3764,13.61613655090332,7.216574192047119
3765,9.391637802124023,7.217152118682861
3766,11.920110702514648,7.218400478363037
3767,10.906495094299316,7.219379425048828
3768,11.557868957519531,7.2205305099487305
3769,12.401050567626953,7.221904754638672
3770,13.339071273803711,7.223526954650879
3771,9.644073486328125,7.22416877746582
3772,12.806364059448242,7.225648403167725
3773,13.742180824279785,7.227375030517578
3774,11.142768859863281,7.22841215133667
3775,9.838643074035645,7.229103088378906
3776,11.001582145690918,7.230102062225342
3777,12.605949401855469,7.23152494430542
3778,11.168023109436035,7.2325663566589355
3779,10.39440631866455,7.233403205871582
3780,12.46509075164795,7.234786510467529
3781,13.234970092773438,7.236372947692871
3782,9.755912780761719,7.237039089202881
3783,14.474222183227539,7.238951683044434
3784,11.387133598327637,7.240047454833984
3785,10.112019538879395,7.2408061027526855
3786,14.681404113769531,7.242770671844482
3787,2.3733928203582764,7.241485118865967
3788,5.658156871795654,7.241067409515381
3789,4.764368534088135,7.240413665771484
3790,6.069830894470215,7.240105152130127
3791,1.6574316024780273,7.238633155822754
3792,5.398608207702637,7.238147735595703
3793,4.148778915405273,7.237333297729492
3794,3.9574155807495117,7.236469268798828
3795,4.199774742126465,7.235669136047363
3796,6.001431941986084,7.235343933105469
3797,7.585004806518555,7.23543643951416
3798,2.9251668453216553,7.234302043914795
3799,2.6084444522857666,7.233084678649902
3800,2.486043930053711,7.231836318969727
3801,4.3540167808532715,7.2310791015625
3802,4.517400741577148,7.230365753173828
3803,4.238690376281738,7.229578971862793
3804,4.339583396911621,7.228819370269775
3805,5.74364709854126,7.228429317474365
3806,3.283273220062256,7.22739315032959
3807,9.851364135742188,7.228082180023193
3808,3.276346206665039,7.227044582366943
3809,4.734054088592529,7.226390361785889
3810,4.311551570892334,7.225625514984131
3811,2.7241415977478027,7.22444486618042
3812,4.741960048675537,7.223793983459473
3813,5.142895698547363,7.22324800491333
3814,3.6490321159362793,7.222311019897461
3815,3.954019546508789,7.221454620361328
3816,5.197110176086426,7.220924377441406
3817,5.602317810058594,7.2204999923706055
3818,4.065069198608398,7.2196736335754395
3819,4.812034606933594,7.219043254852295
3820,4.668248176574707,7.2183756828308105
3821,3.6434168815612793,7.217440128326416
3822,3.354886531829834,7.216430187225342
3823,4.486048698425293,7.2157158851623535
3824,3.852856159210205,7.214837074279785
3825,3.87934947013855,7.21396541595459
3826,5.007812976837158,7.213388919830322
3827,4.869410514831543,7.212776184082031
3828,1.1289844512939453,7.211187362670898
3829,4.009761810302734,7.210351467132568
3830,1.250281572341919,7.208795547485352
3831,4.07641077041626,7.207978248596191
3832,10.975700378417969,7.208961486816406
3833,4.357748031616211,7.208217620849609
3834,-0.8215189576148987,7.2061238288879395
3835,3.008819818496704,7.2050299644470215
3836,4.406130790710449,7.204300403594971
3837,1.6073418855667114,7.2028422355651855
3838,4.168667316436768,7.202051639556885
3839,1.530019760131836,7.2005743980407715
3840,6.844962120056152,7.20048189163208
3841,3.546212673187256,7.199531078338623
3842,3.2935028076171875,7.198514461517334
3843,4.057473182678223,7.197697162628174
3844,2.271456241607666,7.196415901184082
3845,5.458717346191406,7.1959638595581055
3846,6.627850532531738,7.1958160400390625
3847,6.652392387390137,7.195674896240234
3848,3.6492061614990234,7.194753170013428
3849,4.479732990264893,7.1940484046936035
3850,4.944270133972168,7.1934638023376465
3851,2.794811725616455,7.19232177734375
3852,5.185536861419678,7.191801071166992
3853,3.963029623031616,7.190963268280029
3854,8.714594841003418,7.19135856628418
3855,8.726730346679688,7.191756725311279
3856,6.809384822845459,7.191657543182373
3857,5.588279724121094,7.19124174118042
3858,7.63614559173584,7.191357135772705
3859,4.042447090148926,7.190541744232178
3860,6.419095993041992,7.190341949462891
3861,6.871611595153809,7.1902594566345215
3862,7.745713233947754,7.190402984619141
3863,7.651841163635254,7.19052267074585
3864,5.404739856719971,7.190060615539551
3865,6.295794486999512,7.189828872680664
3866,8.305814743041992,7.190117835998535
3867,6.625391006469727,7.189971923828125
3868,5.847842693328857,7.189624786376953
3869,11.18631362915039,7.190657138824463
3870,5.518817901611328,7.190225601196289
3871,6.525787353515625,7.190053939819336
3872,5.988712787628174,7.189743518829346
3873,8.276159286499023,7.190023899078369
3874,6.327356338500977,7.189801216125488
3875,6.034873008728027,7.1895036697387695
3876,8.080709457397461,7.189733028411865
3877,6.70017147064209,7.189606666564941
3878,6.0187506675720215,7.189305305480957
3879,6.588184356689453,7.189149856567383
3880,4.591552734375,7.188480854034424
3881,4.623706817626953,7.187819957733154
3882,6.09495210647583,7.1875386238098145
3883,7.0817670822143555,7.187511444091797
3884,3.806626796722412,7.186641216278076
3885,7.742832183837891,7.186784267425537
3886,12.150127410888672,7.188061237335205
3887,5.6945295333862305,7.187677383422852
3888,0.8822986483573914,7.186056137084961
3889,8.577564239501953,7.186413764953613
3890,6.20173454284668,7.186160564422607
3891,3.323455810546875,7.185168266296387
3892,8.929693222045898,7.185616493225098
3893,7.412843227386475,7.185674667358398
3894,6.652993679046631,7.185537815093994
3895,6.938027381896973,7.185474395751953
3896,5.286443710327148,7.1849870681762695
3897,4.71039342880249,7.184352397918701
3898,3.6061642169952393,7.18343448638916
3899,6.176590442657471,7.183176040649414
3900,7.079741954803467,7.183149814605713
3901,6.670076370239258,7.183018207550049
3902,6.107296943664551,7.182742595672607
3903,2.5924811363220215,7.1815667152404785
3904,4.617142200469971,7.180910110473633
3905,6.869199752807617,7.180830001831055
3906,7.098508358001709,7.180809020996094
3907,6.268287181854248,7.180574893951416
3908,6.095767974853516,7.180297374725342
3909,1.9732162952423096,7.1789655685424805
3910,9.341374397277832,7.179518699645996
3911,5.085286617279053,7.178983688354492
3912,7.341623306274414,7.179025173187256
3913,7.169918060302734,7.179022789001465
3914,5.714200019836426,7.178648948669434
3915,5.0569682121276855,7.178106784820557
3916,8.096502304077148,7.178341388702393
3917,6.5543437004089355,7.178182125091553
3918,6.878647804260254,7.17810583114624
3919,4.713594436645508,7.17747688293457
3920,6.253325939178467,7.177241325378418
3921,3.9109983444213867,7.176408290863037
3922,7.189308166503906,7.1764116287231445
3923,4.925798416137695,7.175837993621826
3924,4.4671502113342285,7.175148010253906
3925,5.31337308883667,7.174673557281494
3926,8.786760330200195,7.175084114074707
3927,4.8529052734375,7.174492835998535
3928,9.283028602600098,7.175029754638672
3929,10.358713150024414,7.175839900970459
3930,4.785302639007568,7.17523193359375
3931,2.090630054473877,7.173938274383545
3932,7.607442855834961,7.17404842376709
3933,4.959254264831543,7.17348575592041
3934,9.998849868774414,7.174203395843506
3935,3.926281452178955,7.173377990722656
3936,4.783515930175781,7.172770977020264
3937,3.30810284614563,7.171789646148682
3938,11.73139476776123,7.172946929931641
3939,4.97540283203125,7.172389030456543
3940,5.967310905456543,7.172083377838135
3941,4.1625776290893555,7.171319484710693
3942,4.985561370849609,7.170765399932861
3943,9.487353324890137,7.171352863311768
3944,6.450515270233154,7.171170711517334
3945,6.1026434898376465,7.170899868011475
3946,6.80428409576416,7.170807361602783
3947,6.757473468780518,7.1707024574279785
3948,10.83472728729248,7.171630382537842
3949,14.995281219482422,7.173611164093018
3950,13.332842826843262,7.175169944763184
3951,12.564275741577148,7.176533222198486
3952,12.486177444458008,7.1778764724731445
3953,12.518048286437988,7.179227352142334
3954,13.8802490234375,7.18092155456543
3955,12.39971923828125,7.182240962982178
3956,11.22665786743164,7.183262825012207
3957,13.964111328125,7.184976577758789
3958,13.2010498046875,7.186496257781982
3959,13.345968246459961,7.188051223754883
3960,14.072447776794434,7.189789295196533
3961,13.560129165649414,7.191397190093994
3962,12.822447776794434,7.1928181648254395
3963,13.559656143188477,7.194424629211426
3964,13.468446731567383,7.196007251739502
3965,12.839834213256836,7.19743013381958
3966,15.684953689575195,7.1995697021484375
3967,14.045223236083984,7.201294898986816
3968,11.240015983581543,7.202312469482422
3969,11.771024703979492,7.203463554382324
3970,11.871343612670898,7.204638957977295
3971,13.868133544921875,7.2063164710998535
3972,11.802562713623047,7.207473278045654
3973,12.455266952514648,7.208793640136719
3974,12.710113525390625,7.210177898406982
3975,11.552811622619629,7.211269855499268
3976,13.970242500305176,7.212969779968262
3977,12.463134765625,7.214289665222168
3978,13.618660926818848,7.2158989906311035
3979,13.401351928710938,7.2174530029296875
3980,11.984987258911133,7.2186503410339355
3981,10.169825553894043,7.219391345977783
3982,12.785530090332031,7.220788955688477
3983,11.302480697631836,7.221813678741455
3984,11.75078296661377,7.222949981689453
3985,12.767885208129883,7.224340915679932
3986,11.227421760559082,7.225344657897949
3987,12.948103904724121,7.226779460906982
3988,12.888004302978516,7.228199005126953
3989,11.184615135192871,7.229190826416016
3990,12.662677764892578,7.230551719665527
3991,12.567449569702148,7.231889247894287
3992,13.149396896362305,7.233370780944824
3993,13.739147186279297,7.234999656677246
3994,11.950811386108398,7.236179828643799
3995,10.307284355163574,7.236948490142822
3996,12.508089065551758,7.238266944885254
3997,14.672576904296875,7.240126609802246
3998,12.78604507446289,7.241513252258301
3999,11.349383354187012,7.242539882659912
4000,14.433646202087402,7.244337558746338
4001,11.353067398071289,7.245364189147949
4002,13.099853515625,7.246826648712158
4003,13.637251853942871,7.248422622680664
4004,12.688400268554688,7.249780654907227
4005,13.034614562988281,7.251224517822266
4006,13.490209579467773,7.252781867980957
4007,12.551393508911133,7.254103660583496
4008,13.607329368591309,7.255688190460205
4009,13.316640853881836,7.257199764251709
4010,12.783349990844727,7.258577346801758
4011,12.687944412231445,7.259930610656738
4012,14.872188568115234,7.2618279457092285
4013,12.932247161865234,7.263240337371826
4014,13.989163398742676,7.264915466308594
4015,14.258346557617188,7.266656398773193
4016,13.432535171508789,7.268191337585449
4017,12.660876274108887,7.269533157348633
4018,12.275776863098145,7.270778656005859
4019,10.619022369384766,7.27161169052124
4020,10.8455228805542,7.272500514984131
4021,13.694376945495605,7.274097442626953
4022,12.876317977905273,7.2754902839660645
4023,13.505819320678711,7.27703857421875
4024,12.81506633758545,7.278414249420166
4025,14.254234313964844,7.280146598815918
4026,15.312193870544434,7.282141208648682
4027,15.19495964050293,7.2841057777404785
4028,13.94957447052002,7.285760402679443
4029,14.581676483154297,7.287570953369141
4030,14.482439994812012,7.289355754852295
4031,12.799007415771484,7.290721893310547
4032,12.361000061035156,7.2919793128967285
4033,13.321242332458496,7.293473720550537
4034,13.542174339294434,7.295022487640381
4035,13.819046020507812,7.2966389656066895
4036,12.974187850952148,7.2980451583862305
4037,14.364402770996094,7.299795627593994
4038,12.72540283203125,7.301138401031494
4039,12.659087181091309,7.302464485168457
4040,9.895089149475098,7.30310583114624
4041,13.89519214630127,7.304736614227295
4042,12.41387939453125,7.306000709533691
4043,14.294466972351074,7.3077287673950195
4044,14.398646354675293,7.309481620788574
4045,14.162553787231445,7.311175346374512
4046,11.981988906860352,7.3123297691345215
4047,13.393667221069336,7.3138322830200195
4048,15.611692428588867,7.315881252288818
4049,13.478761672973633,7.3174028396606445
4050,15.088279724121094,7.319321155548096
4051,14.595195770263672,7.321116924285889
4052,13.69632339477539,7.322690010070801
4053,14.446113586425781,7.324447154998779
4054,13.83511734008789,7.326053142547607
4055,15.283318519592285,7.328014850616455
4056,13.481462478637695,7.329531669616699
4057,15.055400848388672,7.331435203552246
4058,13.68564510345459,7.333000659942627
4059,13.39240837097168,7.334493160247803
4060,15.041184425354004,7.336390972137451
4061,14.464162826538086,7.338145732879639
4062,15.909136772155762,7.340255260467529
4063,14.205944061279297,7.341944217681885
4064,14.772241592407227,7.343771934509277
4065,13.724294662475586,7.345341205596924
4066,13.754852294921875,7.346917152404785
4067,12.292080879211426,7.348133087158203
4068,16.280010223388672,7.350327968597412
4069,10.292314529418945,7.351050853729248
4070,12.700704574584961,7.352365016937256
4071,10.626808166503906,7.3531694412231445
4072,13.774085998535156,7.354745388031006
4073,13.415985107421875,7.356233596801758
4074,12.683032989501953,7.357540607452393
4075,11.160089492797852,7.358473777770996
4076,14.339674949645996,7.3601861000061035
4077,14.363154411315918,7.361903190612793
4078,16.01909828186035,7.364025592803955
4079,13.861881256103516,7.3656182289123535
4080,13.37541675567627,7.367090702056885
4081,13.887272834777832,7.368688106536865
4082,7.943842887878418,7.368828773498535
4083,14.463086128234863,7.370565891265869
4084,14.220280647277832,7.372242450714111
4085,14.336657524108887,7.3739471435546875
4086,13.381202697753906,7.3754167556762695
4087,14.12182331085205,7.377066612243652
4088,13.730850219726562,7.378620624542236
4089,13.511706352233887,7.380120277404785
4090,14.099143981933594,7.381762504577637
4091,14.58270263671875,7.383522033691406
4092,15.26858901977539,7.385448932647705
4093,13.6578950881958,7.386981010437012
4094,13.79702377319336,7.388546466827393
4095,13.959108352661133,7.390150547027588
4096,13.186835289001465,7.391565799713135
4097,10.363208770751953,7.3922905921936035
4098,15.994829177856445,7.3943891525268555
4099,16.256717681884766,7.39655065536499
4100,13.040323257446289,7.3979268074035645
4101,14.145760536193848,7.399572372436523
4102,10.852666854858398,7.400413990020752
4103,11.550437927246094,7.401425361633301
4104,14.160865783691406,7.403071880340576
4105,15.055763244628906,7.404935836791992
4106,14.303167343139648,7.406615257263184
4107,13.416728019714355,7.408078193664551
4108,12.59549331665039,7.4093403816223145
4109,13.75333023071289,7.410884380340576
4110,13.712656021118164,7.412417411804199
4111,13.323387145996094,7.413855075836182
4112,14.580022811889648,7.415597438812256
4113,13.394051551818848,7.417050361633301
4114,13.641351699829102,7.418562889099121
4115,14.713462829589844,7.420335292816162
4116,14.694256782531738,7.422101974487305
4117,12.814516067504883,7.4234113693237305
4118,11.441372871398926,7.424386501312256
4119,14.116605758666992,7.426011085510254
4120,10.099535942077637,7.426660060882568
4121,10.926498413085938,7.42750883102417
4122,11.488101959228516,7.428493976593018
4123,10.281487464904785,7.429185390472412
4124,11.195483207702637,7.430098533630371
4125,10.864913940429688,7.430931091308594
4126,11.046894073486328,7.431807041168213
4127,9.785238265991211,7.432377338409424
4128,10.3934965133667,7.433094024658203
4129,10.713128089904785,7.4338884353637695
4130,11.753410339355469,7.434934139251709
4131,10.389371871948242,7.4356489181518555
4132,10.880847930908203,7.4364824295043945
4133,10.507423400878906,7.437225341796875
4134,11.580732345581055,7.43822717666626
4135,11.50510025024414,7.439210891723633
4136,10.702947616577148,7.440000057220459
4137,12.13885498046875,7.441135406494141
4138,10.309083938598633,7.44182825088501
4139,11.112159729003906,7.442714691162109
4140,10.127462387084961,7.443362712860107
4141,11.604486465454102,7.444366931915283
4142,12.681313514709473,7.44563102722168
4143,12.621325492858887,7.446879863739014
4144,10.240645408630371,7.447554111480713
4145,11.117460250854492,7.448439121246338
4146,10.196453094482422,7.44910192489624
4147,9.909061431884766,7.449694633483887
4148,11.213454246520996,7.450601577758789
4149,11.812786102294922,7.451653003692627
4150,10.705846786499023,7.452436447143555
4151,12.59715461730957,7.453675746917725
4152,11.993316650390625,7.454769134521484
4153,11.171476364135742,7.455664157867432
4154,11.656438827514648,7.456675052642822
4155,10.804261207580566,7.457480430603027
4156,10.165115356445312,7.458132266998291
4157,13.012808799743652,7.459468364715576
4158,11.678829193115234,7.460483074188232
4159,12.802151679992676,7.461767196655273
4160,12.002731323242188,7.462858200073242
4161,11.22819995880127,7.463763236999512
4162,11.000289916992188,7.4646124839782715
4163,11.853827476501465,7.4656662940979
4164,10.857858657836914,7.466480731964111
4165,10.772290229797363,7.467274188995361
4166,11.195110321044922,7.46816873550415
4167,12.948464393615723,7.469483852386475
4168,12.663103103637695,7.470729827880859
4169,11.64289665222168,7.4717302322387695
4170,9.864667892456055,7.472304344177246
4171,10.604853630065918,7.473054885864258
4172,13.570327758789062,7.47451639175415
4173,10.602115631103516,7.4752655029296875
4174,12.442737579345703,7.476455211639404
4175,10.17417049407959,7.4771013259887695
4176,12.022516250610352,7.478189945220947
4177,10.97201919555664,7.4790263175964355
4178,11.207042694091797,7.479918003082275
4179,11.708253860473633,7.480929851531982
4180,9.758502006530762,7.48147439956665
4181,11.116190910339355,7.4823431968688965
4182,11.924381256103516,7.483405113220215
4183,11.292665481567383,7.484315872192383
4184,11.657081604003906,7.485312461853027
4185,10.044719696044922,7.485924243927002
4186,10.636089324951172,7.4866766929626465
4187,11.292923927307129,7.487585544586182
4188,10.978392601013184,7.4884185791015625
4189,12.417264938354492,7.489595413208008
4190,9.238683700561523,7.4900126457214355
4191,10.775938987731934,7.490796089172363
4192,10.905771255493164,7.491611003875732
4193,10.503207206726074,7.492329120635986
4194,10.829901695251465,7.493124485015869
4195,11.134886741638184,7.493992805480957
4196,10.801502227783203,7.494780540466309
4197,11.553756713867188,7.4957475662231445
4198,10.94076919555664,7.496568202972412
4199,9.080826759338379,7.496945381164551
4200,10.468683242797852,7.497652530670166
4201,10.074117660522461,7.498265743255615
4202,10.706709861755371,7.499029159545898
4203,10.761517524719238,7.499805450439453
4204,9.954771041870117,7.500389099121094
4205,9.809017181396484,7.5009379386901855
4206,10.84309196472168,7.50173282623291
4207,11.373432159423828,7.502652645111084
4208,11.211868286132812,7.503533840179443
4209,11.340869903564453,7.504445552825928
4210,12.500733375549316,7.505631446838379
4211,11.610511779785156,7.506606578826904
4212,10.516336441040039,7.507320404052734
4213,12.479700088500977,7.508500576019287
4214,8.909862518310547,7.508833408355713
4215,10.170814514160156,7.509464740753174
4216,10.51382827758789,7.510177135467529
4217,11.701089859008789,7.511170387268066
4218,9.92785358428955,7.511743068695068
4219,12.142376899719238,7.512840747833252
4220,14.200029373168945,7.514424800872803
4221,12.57787799835205,7.515624046325684
4222,9.623367309570312,7.516123294830322
4223,10.254985809326172,7.5167717933654785
4224,9.298398971557617,7.51719331741333
4225,9.157793998718262,7.517581939697266
4226,11.48552131652832,7.518520832061768
4227,12.581792831420898,7.519718170166016
4228,11.937027931213379,7.520762920379639
4229,12.668289184570312,7.521979808807373
4230,11.487071990966797,7.522916793823242
4231,8.817489624023438,7.523222923278809
4232,11.42326831817627,7.524144172668457
4233,10.82693862915039,7.524924278259277
4234,13.005162239074707,7.526218414306641
4235,12.425487518310547,7.527375221252441
4236,8.684503555297852,7.527647972106934
4237,11.232200622558594,7.52852201461792
4238,8.41771411895752,7.528731822967529
4239,9.636031150817871,7.529229164123535
4240,9.219684600830078,7.529627323150635
4241,13.230666160583496,7.530971527099609
4242,12.305115699768066,7.5320963859558105
4243,11.965826034545898,7.533141613006592
4244,9.241069793701172,7.533543586730957
4245,9.89022445678711,7.5340986251831055
4246,17.95887565612793,7.536553382873535
4247,10.827454566955566,7.537328243255615
4248,11.796724319458008,7.538330554962158
4249,8.952664375305176,7.538663387298584
4250,12.112021446228027,7.53973913192749
4251,8.882808685302734,7.540055274963379
4252,10.18770980834961,7.540677547454834
4253,10.360193252563477,7.541340351104736
4254,9.738992691040039,7.54185676574707
4255,11.647438049316406,7.542820930480957
4256,12.515002250671387,7.543989181518555
4257,12.375997543334961,7.545124053955078
4258,11.904206275939941,7.54614782333374
4259,10.608293533325195,7.546866416931152
4260,11.061358451843262,7.5476908683776855
4261,11.731210708618164,7.548672199249268
4262,14.086943626403809,7.550206184387207
4263,15.070258140563965,7.5519700050354
4264,11.987763404846191,7.553009986877441
4265,12.188041687011719,7.554096221923828
4266,13.11446762084961,7.5553998947143555
4267,13.458772659301758,7.5567827224731445
4268,12.48031997680664,7.557936191558838
4269,13.008563995361328,7.559212684631348
4270,10.379429817199707,7.559872627258301
4271,13.136837005615234,7.561178207397461
4272,13.173270225524902,7.5624918937683105
4273,10.018305778503418,7.563066005706787
4274,11.935722351074219,7.564088821411133
4275,11.537033081054688,7.565018177032471
4276,10.039607048034668,7.565596580505371
4277,12.8736572265625,7.566837310791016
4278,10.948286056518555,7.567627906799316
4279,13.545684814453125,7.569024085998535
4280,11.365701675415039,7.569911003112793
4281,11.556694030761719,7.570842266082764
4282,11.694289207458496,7.571804523468018
4283,10.094456672668457,7.572393417358398
4284,11.016634941101074,7.573197364807129
4285,11.724310874938965,7.5741658210754395
4286,12.123751640319824,7.575226783752441
4287,9.239822387695312,7.575615406036377
4288,11.993011474609375,7.5766448974609375
4289,11.262218475341797,7.5775041580200195
4290,13.529635429382324,7.578891277313232
4291,13.11478042602539,7.580181121826172
4292,12.502671241760254,7.581327438354492
4293,10.759618759155273,7.582067489624023
4294,13.82011604309082,7.58351993560791
4295,11.680001258850098,7.584473609924316
4296,12.077619552612305,7.585519313812256
4297,10.93733024597168,7.586299419403076
4298,10.692403793334961,7.587021827697754
4299,13.182040214538574,7.58832311630249
4300,12.812068939208984,7.589537620544434
4301,12.401065826416016,7.59065580368042
4302,14.2283296585083,7.592198371887207
4303,13.370006561279297,7.593540668487549
4304,12.371257781982422,7.594650745391846
4305,12.85711669921875,7.59587287902832
4306,12.081295013427734,7.596914291381836
4307,10.458450317382812,7.597578525543213
4308,12.526532173156738,7.5987229347229
4309,12.207633018493652,7.599792003631592
4310,10.760384559631348,7.60052490234375
4311,10.920351028442383,7.601295471191406
4312,11.655997276306152,7.602235317230225
4313,9.598094940185547,7.602697849273682
4314,14.628344535827637,7.604326248168945
4315,13.203506469726562,7.605623722076416
4316,13.534893989562988,7.606997013092041
4317,11.421424865722656,7.607880592346191
4318,12.617039680480957,7.609040260314941
4319,13.302741050720215,7.610358715057373
4320,13.20281982421875,7.6116533279418945
4321,12.928329467773438,7.612883567810059
4322,12.345309257507324,7.613977909088135
4323,13.075522422790527,7.615240573883057
4324,14.247076034545898,7.616774082183838
4325,13.225723266601562,7.618070602416992
4326,11.324902534484863,7.618927001953125
4327,12.93179702758789,7.620154857635498
4328,14.007926940917969,7.621630668640137
4329,13.633070945739746,7.623018741607666
4330,13.744372367858887,7.624432563781738
4331,13.135180473327637,7.625705242156982
4332,14.624184608459473,7.627320289611816
4333,12.205142974853516,7.6283769607543945
4334,10.701864242553711,7.629086494445801
4335,11.505316734313965,7.629980087280273
4336,12.983622550964355,7.631214618682861
4337,9.328010559082031,7.631606101989746
4338,11.797127723693848,7.632565975189209
4339,11.619869232177734,7.633484840393066
4340,9.900518417358398,7.634007453918457
4341,14.733681678771973,7.635643005371094
4342,13.04309368133545,7.636888027191162
4343,13.522043228149414,7.638242721557617
4344,12.024474143981934,7.639252185821533
4345,12.825849533081055,7.640445232391357
4346,13.678695678710938,7.641834735870361
4347,12.56961727142334,7.64296817779541
4348,11.50581169128418,7.643855571746826
4349,11.012053489685059,7.644629955291748
4350,12.796075820922852,7.645814418792725
4351,12.678650856018066,7.646970748901367
4352,13.261844635009766,7.648260593414307
4353,11.546146392822266,7.649156093597412
4354,12.92298698425293,7.65036678314209
4355,11.191265106201172,7.651179790496826
4356,11.939781188964844,7.652164459228516
4357,13.15678596496582,7.653427600860596
4358,12.368101119995117,7.654508590698242
4359,12.179025650024414,7.65554666519165
4360,10.798910140991211,7.656268119812012
4361,13.018684387207031,7.657497406005859
4362,11.79385757446289,7.658445358276367
4363,12.464666366577148,7.659546852111816
4364,12.315786361694336,7.660613536834717
4365,12.595293045043945,7.661743640899658
4366,9.068178176879883,7.662065029144287
4367,10.267983436584473,7.662662029266357
4368,10.376748085021973,7.663282871246338
4369,10.287331581115723,7.663883686065674
4370,9.132286071777344,7.664219856262207
4371,8.637773513793945,7.66444206237793
4372,10.881143569946289,7.665178298950195
4373,10.428949356079102,7.6658101081848145
4374,10.183609962463379,7.666385650634766
4375,7.100263595581055,7.666256427764893
4376,9.788315773010254,7.666741847991943
4377,10.293450355529785,7.667341709136963
4378,10.510721206665039,7.6679911613464355
4379,9.977773666381836,7.66851806640625
4380,8.86322021484375,7.668790817260742
4381,9.100040435791016,7.6691179275512695
4382,9.283357620239258,7.6694865226745605
4383,7.386136531829834,7.669422149658203
4384,9.57414722442627,7.669856548309326
4385,9.989689826965332,7.670384883880615
4386,5.244592666625977,7.669832229614258
4387,7.686716079711914,7.669836521148682
4388,10.264337539672852,7.6704277992248535
4389,9.47036361694336,7.67083740234375
4390,10.375343322753906,7.671453475952148
4391,7.84807014465332,7.6714935302734375
4392,10.112418174743652,7.672049045562744
4393,7.025537967681885,7.671902656555176
4394,9.049579620361328,7.672216415405273
4395,10.839942932128906,7.672936916351318
4396,9.028621673583984,7.673244953155518
4397,8.535850524902344,7.673440933227539
4398,10.940187454223633,7.6741838455200195
4399,8.975707054138184,7.674479961395264
4400,10.129379272460938,7.675037384033203
4401,9.334202766418457,7.675414562225342
4402,7.999538898468018,7.675488471984863
4403,9.90661334991455,7.675994873046875
4404,7.464743137359619,7.675947189331055
4405,10.884689331054688,7.676674842834473
4406,8.715803146362305,7.676910400390625
4407,7.431598663330078,7.676854610443115
4408,7.659199237823486,7.67685079574585
4409,11.273204803466797,7.677666187286377
4410,9.621180534362793,7.678106784820557
4411,9.460880279541016,7.678510665893555
4412,6.380125045776367,7.678216457366943
4413,8.944402694702148,7.678503513336182
4414,9.111945152282715,7.678828239440918
4415,9.762661933898926,7.679299831390381
4416,8.281227111816406,7.679436206817627
4417,10.298749923706055,7.680028915405273
4418,10.02204418182373,7.680559158325195
4419,7.5189714431762695,7.680522441864014
4420,7.462076663970947,7.6804728507995605
4421,8.134140014648438,7.680575370788574
4422,5.8701701164245605,7.680166244506836
4423,10.118261337280273,7.6807169914245605
4424,10.847777366638184,7.681432723999023
4425,7.088247299194336,7.681299209594727
4426,9.228971481323242,7.681649208068848
4427,10.908025741577148,7.682377338409424
4428,9.803224563598633,7.682856559753418
4429,9.896235466003418,7.683355808258057
4430,9.799915313720703,7.683833599090576
4431,7.938416481018066,7.6838908195495605
4432,9.309595108032227,7.684257507324219
4433,8.255928993225098,7.684386730194092
4434,9.395648956298828,7.68477201461792
4435,12.887517929077148,7.6859450340271
4436,8.451120376586914,7.686116695404053
4437,9.187775611877441,7.686455249786377
4438,5.929840087890625,7.686059474945068
4439,8.697522163391113,7.686287879943848
4440,8.522516250610352,7.686476230621338
4441,10.519163131713867,7.6871137619018555
4442,8.853096008300781,7.687376022338867
4443,7.2191925048828125,7.687270641326904
4444,8.192985534667969,7.687384128570557
4445,9.97440242767334,7.6878981590271
4446,8.690324783325195,7.68812370300293
4447,9.702596664428711,7.688576698303223
4448,8.850473403930664,7.688838005065918
4449,6.827967643737793,7.688644886016846
4450,9.7759370803833,7.689114093780518
4451,8.737695693969727,7.68934965133667
4452,7.288297653198242,7.6892595291137695
4453,10.462739944458008,7.689881801605225
4454,10.403791427612305,7.69049072265625
4455,8.144124031066895,7.6905927658081055
4456,6.852762222290039,7.690404415130615
4457,8.041375160217285,7.690483570098877
4458,12.368969917297363,7.691532611846924
4459,9.997363090515137,7.692049026489258
4460,6.929018020629883,7.691878318786621
4461,7.623703956604004,7.691863059997559
4462,7.580373764038086,7.69183874130249
4463,8.788076400756836,7.692084312438965
4464,5.375367164611816,7.69156551361084
4465,8.805870056152344,7.69181489944458
4466,7.6070098876953125,7.691795349121094
4467,8.927738189697266,7.69207239151001
4468,9.28177547454834,7.692428112030029
4469,9.246665000915527,7.692775726318359
4470,8.323980331420898,7.6929168701171875
4471,8.240503311157227,7.693039894104004
4472,8.60945987701416,7.693244457244873
4473,8.803071022033691,7.693492889404297
4474,8.652070999145508,7.69370698928833
4475,8.27980899810791,7.693838596343994
4476,8.76655101776123,7.694077968597412
4477,9.297063827514648,7.6944355964660645
4478,9.35322380065918,7.69480562210083
4479,9.13364028930664,7.695127010345459
4480,7.913482666015625,7.695175647735596
4481,9.364383697509766,7.695547580718994
4482,9.75861930847168,7.69600772857666
4483,9.53762435913086,7.696418762207031
4484,8.981618881225586,7.696705341339111
4485,8.620013236999512,7.696911334991455
4486,8.698912620544434,7.697134494781494
4487,8.020648002624512,7.697206497192383
4488,7.205328464508057,7.697097301483154
4489,7.878358364105225,7.697137832641602
4490,6.429969787597656,7.696855545043945
4491,8.813898086547852,7.697103977203369
4492,6.807737827301025,7.696906089782715
4493,8.642451286315918,7.697115898132324
4494,8.153170585632324,7.6972174644470215
4495,8.317609786987305,7.697355270385742
4496,10.284822463989258,7.697930335998535
4497,8.737589836120605,7.698162078857422
4498,10.567339897155762,7.6987996101379395
4499,11.09702205657959,7.699554920196533
4500,8.343123435974121,7.699697971343994
4501,5.799252510070801,7.699275970458984
4502,7.552918434143066,7.699244022369385
4503,9.484587669372559,7.699640274047852
4504,9.000364303588867,7.6999287605285645
4505,7.275406837463379,7.699835300445557
4506,8.088730812072754,7.699921607971191
4507,5.52750825881958,7.699439525604248
4508,6.6092400550842285,7.699197769165039
4509,4.689517021179199,7.698531150817871
4510,4.953719615936279,7.697922229766846
4511,5.780238151550293,7.697497844696045
4512,4.401764392852783,7.696767330169678
4513,8.000223159790039,7.696834564208984
4514,5.724759578704834,7.6963982582092285
4515,5.140496253967285,7.695832252502441
4516,5.995091915130615,7.695456027984619
4517,6.248204708099365,7.695136070251465
4518,4.7361955642700195,7.694480895996094
4519,6.512210369110107,7.69421911239624
4520,4.749585151672363,7.693568229675293
4521,3.5079345703125,7.6926422119140625
4522,4.812464714050293,7.692005634307861
4523,2.6584525108337402,7.690893173217773
4524,5.1262054443359375,7.69032621383667
4525,5.713954448699951,7.689889907836914
4526,4.892214775085449,7.689271450042725
4527,4.567094326019287,7.688581943511963
4528,5.222278594970703,7.688037395477295
4529,4.206758499145508,7.6872687339782715
4530,4.311752796173096,7.686523914337158
4531,3.878117799758911,7.685683727264404
4532,5.079962730407715,7.685108661651611
4533,3.0831360816955566,7.684093475341797
4534,4.68704080581665,7.683432579040527
4535,3.895587921142578,7.6825971603393555
4536,3.8404200077056885,7.681750297546387
4537,3.3679275512695312,7.68079948425293
4538,3.955394983291626,7.67997932434082
4539,3.8369786739349365,7.679132461547852
4540,3.620694160461426,7.678238868713379
4541,5.496707439422607,7.677758693695068
4542,3.1646456718444824,7.676764965057373
4543,4.580936908721924,7.676084041595459
4544,4.735930442810059,7.675436496734619
4545,6.901249408721924,7.675266742706299
4546,4.773930549621582,7.674628257751465
4547,7.299070835113525,7.674546241760254
4548,3.571638584136963,7.673644065856934
4549,3.618675708770752,7.672752380371094
4550,1.4452064037322998,7.671383857727051
4551,3.512240409851074,7.670470237731934
4552,3.013084888458252,7.66944694519043
4553,3.5396578311920166,7.668540000915527
4554,6.135071754455566,7.668203830718994
4555,5.0796918869018555,7.667635440826416
4556,4.840286731719971,7.6670145988464355
4557,6.556422710418701,7.6667704582214355
4558,5.924821853637695,7.666388988494873
4559,6.081847667694092,7.666041374206543
4560,4.66824197769165,7.665383815765381
4561,4.1576032638549805,7.664614677429199
4562,5.206270694732666,7.664076328277588
4563,5.449456214904785,7.663590908050537
4564,3.5705442428588867,7.662694454193115
4565,6.469448089599609,7.662432670593262
4566,5.814095497131348,7.662027835845947
4567,5.493329048156738,7.661552906036377
4568,5.058199882507324,7.660983085632324
4569,3.615591049194336,7.660098075866699
4570,3.9923229217529297,7.659295558929443
4571,5.3263397216796875,7.658785820007324
4572,4.751221179962158,7.658149719238281
4573,4.030707836151123,7.6573567390441895
4574,2.9956674575805664,7.656337738037109
4575,3.205740213394165,7.655365467071533
4576,3.2315242290496826,7.6543989181518555
4577,5.5221757888793945,7.653933525085449
4578,4.456501007080078,7.65323543548584
4579,5.278672695159912,7.652716636657715
4580,7.246043682098389,7.652627468109131
4581,7.987244606018066,7.652700901031494
4582,5.491791725158691,7.652229309082031
4583,7.599607467651367,7.652217864990234
4584,7.739546775817871,7.652236461639404
4585,5.263199806213379,7.651715278625488
4586,1.0218521356582642,7.650269985198975
4587,4.745990753173828,7.649637222290039
4588,4.206796169281006,7.6488871574401855
4589,5.35024356842041,7.648386478424072
4590,7.197590351104736,7.648288726806641
4591,5.678094863891602,7.647860050201416
4592,4.188358306884766,7.647106647491455
4593,5.477540493011475,7.646634101867676
4594,3.895814895629883,7.645817279815674
4595,5.104619026184082,7.645264625549316
4596,1.271931529045105,7.64387845993042
4597,5.174853801727295,7.643342018127441
4598,5.528932571411133,7.642881870269775
4599,6.397373199462891,7.642611026763916
4600,4.760779857635498,7.641984939575195
4601,5.662174224853516,7.641555309295654
4602,4.73806619644165,7.640924453735352
4603,6.063862323760986,7.6405816078186035
4604,5.2840576171875,7.64007043838501
4605,4.058740615844727,7.6392927169799805
4606,4.290520191192627,7.638565540313721
4607,4.784026622772217,7.637946128845215
4608,2.8260226249694824,7.63690185546875
4609,6.4623332023620605,7.636646747589111
4610,4.06964111328125,7.635873317718506
4611,8.558506965637207,7.636073589324951
4612,4.748929023742676,7.6354475021362305
4613,5.8124613761901855,7.635052680969238
4614,4.12342643737793,7.634292125701904
4615,4.035531044006348,7.633512496948242
4616,3.6891584396362305,7.632657527923584
4617,6.895917892456055,7.632497787475586
4618,4.1008429527282715,7.631733417510986
4619,1.193619728088379,7.630340099334717
4620,3.8032665252685547,7.629512310028076
4621,4.954560279846191,7.628933429718018
4622,5.794029712677002,7.628536224365234
4623,4.146707534790039,7.62778377532959
4624,5.405264377593994,7.627303123474121
4625,5.123022079467773,7.626761436462402
4626,4.220115661621094,7.6260247230529785
4627,4.331149101257324,7.6253132820129395
4628,13.378986358642578,7.626555919647217
4629,12.268333435058594,7.627558708190918
4630,11.127768516540527,7.628314971923828
4631,7.825732231140137,7.628357410430908
4632,11.31497573852539,7.629153251647949
4633,10.388046264648438,7.629748344421387
4634,9.649142265319824,7.630183696746826
4635,11.088123321533203,7.630929946899414
4636,9.963796615600586,7.631433486938477
4637,10.584695816040039,7.632070541381836
4638,11.804486274719238,7.632969856262207
4639,13.008748054504395,7.634128570556641
4640,10.832450866699219,7.634817600250244
4641,10.289791107177734,7.63538932800293
4642,11.738663673400879,7.63627290725708
4643,11.98750114440918,7.637209892272949
4644,8.405405044555664,7.637375354766846
4645,11.465630531311035,7.638199329376221
4646,9.930869102478027,7.638692378997803
4647,10.795217514038086,7.639371871948242
4648,12.34792709350586,7.640384674072266
4649,10.926772117614746,7.641091346740723
4650,10.173177719116211,7.641635417938232
4651,13.228039741516113,7.642836093902588
4652,11.262974739074707,7.643613815307617
4653,11.71273136138916,7.644487380981445
4654,10.343786239624023,7.6450676918029785
4655,10.150850296020508,7.64560604095459
4656,10.216540336608887,7.646157741546631
4657,11.718770980834961,7.647031784057617
4658,10.263530731201172,7.647593021392822
4659,10.394956588745117,7.6481828689575195
4660,7.660347938537598,7.6481852531433105
4661,11.526812553405762,7.649017333984375
4662,8.838116645812988,7.649272918701172
4663,7.032155990600586,7.649140357971191
4664,14.017376899719238,7.650505065917969
4665,10.872960090637207,7.651195049285889
4666,10.31159496307373,7.6517653465271
4667,8.608611106872559,7.651970386505127
4668,8.113286972045898,7.652069568634033
4669,9.239567756652832,7.652409076690674
4670,9.710772514343262,7.6528496742248535
4671,9.950865745544434,7.653341293334961
4672,11.03381061553955,7.654065132141113
4673,10.226198196411133,7.65461540222168
4674,11.93554401397705,7.6555304527282715
4675,12.3986234664917,7.6565446853637695
4676,7.346590995788574,7.6564788818359375
4677,9.57201862335205,7.656888008117676
4678,11.118584632873535,7.657627582550049
4679,10.22559928894043,7.658176422119141
4680,11.9081392288208,7.659083843231201
4681,11.937108039855957,7.659997940063477
4682,8.069880485534668,7.660085201263428
4683,10.516279220581055,7.6606950759887695
4684,6.942780017852783,7.660541534423828
4685,7.08302116394043,7.6604180335998535
4686,10.639786720275879,7.661053657531738
4687,7.7045464515686035,7.661062717437744
4688,10.903371810913086,7.661754131317139
4689,10.038156509399414,7.662261009216309
4690,14.124780654907227,7.663638591766357
4691,12.363567352294922,7.664640426635742
4692,10.542139053344727,7.665253639221191
4693,7.901162624359131,7.665304183959961
4694,12.552157402038574,7.66634464263916
4695,9.676900863647461,7.666772365570068
4696,9.994760513305664,7.6672682762146
4697,12.07516098022461,7.668206691741943
4698,7.904171943664551,7.6682562828063965
4699,13.033122062683105,7.669397354125977
4700,13.270522117614746,7.670588493347168
4701,10.378474235534668,7.671164512634277
4702,12.803476333618164,7.6722564697265625
4703,9.363731384277344,7.6726155281066895
4704,10.971609115600586,7.673316955566406
4705,11.193093299865723,7.674064636230469
4706,11.844731330871582,7.67495059967041
4707,11.248102188110352,7.6757097244262695
4708,10.339906692504883,7.676275730133057
4709,8.583096504211426,7.6764678955078125
4710,10.017662048339844,7.676965236663818
4711,9.268174171447754,7.677303314208984
4712,10.270317077636719,7.677853107452393
4713,11.941357612609863,7.678757667541504
4714,-1.4830936193466187,7.676814556121826
4715,9.023041725158691,7.677099704742432
4716,8.684610366821289,7.677313327789307
4717,9.812280654907227,7.677765846252441
4718,10.841863632202148,7.678436756134033
4719,11.344270706176758,7.679213523864746
4720,10.440802574157715,7.679798603057861
4721,9.852182388305664,7.680258274078369
4722,9.525686264038086,7.680649280548096
4723,12.673598289489746,7.681705951690674
4724,8.529908180236816,7.681885719299316
4725,7.952853202819824,7.681942939758301
4726,10.450968742370605,7.682528495788574
4727,9.116779327392578,7.682831764221191
4728,11.71273136138916,7.6836838722229
4729,11.144896507263184,7.684415340423584
4730,9.299717903137207,7.684757232666016
4731,9.142807960510254,7.685065746307373
4732,8.306755065917969,7.685197353363037
4733,8.849668502807617,7.685443878173828
4734,8.589345932006836,7.685634613037109
4735,7.271726608276367,7.685547828674316
4736,12.635637283325195,7.686593055725098
4737,8.325240135192871,7.686727523803711
4738,10.5198974609375,7.687325477600098
4739,8.752714157104492,7.687550067901611
4740,12.075775146484375,7.688475608825684
4741,8.084999084472656,7.688559532165527
4742,12.39771842956543,7.689552307128906
4743,9.0382719039917,7.6898369789123535
4744,6.106320381164551,7.689502716064453
4745,12.146706581115723,7.6904425621032715
4746,14.571914672851562,7.691891670227051
4747,9.398113250732422,7.692251205444336
4748,10.289582252502441,7.692798137664795
4749,10.444493293762207,7.693377494812012
4750,10.249375343322754,7.693915367126465
4751,10.710305213928223,7.694550514221191
4752,10.351191520690918,7.6951093673706055
4753,10.85634708404541,7.695774078369141
4754,9.207929611206055,7.696092128753662
4755,12.052774429321289,7.6970086097717285
4756,10.901284217834473,7.6976823806762695
4757,9.534661293029785,7.698068618774414
4758,10.54238510131836,7.698666572570801
4759,10.734956741333008,7.699304103851318
4760,16.532686233520508,7.7011590003967285
4761,8.904419898986816,7.701412200927734
4762,10.512754440307617,7.702002048492432
4763,10.984686851501465,7.702691078186035
4764,13.423055648803711,7.703891277313232
4765,9.968351364135742,7.704366683959961
4766,6.558973789215088,7.704126358032227
4767,7.473892688751221,7.70407772064209
4768,9.883112907409668,7.704534530639648
4769,9.448915481567383,7.70490026473999
4770,12.042291641235352,7.705809593200684
4771,10.500770568847656,7.706395149230957
4772,10.28272533416748,7.706934452056885
4773,8.78721809387207,7.7071614265441895
4774,9.990440368652344,7.707639694213867
4775,12.90642261505127,7.708728313446045
4776,11.041029930114746,7.709426403045654
4777,11.587692260742188,7.710237503051758
4778,13.35147476196289,7.711418151855469
4779,13.953195571899414,7.712723731994629
4780,12.708083152770996,7.713768482208252
4781,8.650665283203125,7.713964939117432
4782,11.04035472869873,7.714660167694092
4783,9.613953590393066,7.715056896209717
4784,10.114112854003906,7.715558052062988
4785,9.596787452697754,7.715951442718506
4786,9.921807289123535,7.71641206741333
4787,10.237508773803711,7.7169389724731445
4788,8.899545669555664,7.7171854972839355
4789,11.681882858276367,7.718013763427734
4790,12.859285354614258,7.719086647033691
4791,10.324378967285156,7.719630241394043
4792,13.895535469055176,7.720918655395508
4793,9.005936622619629,7.721187114715576
4794,11.64088249206543,7.722004413604736
4795,15.908079147338867,7.723711013793945
4796,10.216292381286621,7.7242302894592285
4797,15.470197677612305,7.725844383239746
4798,13.094010353088379,7.726963043212891
4799,11.67973518371582,7.727786540985107
4800,12.424402236938477,7.72876501083374
4801,14.014848709106445,7.730074405670166
4802,11.108104705810547,7.730777740478516
4803,8.757850646972656,7.730991363525391
4804,16.938980102539062,7.732907772064209
4805,9.40111255645752,7.733254909515381
4806,8.088174819946289,7.7333292961120605
4807,13.257080078125,7.734477996826172
4808,10.79414176940918,7.735114097595215
4809,11.345365524291992,7.735864639282227
4810,11.679611206054688,7.736684322357178
4811,13.394221305847168,7.737859725952148
4812,9.925621032714844,7.738314628601074
4813,10.389689445495605,7.738865375518799
4814,11.187650680541992,7.73958158493042
4815,13.128807067871094,7.740700721740723
4816,13.553987503051758,7.741907596588135
4817,10.388450622558594,7.742456436157227
4818,9.133028030395508,7.742745399475098
4819,10.360645294189453,7.743288040161133
4820,13.627721786499023,7.744508743286133
4821,10.061464309692383,7.744989395141602
4822,12.347906112670898,7.745944023132324
4823,14.00306510925293,7.747241020202637
4824,12.538942337036133,7.748234272003174
4825,11.978723526000977,7.749111175537109
4826,10.186960220336914,7.749616622924805
4827,1.318429708480835,7.748284816741943
4828,12.999011039733887,7.749372482299805
4829,9.75886344909668,7.749788284301758
4830,8.405438423156738,7.749924182891846
4831,7.69698429107666,7.749912738800049
4832,11.090654373168945,7.750603675842285
4833,6.677151203155518,7.7503814697265625
4834,8.713313102722168,7.750580787658691
4835,9.428569793701172,7.750927925109863
4836,9.398963928222656,7.7512688636779785
