Iteration,Result,Mean
0,10.572521209716797,10.572521209716797
1,11.238059997558594,10.905290603637695
2,11.652181625366211,11.154253959655762
3,11.915803909301758,11.344640731811523
4,12.059823989868164,11.487676620483398
5,12.229844093322754,11.611371040344238
6,11.60897445678711,11.611029624938965
7,9.206526756286621,11.310466766357422
8,10.19676685333252,11.186722755432129
9,10.086332321166992,11.07668399810791
10,10.274850845336914,11.003789901733398
11,10.60572624206543,10.97061824798584
12,11.038572311401367,10.975845336914062
13,10.998489379882812,10.977462768554688
14,12.949095726013184,11.108904838562012
15,12.334809303283691,11.185523986816406
16,11.514687538146973,11.204887390136719
17,12.264968872070312,11.26378059387207
18,12.588000297546387,11.333476066589355
19,11.679227828979492,11.350763320922852
20,11.585206985473633,11.36192798614502
21,10.982976913452148,11.34470272064209
22,10.567708969116211,11.310919761657715
23,11.055270195007324,11.300267219543457
24,12.384352684020996,11.34363079071045
25,14.11394214630127,11.450181007385254
26,12.770666122436523,11.499088287353516
27,12.56316089630127,11.537091255187988
28,12.280625343322754,11.56273078918457
29,9.939373016357422,11.508618354797363
30,10.58261489868164,11.478747367858887
31,12.717235565185547,11.517449378967285
32,11.678701400756836,11.52233600616455
33,10.431694030761719,11.49025821685791
34,12.620458602905273,11.522549629211426
35,10.976643562316895,11.507386207580566
36,11.669793128967285,11.511775970458984
37,10.841104507446289,11.494126319885254
38,11.923476219177246,11.505134582519531
39,11.273980140686035,11.499356269836426
40,11.890364646911621,11.508892059326172
41,9.558404922485352,11.46245288848877
42,12.354659080505371,11.483201026916504
43,13.060009002685547,11.519037246704102
44,11.157417297363281,11.511001586914062
45,9.177449226379395,11.460271835327148
46,11.292072296142578,11.456692695617676
47,11.790761947631836,11.463652610778809
48,10.887090682983398,11.451885223388672
49,10.794893264770508,11.438746452331543
50,9.895355224609375,11.408483505249023
51,10.125038146972656,11.38380241394043
52,11.467975616455078,11.38538932800293
53,10.063103675842285,11.360902786254883
54,11.858396530151367,11.369948387145996
55,9.951523780822754,11.344619750976562
56,10.930908203125,11.337361335754395
57,12.437314987182617,11.35632610321045
58,12.413168907165527,11.374238967895508
59,11.247383117675781,11.372124671936035
60,11.253654479980469,11.370182037353516
61,12.659741401672363,11.390981674194336
62,9.981124877929688,11.368602752685547
63,11.925636291503906,11.377306938171387
64,12.659917831420898,11.397039413452148
65,11.644806861877441,11.40079402923584
66,8.476853370666504,11.357152938842773
67,11.160369873046875,11.35425853729248
68,8.505705833435059,11.31297492980957
69,12.62460708618164,11.33171272277832
70,12.144241333007812,11.343156814575195
71,10.53294563293457,11.331904411315918
72,11.432188034057617,11.333277702331543
73,11.484622955322266,11.335323333740234
74,10.313950538635254,11.321704864501953
75,11.202733993530273,11.32013988494873
76,7.260784149169922,11.267420768737793
77,9.631715774536133,11.246450424194336
78,11.766059875488281,11.25302791595459
79,11.390815734863281,11.25475025177002
80,12.416240692138672,11.269089698791504
81,10.971529006958008,11.265460968017578
82,10.879979133605957,11.260817527770996
83,12.907913208007812,11.280425071716309
84,10.545607566833496,11.271780014038086
85,11.034661293029785,11.269022941589355
86,11.78403377532959,11.274943351745605
87,8.243836402893066,11.240498542785645
88,11.514318466186523,11.243575096130371
89,12.040143013000488,11.252426147460938
90,12.144113540649414,11.262226104736328
91,12.110269546508789,11.271443367004395
92,6.871314525604248,11.224130630493164
93,8.33951473236084,11.193442344665527
94,9.355020523071289,11.174090385437012
95,11.020421981811523,11.172489166259766
96,9.342245101928711,11.153620719909668
97,9.855156898498535,11.140371322631836
98,9.219700813293457,11.120970726013184
99,9.399477005004883,11.103755950927734
100,9.306599617004395,11.085963249206543
101,9.972076416015625,11.075041770935059
102,8.83755111694336,11.053318977355957
103,9.209243774414062,11.035587310791016
104,9.364566802978516,11.019673347473145
105,10.168352127075195,11.011641502380371
106,7.2161970138549805,10.97616958618164
107,9.675362586975098,10.964125633239746
108,10.032108306884766,10.955574989318848
109,8.25743579864502,10.931046485900879
110,9.216757774353027,10.915603637695312
111,7.304919242858887,10.8833646774292
112,9.801827430725098,10.873794555664062
113,8.244339942932129,10.850728988647461
114,9.306896209716797,10.837305068969727
115,8.177704811096191,10.814377784729004
116,11.204805374145508,10.81771469116211
117,10.037203788757324,10.811100006103516
118,10.143600463867188,10.805490493774414
119,10.269815444946289,10.801026344299316
120,11.301311492919922,10.805160522460938
121,9.12382698059082,10.79137897491455
122,9.57411003112793,10.781482696533203
123,8.392033576965332,10.762212753295898
124,8.56106948852539,10.744603157043457
125,8.112906455993652,10.723716735839844
126,8.186846733093262,10.703742027282715
127,9.501014709472656,10.694345474243164
128,9.692329406738281,10.686578750610352
129,9.208998680114746,10.675211906433105
130,9.547317504882812,10.666603088378906
131,10.637723922729492,10.666383743286133
132,7.155029296875,10.639982223510742
133,9.691702842712402,10.632905006408691
134,13.294734954833984,10.65262222290039
135,12.911152839660645,10.669228553771973
136,6.74853515625,10.640610694885254
137,7.428067207336426,10.617331504821777
138,9.380382537841797,10.60843276977539
139,5.725560665130615,10.573554992675781
140,8.685249328613281,10.560163497924805
141,8.15559196472168,10.543230056762695
142,9.44860553741455,10.535574913024902
143,9.489803314208984,10.528312683105469
144,10.340609550476074,10.527017593383789
145,9.723779678344727,10.521515846252441
146,9.790023803710938,10.51654052734375
147,9.613550186157227,10.510438919067383
148,10.255366325378418,10.508727073669434
149,10.404123306274414,10.50802993774414
150,8.429677963256836,10.49426555633545
151,13.634675979614258,10.514925956726074
152,7.748507976531982,10.496845245361328
153,8.39195442199707,10.483177185058594
154,9.908709526062012,10.479471206665039
155,12.027585983276367,10.489395141601562
156,10.313390731811523,10.488273620605469
157,12.402945518493652,10.500391960144043
158,12.23631763458252,10.511309623718262
159,9.91114330291748,10.507558822631836
160,9.73518180847168,10.502761840820312
161,9.25922966003418,10.495085716247559
162,8.186051368713379,10.48091983795166
163,11.086255073547363,10.484610557556152
164,10.067436218261719,10.48208236694336
165,9.568316459655762,10.476577758789062
166,8.547914505004883,10.4650297164917
167,11.829805374145508,10.473153114318848
168,10.771098136901855,10.474916458129883
169,11.199146270751953,10.47917652130127
170,10.051435470581055,10.476675033569336
171,10.622180938720703,10.477520942687988
172,10.85484504699707,10.47970199584961
173,10.127683639526367,10.477678298950195
174,8.668808937072754,10.467342376708984
175,7.961775779724121,10.453105926513672
176,8.88000202178955,10.444218635559082
177,6.301369667053223,10.420944213867188
178,8.689896583557129,10.411273956298828
179,8.639758110046387,10.401432037353516
180,10.05426025390625,10.399514198303223
181,10.045787811279297,10.397570610046387
182,9.359688758850098,10.391899108886719
183,10.897320747375488,10.394645690917969
184,10.33349609375,10.394315719604492
185,7.58929967880249,10.37923526763916
186,6.476917743682861,10.358366966247559
187,13.454985618591309,10.374837875366211
188,8.514409065246582,10.364995002746582
189,8.787812232971191,10.356694221496582
190,15.998114585876465,10.38623046875
191,12.164623260498047,10.395493507385254
192,9.610383987426758,10.391425132751465
193,10.406536102294922,10.391502380371094
194,11.069108009338379,10.394977569580078
195,9.857911109924316,10.392237663269043
196,12.212383270263672,10.40147590637207
197,10.227388381958008,10.400596618652344
198,13.331815719604492,10.415326118469238
199,13.385358810424805,10.43017578125
200,11.991128921508789,10.437942504882812
201,10.661056518554688,10.439046859741211
202,10.754157066345215,10.44059944152832
203,12.00522232055664,10.44826889038086
204,12.335790634155273,10.457475662231445
205,10.763345718383789,10.45896053314209
206,12.178853988647461,10.467269897460938
207,10.38711166381836,10.46688461303711
208,11.243698120117188,10.470601081848145
209,12.524530410766602,10.480381965637207
210,12.454614639282227,10.489738464355469
211,12.296073913574219,10.498258590698242
212,12.785268783569336,10.508995056152344
213,10.878793716430664,10.510724067687988
214,9.966276168823242,10.50819206237793
215,11.338648796081543,10.512036323547363
216,12.143272399902344,10.519554138183594
217,11.495929718017578,10.524032592773438
218,12.445488929748535,10.532806396484375
219,11.741166114807129,10.538298606872559
220,11.146431922912598,10.541050910949707
221,12.10523509979248,10.548096656799316
222,10.657979011535645,10.548589706420898
223,10.822386741638184,10.549811363220215
224,11.465807914733887,10.553882598876953
225,14.23388671875,10.570165634155273
226,12.276098251342773,10.577680587768555
227,11.213974952697754,10.58047103881836
228,9.533963203430176,10.57590103149414
229,12.049173355102539,10.582305908203125
230,13.089704513549805,10.593160629272461
231,12.759891510009766,10.602499961853027
232,10.710344314575195,10.6029634475708
233,11.684804916381836,10.607586860656738
234,11.160955429077148,10.609941482543945
235,10.770133972167969,10.61061954498291
236,11.794744491577148,10.615615844726562
237,10.635409355163574,10.61569881439209
238,3.554758071899414,10.58615493774414
239,6.263545036315918,10.568143844604492
240,4.821807861328125,10.544300079345703
241,6.411192893981934,10.527220726013184
242,5.4170756340026855,10.50619125366211
243,7.512499809265137,10.493921279907227
244,3.0222067832946777,10.463424682617188
245,4.355099678039551,10.438593864440918
246,7.71552848815918,10.427569389343262
247,7.008123874664307,10.41378116607666
248,3.4305765628814697,10.385736465454102
249,4.755127429962158,10.363213539123535
250,6.002869606018066,10.345842361450195
251,-0.16158023476600647,10.304145812988281
252,6.396833419799805,10.288702011108398
253,1.3074947595596313,10.253341674804688
254,1.6746625900268555,10.21969985961914
255,-1.178032398223877,10.175177574157715
256,1.6236567497253418,10.141902923583984
257,2.5800516605377197,10.112593650817871
258,1.5812313556671143,10.0796537399292
259,-1.8626474142074585,10.033721923828125
260,2.1003899574279785,10.003326416015625
261,5.8084397315979,9.98731517791748
262,5.815012454986572,9.971450805664062
263,1.1963751316070557,9.938211441040039
264,5.376565933227539,9.92099666595459
265,2.2333827018737793,9.892096519470215
266,-0.5369747877120972,9.853036880493164
267,1.6183781623840332,9.822310447692871
268,2.3448286056518555,9.794512748718262
269,-0.2936755120754242,9.757148742675781
270,-0.17106719315052032,9.720513343811035
271,3.588947296142578,9.697970390319824
272,-3.0105643272399902,9.651418685913086
273,1.3609923124313354,9.621162414550781
274,3.2382144927978516,9.597951889038086
275,1.4455957412719727,9.568414688110352
276,-4.3841447830200195,9.518044471740723
277,2.6448092460632324,9.49332046508789
278,2.4359850883483887,9.468025207519531
279,0.9733318090438843,9.437687873840332
280,2.12793231010437,9.411674499511719
281,-0.9318116903305054,9.374995231628418
282,4.310113906860352,9.357097625732422
283,3.9326424598693848,9.337997436523438
284,5.160322666168213,9.323339462280273
285,2.9111547470092773,9.300918579101562
286,4.978087425231934,9.285856246948242
287,3.2227208614349365,9.264803886413574
288,-1.8766553401947021,9.226251602172852
289,0.45553237199783325,9.19600772857666
290,2.774977445602417,9.173942565917969
291,-0.28734278678894043,9.14154052734375
292,-5.715418815612793,9.090834617614746
293,6.418752670288086,9.081745147705078
294,-13.136470794677734,9.006429672241211
295,-3.9941649436950684,8.962509155273438
296,-1.7816592454910278,8.926332473754883
297,4.44009256362915,8.91127872467041
298,-9.122356414794922,8.85096549987793
299,3.3044848442077637,8.832477569580078
300,3.4941201210021973,8.814742088317871
301,4.449499607086182,8.800287246704102
302,-1.2848411798477173,8.767003059387207
303,2.1722500324249268,8.745309829711914
304,2.793945789337158,8.725797653198242
305,2.8891119956970215,8.7067232131958
306,7.015237331390381,8.701212882995605
307,10.017772674560547,8.705488204956055
308,4.442259788513184,8.691690444946289
309,0.5812902450561523,8.665528297424316
310,-1.2988872528076172,8.633488655090332
311,-1.1181186437606812,8.602232933044434
312,3.053313732147217,8.584505081176758
313,3.315922737121582,8.567726135253906
314,3.3567862510681152,8.551182746887207
315,3.8974497318267822,8.536456108093262
316,2.957430839538574,8.5188570022583
317,-2.3081448078155518,8.484809875488281
318,4.397659778594971,8.471997261047363
319,2.8342509269714355,8.454379081726074
320,4.1193108558654785,8.440875053405762
321,1.101812720298767,8.418082237243652
322,-0.03197215497493744,8.391921043395996
323,1.093184232711792,8.369394302368164
324,-1.8062818050384521,8.33808422088623
325,4.9464616775512695,8.327680587768555
326,2.49316143989563,8.30983829498291
327,0.38786786794662476,8.285686492919922
328,2.1207730770111084,8.266947746276855
329,0.9132034778594971,8.24466323852539
330,0.8398022651672363,8.22229290008545
331,4.055350303649902,8.209741592407227
332,2.348680257797241,8.192140579223633
333,1.0747278928756714,8.170830726623535
334,4.550038814544678,8.160022735595703
335,5.4380388259887695,8.151921272277832
336,2.3136754035949707,8.134597778320312
337,1.012462854385376,8.113526344299316
338,4.898629665374756,8.104043006896973
339,1.826243281364441,8.085578918457031
340,4.329559326171875,8.074563980102539
341,2.071925401687622,8.057012557983398
342,3.7428717613220215,8.044434547424316
343,4.238122463226318,8.033370018005371
344,5.401880264282227,8.025742530822754
345,-3.8892996311187744,7.991305351257324
346,1.1807678937911987,7.971678256988525
347,3.8565311431884766,7.959852695465088
348,9.735755920410156,7.964941501617432
349,9.554171562194824,7.969482421875
350,11.922530174255371,7.9807448387146
351,11.923004150390625,7.991944789886475
352,12.492853164672852,8.004694938659668
353,12.895031929016113,8.018509864807129
354,14.09864330291748,8.035636901855469
355,13.635496139526367,8.051366806030273
356,12.485093116760254,8.063786506652832
357,12.911247253417969,8.077326774597168
358,11.233104705810547,8.086116790771484
359,8.422575950622559,8.087051391601562
360,10.870498657226562,8.094762802124023
361,12.611598014831543,8.107239723205566
362,11.428389549255371,8.116389274597168
363,12.450098037719727,8.128294944763184
364,8.740971565246582,8.129973411560059
365,12.377683639526367,8.141579627990723
366,8.57299518585205,8.142755508422852
367,8.415005683898926,8.143494606018066
368,10.640281677246094,8.150261878967285
369,12.131661415100098,8.161022186279297
370,12.131208419799805,8.171723365783691
371,8.482712745666504,8.172558784484863
372,11.696348190307617,8.182005882263184
373,11.203678131103516,8.190085411071777
374,6.6696271896362305,8.186030387878418
375,6.904007911682129,8.182621002197266
376,9.833561897277832,8.187000274658203
377,8.821112632751465,8.188677787780762
378,4.975223541259766,8.180198669433594
379,10.307770729064941,8.185797691345215
380,10.391036033630371,8.1915864944458
381,13.233051300048828,8.204784393310547
382,9.933917999267578,8.209299087524414
383,7.399050712585449,8.207188606262207
384,11.86137580871582,8.216680526733398
385,11.55453872680664,8.225327491760254
386,11.44523811340332,8.233647346496582
387,10.750877380371094,8.240135192871094
388,10.711061477661133,8.246487617492676
389,8.558249473571777,8.24728775024414
390,11.526732444763184,8.255674362182617
391,10.050703048706055,8.26025390625
392,13.439048767089844,8.273430824279785
393,13.311342239379883,8.28621768951416
394,13.149800300598145,8.298530578613281
395,11.202803611755371,8.305865287780762
396,12.737170219421387,8.31702709197998
397,12.997845649719238,8.328787803649902
398,12.833244323730469,8.340076446533203
399,12.570186614990234,8.350651741027832
400,13.334908485412598,8.363081932067871
401,10.316987037658691,8.367941856384277
402,5.634845733642578,8.361159324645996
403,10.782608032226562,8.367154121398926
404,9.661230087280273,8.370348930358887
405,10.832735061645508,8.376413345336914
406,11.493871688842773,8.384073257446289
407,12.433534622192383,8.393999099731445
408,13.072807312011719,8.405438423156738
409,11.82181453704834,8.41377067565918
410,11.79164981842041,8.421989440917969
411,12.921239852905273,8.432909965515137
412,10.826456069946289,8.438705444335938
413,11.443863868713379,8.445963859558105
414,10.789036750793457,8.451610565185547
415,9.578290939331055,8.45431900024414
416,12.955942153930664,8.46511459350586
417,11.46884536743164,8.472299575805664
418,12.598997116088867,8.482148170471191
419,11.805267333984375,8.490060806274414
420,9.163080215454102,8.491659164428711
421,12.944165229797363,8.502209663391113
422,10.554643630981445,8.507061958312988
423,6.69185733795166,8.50278091430664
424,9.806469917297363,8.50584888458252
425,10.463170051574707,8.510442733764648
426,13.179361343383789,8.521377563476562
427,9.833434104919434,8.524443626403809
428,10.156574249267578,8.528247833251953
429,11.390151023864746,8.534902572631836
430,13.986083030700684,8.547551155090332
431,12.285856246948242,8.556204795837402
432,8.74738597869873,8.556645393371582
433,11.41293716430664,8.563226699829102
434,10.886913299560547,8.56856918334961
435,11.64030647277832,8.575613975524902
436,8.58207893371582,8.575629234313965
437,11.240242004394531,8.58171272277832
438,6.886188983917236,8.577850341796875
439,10.202150344848633,8.581542015075684
440,9.7813138961792,8.584261894226074
441,10.02198314666748,8.587514877319336
442,7.735795021057129,8.585592269897461
443,8.18785572052002,8.584696769714355
444,8.731678009033203,8.585026741027832
445,6.921268463134766,8.581296920776367
446,6.315915107727051,8.576229095458984
447,9.519694328308105,8.57833480834961
448,8.10340690612793,8.577277183532715
449,10.401902198791504,8.581332206726074
450,10.036059379577637,8.58455753326416
451,10.263585090637207,8.588272094726562
452,6.933250904083252,8.584619522094727
453,11.23034954071045,8.590447425842285
454,7.5102858543396,8.588072776794434
455,11.135894775390625,8.593660354614258
456,6.97289514541626,8.590113639831543
457,7.485567092895508,8.587702751159668
458,9.751569747924805,8.590237617492676
459,7.237525463104248,8.587297439575195
460,8.674355506896973,8.587486267089844
461,7.6526618003845215,8.58546257019043
462,10.50979995727539,8.589618682861328
463,9.671725273132324,8.591950416564941
464,9.694182395935059,8.594320297241211
465,7.356938362121582,8.591665267944336
466,8.159497261047363,8.590740203857422
467,9.126970291137695,8.591885566711426
468,9.222861289978027,8.593231201171875
469,11.575410842895508,8.599575996398926
470,12.237750053405762,8.607300758361816
471,9.04207992553711,8.608222007751465
472,9.929543495178223,8.611014366149902
473,8.248391151428223,8.610249519348145
474,8.776445388793945,8.610599517822266
475,9.240482330322266,8.611923217773438
476,13.253496170043945,8.62165355682373
477,7.893614768981934,8.62013053894043
478,8.445091247558594,8.619765281677246
479,7.630428314208984,8.617704391479492
480,9.457992553710938,8.619451522827148
481,13.076927185058594,8.62869930267334
482,10.105080604553223,8.631755828857422
483,10.172019958496094,8.63493824005127
484,9.176828384399414,8.636054992675781
485,9.821342468261719,8.638494491577148
486,11.540093421936035,8.644452095031738
487,12.941505432128906,8.653257369995117
488,8.576754570007324,8.653100967407227
489,11.03758716583252,8.657966613769531
490,9.378464698791504,8.65943431854248
491,10.65751838684082,8.663496017456055
492,10.199193000793457,8.666610717773438
493,10.926934242248535,8.671186447143555
494,11.26823616027832,8.676432609558105
495,13.918509483337402,8.68700122833252
496,14.050662994384766,8.697793006896973
497,9.47341537475586,8.69935131072998
498,16.12234115600586,8.714227676391602
499,11.01248836517334,8.71882438659668
500,13.151615142822266,8.727672576904297
501,12.082727432250977,8.734355926513672
502,10.376909255981445,8.737621307373047
503,13.833203315734863,8.74773120880127
504,10.608463287353516,8.751415252685547
505,9.068548202514648,8.752041816711426
506,10.60094928741455,8.755688667297363
507,15.40810489654541,8.768784523010254
508,13.123697280883789,8.777339935302734
509,11.683491706848145,8.783038139343262
510,11.953721046447754,8.7892427444458
511,11.631460189819336,8.794794082641602
512,11.790714263916016,8.800633430480957
513,10.841400146484375,8.804603576660156
514,12.355030059814453,8.811497688293457
515,17.33548355102539,8.828017234802246
516,12.07222843170166,8.8342924118042
517,11.188126564025879,8.838835716247559
518,15.881818771362305,8.85240650177002
519,14.331193923950195,8.862942695617676
520,12.016850471496582,8.868996620178223
521,8.93065357208252,8.869114875793457
522,14.407176971435547,8.879703521728516
523,12.743940353393555,8.887078285217285
524,13.050084114074707,8.895008087158203
525,11.805949211120605,8.900543212890625
526,14.717096328735352,8.911580085754395
527,12.37800121307373,8.918145179748535
528,-1.2750775814056396,8.898877143859863
529,-1.5815985202789307,8.87910270690918
530,-0.14556336402893066,8.862107276916504
531,-0.5460328459739685,8.844422340393066
532,0.7172387838363647,8.829174995422363
533,0.6050618886947632,8.813774108886719
534,-0.8895986676216125,8.795636177062988
535,-2.1786153316497803,8.775161743164062
536,-0.4196866750717163,8.758038520812988
537,2.617103099822998,8.746624946594238
538,2.1525611877441406,8.734390258789062
539,-4.335822582244873,8.710186004638672
540,-1.3708585500717163,8.691551208496094
541,1.3863439559936523,8.678072929382324
542,3.954329252243042,8.669373512268066
543,0.4252934157848358,8.654218673706055
544,2.1658575534820557,8.642313957214355
545,1.2030413150787354,8.62868881225586
546,1.531078815460205,8.615714073181152
547,-2.1847643852233887,8.5960054397583
548,4.5628662109375,8.588659286499023
549,-3.0025482177734375,8.567584037780762
550,0.8461787700653076,8.553570747375488
551,0.9428600072860718,8.539783477783203
552,2.175417900085449,8.528274536132812
553,1.8588061332702637,8.5162353515625
554,-0.12205202132463455,8.50067138671875
555,-0.4041987657546997,8.484655380249023
556,2.2934210300445557,8.473540306091309
557,1.6309266090393066,8.46127700805664
558,-0.916563868522644,8.444500923156738
559,1.4261436462402344,8.431968688964844
560,-1.2410638332366943,8.414725303649902
561,-1.1405818462371826,8.397723197937012
562,2.110353946685791,8.386555671691895
563,2.657865524291992,8.376398086547852
564,-0.8722707033157349,8.360029220581055
565,5.044186115264893,8.354170799255371
566,2.601078748703003,8.344023704528809
567,-2.25913143157959,8.325356483459473
568,4.103740215301514,8.317935943603516
569,1.6187864542007446,8.306182861328125
570,0.8462285995483398,8.293118476867676
571,2.271766424179077,8.282591819763184
572,1.032907485961914,8.269939422607422
573,1.391106128692627,8.257955551147461
574,-3.9994332790374756,8.236638069152832
575,3.7002177238464355,8.22876262664795
576,0.777787446975708,8.215848922729492
577,-2.2541346549987793,8.197735786437988
578,-2.9087114334106445,8.178553581237793
579,1.937124252319336,8.167792320251465
580,2.108912229537964,8.157363891601562
581,-0.286922425031662,8.142853736877441
582,7.233024597167969,8.1412935256958
583,2.320568799972534,8.131326675415039
584,0.3481464087963104,8.118021965026855
585,-0.8861068487167358,8.102656364440918
586,2.6080636978149414,8.09329605102539
587,2.4834511280059814,8.083755493164062
588,-0.3273143172264099,8.069475173950195
589,4.18458890914917,8.062891006469727
590,4.1256842613220215,8.056228637695312
591,-0.17869096994400024,8.042318344116211
592,-10.744195938110352,8.010637283325195
593,-0.7317421436309814,7.995919704437256
594,2.1999990940093994,7.986178874969482
595,2.572587490081787,7.977095603942871
596,7.071347713470459,7.975578784942627
597,0.6753968000411987,7.9633708000183105
598,6.070886135101318,7.960211277008057
599,4.615288257598877,7.954636096954346
600,1.7526233196258545,7.944316387176514
601,4.4314093589782715,7.938481330871582
602,3.6613950729370117,7.931388854980469
603,-0.3639197051525116,7.917654991149902
604,1.5859887599945068,7.90718936920166
605,2.2170372009277344,7.897799491882324
606,3.3235087394714355,7.89026403427124
607,0.6891840100288391,7.878419399261475
608,-0.3043738603591919,7.864983558654785
609,3.1459476947784424,7.857247352600098
610,5.020085334777832,7.852603912353516
611,1.569581151008606,7.842337608337402
612,-4.4921112060546875,7.822216033935547
613,6.707611560821533,7.820400714874268
614,-1.1263344287872314,7.805852890014648
615,0.8456606268882751,7.794554233551025
616,0.8441911935806274,7.783289432525635
617,3.777395725250244,7.7768073081970215
618,-3.592348098754883,7.7584404945373535
619,0.7902669906616211,7.747200965881348
620,3.4775569438934326,7.740325450897217
621,6.505337238311768,7.738339900970459
622,1.7411317825317383,7.7287139892578125
623,-1.7515287399291992,7.713521480560303
624,4.484066963195801,7.7083539962768555
625,-0.08634022623300552,7.695902347564697
626,1.5472264289855957,7.686095714569092
627,1.8047679662704468,7.676730632781982
628,-9.032774925231934,7.650165557861328
629,4.209901809692383,7.644704818725586
630,-13.146017074584961,7.611755847930908
631,6.359930038452148,7.609775066375732
632,1.1813820600509644,7.599619388580322
633,1.1070671081542969,7.589378356933594
634,4.698246479034424,7.58482551574707
635,0.3146747350692749,7.573394298553467
636,0.12358133494853973,7.561698913574219
637,2.159510374069214,7.553231716156006
638,0.1939837485551834,7.541714668273926
639,-3.0098037719726562,7.525228023529053
640,0.20555919408798218,7.5138092041015625
641,-1.6146538257598877,7.499589920043945
642,3.5402774810791016,7.49343204498291
643,-1.505267858505249,7.479458808898926
644,-4.300166130065918,7.461195468902588
645,0.5186818242073059,7.450448513031006
646,3.8819222450256348,7.44493293762207
647,5.005502700805664,7.441168308258057
648,2.9301538467407227,7.43421745300293
649,-0.11340656876564026,7.422605991363525
650,5.5136213302612305,7.419673442840576
651,3.7918667793273926,7.414109706878662
652,0.9204617738723755,7.404165267944336
653,1.6403794288635254,7.395351886749268
654,1.3397433757781982,7.386106491088867
655,3.1722664833068848,7.379683494567871
656,6.1315717697143555,7.377783298492432
657,1.4776909351348877,7.368816375732422
658,0.8068865537643433,7.358859539031982
659,3.539426803588867,7.353072643280029
660,2.604804515838623,7.345889091491699
661,-2.65541410446167,7.330781936645508
662,-0.769804835319519,7.318563461303711
663,-0.9601017236709595,7.306095600128174
664,-5.707707405090332,7.286526203155518
665,-0.44795840978622437,7.274913311004639
666,0.8937591910362244,7.265346050262451
667,3.3317065238952637,7.259457111358643
668,2.8767356872558594,7.252906322479248
669,2.72709584236145,7.246151447296143
670,2.9520070552825928,7.239751815795898
671,2.8258800506591797,7.23318338394165
672,4.868513584136963,7.22967004776001
673,6.116655349731445,7.228018760681152
674,3.4548280239105225,7.222428321838379
675,1.463183879852295,7.213909149169922
676,5.595830917358398,7.21151876449585
677,0.11426425725221634,7.201050758361816
678,3.5854883193969727,7.195725917816162
679,2.9980084896087646,7.1895527839660645
680,2.77156138420105,7.183065414428711
681,1.8612587451934814,7.175261974334717
682,3.4431381225585938,7.169798374176025
683,-0.18631382286548615,7.159043312072754
684,-1.4843934774398804,7.146425247192383
685,0.5195505023002625,7.136765003204346
686,-4.713362693786621,7.119515895843506
687,-1.9537653923034668,7.106328010559082
688,0.351662814617157,7.096524715423584
689,1.1632792949676514,7.087925434112549
690,0.4537060260772705,7.078324317932129
691,-2.3351211547851562,7.06472110748291
692,-0.08155602216720581,7.054409027099609
693,0.9942994117736816,7.0456767082214355
694,-4.983362197875977,7.028368949890137
695,4.76461935043335,7.025116443634033
696,2.9590556621551514,7.019282341003418
697,-7.145078659057617,6.998990058898926
698,0.7799830436706543,6.990092754364014
699,-4.1722869873046875,6.974146366119385
700,5.176200866699219,6.97158145904541
701,2.522122621536255,6.965242862701416
702,-4.7882981300354,6.948523998260498
703,-0.9838246703147888,6.937256336212158
704,-1.8383108377456665,6.924808979034424
705,-1.2637200355529785,6.913210391998291
706,3.8978707790374756,6.908945560455322
707,3.4571263790130615,6.904069900512695
708,3.0921623706817627,6.898693561553955
709,-6.661863327026367,6.879594802856445
710,-1.3112950325012207,6.8680739402771
711,-7.693958282470703,6.847621917724609
712,0.23097829520702362,6.83834171295166
713,-8.295309066772461,6.817146301269531
714,1.1148186922073364,6.809170722961426
715,2.880255699157715,6.803683757781982
716,-6.138251304626465,6.785633563995361
717,-1.380552053451538,6.774260520935059
718,-3.013914108276367,6.760647296905518
719,0.24976134300231934,6.7516045570373535
720,-0.8192342519760132,6.7411041259765625
721,2.3843259811401367,6.735069751739502
722,3.452502489089966,6.730529308319092
723,-1.778558373451233,6.718777179718018
724,-1.584363579750061,6.707324028015137
725,-0.3803173005580902,6.697561740875244
726,-5.005460739135742,6.681464195251465
727,4.023433685302734,6.6778130531311035
728,-1.8937726020812988,6.666055202484131
729,3.0922131538391113,6.661159515380859
730,-2.4417219161987305,6.648706912994385
731,-6.655374050140381,6.6305317878723145
732,0.47163838148117065,6.622129440307617
733,-9.43287467956543,6.600255966186523
734,2.245542287826538,6.59433126449585
735,-3.8046016693115234,6.580202102661133
736,-0.823635995388031,6.570156097412109
737,-2.105329751968384,6.558400630950928
738,0.8559523820877075,6.550683975219727
739,3.440382957458496,6.546481132507324
740,6.798899173736572,6.546821594238281
741,4.076640605926514,6.543492794036865
742,-8.093070983886719,6.5237932205200195
743,0.746910810470581,6.51602840423584
744,-8.58185863494873,6.495762825012207
745,5.726618766784668,6.494731903076172
746,-1.3987257480621338,6.484164714813232
747,2.6052327156066895,6.478979110717773
748,2.1379683017730713,6.473183631896973
749,1.0650418996810913,6.465972423553467
750,-2.113893747329712,6.454548358917236
751,5.034306049346924,6.452659606933594
752,6.821102619171143,6.45314884185791
753,-1.0945066213607788,6.443138599395752
754,-5.674805164337158,6.427088260650635
755,-2.4733266830444336,6.415315628051758
756,2.239853858947754,6.409799575805664
757,-0.9634712338447571,6.4000725746154785
758,-2.4737753868103027,6.388381004333496
759,-0.24164888262748718,6.37965726852417
760,-1.6861079931259155,6.369058609008789
761,2.0988993644714355,6.363454818725586
762,-1.722956895828247,6.352856636047363
763,2.747154712677002,6.348136901855469
764,1.1378436088562012,6.341325759887695
765,2.5530033111572266,6.336380481719971
766,2.0595972537994385,6.330804347991943
767,-2.3713998794555664,6.3194732666015625
768,0.301065057516098,6.311647415161133
769,3.106715679168701,6.307485103607178
770,-3.308197259902954,6.295013904571533
771,-3.6348485946655273,6.282151222229004
772,7.8684492111206055,6.28420352935791
773,-0.5343817472457886,6.275394439697266
774,2.6140668392181396,6.270670413970947
775,5.487570762634277,6.2696614265441895
776,0.21667832136154175,6.261871337890625
777,5.125820636749268,6.260411262512207
778,-8.445478439331055,6.2415337562561035
779,-1.679631233215332,6.231378555297852
780,-3.6675963401794434,6.218703746795654
781,-3.5480599403381348,6.206214427947998
782,-2.068857192993164,6.195646286010742
783,-6.860511779785156,6.178993225097656
784,5.7499237060546875,6.1784467697143555
785,0.22116436064243317,6.170867443084717
786,0.7991713881492615,6.164041996002197
787,-0.9229945540428162,6.155048370361328
788,2.836204767227173,6.150842189788818
789,2.779531717300415,6.1465744972229
790,6.916813850402832,6.147548675537109
791,-2.523449420928955,6.136600494384766
792,2.874668836593628,6.132486820220947
793,0.7269089818000793,6.125679016113281
794,-1.0645887851715088,6.116634845733643
795,2.0932281017303467,6.1115803718566895
796,4.142324447631836,6.109108924865723
797,-2.0502450466156006,6.098884105682373
798,-11.515650749206543,6.076838493347168
799,-7.665839672088623,6.059659957885742
800,3.310502767562866,6.056228160858154
801,-4.920340061187744,6.04254150390625
802,3.796403646469116,6.0397443771362305
803,1.5317535400390625,6.03413724899292
804,-13.151138305664062,6.0103044509887695
805,3.2612462043762207,6.006893634796143
806,2.4853153228759766,6.002529621124268
807,0.17178061604499817,5.99531364440918
808,-4.349597930908203,5.9825263023376465
809,0.5907537937164307,5.975869655609131
810,-4.208144187927246,5.96331262588501
811,-0.7940965890884399,5.954990863800049
812,3.1516149044036865,5.951542854309082
813,0.3858256936073303,5.944705486297607
814,0.40098774433135986,5.93790340423584
815,2.854177713394165,5.934123992919922
816,1.5810774564743042,5.92879581451416
817,-2.7193853855133057,5.918223857879639
818,-0.8507120609283447,5.909958839416504
819,-0.27790528535842896,5.9024128913879395
820,0.051378294825553894,5.8952860832214355
821,-4.253460884094238,5.88293981552124
822,-3.9862444400787354,5.87094783782959
823,-1.4896470308303833,5.8620147705078125
824,3.434453010559082,5.859072685241699
825,-2.452484130859375,5.849009990692139
826,-6.705880641937256,5.833828449249268
827,1.0420522689819336,5.828041076660156
828,4.06826114654541,5.825918674468994
829,-0.3472146987915039,5.818480968475342
830,-7.637611389160156,5.80228853225708
831,-4.072514533996582,5.790419578552246
832,-0.520077645778656,5.782843589782715
833,-4.143339157104492,5.770941734313965
834,-2.795984983444214,5.760682106018066
835,0.9747826457023621,5.75495719909668
836,0.4885385036468506,5.7486653327941895
837,-4.005993843078613,5.737024784088135
838,-10.402750015258789,5.717788219451904
839,1.4844970703125,5.712748050689697
840,1.1281698942184448,5.707296371459961
841,0.3205070197582245,5.70089864730835
842,-1.9206713438034058,5.69185733795166
843,-1.59456205368042,5.683224201202393
844,-0.7048325538635254,5.67566442489624
845,-1.3558470010757446,5.66735315322876
846,-2.873338222503662,5.65726900100708
847,0.43180084228515625,5.651106834411621
848,-4.969409465789795,5.63859748840332
849,-5.736996650695801,5.62521505355835
850,2.090184211730957,5.621060848236084
851,-1.5624998807907104,5.612629413604736
852,-0.9236208200454712,5.604966640472412
853,-3.9565305709838867,5.593770503997803
854,-3.293459415435791,5.583375930786133
855,-2.3784546852111816,5.574075222015381
856,-2.75356388092041,5.564357757568359
857,-1.1450923681259155,5.556538105010986
858,0.07280157506465912,5.550154209136963
859,-2.1564927101135254,5.54119348526001
860,-1.4646590948104858,5.533056259155273
861,-2.7808594703674316,5.523411273956299
862,-2.0257012844085693,5.5146636962890625
863,-6.446795463562012,5.500819683074951
864,1.3867251873016357,5.496063232421875
865,-2.827847480773926,5.486451625823975
866,-4.447807788848877,5.4749932289123535
867,2.421510934829712,5.471475601196289
868,-5.2086591720581055,5.459185600280762
869,12.266736030578613,5.467010021209717
870,10.945388793945312,5.473299980163574
871,10.871048927307129,5.479489803314209
872,12.463217735290527,5.487489700317383
873,11.755979537963867,5.494661808013916
874,12.368886947631836,5.5025177001953125
875,13.528634071350098,5.5116801261901855
876,9.626374244689941,5.516372203826904
877,14.490099906921387,5.526593208312988
878,12.614765167236328,5.534657001495361
879,12.042158126831055,5.542051792144775
880,6.880178451538086,5.543570518493652
881,11.384775161743164,5.5501933097839355
882,12.718101501464844,5.5583109855651855
883,12.679620742797852,5.566367149353027
884,12.126355171203613,5.573779582977295
885,12.083044052124023,5.5811262130737305
886,13.474727630615234,5.590025424957275
887,12.734698295593262,5.598071575164795
888,13.211957931518555,5.606636047363281
889,14.493839263916016,5.616621494293213
890,13.328514099121094,5.625276565551758
891,13.354496002197266,5.633941650390625
892,13.227460861206055,5.642445087432861
893,12.722196578979492,5.650364398956299
894,12.237576484680176,5.657724857330322
895,11.845617294311523,5.664630889892578
896,14.482464790344238,5.674461364746094
897,11.142901420593262,5.680551052093506
898,14.596582412719727,5.690468788146973
899,12.49124526977539,5.698025226593018
900,14.388985633850098,5.707671165466309
901,11.451675415039062,5.714039325714111
902,9.276641845703125,5.717984676361084
903,10.597448348999023,5.723382949829102
904,8.824661254882812,5.726809501647949
905,13.476485252380371,5.735363483428955
906,10.186495780944824,5.740271091461182
907,12.917856216430664,5.748176097869873
908,7.936365604400635,5.750583171844482
909,14.1887845993042,5.759856224060059
910,15.425058364868164,5.770465850830078
911,11.02487564086914,5.7762274742126465
912,13.093067169189453,5.784241676330566
913,8.373246192932129,5.787074089050293
914,11.992064476013184,5.793855667114258
915,9.827861785888672,5.798259258270264
916,8.865595817565918,5.801604270935059
917,14.212236404418945,5.810766696929932
918,11.766860961914062,5.8172478675842285
919,14.060380935668945,5.826208114624023
920,8.41391658782959,5.829017639160156
921,16.38681411743164,5.840468883514404
922,11.212818145751953,5.846289157867432
923,10.163740158081055,5.850961685180664
924,12.229423522949219,5.8578572273254395
925,10.520801544189453,5.862893104553223
926,14.46055793762207,5.872167587280273
927,13.531402587890625,5.880421161651611
928,12.036108016967773,5.887047290802002
929,12.42907428741455,5.8940815925598145
930,13.110512733459473,5.9018330574035645
931,12.644051551818848,5.909067153930664
932,14.111600875854492,5.917859077453613
933,13.670214653015137,5.926159381866455
934,13.93892765045166,5.934729099273682
935,12.689181327819824,5.9419450759887695
936,13.873189926147461,5.950409412384033
937,13.494582176208496,5.958452224731445
938,12.246336936950684,5.965148448944092
939,12.336945533752441,5.971927165985107
940,13.662638664245605,5.980099678039551
941,12.30472469329834,5.986814022064209
942,11.508966445922852,5.992669582366943
943,12.704265594482422,5.999779224395752
944,11.905545234680176,6.006028652191162
945,11.724361419677734,6.012073516845703
946,12.516462326049805,6.018941879272461
947,9.132648468017578,6.022226810455322
948,14.957984924316406,6.031642436981201
949,9.628568649291992,6.035428524017334
950,12.264554977416992,6.04197883605957
951,14.200233459472656,6.050548553466797
952,12.02564811706543,6.05681848526001
953,11.459524154663086,6.06248140335083
954,10.598644256591797,6.06723165512085
955,11.336090087890625,6.072742462158203
956,10.503941535949707,6.077373027801514
957,11.067357063293457,6.082581520080566
958,12.837404251098633,6.089625358581543
959,11.52011775970459,6.095282077789307
960,13.896753311157227,6.103400230407715
961,14.333536148071289,6.111955642700195
962,12.896109580993652,6.11899995803833
963,12.777215957641602,6.125906944274902
964,9.850329399108887,6.129766464233398
965,12.355581283569336,6.136211395263672
966,9.968976020812988,6.140174388885498
967,10.198080062866211,6.14436674118042
968,14.165310859680176,6.152644634246826
969,11.522351264953613,6.158180236816406
970,10.478355407714844,6.1626296043396
971,14.641702651977539,6.171352863311768
972,12.584481239318848,6.177944183349609
973,9.590705871582031,6.181447982788086
974,13.933329582214355,6.189398765563965
975,12.133040428161621,6.195487976074219
976,13.40042495727539,6.202862739562988
977,15.063377380371094,6.211922645568848
978,16.283802032470703,6.22221040725708
979,13.298792839050293,6.229431629180908
980,12.087516784667969,6.235403060913086
981,11.704588890075684,6.24097204208374
982,14.838953018188477,6.24971866607666
983,11.350798606872559,6.2549028396606445
984,15.112068176269531,6.263895034790039
985,12.830169677734375,6.270554542541504
986,11.990930557250977,6.276350021362305
987,9.018156051635742,6.279124736785889
988,14.524331092834473,6.287461757659912
989,10.675307273864746,6.29189395904541
990,14.368401527404785,6.30004358291626
991,13.050070762634277,6.306848526000977
992,13.332273483276367,6.313922882080078
993,11.990091323852539,6.319633483886719
994,11.990738868713379,6.325333118438721
995,11.906346321105957,6.330936431884766
996,11.862174987792969,6.336484432220459
997,10.032983779907227,6.340188503265381
998,11.861230850219727,6.345715522766113
999,13.77525520324707,6.353145122528076
1000,11.668647766113281,6.358455181121826
1001,13.899182319641113,6.365981101989746
1002,11.94863510131836,6.371546745300293
1003,12.37907886505127,6.377530574798584
1004,12.779483795166016,6.383900165557861
1005,12.350354194641113,6.38983154296875
1006,12.506509780883789,6.395905494689941
1007,13.26503849029541,6.402719974517822
1008,11.842827796936035,6.408111572265625
1009,11.484986305236816,6.413137912750244
1010,10.662635803222656,6.417341232299805
1011,11.401832580566406,6.422266960144043
1012,12.734384536743164,6.428497791290283
1013,10.512340545654297,6.432525157928467
1014,11.558012962341309,6.437574863433838
1015,13.239105224609375,6.44426965713501
1016,12.146063804626465,6.449875831604004
1017,11.155320167541504,6.454498291015625
1018,13.11866283416748,6.461038112640381
1019,12.710290908813477,6.467164993286133
1020,12.226694107055664,6.472805976867676
1021,12.776622772216797,6.478974342346191
1022,12.896469116210938,6.485247611999512
1023,12.766656875610352,6.491381645202637
1024,13.784379959106445,6.4984965324401855
1025,11.602972984313965,6.503471851348877
1026,13.120241165161133,6.509914398193359
1027,11.976479530334473,6.515232086181641
1028,11.460046768188477,6.520037651062012
1029,11.953569412231445,6.525312900543213
1030,12.174067497253418,6.530791759490967
1031,12.870304107666016,6.5369343757629395
1032,12.740917205810547,6.542940139770508
1033,9.584564208984375,6.545881271362305
1034,14.544224739074707,6.553609371185303
1035,11.567076683044434,6.558448791503906
1036,9.854487419128418,6.56162691116333
1037,10.45844554901123,6.565381050109863
1038,11.735634803771973,6.570357799530029
1039,10.47236442565918,6.5741095542907715
1040,11.080218315124512,6.578437805175781
1041,9.683621406555176,6.581418037414551
1042,9.210222244262695,6.5839385986328125
1043,11.998170852661133,6.5891242027282715
1044,9.185629844665527,6.591609001159668
1045,14.121282577514648,6.598807334899902
1046,9.666154861450195,6.601737022399902
1047,11.969014167785645,6.606858730316162
1048,12.567161560058594,6.6125407218933105
1049,13.857856750488281,6.619441032409668
1050,13.318511962890625,6.625814914703369
1051,12.59242057800293,6.631486415863037
1052,9.301860809326172,6.634022235870361
1053,13.257322311401367,6.64030647277832
1054,12.572993278503418,6.645929336547852
1055,11.094599723815918,6.650142192840576
1056,9.222392082214355,6.652575492858887
1057,11.720165252685547,6.657365322113037
1058,11.948694229125977,6.662362098693848
1059,11.802083015441895,6.667211055755615
1060,12.173072814941406,6.672399997711182
1061,11.936094284057617,6.677356243133545
1062,13.236150741577148,6.683526515960693
1063,12.492767333984375,6.688986301422119
1064,11.261385917663574,6.69327974319458
1065,12.247943878173828,6.698490619659424
1066,12.306770324707031,6.703746318817139
1067,12.414889335632324,6.709094047546387
1068,13.064767837524414,6.7150397300720215
1069,10.855382919311523,6.71890926361084
1070,9.59654712677002,6.7215962409973145
1071,11.119117736816406,6.725698471069336
1072,10.986227989196777,6.729669094085693
1073,9.755607604980469,6.732486248016357
1074,12.593177795410156,6.737938404083252
1075,11.433420181274414,6.742302417755127
1076,11.488883972167969,6.74670934677124
1077,11.194809913635254,6.75083589553833
1078,13.37673568725586,6.75697660446167
1079,13.426194190979004,6.763152122497559
1080,12.729254722595215,6.768671035766602
1081,11.999967575073242,6.773506164550781
1082,13.866422653198242,6.780055046081543
1083,11.196924209594727,6.784129619598389
1084,12.673873901367188,6.789557933807373
1085,13.317862510681152,6.79556941986084
1086,11.68850040435791,6.800070762634277
1087,10.546022415161133,6.803513526916504
1088,12.208293914794922,6.80847692489624
1089,12.394156455993652,6.813601016998291
1090,11.755603790283203,6.8181304931640625
1091,11.361154556274414,6.822290897369385
1092,12.29549503326416,6.827298641204834
1093,11.195670127868652,6.831291675567627
1094,13.073796272277832,6.8369927406311035
1095,12.730293273925781,6.84237003326416
1096,10.31708812713623,6.845537185668945
1097,11.7904052734375,6.850040912628174
1098,13.13895320892334,6.8557634353637695
1099,11.889538764953613,6.860339641571045
1100,12.862329483032227,6.865790843963623
1101,10.708114624023438,6.869277477264404
1102,10.518311500549316,6.872586250305176
1103,13.303056716918945,6.878410816192627
1104,10.280600547790527,6.8814897537231445
1105,12.289484977722168,6.886379718780518
1106,10.243217468261719,6.889411926269531
1107,11.542549133300781,6.893611431121826
1108,10.978547096252441,6.897294998168945
1109,11.404272079467773,6.901355266571045
1110,12.702167510986328,6.906576633453369
1111,12.880741119384766,6.911949157714844
1112,12.817039489746094,6.917254447937012
1113,13.481894493103027,6.923147201538086
1114,10.841026306152344,6.926661014556885
1115,13.315521240234375,6.9323859214782715
1116,14.090314865112305,6.938794136047363
1117,11.568700790405273,6.942935466766357
1118,13.684959411621094,6.948960304260254
1119,13.828374862670898,6.955102920532227
1120,12.52389907836914,6.960070610046387
1121,13.11578369140625,6.965557098388672
1122,13.223682403564453,6.971129894256592
1123,11.941213607788086,6.975551605224609
1124,14.7442045211792,6.982457160949707
1125,13.262457847595215,6.988034725189209
1126,12.634765625,6.993044853210449
1127,14.014776229858398,6.999269962310791
1128,13.211811065673828,7.004772663116455
1129,14.331597328186035,7.011256217956543
1130,12.352677345275879,7.015978813171387
1131,13.314117431640625,7.021542549133301
1132,13.723308563232422,7.0274577140808105
1133,12.053608894348145,7.031889915466309
1134,14.123888969421387,7.038138389587402
1135,12.386249542236328,7.042846202850342
1136,11.536120414733887,7.046798229217529
1137,12.464179039001465,7.051558494567871
1138,13.981961250305176,7.057643413543701
1139,14.313631057739258,7.0640082359313965
1140,12.328333854675293,7.068621635437012
1141,13.413263320922852,7.074177265167236
1142,12.701765060424805,7.079100608825684
1143,13.662613868713379,7.084855556488037
1144,13.073234558105469,7.090085506439209
1145,11.221518516540527,7.093690872192383
1146,12.791041374206543,7.098658084869385
1147,8.624741554260254,7.099987030029297
1148,4.564518451690674,7.097780227661133
1149,6.581249713897705,7.0973310470581055
1150,7.67146110534668,7.097829818725586
1151,8.387557983398438,7.098949432373047
1152,7.108851432800293,7.0989580154418945
1153,7.335976600646973,7.09916353225708
1154,7.927698135375977,7.099880695343018
1155,5.196774482727051,7.098234176635742
1156,7.362648010253906,7.098462104797363
1157,7.674749374389648,7.098959922790527
1158,7.289866924285889,7.099124908447266
1159,7.749940872192383,7.099686145782471
1160,8.745118141174316,7.10110330581665
1161,7.109647750854492,7.101110458374023
1162,7.5886383056640625,7.101529598236084
1163,8.987205505371094,7.103149890899658
1164,8.272553443908691,7.104153633117676
1165,8.645371437072754,7.105475425720215
1166,7.09727668762207,7.10546875
1167,5.856822967529297,7.10439920425415
1168,6.687326431274414,7.1040425300598145
1169,6.810573577880859,7.1037917137146
1170,8.174005508422852,7.104705810546875
1171,7.476045608520508,7.105021953582764
1172,8.153014183044434,7.1059160232543945
1173,5.73021125793457,7.1047444343566895
1174,8.489435195922852,7.105922698974609
1175,8.646685600280762,7.107232570648193
1176,8.48427963256836,7.108402729034424
1177,9.306401252746582,7.110268592834473
1178,5.724742889404297,7.109093189239502
1179,7.347119331359863,7.109294891357422
1180,7.8424973487854,7.109915733337402
1181,8.520576477050781,7.111109256744385
1182,7.476309776306152,7.1114182472229
1183,8.465873718261719,7.11256217956543
1184,5.4770965576171875,7.11118221282959
1185,8.707483291625977,7.112527847290039
1186,8.086322784423828,7.113348007202148
1187,8.176797866821289,7.114243030548096
1188,7.888678550720215,7.114894390106201
1189,8.108046531677246,7.115729331970215
1190,7.26136589050293,7.115851879119873
1191,6.084670543670654,7.114986896514893
1192,7.153470516204834,7.11501932144165
1193,9.131534576416016,7.116708278656006
1194,6.511165618896484,7.116200923919678
1195,8.205836296081543,7.117112159729004
1196,6.0510053634643555,7.1162214279174805
1197,9.105738639831543,7.117882251739502
1198,8.797008514404297,7.119282245635986
1199,9.11982536315918,7.120949745178223
1200,9.549893379211426,7.122972011566162
1201,10.627197265625,7.125887393951416
1202,5.436522960662842,7.124483108520508
1203,8.475320816040039,7.12560510635376
1204,8.30319595336914,7.126582145690918
1205,8.368873596191406,7.127612113952637
1206,7.326198577880859,7.127776622772217
1207,5.019170761108398,7.126031398773193
1208,7.5647478103637695,7.126394271850586
1209,4.450759410858154,7.124183177947998
1210,9.883106231689453,7.126461029052734
1211,5.634440898895264,7.125230312347412
1212,7.0340375900268555,7.125155448913574
1213,8.44371223449707,7.126241207122803
1214,7.724166393280029,7.126733779907227
1215,9.302488327026367,7.128523349761963
1216,4.512399673461914,7.126373767852783
1217,-0.20966069400310516,7.120350360870361
1218,6.9593400955200195,7.120218276977539
1219,7.823057651519775,7.120794296264648
1220,4.479404449462891,7.118631362915039
1221,9.068008422851562,7.120226860046387
1222,9.958221435546875,7.122547149658203
1223,8.010507583618164,7.123272895812988
1224,9.606431007385254,7.12529993057251
1225,8.295900344848633,7.126254558563232
1226,9.666982650756836,7.128325462341309
1227,8.764486312866211,7.129657745361328
1228,9.905561447143555,7.131916046142578
1229,8.751935005187988,7.133233070373535
1230,9.08751392364502,7.134820938110352
1231,8.716217041015625,7.136104583740234
1232,6.915265083312988,7.13592529296875
1233,8.353564262390137,7.136911869049072
1234,8.252988815307617,7.137815475463867
1235,7.137027263641357,7.137814521789551
1236,8.085711479187012,7.138581275939941
1237,9.434131622314453,7.140435695648193
1238,8.048528671264648,7.14116907119751
1239,9.36686897277832,7.142963886260986
1240,9.552190780639648,7.144905090332031
1241,10.84070110321045,7.147881031036377
1242,8.00423526763916,7.148569583892822
1243,8.675302505493164,7.149796962738037
1244,8.843229293823242,7.151156902313232
1245,8.742703437805176,7.152434825897217
1246,3.5732779502868652,7.149564266204834
1247,11.04682731628418,7.152687072753906
1248,8.262331008911133,7.153575897216797
1249,8.719795227050781,7.154829025268555
1250,7.146711349487305,7.15482234954834
1251,9.527274131774902,7.156717300415039
1252,9.970097541809082,7.158962249755859
1253,9.47414493560791,7.16080904006958
1254,6.35662841796875,7.160167694091797
1255,9.328973770141602,7.161894798278809
1256,9.56187629699707,7.163803577423096
1257,9.866243362426758,7.165952205657959
1258,7.828298568725586,7.166478157043457
1259,8.138468742370605,7.16724967956543
1260,7.790308952331543,7.16774320602417
1261,8.765510559082031,7.169009685516357
1262,8.592884063720703,7.17013692855835
1263,8.907679557800293,7.171511173248291
1264,8.34197998046875,7.172436237335205
1265,5.454679012298584,7.171079635620117
1266,8.182801246643066,7.171877861022949
1267,9.392049789428711,7.173628807067871
1268,8.975677490234375,7.175048828125
1269,9.693957328796387,7.177032470703125
1270,8.025644302368164,7.177699565887451
1271,9.420310974121094,7.179462432861328
1272,11.55627155303955,7.182900905609131
1273,9.43123722076416,7.184666156768799
1274,9.936698913574219,7.186824321746826
1275,7.640384674072266,7.187180042266846
1276,9.119922637939453,7.188693523406982
1277,8.511008262634277,7.189728260040283
1278,9.415895462036133,7.191468715667725
1279,4.821834564208984,7.189618110656738
1280,9.942937850952148,7.191767692565918
1281,10.532246589660645,7.19437313079834
1282,9.08736801147461,7.19584846496582
1283,9.517377853393555,7.197656631469727
1284,9.6566162109375,7.1995697021484375
1285,8.845173835754395,7.2008490562438965
1286,7.709810256958008,7.201244831085205
1287,9.747596740722656,7.203222274780273
1288,9.329861640930176,7.204872131347656
1289,9.224573135375977,7.206437587738037
1290,8.960880279541016,7.207796573638916
1291,9.796293258666992,7.209799766540527
1292,9.11352252960205,7.211272239685059
1293,9.064708709716797,7.212704181671143
1294,9.526350021362305,7.21449089050293
1295,9.210283279418945,7.216030597686768
1296,9.440176010131836,7.217745780944824
1297,7.656741142272949,7.218084335327148
1298,9.418835639953613,7.219778537750244
1299,8.30949878692627,7.220616817474365
1300,7.549240589141846,7.220869064331055
1301,8.066761016845703,7.221518516540527
1302,7.32914924621582,7.2216010093688965
1303,7.196441173553467,7.22158145904541
1304,6.67259407043457,7.221160888671875
1305,5.954830646514893,7.220191478729248
1306,9.09254264831543,7.221624374389648
1307,4.9557342529296875,7.219892501831055
1308,8.075648307800293,7.220545768737793
1309,7.981673240661621,7.221126556396484
1310,8.516486167907715,7.222114562988281
1311,8.762819290161133,7.2232890129089355
1312,7.944938659667969,7.223838806152344
1313,7.261547088623047,7.223867893218994
1314,8.8514404296875,7.225105285644531
1315,9.089435577392578,7.226522445678711
1316,7.032479286193848,7.226375102996826
1317,10.296180725097656,7.22870397567749
1318,9.596426010131836,7.230499267578125
1319,11.290872573852539,7.233575344085693
1320,9.529513359069824,7.2353129386901855
1321,11.282480239868164,7.23837423324585
1322,9.812122344970703,7.240320205688477
1323,9.945528030395508,7.242362976074219
1324,9.631132125854492,7.244165897369385
1325,10.79704475402832,7.24684476852417
1326,8.368853569030762,7.247690677642822
1327,11.461505889892578,7.250864028930664
1328,7.5768303871154785,7.251109600067139
1329,6.897672653198242,7.250843524932861
1330,7.858919143676758,7.251300811767578
1331,8.305513381958008,7.252092361450195
1332,8.83867359161377,7.2532830238342285
1333,8.894241333007812,7.254513263702393
1334,10.807453155517578,7.257174491882324
1335,8.835665702819824,7.25835657119751
1336,11.04748821258545,7.261190891265869
1337,9.646677017211914,7.262973308563232
1338,9.280558586120605,7.264480113983154
1339,8.99673080444336,7.265772819519043
1340,10.322114944458008,7.268052101135254
1341,10.228981018066406,7.27025842666626
1342,9.350944519042969,7.2718071937561035
1343,8.415154457092285,7.272657871246338
1344,6.751447677612305,7.272270202636719
1345,9.874096870422363,7.274202823638916
1346,9.065815925598145,7.2755327224731445
1347,9.721495628356934,7.277347564697266
1348,8.64129638671875,7.278358459472656
1349,8.893054962158203,7.27955436706543
1350,11.175748825073242,7.282438278198242
1351,9.673971176147461,7.284207344055176
1352,9.916991233825684,7.2861528396606445
1353,7.7758283615112305,7.2865142822265625
1354,8.479915618896484,7.287395000457764
1355,10.202878952026367,7.289545059204102
1356,9.161161422729492,7.290924072265625
1357,8.446739196777344,7.291775226593018
1358,7.410717010498047,7.291862964630127
1359,8.804422378540039,7.292975425720215
1360,9.080873489379883,7.2942891120910645
1361,9.105085372924805,7.295619010925293
1362,5.825774192810059,7.294540882110596
1363,7.437921524047852,7.294645309448242
1364,8.963899612426758,7.295868396759033
1365,10.044270515441895,7.297880172729492
1366,8.684194564819336,7.29889440536499
1367,9.256088256835938,7.3003249168396
1368,10.918787002563477,7.302968502044678
1369,7.802798271179199,7.303333282470703
1370,7.178111553192139,7.303241729736328
1371,7.487325668334961,7.303375720977783
1372,6.104578495025635,7.302502632141113
1373,8.475911140441895,7.303356170654297
1374,10.718435287475586,7.305840015411377
1375,8.640603065490723,7.30681037902832
1376,10.408135414123535,7.309062480926514
1377,10.373373985290527,7.311285972595215
1378,10.73246955871582,7.313766956329346
1379,11.052584648132324,7.316476345062256
1380,10.5301513671875,7.318803310394287
1381,9.964146614074707,7.3207173347473145
1382,10.240545272827148,7.32282829284668
1383,11.491097450256348,7.325840473175049
1384,9.701029777526855,7.327555179595947
1385,9.483602523803711,7.329110622406006
1386,8.470598220825195,7.3299336433410645
1387,8.015809059143066,7.330427646636963
1388,8.77515983581543,7.331468105316162
1389,9.644906997680664,7.333132266998291
1390,7.626609802246094,7.333343505859375
1391,9.687625885009766,7.335034370422363
1392,9.689031600952148,7.336724758148193
1393,9.750589370727539,7.338456630706787
1394,7.5380539894104,7.338599681854248
1395,10.057710647583008,7.340547561645508
1396,8.767840385437012,7.341568946838379
1397,9.824758529663086,7.343345642089844
1398,9.595040321350098,7.344954967498779
1399,5.622219085693359,7.343724250793457
1400,6.987555503845215,7.343469619750977
1401,9.705230712890625,7.345154285430908
1402,10.500028610229492,7.347403049468994
1403,8.096217155456543,7.347936630249023
1404,9.703126907348633,7.349612712860107
1405,9.378435134887695,7.351056098937988
1406,9.443021774291992,7.352543354034424
1407,9.05322265625,7.3537516593933105
1408,8.556527137756348,7.354605197906494
1409,9.256708145141602,7.355954170227051
1410,9.150836944580078,7.3572258949279785
1411,9.899970054626465,7.359026908874512
1412,9.183417320251465,7.360318183898926
1413,8.423443794250488,7.36107063293457
1414,8.117851257324219,7.361605644226074
1415,9.097832679748535,7.3628315925598145
1416,8.75156307220459,7.36381196975708
1417,9.418439865112305,7.365260601043701
1418,8.343979835510254,7.365950107574463
1419,6.00462007522583,7.364991664886475
1420,8.420208930969238,7.365734100341797
1421,8.812846183776855,7.366751194000244
1422,6.7717790603637695,7.3663330078125
1423,6.9686079025268555,7.366054058074951
1424,8.74156665802002,7.367018699645996
1425,10.025372505187988,7.36888313293457
1426,10.738276481628418,7.371244430541992
1427,11.84449291229248,7.3743767738342285
1428,8.761449813842773,7.37534761428833
1429,10.64620590209961,7.377635478973389
1430,11.55979061126709,7.380557537078857
1431,11.89207935333252,7.3837080001831055
1432,11.730891227722168,7.3867411613464355
1433,11.360359191894531,7.389512062072754
1434,8.433492660522461,7.390239715576172
1435,14.406234741210938,7.395125389099121
1436,9.724167823791504,7.396746635437012
1437,11.910411834716797,7.399885177612305
1438,13.175381660461426,7.403899192810059
1439,10.856417655944824,7.406296730041504
1440,8.369852066040039,7.406965732574463
1441,10.768598556518555,7.409296989440918
1442,11.286836624145508,7.411983966827393
1443,10.30057430267334,7.413984775543213
1444,7.722372055053711,7.414198398590088
1445,12.925243377685547,7.418009281158447
1446,10.815027236938477,7.4203572273254395
1447,11.659279823303223,7.423284530639648
1448,9.92030143737793,7.425007343292236
1449,10.76634407043457,7.427311897277832
1450,11.070170402526855,7.42982292175293
1451,8.900846481323242,7.430835723876953
1452,10.93833065032959,7.433249473571777
1453,13.025381088256836,7.437095642089844
1454,10.595296859741211,7.439266681671143
1455,12.096829414367676,7.442465305328369
1456,9.709968566894531,7.444021701812744
1457,12.936773300170898,7.447788715362549
1458,8.30797290802002,7.448378086090088
1459,10.777278900146484,7.450658321380615
1460,13.398900032043457,7.454729080200195
1461,9.339668273925781,7.456018447875977
1462,9.962604522705078,7.457732200622559
1463,9.639842987060547,7.459222316741943
1464,9.92371940612793,7.460905075073242
1465,10.320327758789062,7.462855339050293
1466,13.595096588134766,7.467035293579102
1467,9.606372833251953,7.46849250793457
1468,13.736572265625,7.472759246826172
1469,10.428022384643555,7.474769592285156
1470,8.9351806640625,7.475762367248535
1471,10.159418106079102,7.477585315704346
1472,8.598328590393066,7.478346347808838
1473,10.3956937789917,7.480325698852539
1474,9.547515869140625,7.481727123260498
1475,11.104731559753418,7.484181880950928
1476,11.439481735229492,7.4868597984313965
1477,12.22551441192627,7.490066051483154
1478,12.29985237121582,7.4933180809021
1479,11.159380912780762,7.495794773101807
1480,9.2341890335083,7.496968746185303
1481,9.943050384521484,7.498619556427002
1482,9.765791893005371,7.500148296356201
1483,10.718328475952148,7.502316951751709
1484,10.672036170959473,7.504451274871826
1485,12.951277732849121,7.508116722106934
1486,9.340763092041016,7.509349346160889
1487,10.824108123779297,7.511577129364014
1488,12.98072338104248,7.515249729156494
1489,8.736259460449219,7.516069412231445
1490,9.047173500061035,7.517096042633057
1491,9.802684783935547,7.518628120422363
1492,10.662135124206543,7.52073335647583
1493,11.706567764282227,7.52353572845459
1494,10.60818099975586,7.525599002838135
1495,10.993839263916016,7.527917385101318
1496,9.243202209472656,7.5290632247924805
1497,11.056001663208008,7.531417369842529
1498,11.154823303222656,7.533834934234619
1499,10.393512725830078,7.535741329193115
1500,6.370200157165527,7.5349650382995605
1501,10.755075454711914,7.537108898162842
1502,7.872455596923828,7.537331581115723
1503,8.722166061401367,7.538118839263916
1504,12.434623718261719,7.541372299194336
1505,10.148411750793457,7.5431036949157715
1506,11.647643089294434,7.545827388763428
1507,10.067499160766602,7.547499179840088
1508,8.466740608215332,7.5481085777282715
1509,9.23718547821045,7.549227237701416
1510,9.453231811523438,7.550487041473389
1511,8.908180236816406,7.551384925842285
1512,8.567412376403809,7.552056789398193
1513,10.252826690673828,7.553840637207031
1514,10.570629119873047,7.555831432342529
1515,9.238785743713379,7.556941986083984
1516,10.569219589233398,7.5589280128479
1517,9.399516105651855,7.560140132904053
1518,10.418319702148438,7.562021732330322
1519,10.370797157287598,7.563869953155518
1520,8.322867393493652,7.564369201660156
1521,10.033714294433594,7.5659918785095215
1522,11.327757835388184,7.568461894989014
1523,9.955829620361328,7.570028781890869
1524,10.44106674194336,7.571911334991455
1525,12.28142261505127,7.574997425079346
1526,9.705673217773438,7.576393127441406
1527,11.006994247436523,7.578638076782227
1528,10.14694595336914,7.580317497253418
1529,11.197988510131836,7.582682132720947
1530,10.792893409729004,7.584779262542725
1531,11.386909484863281,7.587260723114014
1532,9.146063804626465,7.588277816772461
1533,9.7247953414917,7.589670658111572
1534,10.58401107788086,7.591621398925781
1535,10.798722267150879,7.593709468841553
1536,11.607419967651367,7.596320629119873
1537,9.602231979370117,7.597625255584717
1538,9.954399108886719,7.599156379699707
1539,8.591529846191406,7.599801063537598
1540,11.979530334472656,7.602643013000488
1541,11.61950969696045,7.605247497558594
1542,10.550995826721191,7.607156753540039
1543,10.430242538452148,7.608985424041748
1544,9.811701774597168,7.610411167144775
1545,5.822572231292725,7.609254360198975
1546,11.541004180908203,7.611795902252197
1547,12.210948944091797,7.614767074584961
1548,11.516098976135254,7.617285251617432
1549,10.523219108581543,7.619160175323486
1550,9.298364639282227,7.620243072509766
1551,8.117171287536621,7.620563507080078
1552,10.888962745666504,7.6226677894592285
1553,12.603260040283203,7.62587308883667
1554,10.826900482177734,7.627931594848633
1555,9.985645294189453,7.629446506500244
1556,10.448820114135742,7.6312575340271
1557,9.731523513793945,7.63260555267334
1558,12.604089736938477,7.635794639587402
1559,11.97117805480957,7.63857364654541
1560,11.17892837524414,7.640841484069824
1561,9.902729034423828,7.642289161682129
1562,10.682823181152344,7.644234657287598
1563,11.363519668579102,7.646612167358398
1564,11.202301979064941,7.648884296417236
1565,11.837629318237305,7.651559352874756
1566,10.0050048828125,7.6530609130859375
1567,10.721673965454102,7.655017852783203
1568,9.7681884765625,7.656364917755127
1569,11.655818939208984,7.658912658691406
1570,9.76895523071289,7.6602559089660645
1571,11.143535614013672,7.662471771240234
1572,11.518577575683594,7.664923191070557
1573,10.002900123596191,7.666408538818359
1574,12.783589363098145,7.669657230377197
1575,10.610618591308594,7.671523094177246
1576,12.311006546020508,7.674464702606201
1577,10.520124435424805,7.676268100738525
1578,12.072822570800781,7.679052829742432
1579,10.413289070129395,7.680783271789551
1580,10.900965690612793,7.6828203201293945
1581,8.920184135437012,7.683602333068848
1582,13.544816017150879,7.687304973602295
1583,11.407161712646484,7.689653396606445
1584,13.266603469848633,7.693171977996826
1585,10.371054649353027,7.694860458374023
1586,11.349922180175781,7.6971635818481445
1587,8.79886531829834,7.69785737991333
1588,11.828954696655273,7.7004570960998535
1589,10.149077415466309,7.70199728012085
1590,12.890061378479004,7.705257892608643
1591,10.214832305908203,7.706834316253662
1592,12.47663688659668,7.7098283767700195
1593,11.950225830078125,7.712488651275635
1594,8.819253921508789,7.71318244934082
1595,11.575267791748047,7.715602397918701
1596,11.776066780090332,7.718145370483398
1597,11.265449523925781,7.720365047454834
1598,12.910299301147461,7.723610877990723
1599,12.8331298828125,7.726804256439209
1600,10.605086326599121,7.728602409362793
1601,13.07614517211914,7.731940269470215
1602,12.774679183959961,7.735085964202881
1603,11.476932525634766,7.7374186515808105
1604,12.310754776000977,7.740267753601074
1605,12.283196449279785,7.743096351623535
1606,11.007743835449219,7.745128154754639
1607,8.39012336730957,7.7455291748046875
1608,13.647954940795898,7.749197483062744
1609,10.456027030944824,7.750878810882568
1610,11.32767105102539,7.75309944152832
1611,11.562675476074219,7.755462646484375
1612,11.296534538269043,7.757658004760742
1613,11.90721607208252,7.760229110717773
1614,11.019403457641602,7.762247085571289
1615,11.279376983642578,7.764423847198486
1616,13.167472839355469,7.767764568328857
1617,13.067909240722656,7.771040916442871
1618,12.129146575927734,7.773732662200928
1619,14.520188331604004,7.777897357940674
1620,10.946712493896484,7.779851913452148
1621,14.127138137817383,7.783764839172363
1622,11.909238815307617,7.786306858062744
1623,11.650322914123535,7.788686275482178
1624,13.245616912841797,7.792044639587402
1625,12.569536209106445,7.794982433319092
1626,13.177774429321289,7.798290729522705
1627,12.613412857055664,7.801248550415039
1628,12.714405059814453,7.804265022277832
1629,8.943387985229492,7.8049635887146
1630,11.613913536071777,7.8072991371154785
1631,11.372199058532715,7.809483528137207
1632,10.084833145141602,7.810876846313477
1633,11.991029739379883,7.8134355545043945
1634,11.582322120666504,7.81574010848999
1635,8.341398239135742,7.816061973571777
1636,13.22281265258789,7.819364547729492
1637,12.011805534362793,7.821924209594727
1638,11.134988784790039,7.823945045471191
1639,14.55670166015625,7.82805061340332
1640,11.757802963256836,7.830445289611816
1641,7.966344833374023,7.830528259277344
1642,11.428374290466309,7.832718372344971
1643,13.090171813964844,7.835916042327881
1644,12.822985649108887,7.838947772979736
1645,10.964851379394531,7.840847015380859
1646,6.357168197631836,7.839946269989014
1647,14.415487289428711,7.843935966491699
1648,14.915204048156738,7.84822416305542
1649,7.720751762390137,7.848146915435791
1650,9.510095596313477,7.849153518676758
1651,7.140866279602051,7.848724365234375
1652,9.139378547668457,7.849505424499512
1653,8.495147705078125,7.84989595413208
1654,11.197404861450195,7.8519182205200195
1655,14.034899711608887,7.855652332305908
1656,12.207107543945312,7.858278274536133
1657,11.12568473815918,7.860249042510986
1658,8.531303405761719,7.860653400421143
1659,7.705070972442627,7.860559940338135
1660,11.390279769897461,7.862685203552246
1661,5.268036842346191,7.861123561859131
1662,6.255922794342041,7.860158443450928
1663,11.408905982971191,7.86229133605957
1664,8.43851375579834,7.862637042999268
1665,7.032610893249512,7.862138748168945
1666,11.358805656433105,7.864236354827881
1667,8.513047218322754,7.864624977111816
1668,6.810447692871094,7.863993167877197
1669,7.404237270355225,7.863718032836914
1670,4.466647148132324,7.861685276031494
1671,11.045031547546387,7.863589286804199
1672,10.252551078796387,7.865017414093018
1673,5.016374111175537,7.863315582275391
1674,8.482474327087402,7.863685131072998
1675,9.196050643920898,7.864480495452881
1676,8.485272407531738,7.8648505210876465
1677,6.933106899261475,7.864295482635498
1678,5.661028861999512,7.862983226776123
1679,9.924864768981934,7.864210605621338
1680,8.874567985534668,7.864811897277832
1681,11.887081146240234,7.867203235626221
1682,11.464680671691895,7.869340896606445
1683,15.066718101501465,7.87361478805542
1684,14.096331596374512,7.877307891845703
1685,13.889561653137207,7.880873680114746
1686,13.130472183227539,7.883985996246338
1687,9.951891899108887,7.885210990905762
1688,10.351934432983398,7.886671543121338
1689,13.22214126586914,7.889828205108643
1690,11.202217102050781,7.891787052154541
1691,10.345479011535645,7.893237113952637
1692,15.415416717529297,7.897680282592773
1693,14.34950065612793,7.901488780975342
1694,10.752572059631348,7.903171062469482
1695,11.628904342651367,7.905367851257324
1696,12.049742698669434,7.907810211181641
1697,11.229719161987305,7.90976619720459
1698,12.574943542480469,7.912512302398682
1699,8.702984809875488,7.91297721862793
1700,9.21713924407959,7.91374397277832
1701,7.9563798904418945,7.913768768310547
1702,8.958980560302734,7.914382457733154
1703,6.9831156730651855,7.9138360023498535
1704,8.447867393493652,7.914149761199951
1705,9.228327751159668,7.914919853210449
1706,9.36540699005127,7.915769577026367
1707,8.910682678222656,7.916352272033691
1708,7.097724914550781,7.9158735275268555
1709,9.172211647033691,7.916607856750488
1710,9.451333045959473,7.917504787445068
1711,7.140012741088867,7.917050361633301
1712,9.00055980682373,7.917683124542236
1713,7.141717910766602,7.917230129241943
1714,8.699131965637207,7.917686462402344
1715,5.28090238571167,7.916150093078613
1716,9.650906562805176,7.917160511016846
1717,6.211636066436768,7.916167736053467
1718,6.676156997680664,7.9154462814331055
1719,5.372227668762207,7.913967609405518
1720,-4.4442243576049805,7.906786918640137
1721,9.185724258422852,7.907529354095459
1722,-4.105962753295898,7.900556564331055
1723,12.158805847167969,7.903027057647705
1724,7.822235107421875,7.902979850769043
1725,6.479720115661621,7.90215539932251
1726,12.5848388671875,7.904866695404053
1727,7.192387580871582,7.904454708099365
1728,6.996066570281982,7.903929233551025
1729,9.649476051330566,7.904938220977783
1730,6.0099263191223145,7.903843402862549
1731,9.570357322692871,7.904805660247803
1732,7.349863529205322,7.90448522567749
1733,5.151084899902344,7.902897357940674
1734,7.447805404663086,7.902635097503662
1735,9.368013381958008,7.90347957611084
1736,7.249016761779785,7.903102874755859
1737,7.6649861335754395,7.902965545654297
1738,7.509686470031738,7.902739524841309
1739,7.296426773071289,7.90239143371582
1740,7.2133660316467285,7.9019951820373535
1741,5.144285678863525,7.900412559509277
1742,7.68162202835083,7.90028715133667
1743,6.991705417633057,7.899766445159912
1744,5.543213844299316,7.898415565490723
1745,7.367151260375977,7.898111343383789
1746,7.010977268218994,7.897603511810303
1747,10.1665678024292,7.89890193939209
1748,6.7746992111206055,7.898258686065674
1749,8.052409172058105,7.898346900939941
1750,7.462155818939209,7.898097991943359
1751,7.630503177642822,7.897945404052734
1752,7.110411643981934,7.897496223449707
1753,8.751031875610352,7.897982597351074
1754,9.084691047668457,7.898658752441406
1755,7.781379222869873,7.898591995239258
1756,9.712635040283203,7.899624824523926
1757,9.020931243896484,7.900262355804443
1758,7.593923091888428,7.900087833404541
1759,9.290715217590332,7.900878429412842
1760,10.460704803466797,7.902332305908203
1761,10.135039329528809,7.903599262237549
1762,8.290915489196777,7.903818607330322
1763,8.67205810546875,7.90425443649292
1764,8.554593086242676,7.904622554779053
1765,8.500631332397461,7.904960632324219
1766,7.482882022857666,7.904721260070801
1767,7.8726606369018555,7.904703617095947
1768,7.249370098114014,7.904332637786865
1769,6.869263648986816,7.903748035430908
1770,7.777047634124756,7.903676509857178
1771,7.771858215332031,7.903602123260498
1772,8.801312446594238,7.90410852432251
1773,7.226243495941162,7.903726577758789
1774,9.04101848602295,7.904367446899414
1775,7.282896041870117,7.904017448425293
1776,7.550414085388184,7.903818607330322
1777,8.869405746459961,7.904361724853516
1778,9.545858383178711,7.905284404754639
1779,7.803460121154785,7.905227184295654
1780,7.963056564331055,7.905259609222412
1781,7.818359375,7.905210971832275
1782,8.066608428955078,7.905301570892334
1783,8.713890075683594,7.905754566192627
1784,7.016871452331543,7.905256271362305
1785,7.841089248657227,7.9052205085754395
1786,7.328991413116455,7.904898166656494
1787,6.41602897644043,7.904065132141113
1788,9.397418975830078,7.904900074005127
1789,9.035872459411621,7.905531883239746
1790,9.908608436584473,7.906650066375732
1791,8.117792129516602,7.906768321990967
1792,8.712352752685547,7.907217502593994
1793,8.508971214294434,7.907552719116211
1794,6.4006428718566895,7.906713008880615
1795,7.310405254364014,7.906381130218506
1796,7.983330726623535,7.906424045562744
1797,7.231288909912109,7.90604829788208
1798,8.284177780151367,7.906258583068848
1799,7.970139503479004,7.906293869018555
1800,8.199843406677246,7.90645694732666
1801,7.326069355010986,7.906135082244873
1802,4.960466384887695,7.904501438140869
1803,6.568345546722412,7.90376091003418
1804,6.452085971832275,7.902956962585449
1805,7.569449424743652,7.902771949768066
1806,8.541515350341797,7.903125762939453
1807,7.009727478027344,7.902631759643555
1808,8.445982933044434,7.902932167053223
1809,7.765598297119141,7.902856349945068
1810,8.984219551086426,7.903453350067139
1811,8.027953147888184,7.903522491455078
1812,9.470565795898438,7.9043869972229
1813,8.447101593017578,7.904685974121094
1814,10.315528869628906,7.906014442443848
1815,11.716878890991211,7.9081130027771
1816,11.805150985717773,7.910257339477539
1817,11.138314247131348,7.9120330810546875
1818,11.703973770141602,7.914117813110352
1819,12.073468208312988,7.916402816772461
1820,12.07162094116211,7.918684482574463
1821,11.589242935180664,7.920699119567871
1822,12.87572956085205,7.923417091369629
1823,12.749309539794922,7.926063060760498
1824,12.147025108337402,7.928376197814941
1825,11.403644561767578,7.930278778076172
1826,11.353522300720215,7.93215274810791
1827,12.315149307250977,7.934550762176514
1828,12.240589141845703,7.936904430389404
1829,12.66147518157959,7.939486026763916
1830,12.190560340881348,7.941807746887207
1831,11.941827774047852,7.943991184234619
1832,13.04169750213623,7.94677209854126
1833,11.702163696289062,7.948820114135742
1834,11.405705451965332,7.9507036209106445
1835,11.196842193603516,7.952471733093262
1836,11.32891845703125,7.954309940338135
1837,12.078022956848145,7.9565534591674805
1838,11.850505828857422,7.9586710929870605
1839,12.115484237670898,7.960929870605469
1840,10.849050521850586,7.962498664855957
1841,10.83823013305664,7.964059829711914
1842,12.164718627929688,7.966339111328125
1843,11.144617080688477,7.968062400817871
1844,11.667013168334961,7.970067501068115
1845,11.142197608947754,7.971786022186279
1846,12.109256744384766,7.974026203155518
1847,11.537555694580078,7.975954055786133
1848,11.622140884399414,7.977926254272461
1849,10.617414474487305,7.979352951049805
1850,10.580663681030273,7.980758190155029
1851,11.72470474243164,7.9827799797058105
1852,11.659245491027832,7.984764099121094
1853,9.717713356018066,7.985698699951172
1854,11.628116607666016,7.987662315368652
1855,12.336492538452148,7.9900054931640625
1856,11.146531105041504,7.991705417633057
1857,12.389817237854004,7.994072437286377
1858,11.45307445526123,7.9959330558776855
1859,12.096321105957031,7.998137474060059
1860,12.014829635620117,8.000295639038086
1861,14.427472114562988,8.003747940063477
1862,15.474885940551758,8.007758140563965
1863,14.286828994750977,8.011126518249512
1864,14.011363983154297,8.014344215393066
1865,13.613934516906738,8.017345428466797
1866,14.944610595703125,8.021055221557617
1867,14.636341094970703,8.02459716796875
1868,14.499547958374023,8.028061866760254
1869,14.202499389648438,8.031363487243652
1870,13.753701210021973,8.034421920776367
1871,13.196826934814453,8.037179946899414
1872,13.417567253112793,8.04005241394043
1873,13.011394500732422,8.042705535888672
1874,13.523521423339844,8.045628547668457
1875,13.459587097167969,8.048514366149902
1876,13.658203125,8.05150318145752
1877,13.854283332824707,8.054593086242676
1878,13.871213912963867,8.05768871307373
1879,14.544036865234375,8.061139106750488
1880,14.75847339630127,8.06470012664795
1881,14.961206436157227,8.068364143371582
1882,14.279809951782227,8.071662902832031
1883,13.695001602172852,8.074647903442383
1884,14.393023490905762,8.07800006866455
1885,13.726322174072266,8.080994606018066
1886,14.312315940856934,8.084297180175781
1887,14.291078567504883,8.087584495544434
1888,14.408056259155273,8.090929985046387
1889,14.57286262512207,8.0943603515625
1890,13.686038970947266,8.097317695617676
1891,14.238685607910156,8.100563049316406
1892,14.371806144714355,8.103876113891602
1893,14.035499572753906,8.10700798034668
1894,11.117635726928711,8.108596801757812
1895,13.108600616455078,8.111233711242676
1896,11.509790420532227,8.113024711608887
1897,13.52629280090332,8.115877151489258
1898,13.968589782714844,8.118959426879883
1899,13.900875091552734,8.122001647949219
1900,13.43783950805664,8.124797821044922
1901,13.35785961151123,8.127549171447754
1902,11.991585731506348,8.129579544067383
1903,13.365140914916992,8.132328987121582
1904,14.361658096313477,8.135599136352539
1905,11.258788108825684,8.137237548828125
1906,12.560020446777344,8.139556884765625
1907,11.897069931030273,8.141526222229004
1908,11.37919807434082,8.143221855163574
1909,11.185556411743164,8.144815444946289
1910,11.342564582824707,8.146488189697266
1911,12.471864700317383,8.148750305175781
1912,12.940520286560059,8.15125560760498
1913,11.70080280303955,8.15311050415039
1914,11.392165184020996,8.154801368713379
1915,12.5780029296875,8.157110214233398
1916,12.402669906616211,8.159324645996094
1917,12.416476249694824,8.161543846130371
1918,12.394204139709473,8.163749694824219
1919,12.17245864868164,8.165838241577148
1920,12.362911224365234,8.168023109436035
1921,10.767678260803223,8.1693754196167
1922,12.647875785827637,8.171704292297363
1923,12.386480331420898,8.173894882202148
1924,13.039348602294922,8.176422119140625
1925,12.441699981689453,8.17863655090332
1926,11.81234359741211,8.180522918701172
1927,13.312135696411133,8.183184623718262
1928,11.08444595336914,8.184688568115234
1929,12.602672576904297,8.18697738647461
1930,9.059288024902344,8.187429428100586
1931,11.521424293518066,8.189154624938965
1932,13.811272621154785,8.192063331604004
1933,12.460169792175293,8.194270133972168
1934,14.494232177734375,8.197525978088379
1935,14.216485977172852,8.200634956359863
1936,13.516490936279297,8.20337963104248
1937,14.08090591430664,8.206412315368652
1938,14.120084762573242,8.20946216583252
1939,13.385587692260742,8.212130546569824
1940,14.017210006713867,8.215121269226074
1941,13.671123504638672,8.217930793762207
1942,13.244677543640137,8.220518112182617
1943,13.341431617736816,8.223152160644531
1944,12.782355308532715,8.225496292114258
1945,12.396657943725586,8.227640151977539
1946,13.7465238571167,8.230474472045898
1947,13.048242568969727,8.23294734954834
1948,13.669317245483398,8.235736846923828
1949,13.671697616577148,8.238524436950684
1950,13.88927936553955,8.24142074584961
1951,13.731050491333008,8.244233131408691
1952,12.890067100524902,8.246611595153809
1953,10.624540328979492,8.24782943725586
1954,15.463130950927734,8.251519203186035
1955,15.162796020507812,8.255053520202637
1956,15.929265975952148,8.2589750289917
1957,14.057387351989746,8.26193618774414
1958,14.655555725097656,8.265199661254883
1959,12.085762023925781,8.267148971557617
1960,11.900038719177246,8.269001960754395
1961,13.070708274841309,8.271449089050293
1962,13.112812995910645,8.27391529083252
1963,13.012676239013672,8.276328086853027
1964,13.652585983276367,8.279064178466797
1965,12.397363662719727,8.281159400939941
1966,13.33133316040039,8.283726692199707
1967,12.552714347839355,8.285895347595215
1968,12.506550788879395,8.288039207458496
1969,12.908937454223633,8.290385246276855
1970,12.752714157104492,8.292649269104004
1971,12.59866714477539,8.294833183288574
1972,10.242167472839355,8.295819282531738
1973,13.384799003601074,8.2983980178833
1974,13.390369415283203,8.300975799560547
1975,11.770177841186523,8.30273151397705
1976,10.83389663696289,8.304011344909668
1977,11.473883628845215,8.305614471435547
1978,12.312814712524414,8.307639122009277
1979,11.85837173461914,8.309432029724121
1980,12.775314331054688,8.311686515808105
1981,12.703495025634766,8.313901901245117
1982,12.804878234863281,8.316166877746582
1983,13.22508430480957,8.31864070892334
1984,13.867372512817383,8.321435928344727
1985,11.865913391113281,8.323220252990723
1986,11.859813690185547,8.324999809265137
1987,12.758254051208496,8.327230453491211
1988,13.408780097961426,8.329784393310547
1989,13.869561195373535,8.332568168640137
1990,12.86379337310791,8.334843635559082
1991,12.27130126953125,8.336819648742676
1992,12.883296012878418,8.33910083770752
1993,11.90099811553955,8.340887069702148
1994,13.756604194641113,8.34360122680664
1995,13.323134422302246,8.346095085144043
1996,13.077000617980957,8.348464012145996
1997,14.511091232299805,8.35154914855957
1998,12.278146743774414,8.35351276397705
1999,13.604575157165527,8.356138229370117
2000,12.907276153564453,8.358413696289062
2001,11.012548446655273,8.359739303588867
2002,13.723531723022461,8.36241626739502
2003,8.177469253540039,8.362323760986328
2004,10.180697441101074,8.363231658935547
2005,8.791056632995605,8.363445281982422
2006,7.698885917663574,8.363113403320312
2007,8.24779224395752,8.363056182861328
2008,10.752511978149414,8.364245414733887
2009,9.465843200683594,8.36479377746582
2010,8.2777099609375,8.364750862121582
2011,10.536866188049316,8.365830421447754
2012,9.179977416992188,8.36623477935791
2013,8.729802131652832,8.366415977478027
2014,8.61117172241211,8.366537094116211
2015,9.112360954284668,8.366907119750977
2016,10.07900333404541,8.367755889892578
2017,7.506537437438965,8.367328643798828
2018,7.058532238006592,8.366680145263672
2019,11.051811218261719,8.368010520935059
2020,4.159626483917236,8.365928649902344
2021,8.539895057678223,8.366013526916504
2022,4.855767250061035,8.364278793334961
2023,8.797954559326172,8.364493370056152
2024,10.326848983764648,8.365462303161621
2025,9.87205982208252,8.366205215454102
2026,6.497503280639648,8.365283966064453
2027,12.149593353271484,8.36715030670166
2028,7.888179779052734,8.366913795471191
2029,9.375454902648926,8.367410659790039
2030,5.737094879150391,8.36611557006836
2031,5.548576831817627,8.364728927612305
2032,10.483012199401855,8.36577033996582
2033,9.935608863830566,8.366541862487793
2034,9.263998031616211,8.366983413696289
2035,8.99776554107666,8.367293357849121
2036,6.532288551330566,8.366393089294434
2037,8.01179027557373,8.366218566894531
2038,10.534494400024414,8.367281913757324
2039,8.950786590576172,8.367568969726562
2040,8.084580421447754,8.367429733276367
2041,8.533411026000977,8.367510795593262
2042,8.199182510375977,8.36742877960205
2043,7.786003112792969,8.367143630981445
2044,14.131852149963379,8.369962692260742
2045,7.065904140472412,8.369325637817383
2046,9.088699340820312,8.36967658996582
2047,8.945489883422852,8.36995792388916
2048,6.435959815979004,8.369013786315918
2049,6.995925426483154,8.3683443069458
2050,7.483943939208984,8.367913246154785
2051,7.346164703369141,8.367415428161621
2052,8.059534072875977,8.367264747619629
2053,6.638660907745361,8.366422653198242
2054,7.886722087860107,8.366189956665039
2055,6.79345178604126,8.365424156188965
2056,6.948349475860596,8.36473560333252
2057,3.7301135063171387,8.362483978271484
2058,8.153764724731445,8.362382888793945
2059,8.816250801086426,8.362603187561035
2060,7.106974124908447,8.361994743347168
2061,7.579764366149902,8.361615180969238
2062,8.140605926513672,8.3615083694458
2063,7.666714668273926,8.361170768737793
2064,6.396541118621826,8.360219955444336
2065,8.192502975463867,8.360138893127441
2066,3.7607250213623047,8.35791301727295
2067,7.846086025238037,8.357666015625
2068,9.770403861999512,8.35834789276123
2069,5.834445953369141,8.357128143310547
2070,8.278169631958008,8.35708999633789
2071,7.179282188415527,8.356521606445312
2072,7.5988030433654785,8.356156349182129
2073,6.074672698974609,8.355055809020996
2074,6.498567581176758,8.354161262512207
2075,5.858976364135742,8.352959632873535
2076,2.8539788722991943,8.350312232971191
2077,5.976827144622803,8.349169731140137
2078,4.301636219024658,8.347222328186035
2079,5.9888224601745605,8.346088409423828
2080,7.976858139038086,8.34591007232666
2081,5.137566566467285,8.344368934631348
2082,6.0474162101745605,8.343266487121582
2083,4.8130364418029785,8.341571807861328
2084,6.748912334442139,8.340807914733887
2085,6.5615034103393555,8.339954376220703
2086,7.834592342376709,8.339712142944336
2087,5.071139335632324,8.338146209716797
2088,6.015749931335449,8.337034225463867
2089,6.905999183654785,8.336349487304688
2090,4.943429946899414,8.33472728729248
2091,6.624875068664551,8.33390998840332
2092,5.437602996826172,8.332526206970215
2093,6.471508979797363,8.331636428833008
2094,5.62563419342041,8.330345153808594
2095,9.881609916687012,8.331084251403809
2096,5.269896984100342,8.32962417602539
2097,7.3128252029418945,8.329139709472656
2098,4.830751895904541,8.327472686767578
2099,3.4278388023376465,8.325139045715332
2100,-1.2509490251541138,8.320582389831543
2101,-0.17743417620658875,8.31653881072998
2102,6.9886155128479,8.31590747833252
2103,0.24896210432052612,8.31207275390625
2104,4.854930877685547,8.310430526733398
2105,3.134011745452881,8.30797290802002
2106,0.8879574537277222,8.304451942443848
2107,0.4621906578540802,8.300732612609863
2108,1.5693674087524414,8.297540664672852
2109,-1.0031682252883911,8.293132781982422
2110,1.8844634294509888,8.2900972366333
2111,1.721912145614624,8.2869873046875
2112,1.8284227848052979,8.283930778503418
2113,-0.14843575656414032,8.27994155883789
2114,-0.053739044815301895,8.2760009765625
2115,3.117095470428467,8.273563385009766
2116,3.4962363243103027,8.271306037902832
2117,1.1162443161010742,8.267928123474121
2118,0.5480350255966187,8.264286041259766
2119,0.37380340695381165,8.260563850402832
2120,3.4800992012023926,8.258309364318848
2121,4.105301380157471,8.256352424621582
2122,0.8605912327766418,8.252869606018066
2123,0.6568974256515503,8.249293327331543
2124,1.522468090057373,8.24612808227539
2125,2.8012781143188477,8.243566513061523
2126,-0.22946655750274658,8.239583015441895
2127,2.966575860977173,8.237105369567871
2128,-0.7012038826942444,8.23290729522705
2129,-1.3798832893371582,8.2283935546875
2130,-1.1974519491195679,8.223970413208008
2131,-1.711056113243103,8.219310760498047
2132,-1.6508901119232178,8.214683532714844
2133,0.028892342001199722,8.210847854614258
2134,0.5834838151931763,8.207275390625
2135,1.4500623941421509,8.20411205291748
2136,-0.5769712328910828,8.200002670288086
2137,-0.8848090171813965,8.195754051208496
2138,1.645494818687439,8.1926908493042
2139,0.484007865190506,8.189088821411133
2140,1.3986666202545166,8.185916900634766
2141,-0.1645866334438324,8.182019233703613
2142,-0.9276621341705322,8.177767753601074
2143,0.3755359351634979,8.174128532409668
2144,14.513102531433105,8.177083969116211
2145,13.537227630615234,8.179581642150879
2146,14.394071578979492,8.182476997375488
2147,14.717849731445312,8.185519218444824
2148,14.439355850219727,8.188429832458496
2149,13.796985626220703,8.191038131713867
2150,12.784029006958008,8.1931734085083
2151,13.359258651733398,8.195573806762695
2152,13.325632095336914,8.197957038879395
2153,14.107908248901367,8.200700759887695
2154,13.694940567016602,8.20324993133545
2155,14.130058288574219,8.205999374389648
2156,15.628604888916016,8.209441184997559
2157,13.598682403564453,8.211938858032227
2158,13.939181327819824,8.214591026306152
2159,13.965709686279297,8.217253684997559
2160,13.660248756408691,8.219772338867188
2161,14.396308898925781,8.22262954711914
2162,14.577635765075684,8.225567817687988
2163,13.720593452453613,8.228106498718262
2164,12.22998046875,8.229955673217773
2165,13.121135711669922,8.232213973999023
2166,15.082913398742676,8.235374450683594
2167,14.679218292236328,8.238347053527832
2168,12.588008880615234,8.240352630615234
2169,13.358461380004883,8.242711067199707
2170,12.649521827697754,8.244741439819336
2171,14.620712280273438,8.247676849365234
2172,14.12381362915039,8.250381469726562
2173,12.432084083557129,8.252304077148438
2174,14.04980754852295,8.25497055053711
2175,12.324217796325684,8.256840705871582
2176,14.213172912597656,8.259576797485352
2177,13.352714538574219,8.26191520690918
2178,14.102602005004883,8.264595985412598
2179,14.103389739990234,8.267274856567383
2180,14.43695068359375,8.270103454589844
2181,13.807897567749023,8.272642135620117
2182,14.100898742675781,8.275311470031738
2183,14.245028495788574,8.278044700622559
2184,16.07685661315918,8.28161334991455
2185,14.99360179901123,8.284684181213379
2186,15.472699165344238,8.287971496582031
2187,13.997421264648438,8.290580749511719
2188,13.744898796081543,8.293072700500488
2189,14.288729667663574,8.295809745788574
2190,12.841537475585938,8.297884941101074
2191,13.275711059570312,8.300155639648438
2192,13.585512161254883,8.302565574645996
2193,12.933568000793457,8.30467700958252
2194,14.113927841186523,8.307323455810547
2195,14.099526405334473,8.30996036529541
2196,11.158500671386719,8.311257362365723
2197,12.616290092468262,8.313216209411621
2198,14.141654968261719,8.31586742401123
2199,14.158374786376953,8.318522453308105
2200,15.872200012207031,8.321954727172852
2201,13.464988708496094,8.32429027557373
2202,13.726364135742188,8.326743125915527
2203,14.450756072998047,8.329521179199219
2204,15.190292358398438,8.332633018493652
2205,14.39916706085205,8.335382461547852
2206,13.270734786987305,8.337618827819824
2207,15.369258880615234,8.340803146362305
2208,14.027017593383789,8.343378067016602
2209,15.757009506225586,8.346733093261719
2210,13.292551040649414,8.348969459533691
2211,12.581706047058105,8.350883483886719
2212,11.821268081665039,8.35245132446289
2213,14.928208351135254,8.35542106628418
2214,12.305068016052246,8.35720443725586
2215,15.271221160888672,8.360323905944824
2216,13.67529010772705,8.36272144317627
2217,14.561738014221191,8.365516662597656
2218,14.749550819396973,8.368393898010254
2219,12.354569435119629,8.370190620422363
2220,12.93790340423584,8.372246742248535
2221,-0.7893102169036865,8.368124008178711
2222,1.951303243637085,8.36523723602295
2223,3.3441452980041504,8.3629789352417
2224,1.840296983718872,8.360047340393066
2225,3.801858425140381,8.357999801635742
2226,0.026165766641497612,8.35425853729248
2227,-0.48965898156166077,8.350288391113281
2228,0.7575884461402893,8.346882820129395
2229,4.001062393188477,8.344934463500977
2230,1.2482337951660156,8.341753005981445
2231,-0.3675633668899536,8.337851524353027
2232,1.0029131174087524,8.334566116333008
2233,-0.4045354127883911,8.33065414428711
2234,1.8227458000183105,8.327742576599121
2235,4.64947509765625,8.32609748840332
2236,4.362789630889893,8.324326515197754
2237,5.1935272216796875,8.322927474975586
2238,0.8508442640304565,8.31959056854248
2239,5.3932623863220215,8.318283081054688
2240,1.3478552103042603,8.315173149108887
2241,-0.21953517198562622,8.31136703491211
2242,-1.6670928001403809,8.306917190551758
2243,-5.06992244720459,8.300955772399902
2244,3.526308059692383,8.298829078674316
2245,5.689820289611816,8.297667503356934
2246,3.0921568870544434,8.295350074768066
2247,-2.3355581760406494,8.290620803833008
2248,5.204083442687988,8.2892484664917
2249,1.945291519165039,8.286428451538086
2250,3.531193494796753,8.284316062927246
2251,-0.7835417985916138,8.280289649963379
2252,2.258711814880371,8.277616500854492
2253,7.351992130279541,8.277206420898438
2254,0.162217378616333,8.27360725402832
2255,-3.0248117446899414,8.268598556518555
2256,5.670511245727539,8.267447471618652
2257,-0.7047074437141418,8.263473510742188
2258,1.2455315589904785,8.260367393493652
2259,1.4439688920974731,8.25735092163086
2260,5.980747222900391,8.256343841552734
2261,5.78863525390625,8.255252838134766
2262,3.512770175933838,8.253157615661621
2263,3.586655855178833,8.251096725463867
2264,3.5024185180664062,8.24899959564209
2265,3.0307846069335938,8.246697425842285
2266,4.3894453048706055,8.2449951171875
2267,4.302105903625488,8.243257522583008
2268,2.0787112712860107,8.24053955078125
2269,5.335683822631836,8.23926067352295
2270,-0.257321834564209,8.235518455505371
2271,3.6537206172943115,8.233502388000488
2272,3.6798343658447266,8.231498718261719
2273,0.5088833570480347,8.228103637695312
2274,1.8617737293243408,8.22530460357666
2275,2.8557724952697754,8.222945213317871
2276,2.489387035369873,8.220427513122559
2277,-1.0148823261260986,8.216373443603516
2278,4.006645202636719,8.214526176452637
2279,3.3244941234588623,8.212381362915039
2280,-0.00991476234048605,8.208776473999023
2281,0.2714536190032959,8.20529842376709
2282,1.3453328609466553,8.202293395996094
2283,1.9451439380645752,8.199553489685059
2284,-0.39664578437805176,8.195792198181152
2285,1.8386238813400269,8.193010330200195
2286,0.6569516658782959,8.189715385437012
2287,3.053765296936035,8.187471389770508
2288,0.7073416709899902,8.184203147888184
2289,1.9638973474502563,8.181487083435059
2290,2.1583704948425293,8.178857803344727
2291,-0.05388030782341957,8.175265312194824
2292,6.257237434387207,8.174429893493652
2293,-6.106740951538086,8.168203353881836
2294,-0.7441877126693726,8.16431999206543
2295,2.0839545726776123,8.161672592163086
2296,0.8772324919700623,8.158500671386719
2297,3.3383731842041016,8.156402587890625
2298,0.07152759283781052,8.152886390686035
2299,4.489418983459473,8.151293754577637
2300,-2.835475206375122,8.14651870727539
2301,1.6901289224624634,8.14371395111084
2302,-0.19940638542175293,8.140091896057129
2303,7.000074863433838,8.139596939086914
2304,2.4386250972747803,8.137124061584473
2305,0.9875410199165344,8.134023666381836
2306,-9.440046310424805,8.1264066696167
2307,4.912388801574707,8.12501335144043
2308,8.603921890258789,8.12522029876709
2309,0.8632966876029968,8.122076988220215
2310,3.8839352130889893,8.120243072509766
2311,3.610369920730591,8.118293762207031
2312,4.60167932510376,8.116772651672363
2313,3.7947585582733154,8.11490535736084
2314,-2.7876689434051514,8.110196113586426
2315,-3.7580645084381104,8.105072021484375
2316,-2.1852712631225586,8.100629806518555
2317,1.1780340671539307,8.097643852233887
2318,4.497932434082031,8.096091270446777
2319,2.1231026649475098,8.09351634979248
2320,0.1743456870317459,8.090105056762695
2321,-2.0961971282958984,8.085718154907227
2322,0.729312539100647,8.082551002502441
2323,1.7165424823760986,8.079812049865723
2324,-5.962719440460205,8.073771476745605
2325,-0.4088728427886963,8.070125579833984
2326,3.505568742752075,8.068163871765137
2327,6.413121700286865,8.067453384399414
2328,3.3639395236968994,8.065433502197266
2329,4.965172290802002,8.064103126525879
2330,4.423938751220703,8.062541007995605
2331,6.628305435180664,8.061925888061523
2332,2.724309206008911,8.059638977050781
2333,-6.673002243041992,8.053325653076172
2334,7.048026084899902,8.052895545959473
2335,2.5083236694335938,8.050521850585938
2336,3.278305768966675,8.048480033874512
2337,4.739345550537109,8.047064781188965
2338,0.6022279858589172,8.0438814163208
2339,-2.13034987449646,8.039533615112305
2340,-4.055288791656494,8.034366607666016
2341,-2.188951015472412,8.030001640319824
2342,-5.67073917388916,8.024154663085938
2343,-0.9577503204345703,8.020322799682617
2344,1.7733027935028076,8.017659187316895
2345,1.4103610515594482,8.01484203338623
2346,-1.8413279056549072,8.010643005371094
2347,-3.437690496444702,8.005766868591309
2348,3.6736931800842285,8.003922462463379
2349,9.136523246765137,8.00440502166748
2350,6.313307762145996,8.003684997558594
2351,0.2356339991092682,8.000382423400879
2352,-0.26526761054992676,7.996870040893555
2353,1.748420000076294,7.994215488433838
2354,-2.125471830368042,7.989918231964111
2355,-0.3390357196331024,7.986382961273193
2356,-5.248839378356934,7.980767726898193
2357,0.6056027412414551,7.977640151977539
2358,2.441993474960327,7.975293159484863
2359,1.0300251245498657,7.972350120544434
2360,1.0130606889724731,7.96940279006958
2361,0.30546385049819946,7.966157913208008
2362,4.1299729347229,7.964534759521484
2363,0.7218093276023865,7.961471080780029
2364,-3.272550582885742,7.95672082901001
2365,5.465665340423584,7.955667495727539
2366,-4.1982741355896,7.95053243637085
2367,8.084768295288086,7.950588703155518
2368,1.511315107345581,7.94787073135376
2369,3.4126152992248535,7.945957183837891
2370,-0.7085639238357544,7.9423065185546875
2371,-0.36159300804138184,7.938806056976318
2372,0.36057624220848083,7.935612678527832
2373,2.9663336277008057,7.9335198402404785
2374,3.040909767150879,7.931459903717041
2375,3.29585599899292,7.929508209228516
2376,1.3318512439727783,7.926732540130615
2377,-3.2999536991119385,7.922011375427246
2378,5.756009101867676,7.921100616455078
2379,2.9071366786956787,7.918993949890137
2380,1.987375020980835,7.916502952575684
2381,4.139708518981934,7.914917945861816
2382,2.9215362071990967,7.912822246551514
2383,3.213181495666504,7.910851001739502
2384,0.744880199432373,7.907845973968506
2385,6.806469440460205,7.907384395599365
2386,3.8601386547088623,7.905688762664795
2387,1.3336124420166016,7.902936935424805
2388,2.3820579051971436,7.900626182556152
2389,0.5879548788070679,7.897566318511963
2390,-3.2434656620025635,7.892906665802002
2391,3.4325857162475586,7.891041278839111
2392,8.482074737548828,7.891288757324219
2393,8.421229362487793,7.891510009765625
2394,-1.971704363822937,7.887391567230225
2395,-2.6153218746185303,7.883008003234863
2396,-5.7947893142700195,7.8773016929626465
2397,-1.7876112461090088,7.873271465301514
2398,5.211562633514404,7.872161865234375
2399,2.8955423831939697,7.870088577270508
2400,4.73199987411499,7.868782043457031
2401,3.5173654556274414,7.866970539093018
2402,-3.1106343269348145,7.862401962280273
2403,-6.319340705871582,7.856502056121826
2404,-9.961910247802734,7.849093914031982
2405,-2.705538272857666,7.844707012176514
2406,5.542197227478027,7.843750953674316
2407,1.5189658403396606,7.841124534606934
2408,5.108192443847656,7.83998966217041
2409,-0.1272115707397461,7.836683750152588
2410,4.344944000244141,7.835236072540283
2411,0.9553313851356506,7.832383632659912
2412,-1.6598966121673584,7.828449726104736
2413,0.7001551389694214,7.825496196746826
2414,-1.317373275756836,7.821710586547852
2415,0.76556795835495,7.818790435791016
2416,3.4263899326324463,7.816972732543945
2417,-0.3981037735939026,7.813575267791748
2418,0.9102094769477844,7.810721397399902
2419,0.48247233033180237,7.807693004608154
2420,2.5718584060668945,7.805530548095703
2421,4.755945205688477,7.804271221160889
2422,-1.5675415992736816,7.800403118133545
2423,2.4045567512512207,7.798177242279053
2424,-3.2359209060668945,7.79362678527832
2425,-2.1599035263061523,7.789523601531982
2426,-5.560159206390381,7.784023284912109
2427,-8.410160064697266,7.777353286743164
2428,2.437769889831543,7.775155067443848
2429,0.9580906629562378,7.772349834442139
2430,-1.250511646270752,7.768638610839844
2431,-0.04082944616675377,7.765427589416504
2432,1.615276575088501,7.762899398803711
2433,-4.558234691619873,7.757837295532227
2434,-1.0702250003814697,7.754211902618408
2435,9.181259155273438,7.75479793548584
2436,-1.5708404779434204,7.75097131729126
2437,-0.66773921251297,7.747518062591553
2438,0.31001341342926025,7.744469165802002
2439,-3.446420669555664,7.739881992340088
2440,-3.9472315311431885,7.7350945472717285
2441,4.384617328643799,7.73372220993042
2442,-1.895646333694458,7.729780197143555
2443,2.8889408111572266,7.727799415588379
2444,2.85929012298584,7.725808620452881
2445,-1.6086082458496094,7.721992015838623
2446,6.789219856262207,7.7216105461120605
2447,0.3483876883983612,7.718598365783691
2448,-0.8912186622619629,7.715083122253418
2449,-11.362998962402344,7.707295894622803
2450,-1.5399446487426758,7.703523635864258
2451,4.540205955505371,7.702233791351318
2452,-1.8885128498077393,7.698323726654053
2453,-7.466547012329102,7.69214391708374
2454,-0.9623813629150391,7.6886186599731445
2455,3.98281192779541,7.687109470367432
2456,-0.06382231414318085,7.68395471572876
2457,4.00855016708374,7.682458877563477
2458,-0.2429528683423996,7.67923641204834
2459,-0.7328482866287231,7.675817012786865
2460,-0.4378977119922638,7.672520160675049
2461,-1.2686796188354492,7.668888092041016
2462,4.401968955993652,7.667562007904053
2463,5.232547760009766,7.666573524475098
2464,3.2614076137542725,7.6647868156433105
2465,2.456476926803589,7.662674903869629
2466,-2.8063254356384277,7.658431053161621
2467,0.9874829053878784,7.655728340148926
2468,-1.8863105773925781,7.6518635749816895
2469,5.02223014831543,7.650798797607422
2470,-0.7520485520362854,7.647397994995117
2471,2.2221381664276123,7.645203590393066
2472,1.632571816444397,7.642772197723389
2473,5.348577976226807,7.641844749450684
2474,6.655625343322754,7.641446590423584
2475,0.909453272819519,7.63872766494751
2476,4.561825275421143,7.637485980987549
2477,5.524448871612549,7.636633396148682
2478,6.742895126342773,7.63627290725708
2479,0.660800039768219,7.63346004486084
2480,8.467913627624512,7.633796691894531
2481,1.197568655014038,7.6312031745910645
2482,0.9258087873458862,7.62850284576416
2483,0.3681493401527405,7.625579357147217
2484,-1.5279960632324219,7.621896266937256
2485,-15.775103569030762,7.612484455108643
2486,-0.2739698588848114,7.60931396484375
2487,-5.62457275390625,7.603994369506836
2488,4.439750671386719,7.602723121643066
2489,-3.553356885910034,7.59824275970459
2490,-3.1915431022644043,7.593911647796631
2491,4.859817981719971,7.592813968658447
2492,-0.07856883853673935,7.589737415313721
2493,0.792082667350769,7.587011814117432
2494,-6.069806098937988,7.581538200378418
2495,-1.605938196182251,7.577857494354248
2496,-0.6198927164077759,7.5745744705200195
2497,0.0650811493396759,7.571568012237549
2498,2.5824878215789795,7.569571495056152
2499,11.290907859802246,7.5710601806640625
2500,12.087213516235352,7.572865962982178
2501,5.24749755859375,7.571937084197998
2502,11.953953742980957,7.573687553405762
2503,7.331605434417725,7.5735907554626465
2504,13.258986473083496,7.575860977172852
2505,12.320291519165039,7.577754020690918
2506,9.398979187011719,7.578480243682861
2507,8.6610107421875,7.578911781311035
2508,11.571660041809082,7.580502986907959
2509,7.633204936981201,7.58052396774292
2510,6.608563423156738,7.580137252807617
2511,9.366476058959961,7.580848693847656
2512,10.96567153930664,7.582195281982422
2513,12.28036880493164,7.584064483642578
2514,10.139436721801758,7.585080146789551
2515,8.067084312438965,7.58527135848999
2516,9.919572830200195,7.586198806762695
2517,8.924013137817383,7.586730003356934
2518,8.587080001831055,7.587127685546875
2519,7.161437034606934,7.586958885192871
2520,10.151702880859375,7.587976455688477
2521,10.80126953125,7.589250564575195
2522,7.554089546203613,7.589236736297607
2523,7.904730796813965,7.589361667633057
2524,10.640682220458984,7.590569972991943
2525,9.363519668579102,7.591271877288818
2526,10.646814346313477,7.592480659484863
2527,6.067893028259277,7.5918779373168945
2528,10.477734565734863,7.593019485473633
2529,11.579683303833008,7.594595432281494
2530,8.35964298248291,7.594897270202637
2531,8.828676223754883,7.59538459777832
2532,11.077374458312988,7.59675931930542
2533,9.979647636413574,7.597700119018555
2534,11.920116424560547,7.599405288696289
2535,9.310946464538574,7.6000800132751465
2536,8.532852172851562,7.600447654724121
2537,6.836974620819092,7.600147247314453
2538,13.056737899780273,7.602296352386475
2539,11.449386596679688,7.603810787200928
2540,9.352579116821289,7.604499340057373
2541,9.61417293548584,7.605289936065674
2542,10.950876235961914,7.606605529785156
2543,10.233291625976562,7.607637405395508
2544,9.384099006652832,7.608335971832275
2545,7.938807487487793,7.608466148376465
2546,10.043705940246582,7.609421730041504
2547,9.344016075134277,7.610102653503418
2548,10.517431259155273,7.61124324798584
2549,10.90695858001709,7.612534999847412
2550,11.719255447387695,7.614144802093506
2551,11.806235313415527,7.615787506103516
2552,10.929293632507324,7.617085933685303
2553,11.755465507507324,7.618706226348877
2554,12.643280029296875,7.620672702789307
2555,12.464168548583984,7.622567653656006
2556,8.079704284667969,7.622746467590332
2557,9.868756294250488,7.623624801635742
2558,6.788430213928223,7.623298645019531
2559,10.388907432556152,7.6243791580200195
2560,12.631372451782227,7.626333713531494
2561,8.49167251586914,7.62667179107666
2562,7.488938331604004,7.626617908477783
2563,7.910231590270996,7.626728534698486
2564,8.261029243469238,7.626976013183594
2565,9.345490455627441,7.627645969390869
2566,11.84596061706543,7.629289150238037
2567,11.563301086425781,7.6308207511901855
2568,10.939035415649414,7.632108688354492
2569,13.655651092529297,7.6344523429870605
2570,8.231965065002441,7.634685039520264
2571,11.693260192871094,7.636262893676758
2572,10.563870429992676,7.637401103973389
2573,9.655462265014648,7.638185501098633
2574,11.406655311584473,7.639648914337158
2575,6.983928680419922,7.639394283294678
2576,9.648969650268555,7.64017391204834
2577,10.427184104919434,7.6412553787231445
2578,10.743982315063477,7.642458438873291
2579,8.456747055053711,7.6427741050720215
2580,11.237401962280273,7.644167423248291
2581,12.48313045501709,7.646040916442871
2582,10.460119247436523,7.647130966186523
2583,8.570405006408691,7.647488117218018
2584,6.736929416656494,7.6471357345581055
2585,10.416363716125488,7.6482062339782715
2586,6.085286617279053,7.647602558135986
2587,11.769553184509277,7.649195194244385
2588,9.631828308105469,7.649960517883301
2589,11.664556503295898,7.651510238647461
2590,7.9087090492248535,7.651609420776367
2591,5.609091758728027,7.650821685791016
2592,3.0623676776885986,7.649052143096924
2593,8.31337833404541,7.649307727813721
2594,4.83304500579834,7.648222923278809
2595,6.932913780212402,7.647947788238525
2596,4.171207904815674,7.646609306335449
2597,4.965184211730957,7.6455769538879395
2598,2.726409912109375,7.643684387207031
2599,5.315861225128174,7.642789363861084
2600,4.741206645965576,7.6416730880737305
2601,6.389127731323242,7.6411919593811035
2602,3.1324071884155273,7.639459609985352
2603,5.364509105682373,7.638586521148682
2604,4.685356140136719,7.637452602386475
2605,6.078815937042236,7.63685417175293
2606,5.687582969665527,7.636106491088867
2607,4.7404561042785645,7.63499641418457
2608,4.11713981628418,7.633647918701172
2609,4.6487956047058105,7.632503986358643
2610,-1.0695006847381592,7.629170894622803
2611,5.425326347351074,7.628327369689941
2612,1.9447112083435059,7.626152515411377
2613,3.479463577270508,7.624566078186035
2614,2.705540895462036,7.622684478759766
2615,0.7416242361068726,7.620054244995117
2616,3.5103986263275146,7.618484020233154
2617,0.4051092267036438,7.615728378295898
2618,3.2574214935302734,7.6140642166137695
2619,3.33984637260437,7.612432956695557
2620,2.240060567855835,7.610383033752441
2621,4.790330410003662,7.609307765960693
2622,3.5926673412323,7.607776165008545
2623,4.856686115264893,7.6067280769348145
2624,3.878173828125,7.6053080558776855
2625,2.6871893405914307,7.603435516357422
2626,3.158966064453125,7.601743221282959
2627,3.642667531967163,7.600236415863037
2628,5.305428504943848,7.599363327026367
2629,4.139700889587402,7.598048210144043
2630,3.5036463737487793,7.596492290496826
2631,3.8662731647491455,7.5950751304626465
2632,5.340417861938477,7.594218730926514
2633,4.175691604614258,7.592920780181885
2634,1.3647018671035767,7.59055757522583
2635,4.7928667068481445,7.58949613571167
2636,2.8412082195281982,7.587695598602295
2637,7.007003307342529,7.587475776672363
2638,-0.08055277168750763,7.584570407867432
2639,3.5555670261383057,7.583044052124023
2640,3.041257619857788,7.581324100494385
2641,7.674713611602783,7.581359386444092
2642,2.982719898223877,7.579619407653809
2643,2.541400194168091,7.577713489532471
2644,2.436760902404785,7.575770378112793
2645,2.632537364959717,7.573902130126953
2646,3.5018229484558105,7.57236385345459
2647,4.179589748382568,7.571082592010498
2648,3.2426915168762207,7.569448471069336
2649,1.6038316488265991,7.567196846008301
2650,2.6092543601989746,7.565326690673828
2651,4.614082336425781,7.564213752746582
2652,2.781740665435791,7.562410831451416
2653,6.348995685577393,7.561954021453857
2654,5.289978981018066,7.561098098754883
2655,4.011013031005859,7.5597615242004395
2656,5.862903594970703,7.5591230392456055
2657,5.013247489929199,7.558165550231934
2658,-0.8097344040870667,7.555017948150635
2659,1.7208709716796875,7.5528244972229
2660,3.981499433517456,7.551483154296875
2661,5.05430793762207,7.5505452156066895
2662,4.036543846130371,7.549225807189941
2663,5.332277297973633,7.548393249511719
2664,5.964786529541016,7.547799110412598
2665,3.056771993637085,7.546114444732666
2666,7.774431228637695,7.546200752258301
2667,6.834121227264404,7.545933723449707
2668,5.821843147277832,7.545287609100342
2669,6.992159366607666,7.545080661773682
2670,6.118050575256348,7.544546127319336
2671,4.940882205963135,7.543571949005127
2672,6.768301963806152,7.543281555175781
2673,6.3253679275512695,7.542826175689697
2674,6.562999725341797,7.542459964752197
2675,6.319019317626953,7.542002201080322
2676,6.6024370193481445,7.541651248931885
2677,7.072606086730957,7.541475772857666
2678,12.643479347229004,7.543379783630371
2679,7.37055778503418,7.543315410614014
2680,9.533363342285156,7.544057846069336
2681,6.05654239654541,7.543503284454346
2682,7.279788017272949,7.543404579162598
2683,5.8548760414123535,7.542776107788086
2684,8.36300277709961,7.543081283569336
2685,6.604074954986572,7.542731761932373
2686,6.898872375488281,7.542491912841797
2687,7.390558242797852,7.542435646057129
2688,8.650643348693848,7.542847633361816
2689,7.2007317543029785,7.542720317840576
2690,6.870077133178711,7.5424699783325195
2691,9.4138822555542,7.54316520690918
2692,5.986760139465332,7.5425872802734375
2693,7.088942527770996,7.54241943359375
2694,11.000256538391113,7.543702125549316
2695,9.475885391235352,7.544419288635254
2696,7.794425964355469,7.544511795043945
2697,6.350725173950195,7.544069766998291
2698,6.1451334953308105,7.543551445007324
2699,7.443724632263184,7.543514251708984
2700,7.573991298675537,7.543525695800781
2701,8.392427444458008,7.543839931488037
2702,4.602605819702148,7.542751789093018
2703,7.13424015045166,7.542601108551025
2704,5.8646392822265625,7.541981220245361
2705,8.279929161071777,7.542253494262695
2706,4.820197105407715,7.541247844696045
2707,6.1326003074646,7.540727615356445
2708,4.410552501678467,7.539572238922119
2709,6.105594635009766,7.539042949676514
2710,5.672430992126465,7.538354396820068
2711,7.976987361907959,7.538516044616699
2712,9.136861801147461,7.53910493850708
2713,4.6334662437438965,7.538033962249756
2714,7.251360893249512,7.537928581237793
2715,9.223207473754883,7.538548946380615
2716,6.37391471862793,7.538120269775391
2717,7.802753448486328,7.538217544555664
2718,8.321410179138184,7.538506031036377
2719,4.974994659423828,7.537563323974609
2720,6.771792411804199,7.537281513214111
2721,8.823897361755371,7.537754535675049
2722,8.040643692016602,7.537939071655273
2723,6.214992523193359,7.537453651428223
2724,6.299500942230225,7.536999225616455
2725,8.449713706970215,7.5373334884643555
2726,9.210548400878906,7.537947177886963
2727,6.916871070861816,7.537719249725342
2728,5.41417121887207,7.536941051483154
2729,7.131414890289307,7.536792278289795
2730,5.326526165008545,7.535983085632324
2731,6.368422508239746,7.535555839538574
2732,5.614437103271484,7.534853458404541
2733,5.689577579498291,7.534178256988525
2734,5.785579204559326,7.533538818359375
2735,6.077375411987305,7.53300666809082
2736,6.7595062255859375,7.532724380493164
2737,5.432050704956055,7.531957149505615
2738,7.301865100860596,7.5318732261657715
2739,5.714076042175293,7.531209945678711
2740,6.233104705810547,7.530736446380615
2741,7.171688079833984,7.530605316162109
2742,7.259660720825195,7.530506610870361
2743,6.7682318687438965,7.530228614807129
2744,6.388387680053711,7.529812812805176
2745,6.965708255767822,7.529606819152832
2746,6.3970513343811035,7.529194355010986
2747,6.749520778656006,7.528911113739014
2748,5.974729537963867,7.528345584869385
2749,7.8982648849487305,7.528480052947998
2750,6.443029403686523,7.528085708618164
2751,7.817829132080078,7.528191089630127
2752,5.290922164916992,7.527378559112549
2753,9.843396186828613,7.528219699859619
2754,11.665079116821289,7.529721736907959
2755,11.98334789276123,7.531337261199951
2756,9.465323448181152,7.532038688659668
2757,9.561849594116211,7.532774448394775
2758,10.027912139892578,7.533679008483887
2759,8.103185653686523,7.533885478973389
2760,11.978809356689453,7.535495281219482
2761,10.119452476501465,7.536430358886719
2762,11.100865364074707,7.537720680236816
2763,12.14873218536377,7.539389133453369
2764,8.773209571838379,7.539835453033447
2765,10.463232040405273,7.540892124176025
2766,10.36003303527832,7.541910648345947
2767,8.62277603149414,7.542301177978516
2768,9.120718002319336,7.542871475219727
2769,10.538802146911621,7.543952941894531
2770,9.739482879638672,7.544745445251465
2771,10.840627670288086,7.545934200286865
2772,9.495864868164062,7.546637535095215
2773,9.868673324584961,7.5474748611450195
2774,9.349605560302734,7.548124313354492
2775,11.314054489135742,7.54948091506958
2776,8.998865127563477,7.550002574920654
2777,11.325311660766602,7.551362037658691
2778,9.257593154907227,7.551976203918457
2779,9.908865928649902,7.552823543548584
2780,10.394632339477539,7.553845405578613
2781,8.010648727416992,7.554009437561035
2782,8.9721097946167,7.554519176483154
2783,10.132476806640625,7.555445194244385
2784,11.996219635009766,7.557039737701416
2785,10.404248237609863,7.558061599731445
2786,11.495868682861328,7.559474468231201
2787,11.446039199829102,7.560868263244629
2788,11.416925430297852,7.56225061416626
2789,13.157995223999023,7.564256191253662
2790,12.916089057922363,7.566174030303955
2791,9.800652503967285,7.56697416305542
2792,10.811115264892578,7.568135738372803
2793,9.00808334350586,7.568650722503662
2794,10.207242012023926,7.569594860076904
2795,10.945024490356445,7.570802211761475
2796,10.196331024169922,7.571741104125977
2797,10.437464714050293,7.572765350341797
2798,10.666155815124512,7.573870658874512
2799,10.19609546661377,7.5748066902160645
2800,9.634401321411133,7.575542449951172
2801,9.460350036621094,7.5762152671813965
2802,11.043899536132812,7.577451705932617
2803,11.299705505371094,7.578779220581055
2804,12.002670288085938,7.580356121063232
2805,11.445133209228516,7.581733226776123
2806,12.069759368896484,7.583332538604736
2807,11.871770858764648,7.584859371185303
2808,10.91866397857666,7.586045742034912
2809,11.340330123901367,7.587381839752197
2810,11.631394386291504,7.588820457458496
2811,10.248427391052246,7.589766025543213
2812,10.35299301147461,7.590748310089111
2813,11.576114654541016,7.592164516448975
2814,10.616065979003906,7.593238830566406
2815,10.237520217895508,7.594177722930908
2816,12.80056381225586,7.596026420593262
2817,11.168575286865234,7.597293853759766
2818,9.27415657043457,7.597888469696045
2819,12.21090316772461,7.599524021148682
2820,12.784065246582031,7.6013617515563965
2821,10.870136260986328,7.60252046585083
2822,10.977754592895508,7.6037163734436035
2823,11.745620727539062,7.605183124542236
2824,11.43098258972168,7.606537818908691
2825,10.483621597290039,7.607555866241455
2826,12.089227676391602,7.6091413497924805
2827,13.206433296203613,7.611120700836182
2828,9.881486892700195,7.6119232177734375
2829,12.219685554504395,7.613551139831543
2830,10.429031372070312,7.614545822143555
2831,10.697227478027344,7.615634441375732
2832,10.146294593811035,7.616527557373047
2833,10.83625602722168,7.617663860321045
2834,11.214465141296387,7.618932723999023
2835,11.419166564941406,7.620272636413574
2836,12.114266395568848,7.621857166290283
2837,11.899090766906738,7.623363971710205
2838,11.92263412475586,7.624878406524658
2839,12.108355522155762,7.6264567375183105
2840,12.11448860168457,7.6280364990234375
2841,10.90622329711914,7.629189968109131
2842,11.989346504211426,7.63072395324707
2843,12.457454681396484,7.632421016693115
2844,11.923140525817871,7.633929252624512
2845,10.065651893615723,7.63478422164917
2846,12.437131881713867,7.636471271514893
2847,12.339967727661133,7.63812255859375
2848,13.442258834838867,7.640159606933594
2849,12.468931198120117,7.6418538093566895
2850,11.307767868041992,7.643139839172363
2851,10.957446098327637,7.644301891326904
2852,13.881841659545898,7.646488666534424
2853,12.48990249633789,7.648185729980469
2854,11.491935729980469,7.649531841278076
2855,12.73973560333252,7.651314735412598
2856,12.324228286743164,7.652950286865234
2857,10.896578788757324,7.654085159301758
2858,10.528374671936035,7.655090808868408
2859,11.424337387084961,7.656408309936523
2860,12.61008071899414,7.658139705657959
2861,11.637561798095703,7.659529685974121
2862,11.186131477355957,7.66076135635376
2863,11.55739974975586,7.662121772766113
2864,10.98807430267334,7.66328239440918
2865,12.101701736450195,7.664831161499023
2866,11.943265914916992,7.666323661804199
2867,12.21484088897705,7.667909622192383
2868,12.190994262695312,7.669486045837402
2869,11.666544914245605,7.670878887176514
2870,10.398801803588867,7.671828746795654
2871,1.845076084136963,7.669800281524658
2872,5.523229122161865,7.669053077697754
2873,7.560373306274414,7.669015407562256
2874,6.033768653869629,7.6684465408325195
2875,4.451204299926758,7.667327880859375
2876,7.2141523361206055,7.667170524597168
2877,6.690445423126221,7.6668314933776855
2878,6.92525577545166,7.666574001312256
2879,4.233501434326172,7.665382385253906
2880,7.352910995483398,7.665274143218994
2881,7.60799503326416,7.66525411605835
2882,7.552886486053467,7.665215015411377
2883,7.583540916442871,7.665186882019043
2884,4.453405857086182,7.664073467254639
2885,6.846133232116699,7.663789749145508
2886,5.947598457336426,7.6631951332092285
2887,5.992607116699219,7.662616729736328
2888,6.816592216491699,7.662323474884033
2889,5.087275981903076,7.66143274307251
2890,7.793575286865234,7.661478519439697
2891,6.546489715576172,7.661092758178711
2892,4.188005447387695,7.6598920822143555
2893,7.297958850860596,7.6597676277160645
2894,2.363823652267456,7.657938003540039
2895,4.831648826599121,7.6569623947143555
2896,6.292763710021973,7.656491279602051
2897,7.074302673339844,7.656290531158447
2898,6.453230381011963,7.655875205993652
2899,7.871243476867676,7.655949592590332
2900,5.868833065032959,7.655333518981934
2901,-0.7741499543190002,7.652429103851318
2902,6.825082778930664,7.652143955230713
2903,6.228007793426514,7.65165376663208
2904,5.939526557922363,7.651064395904541
2905,7.171864032745361,7.650899410247803
2906,6.719277381896973,7.65057897567749
2907,6.162046909332275,7.65006685256958
2908,5.755524635314941,7.649415969848633
2909,7.241185188293457,7.649275302886963
2910,4.99837064743042,7.648364543914795
2911,4.2777557373046875,7.647206783294678
2912,7.464285850524902,7.647144317626953
2913,3.831371307373047,7.645834922790527
2914,0.9746341705322266,7.643546104431152
2915,4.746800422668457,7.642552852630615
2916,6.960070610046387,7.642319202423096
2917,5.964083671569824,7.641744136810303
2918,6.795483112335205,7.641454219818115
2919,5.501229286193848,7.640721321105957
2920,6.756254196166992,7.640418529510498
2921,6.876440048217773,7.640157222747803
2922,4.664032936096191,7.639139175415039
2923,5.32845401763916,7.638348579406738
2924,5.788098335266113,7.637716293334961
2925,2.4637813568115234,7.6359477043151855
2926,5.7757182121276855,7.635312080383301
2927,6.111614227294922,7.634791851043701
2928,4.550521373748779,7.6337385177612305
2929,5.205362319946289,7.632909774780273
2930,6.713771343231201,7.632596015930176
2931,5.128874778747559,7.631742000579834
2932,3.5303404331207275,7.630343914031982
2933,4.592321395874023,7.629308223724365
2934,7.218386650085449,7.629168510437012
2935,9.63094425201416,7.629850387573242
2936,5.600362300872803,7.629158973693848
2937,3.552708387374878,7.627771377563477
2938,6.18068265914917,7.627279281616211
2939,6.589810371398926,7.626926422119141
2940,7.193021297454834,7.626779079437256
2941,6.137274742126465,7.626272678375244
2942,3.9616620540618896,7.625027179718018
2943,5.5240020751953125,7.6243133544921875
2944,3.379952907562256,7.622872352600098
2945,4.652800559997559,7.621864318847656
2946,3.9794394969940186,7.6206278800964355
2947,1.336848497390747,7.618495941162109
2948,0.38815245032310486,7.616044521331787
2949,4.967532157897949,7.615146160125732
2950,6.184675693511963,7.614661693572998
2951,-0.8142120838165283,7.611806392669678
2952,3.936702251434326,7.610562324523926
2953,5.315791130065918,7.609785556793213
2954,2.2702510356903076,7.607978343963623
2955,2.5690479278564453,7.606273651123047
2956,4.112935543060303,7.6050920486450195
2957,3.44244122505188,7.60368537902832
2958,4.129406929016113,7.602510929107666
2959,4.147834777832031,7.601344108581543
2960,4.022869110107422,7.600135803222656
2961,3.8093817234039307,7.598855495452881
2962,4.635986804962158,7.597856044769287
2963,2.7426514625549316,7.596217632293701
2964,4.824275493621826,7.595283031463623
2965,5.762677192687988,7.594664573669434
2966,5.413179397583008,7.593929767608643
2967,6.002965450286865,7.593393802642822
2968,4.259180545806885,7.592271327972412
2969,7.6368913650512695,7.592286109924316
2970,3.8142201900482178,7.591014385223389
2971,2.9942216873168945,7.589468002319336
2972,2.1366543769836426,7.5876336097717285
2973,5.029016017913818,7.58677339553833
2974,5.082902908325195,7.585931777954102
2975,3.0207972526550293,7.584397792816162
2976,7.435473918914795,7.584347724914551
2977,2.7267072200775146,7.582716464996338
2978,4.838602066040039,7.5817952156066895
2979,1.3350152969360352,7.579699516296387
2980,3.851952075958252,7.57844877243042
2981,4.143658638000488,7.577297210693359
2982,4.365910053253174,7.576220512390137
2983,4.54203462600708,7.575203895568848
2984,6.208615779876709,7.574746131896973
2985,4.07965612411499,7.573575973510742
2986,2.6133432388305664,7.571915149688721
2987,-1.905656099319458,7.5687432289123535
2988,1.779728889465332,7.566806316375732
2989,6.232211112976074,7.566359996795654
2990,6.25701904296875,7.565922260284424
2991,7.279720783233643,7.565826416015625
2992,-2.446899652481079,7.562480926513672
2993,2.048241138458252,7.560639381408691
2994,3.9329843521118164,7.559428691864014
2995,5.571293354034424,7.558765411376953
2996,1.8300801515579224,7.556853771209717
2997,4.647590637207031,7.555883407592773
2998,6.200332164764404,7.555431842803955
2999,3.614870071411133,7.554118633270264
3000,5.207623481750488,7.5533366203308105
3001,5.059727668762207,7.552505970001221
3002,4.936692237854004,7.551635265350342
3003,4.5748138427734375,7.5506439208984375
3004,2.4635214805603027,7.548951148986816
3005,2.1781716346740723,7.547163963317871
3006,3.0505082607269287,7.545668601989746
3007,4.191258907318115,7.544553756713867
3008,3.8835296630859375,7.543336868286133
3009,4.6230692863464355,7.5423665046691895
3010,4.443421840667725,7.541337490081787
3011,3.697984457015991,7.540060997009277
3012,3.747316837310791,7.538802623748779
3013,4.563955307006836,7.537815570831299
3014,5.14430046081543,7.537022113800049
3015,3.30637264251709,7.535619258880615
3016,2.8417553901672363,7.534063339233398
3017,1.7573847770690918,7.532149314880371
3018,3.2216594219207764,7.530721664428711
3019,2.182847499847412,7.5289506912231445
3020,6.012950420379639,7.528449058532715
3021,4.199121475219727,7.527347564697266
3022,3.668506383895874,7.526071071624756
3023,3.7373523712158203,7.524818420410156
3024,3.3994274139404297,7.5234551429748535
3025,3.1266651153564453,7.522002220153809
3026,3.814199447631836,7.520777225494385
3027,2.8102264404296875,7.519221782684326
3028,3.4630579948425293,7.517882347106934
3029,4.630400657653809,7.516929626464844
3030,5.2401933670043945,7.516178607940674
3031,3.3186891078948975,7.514793872833252
3032,3.752598762512207,7.513553619384766
3033,1.2849528789520264,7.511500358581543
3034,4.4904608726501465,7.510505199432373
3035,4.661036491394043,7.509566307067871
3036,4.240424156188965,7.508489608764648
3037,0.7643529176712036,7.506269454956055
3038,-1.1344733238220215,7.5034260749816895
3039,1.91582453250885,7.501588344573975
3040,2.0415189266204834,7.499792575836182
3041,4.997795104980469,7.498970031738281
3042,4.095975399017334,7.497851848602295
3043,7.394125461578369,7.4978179931640625
3044,2.493025779724121,7.496173858642578
3045,3.9224133491516113,7.49500036239624
3046,2.3264763355255127,7.493304252624512
3047,2.758340835571289,7.491750717163086
3048,2.0533628463745117,7.48996639251709
3049,2.28602933883667,7.488260269165039
3050,1.8265228271484375,7.4864044189453125
3051,6.889771938323975,7.486208915710449
3052,-2.2200658321380615,7.483029842376709
3053,4.6850199699401855,7.482113838195801
3054,3.349191904067993,7.4807610511779785
3055,2.2217326164245605,7.479040145874023
3056,1.831398606300354,7.4771928787231445
3057,1.43526291847229,7.475217342376709
3058,2.6976547241210938,7.473655700683594
3059,-7.628921985626221,7.468719959259033
3060,1.6072306632995605,7.4668049812316895
3061,2.0430784225463867,7.465034008026123
3062,0.9662508964538574,7.462912082672119
3063,2.276740550994873,7.461219787597656
3064,-1.0236821174621582,7.458451747894287
3065,0.9696007966995239,7.456335067749023
3066,3.383270502090454,7.4550065994262695
3067,3.0407164096832275,7.453567981719971
3068,1.6795276403427124,7.451686859130859
3069,3.167426347732544,7.450291156768799
3070,3.6796345710754395,7.449063777923584
3071,1.9238204956054688,7.447265148162842
3072,2.935779094696045,7.445796966552734
3073,3.685906171798706,7.444573402404785
3074,3.285839080810547,7.443221092224121
3075,2.3906562328338623,7.441578388214111
3076,4.189414978027344,7.440521240234375
3077,3.3904001712799072,7.439205646514893
3078,3.169499397277832,7.437819004058838
3079,2.9038162231445312,7.436347007751465
3080,3.6331441402435303,7.435112476348877
3081,3.686227560043335,7.433896064758301
3082,3.07433819770813,7.43248176574707
3083,3.0753540992736816,7.431069374084473
3084,3.4658188819885254,7.429783821105957
3085,2.8619322776794434,7.428303241729736
3086,3.8816893100738525,7.427154064178467
3087,4.45899772644043,7.4261932373046875
3088,4.667315483093262,7.425300121307373
3089,6.507206916809082,7.4250030517578125
3090,4.9705071449279785,7.424209117889404
3091,2.7477688789367676,7.422696590423584
3092,9.359256744384766,7.423323154449463
3093,9.580857276916504,7.424019813537598
3094,10.756866455078125,7.4250969886779785
3095,9.72465705871582,7.425839900970459
3096,8.908805847167969,7.426318645477295
3097,5.3576555252075195,7.425650596618652
3098,8.166844367980957,7.425889492034912
3099,12.477107048034668,7.427518844604492
3100,11.229710578918457,7.428745269775391
3101,7.142762660980225,7.428653240203857
3102,6.741255760192871,7.428431987762451
3103,10.21119499206543,7.429328441619873
3104,11.125848770141602,7.430518627166748
3105,9.88267707824707,7.431307792663574
3106,6.807143211364746,7.431107044219971
3107,9.176492691040039,7.431668281555176
3108,6.024595260620117,7.431215763092041
3109,10.317922592163086,7.4321441650390625
3110,8.800668716430664,7.432584285736084
3111,7.710354328155518,7.432673454284668
3112,8.953470230102539,7.433162212371826
3113,6.9393110275268555,7.4330034255981445
3114,10.472545623779297,7.433979511260986
3115,10.191574096679688,7.434864521026611
3116,7.861378192901611,7.435000896453857
3117,8.920167922973633,7.435477256774902
3118,6.863703727722168,7.435293674468994
3119,10.305765151977539,7.436213970184326
3120,9.802395820617676,7.436972618103027
3121,9.551764488220215,7.437650203704834
3122,8.624956130981445,7.438030242919922
3123,10.587923049926758,7.4390387535095215
3124,6.343585968017578,7.438688278198242
3125,6.793364524841309,7.438481330871582
3126,9.497238159179688,7.439140319824219
3127,6.145387649536133,7.438726425170898
3128,8.323136329650879,7.439008712768555
3129,8.053060531616211,7.439204692840576
3130,7.688259124755859,7.439283847808838
3131,6.614500999450684,7.439021110534668
3132,9.669254302978516,7.439733028411865
3133,9.276140213012695,7.440318584442139
3134,10.071907043457031,7.441158294677734
3135,8.862234115600586,7.441611289978027
3136,9.305389404296875,7.44220495223999
3137,6.848693370819092,7.442016124725342
3138,9.149242401123047,7.442559719085693
3139,7.484198570251465,7.442573070526123
3140,8.806278228759766,7.443007469177246
3141,10.182599067687988,7.443879127502441
3142,10.088932037353516,7.44472074508667
3143,9.605386734008789,7.445408344268799
3144,5.642089366912842,7.4448347091674805
3145,7.922085762023926,7.444986343383789
3146,7.414157390594482,7.444976806640625
3147,8.951312065124512,7.445455074310303
3148,8.241080284118652,7.44570779800415
3149,6.487970352172852,7.445403575897217
3150,9.11716079711914,7.445934295654297
3151,8.240520477294922,7.446186065673828
3152,8.22846794128418,7.446434497833252
3153,7.293997287750244,7.446386337280273
3154,8.723511695861816,7.44679069519043
3155,9.888228416442871,7.447564601898193
3156,10.2417573928833,7.448449611663818
3157,9.069445610046387,7.448963165283203
3158,9.46047592163086,7.4496002197265625
3159,8.296215057373047,7.449868202209473
3160,7.891353607177734,7.450007915496826
3161,9.602618217468262,7.45068883895874
3162,8.004165649414062,7.450863838195801
3163,8.653715133666992,7.451243877410889
3164,8.834644317626953,7.451681137084961
3165,9.132543563842773,7.452211856842041
3166,8.66384506225586,7.452594757080078
3167,10.309723854064941,7.453496932983398
3168,7.658881664276123,7.453561305999756
3169,8.79198932647705,7.453983306884766
3170,10.151338577270508,7.454833507537842
3171,8.325382232666016,7.455108165740967
3172,9.899345397949219,7.455878257751465
3173,9.720165252685547,7.456592082977295
3174,8.470592498779297,7.456911087036133
3175,9.810200691223145,7.457652568817139
3176,-1.517430067062378,7.454827308654785
3177,6.0451202392578125,7.454383850097656
3178,6.470467567443848,7.454074382781982
3179,4.736324787139893,7.453219413757324
3180,-3.7908780574798584,7.4496846199035645
3181,5.263503074645996,7.448997974395752
3182,1.5800867080688477,7.4471540451049805
3183,6.53253173828125,7.446866989135742
3184,4.433638095855713,7.445920944213867
3185,5.7331109046936035,7.445383071899414
3186,3.0089590549468994,7.443991184234619
3187,5.876491546630859,7.443499565124512
3188,3.083590269088745,7.442132472991943
3189,5.4009318351745605,7.441492557525635
3190,4.236922264099121,7.440488338470459
3191,3.7578210830688477,7.439334392547607
3192,4.994008541107178,7.438568592071533
3193,4.743127346038818,7.437724590301514
3194,4.826318740844727,7.436906814575195
3195,8.686235427856445,7.437297821044922
3196,7.166834831237793,7.437212944030762
3197,9.948728561401367,7.437998294830322
3198,6.272685527801514,7.437634468078613
3199,5.338064193725586,7.436978340148926
3200,5.436602592468262,7.43635368347168
3201,5.343888282775879,7.435699939727783
3202,5.882570266723633,7.435214996337891
3203,2.4326791763305664,7.433654308319092
3204,7.057222366333008,7.433536529541016
3205,5.899590969085693,7.433058261871338
3206,4.9938063621521,7.432297706604004
3207,7.082132816314697,7.432188510894775
3208,8.979484558105469,7.432670593261719
3209,5.798839569091797,7.432161331176758
3210,8.219014167785645,7.432406425476074
3211,6.380997657775879,7.432078838348389
3212,6.353414058685303,7.431743144989014
3213,8.777544021606445,7.432161808013916
3214,6.564148902893066,7.431891918182373
3215,7.729631423950195,7.431984901428223
3216,12.9078369140625,7.433687210083008
3217,12.688714981079102,7.4353203773498535
3218,6.280672073364258,7.434961795806885
3219,2.5870704650878906,7.433456897735596
3220,8.147027969360352,7.433678150177002
3221,5.162374973297119,7.4329729080200195
3222,6.959622383117676,7.432826042175293
3223,4.3157124519348145,7.431859493255615
3224,4.610929012298584,7.430984973907471
3225,4.015195846557617,7.429925918579102
3226,1.9435553550720215,7.428225994110107
3227,4.963343620300293,7.427462100982666
3228,5.164280414581299,7.426761150360107
3229,5.108965873718262,7.426043510437012
3230,6.551880359649658,7.425773620605469
3231,8.514004707336426,7.426109790802002
3232,6.548062324523926,7.425838470458984
3233,9.508865356445312,7.426483154296875
3234,5.058140754699707,7.425751209259033
3235,8.347765922546387,7.4260358810424805
3236,4.894590377807617,7.425253868103027
3237,5.473204135894775,7.4246506690979
3238,5.536728858947754,7.424067974090576
3239,2.4924535751342773,7.422545909881592
3240,5.4110107421875,7.421925067901611
3241,4.777046203613281,7.421109199523926
3242,6.545823097229004,7.420839309692383
3243,5.458507537841797,7.420234203338623
3244,0.6722447872161865,7.418154716491699
3245,5.360747337341309,7.417520999908447
3246,2.401683807373047,7.415976524353027
3247,3.4334685802459717,7.414750576019287
3248,5.680902481079102,7.414216995239258
3249,5.994983673095703,7.413780212402344
3250,5.868168830871582,7.413304805755615
3251,8.664987564086914,7.413689613342285
3252,6.186666965484619,7.4133124351501465
3253,6.7264723777771,7.413101673126221
3254,6.227433204650879,7.412736892700195
3255,8.146676063537598,7.412962436676025
3256,11.777206420898438,7.414302349090576
3257,6.7228264808654785,7.414090156555176
3258,11.523629188537598,7.415350914001465
3259,7.2577595710754395,7.415302753448486
3260,6.335140228271484,7.414971828460693
3261,4.361410617828369,7.414035320281982
3262,6.494037628173828,7.413753509521484
3263,7.103071212768555,7.413658618927002
3264,8.619186401367188,7.414027690887451
3265,6.659330368041992,7.413796901702881
3266,9.066997528076172,7.414302825927734
3267,7.215939521789551,7.414242267608643
3268,1.4297586679458618,7.412411689758301
3269,7.0825934410095215,7.412310600280762
3270,7.07243537902832,7.412206649780273
3271,7.920072078704834,7.412362098693848
3272,7.715768814086914,7.412454128265381
3273,6.963314056396484,7.412316799163818
3274,7.905501365661621,7.412467956542969
3275,6.5298171043396,7.412198066711426
3276,7.513655662536621,7.412229061126709
3277,6.659497261047363,7.411999702453613
3278,5.328976631164551,7.4113640785217285
3279,8.428937911987305,7.411674499511719
3280,7.430238723754883,7.411680221557617
3281,5.715580463409424,7.411163330078125
3282,5.612320899963379,7.41061544418335
3283,7.042294502258301,7.410503387451172
3284,8.005964279174805,7.410684585571289
3285,7.088816165924072,7.410586357116699
3286,8.737089157104492,7.410989761352539
3287,7.266731262207031,7.410946369171143
3288,7.498522758483887,7.410972595214844
3289,7.155696868896484,7.410895347595215
3290,4.273622989654541,7.409942150115967
3291,7.332220554351807,7.409918308258057
3292,7.258687973022461,7.409872055053711
3293,5.776743412017822,7.409376621246338
3294,6.869418621063232,7.409212589263916
3295,6.433806419372559,7.408916473388672
3296,4.060225486755371,7.407900810241699
3297,6.77060079574585,7.407708168029785
3298,10.211935997009277,7.408558368682861
3299,3.5283093452453613,7.407382011413574
3300,8.731524467468262,7.407783508300781
3301,4.933477401733398,7.407034397125244
3302,8.612988471984863,7.407399654388428
3303,7.742433547973633,7.407500743865967
3304,5.717449188232422,7.406989097595215
3305,5.5841827392578125,7.406437873840332
3306,5.697170257568359,7.40592098236084
3307,7.318480014801025,7.405894756317139
3308,6.854773044586182,7.405728340148926
3309,5.472262382507324,7.405144214630127
3310,7.499067306518555,7.405172824859619
3311,8.056267738342285,7.405369758605957
3312,3.692160129547119,7.4042487144470215
3313,4.760205268859863,7.4034504890441895
3314,1.3162155151367188,7.401614189147949
3315,4.862841606140137,7.400848865509033
3316,2.4324707984924316,7.399350643157959
3317,1.6286065578460693,7.397611618041992
3318,1.717766284942627,7.395900249481201
3319,2.756932020187378,7.394503116607666
3320,2.885909080505371,7.393145561218262
3321,4.351253986358643,7.392230033874512
3322,1.9695907831192017,7.390597820281982
3323,4.048736095428467,7.38959264755249
3324,9.00844669342041,7.390079498291016
3325,4.829523086547852,7.389309406280518
3326,3.919663429260254,7.3882670402526855
3327,7.497286319732666,7.388299942016602
3328,7.576851844787598,7.3883562088012695
3329,3.654143810272217,7.387234687805176
3330,3.5116333961486816,7.38607120513916
3331,3.401167631149292,7.384875297546387
3332,3.598465919494629,7.383738994598389
3333,6.811767101287842,7.383567810058594
3334,1.5640031099319458,7.38182258605957
3335,5.7637619972229,7.381337642669678
3336,3.980056047439575,7.380318641662598
3337,3.841691493988037,7.379258632659912
3338,2.878967523574829,7.377910614013672
3339,6.079587936401367,7.377521991729736
3340,5.080819129943848,7.376834392547607
3341,1.7953072786331177,7.375164031982422
3342,-4.0808939933776855,7.371737480163574
3343,2.367175817489624,7.370241165161133
3344,5.189070224761963,7.369588851928711
3345,0.09824517369270325,7.367415904998779
3346,5.31935453414917,7.366804122924805
3347,2.1324052810668945,7.365240573883057
3348,5.851571083068848,7.364789009094238
3349,3.693321704864502,7.363692760467529
3350,7.576437950134277,7.36375617980957
3351,3.5609235763549805,7.362621784210205
3352,3.800600051879883,7.3615593910217285
3353,5.224781036376953,7.360922336578369
3354,6.276333332061768,7.360598564147949
3355,8.041891098022461,7.3608012199401855
3356,7.8656487464904785,7.360951900482178
3357,6.025275230407715,7.360553741455078
3358,4.578136444091797,7.359725475311279
3359,0.8271551132202148,7.357781887054443
3360,3.8422555923461914,7.356735706329346
3361,4.92352294921875,7.356011867523193
3362,7.073812007904053,7.35592794418335
3363,2.5144708156585693,7.354488849639893
3364,4.983767509460449,7.353784561157227
3365,3.826871156692505,7.352736473083496
3366,4.628613471984863,7.351927280426025
3367,5.812070369720459,7.351470470428467
3368,4.012500762939453,7.3504791259765625
3369,4.566327095031738,7.3496527671813965
3370,9.17136287689209,7.350193500518799
3371,4.759928226470947,7.349425315856934
3372,1.0784519910812378,7.3475661277771
3373,4.507823944091797,7.346724033355713
3374,6.361056327819824,7.346432209014893
3375,-1.0937427282333374,7.343932151794434
3376,-1.3214945793151855,7.341365814208984
3377,11.551384925842285,7.342612266540527
3378,5.30808687210083,7.342010021209717
3379,2.7857184410095215,7.340662002563477
3380,4.127724647521973,7.339711666107178
3381,1.6938343048095703,7.33804178237915
3382,6.55340576171875,7.3378095626831055
3383,2.300424814224243,7.3363213539123535
3384,6.883527755737305,7.336187362670898
3385,5.076093673706055,7.335519790649414
3386,-1.627413034439087,7.332873821258545
3387,4.8296732902526855,7.332135200500488
3388,8.738774299621582,7.332550048828125
3389,6.316886901855469,7.332250118255615
3390,8.63900089263916,7.332635402679443
3391,8.384407043457031,7.332945823669434
3392,7.775796890258789,7.333076000213623
3393,7.245321273803711,7.33305025100708
3394,7.27571964263916,7.333033561706543
3395,7.221345901489258,7.333000183105469
3396,8.501588821411133,7.333344459533691
3397,7.123224258422852,7.333282470703125
3398,7.5940728187561035,7.333359241485596
3399,7.650202751159668,7.333452224731445
3400,7.671738624572754,7.33355188369751
3401,9.277563095092773,7.334123134613037
3402,8.278218269348145,7.334400653839111
3403,6.727591037750244,7.334222316741943
3404,12.078075408935547,7.335615634918213
3405,7.086794853210449,7.33554220199585
3406,8.858746528625488,7.335989475250244
3407,8.116517066955566,7.33621883392334
3408,9.274636268615723,7.336787700653076
3409,9.526777267456055,7.337430000305176
3410,8.301337242126465,7.33771276473999
3411,7.991830825805664,7.337904453277588
3412,8.033273696899414,7.338108062744141
3413,7.403202056884766,7.338127136230469
3414,8.187545776367188,7.338375568389893
3415,10.764927864074707,7.339378833770752
3416,9.104698181152344,7.339895725250244
3417,8.008137702941895,7.340091228485107
3418,10.814038276672363,7.341107368469238
3419,9.002297401428223,7.341592788696289
3420,11.33729362487793,7.342761039733887
3421,6.725109100341797,7.342580318450928
3422,7.591506004333496,7.342653274536133
3423,7.553982257843018,7.342715263366699
3424,6.846224784851074,7.3425703048706055
3425,7.658873081207275,7.342662334442139
3426,9.132125854492188,7.343184471130371
3427,8.749643325805664,7.343595027923584
3428,10.079225540161133,7.344393253326416
3429,8.655116081237793,7.344775199890137
3430,6.24099063873291,7.344452857971191
3431,7.85586404800415,7.344602108001709
3432,8.268241882324219,7.344870567321777
3433,7.076571464538574,7.344792366027832
3434,8.1975736618042,7.345040798187256
3435,8.359871864318848,7.345335960388184
3436,9.095059394836426,7.3458452224731445
3437,7.921710968017578,7.346012592315674
3438,11.018152236938477,7.347080230712891
3439,11.142935752868652,7.348183631896973
3440,5.757800102233887,7.347721576690674
3441,9.383537292480469,7.348312854766846
3442,7.561560153961182,7.348374843597412
3443,9.635566711425781,7.349039077758789
3444,9.839256286621094,7.349761962890625
3445,7.329922199249268,7.349756240844727
3446,7.902095794677734,7.349916458129883
3447,9.381573677062988,7.350505352020264
3448,6.739802360534668,7.35032844543457
3449,9.004695892333984,7.3508076667785645
3450,7.350188255310059,7.3508076667785645
3451,10.20500659942627,7.351634502410889
3452,8.07642936706543,7.351844310760498
3453,9.61684799194336,7.352499961853027
3454,8.473526000976562,7.3528242111206055
3455,9.280145645141602,7.353381633758545
3456,7.714905261993408,7.353486061096191
3457,6.467573642730713,7.353229999542236
3458,5.414987564086914,7.3526692390441895
3459,6.6413187980651855,7.352463245391846
3460,8.492783546447754,7.352792739868164
3461,8.688440322875977,7.353178024291992
3462,7.115159511566162,7.353109359741211
3463,9.600436210632324,7.353757858276367
3464,6.437849998474121,7.353493690490723
3465,8.37451457977295,7.353788375854492
3466,5.141125202178955,7.353149890899658
3467,8.699034690856934,7.3535380363464355
3468,7.946569442749023,7.3537092208862305
3469,10.165610313415527,7.354519844055176
3470,6.518280506134033,7.354278564453125
3471,5.228751182556152,7.353666305541992
3472,9.289910316467285,7.354223728179932
3473,8.257564544677734,7.354483604431152
3474,7.995508193969727,7.354668617248535
3475,7.51953125,7.354715824127197
3476,7.183606147766113,7.354666709899902
3477,7.964205265045166,7.354842185974121
3478,8.320544242858887,7.355119705200195
3479,8.968242645263672,7.355583190917969
3480,7.410740852355957,7.3555989265441895
3481,7.926154613494873,7.355762481689453
3482,4.786826133728027,7.355025291442871
3483,10.470585823059082,7.355919361114502
3484,7.621163845062256,7.3559956550598145
3485,6.026043891906738,7.355613708496094
3486,8.082980155944824,7.3558220863342285
3487,9.836738586425781,7.356533050537109
3488,9.404488563537598,7.357120037078857
3489,10.283223152160645,7.357958793640137
3490,8.164435386657715,7.358189582824707
3491,7.499918460845947,7.358230113983154
3492,6.872820854187012,7.358091354370117
3493,6.144561767578125,7.357743740081787
3494,7.739382743835449,7.357853412628174
3495,9.117993354797363,7.358356475830078
3496,10.307756423950195,7.3592000007629395
3497,6.853845119476318,7.359055519104004
3498,7.321138858795166,7.359044551849365
3499,7.841511249542236,7.359182357788086
3500,7.610530853271484,7.359254360198975
3501,7.682318687438965,7.359346389770508
3502,7.777983665466309,7.359466075897217
3503,7.759465217590332,7.359580039978027
3504,9.990647315979004,7.360330581665039
3505,11.064438819885254,7.361387252807617
3506,7.860793113708496,7.36152982711792
3507,8.854619979858398,7.361955642700195
3508,6.884772777557373,7.361819744110107
3509,6.390125274658203,7.361542701721191
3510,5.932476997375488,7.361135482788086
3511,8.323389053344727,7.361409664154053
3512,8.502243995666504,7.361734390258789
3513,6.677706241607666,7.361539840698242
3514,8.588035583496094,7.361888885498047
3515,8.868380546569824,7.3623175621032715
3516,6.88233757019043,7.362181186676025
3517,7.165125846862793,7.362125396728516
3518,8.50908088684082,7.362451553344727
3519,10.11160945892334,7.363232612609863
3520,6.028077125549316,7.362853050231934
3521,8.689973831176758,7.363229751586914
3522,9.325654029846191,7.363786697387695
3523,7.577267169952393,7.363847732543945
3524,10.013203620910645,7.364599227905273
3525,6.707921981811523,7.364412784576416
3526,7.752424240112305,7.364522933959961
3527,6.634641170501709,7.364315986633301
3528,6.804142951965332,7.364157199859619
3529,7.836263656616211,7.364291191101074
3530,8.192437171936035,7.36452579498291
3531,7.266544342041016,7.364497661590576
3532,6.055488586425781,7.364127159118652
3533,5.685112476348877,7.363652229309082
3534,6.930498123168945,7.363529205322266
3535,6.065304279327393,7.363162040710449
3536,7.648773193359375,7.3632426261901855
3537,6.214763641357422,7.362917900085449
3538,6.426156997680664,7.3626532554626465
3539,7.3920578956604,7.362661838531494
3540,8.000243186950684,7.362841606140137
3541,6.17539644241333,7.36250638961792
3542,6.608456611633301,7.362293720245361
3543,6.343375205993652,7.362006664276123
3544,6.392693519592285,7.3617329597473145
3545,5.500154972076416,7.361207962036133
3546,6.178603172302246,7.360874176025391
3547,7.114717960357666,7.360805034637451
3548,8.787405014038086,7.361207008361816
3549,6.113241195678711,7.360855579376221
3550,6.137517929077148,7.36051082611084
3551,6.639789581298828,7.3603081703186035
3552,6.384842395782471,7.3600335121154785
3553,6.875946998596191,7.359897136688232
3554,4.970207691192627,7.359224796295166
3555,7.320171356201172,7.3592143058776855
3556,4.469600677490234,7.358401298522949
3557,7.076942443847656,7.3583221435546875
3558,8.195840835571289,7.358557224273682
3559,8.958183288574219,7.359006881713867
3560,8.072711944580078,7.3592071533203125
3561,7.566134929656982,7.359265327453613
3562,8.529403686523438,7.359593868255615
3563,7.798370838165283,7.359716892242432
3564,6.074895858764648,7.35935640335083
3565,7.649020195007324,7.359437465667725
3566,8.16135025024414,7.3596625328063965
3567,7.572869777679443,7.359722137451172
3568,7.8661298751831055,7.359863758087158
3569,7.898526191711426,7.36001443862915
3570,5.805812835693359,7.359579563140869
3571,7.856931686401367,7.3597187995910645
3572,9.388616561889648,7.360286712646484
3573,7.049043655395508,7.360199451446533
3574,5.098912239074707,7.359567165374756
3575,8.081835746765137,7.359769344329834
3576,5.221490859985352,7.359171390533447
3577,7.823000431060791,7.35930061340332
3578,7.039634704589844,7.359211444854736
3579,6.492538928985596,7.358969211578369
3580,7.26700496673584,7.358943462371826
3581,7.578184604644775,7.359004974365234
3582,6.408412456512451,7.358739376068115
3583,9.423502922058105,7.359315395355225
3584,8.082721710205078,7.3595170974731445
3585,3.935600519180298,7.358562469482422
3586,6.1764044761657715,7.358232498168945
3587,5.262075424194336,7.3576483726501465
3588,7.318533897399902,7.357637405395508
3589,9.453492164611816,7.358221054077148
3590,6.184462547302246,7.357893943786621
3591,7.73859977722168,7.357999801635742
3592,6.650341987609863,7.357802867889404
3593,6.965574264526367,7.357693672180176
3594,7.495267868041992,7.35773229598999
3595,6.724340438842773,7.357555866241455
3596,6.737401008605957,7.357383728027344
3597,6.258949279785156,7.357079029083252
3598,8.876343727111816,7.357501029968262
3599,7.713413238525391,7.35759973526001
3600,-3.157470703125,7.354679584503174
3601,-3.439699411392212,7.351682662963867
3602,-1.642067551612854,7.349186420440674
3603,-9.628589630126953,7.344475746154785
3604,-19.255416870117188,7.337096691131592
3605,-5.697293281555176,7.333482265472412
3606,-15.111346244812012,7.327259540557861
3607,-6.500049591064453,7.323427200317383
3608,-5.302131175994873,7.3199286460876465
3609,-10.426532745361328,7.3150129318237305
3610,-16.75299072265625,7.308347702026367
3611,-10.692554473876953,7.303363800048828
3612,-6.9627275466918945,7.299415111541748
3613,-5.795951843261719,7.2957916259765625
3614,-9.159802436828613,7.291239261627197
3615,-12.21615219116211,7.285844326019287
3616,-10.104918479919434,7.281036376953125
3617,-15.374971389770508,7.274774074554443
3618,-8.655105590820312,7.27037239074707
3619,-7.29409122467041,7.266348838806152
3620,-10.052013397216797,7.261566162109375
3621,-5.874660491943359,7.257939338684082
3622,-7.603940486907959,7.2538371086120605
3623,-7.428071022033691,7.249785900115967
3624,-5.029719352722168,7.24639892578125
3625,-6.787998676300049,7.242528438568115
3626,-10.555416107177734,7.237621784210205
3627,-3.9608092308044434,7.234534740447998
3628,-6.14396333694458,7.23084831237793
3629,-0.05450596660375595,7.228841304779053
3630,-13.892751693725586,7.223024368286133
3631,-3.442937135696411,7.22008752822876
3632,-8.090988159179688,7.215872764587402
3633,-8.170039176940918,7.211638927459717
3634,-2.814197301864624,7.20888090133667
3635,-9.513757705688477,7.204281330108643
3636,-5.692458152770996,7.200735092163086
3637,-12.117881774902344,7.195425033569336
3638,-13.501471519470215,7.189737796783447
3639,-10.014961242675781,7.18501091003418
3640,0.3805657923221588,7.183142185211182
3641,-2.735344409942627,7.180418968200684
3642,-6.941630840301514,7.17654275894165
3643,-4.6754045486450195,7.173289775848389
3644,-4.976204872131348,7.169956684112549
3645,0.01759214699268341,7.167994976043701
3646,-2.6698758602142334,7.165297508239746
3647,-1.113713026046753,7.163028240203857
3648,-4.778064727783203,7.159755706787109
3649,-10.364984512329102,7.154954433441162
3650,-8.941520690917969,7.150545597076416
3651,-10.1558256149292,7.145806789398193
3652,-4.405399322509766,7.14264440536499
3653,-4.1354451179504395,7.1395583152771
3654,-12.064018249511719,7.134304046630859
3655,-10.993032455444336,7.129345893859863
3656,-5.000271320343018,7.126029014587402
3657,-7.8234477043151855,7.121942043304443
3658,-2.035001516342163,7.119439601898193
3659,15.578328132629395,7.121750831604004
3660,10.061872482299805,7.122553825378418
3661,13.367289543151855,7.124258995056152
3662,13.323880195617676,7.125951766967773
3663,13.206655502319336,7.1276116371154785
3664,15.670037269592285,7.129942417144775
3665,12.205394744873047,7.131326675415039
3666,11.409690856933594,7.132493495941162
3667,16.145471572875977,7.134950160980225
3668,12.451578140258789,7.136399269104004
3669,13.032508850097656,7.138006210327148
3670,9.879895210266113,7.138753414154053
3671,10.141044616699219,7.139570713043213
3672,10.06667709350586,7.14036750793457
3673,13.764554977416992,7.142170429229736
3674,13.583354949951172,7.143923282623291
3675,13.488020896911621,7.145648956298828
3676,12.466758728027344,7.147096157073975
3677,12.865697860717773,7.148651123046875
3678,12.496161460876465,7.150104522705078
3679,12.134002685546875,7.151459217071533
3680,10.505077362060547,7.152370452880859
3681,12.996550559997559,7.153957366943359
3682,10.39857006072998,7.1548380851745605
3683,13.51008415222168,7.1565632820129395
3684,12.100724220275879,7.157905101776123
3685,13.922624588012695,7.159740447998047
3686,11.309432983398438,7.160865783691406
3687,12.227287292480469,7.162239074707031
3688,12.370915412902832,7.163650989532471
3689,12.15756893157959,7.165004730224609
3690,13.245439529418945,7.166652202606201
3691,11.354390144348145,7.167786121368408
3692,12.400254249572754,7.169203281402588
3693,11.818108558654785,7.170461654663086
3694,12.501655578613281,7.171904563903809
3695,11.562166213989258,7.173092365264893
3696,11.806483268737793,7.174345970153809
3697,12.608136177062988,7.175815105438232
3698,11.488605499267578,7.176980972290039
3699,12.607271194458008,7.178448677062988
3700,12.708349227905273,7.179943084716797
3701,10.964689254760742,7.180965423583984
3702,11.329044342041016,7.182085037231445
3703,15.955930709838867,7.184453964233398
3704,10.993074417114258,7.185481548309326
3705,12.378700256347656,7.186882972717285
3706,12.299747467041016,7.188261985778809
3707,14.354866981506348,7.190194606781006
3708,15.803543090820312,7.192516803741455
3709,10.955486297607422,7.193531036376953
3710,11.52504825592041,7.194698333740234
3711,11.379077911376953,7.195825576782227
3712,13.865675926208496,7.197621822357178
3713,14.053739547729492,7.19946813583374
3714,13.729776382446289,7.201226234436035
3715,15.247451782226562,7.2033915519714355
3716,13.877645492553711,7.20518684387207
3717,13.877219200134277,7.206981182098389
3718,12.862692832946777,7.208502292633057
3719,11.911590576171875,7.209766864776611
3720,14.948694229125977,7.211846828460693
3721,12.541414260864258,7.213278293609619
3722,12.050252914428711,7.214577674865723
3723,12.219277381896973,7.215921401977539
3724,9.933270454406738,7.21665096282959
3725,11.43714714050293,7.2177839279174805
3726,11.194433212280273,7.218851089477539
3727,10.432889938354492,7.2197136878967285
3728,11.232641220092773,7.220789432525635
3729,9.47472095489502,7.221393585205078
3730,13.535749435424805,7.223085880279541
3731,11.539336204528809,7.224242687225342
3732,9.749120712280273,7.224919319152832
3733,11.58698844909668,7.22608757019043
3734,12.188962936401367,7.227416515350342
3735,11.533767700195312,7.228569030761719
3736,11.308177947998047,7.229660511016846
3737,10.429031372070312,7.2305169105529785
3738,11.674628257751465,7.231705188751221
3739,11.5565185546875,7.232861518859863
3740,10.247899055480957,7.233667373657227
3741,7.832879066467285,7.233827590942383
3742,10.9589204788208,7.234822750091553
3743,11.703351974487305,7.236016273498535
3744,9.179275512695312,7.23653507232666
3745,8.1644287109375,7.236782550811768
3746,9.954422950744629,7.237508296966553
3747,7.323302268981934,7.2375311851501465
3748,11.037010192871094,7.238544940948486
3749,10.574273109436035,7.239434242248535
3750,12.11665153503418,7.240734577178955
3751,7.311506271362305,7.240753173828125
3752,9.083402633666992,7.241244316101074
3753,10.087926864624023,7.242002964019775
3754,10.388336181640625,7.242840766906738
3755,11.672568321228027,7.244019985198975
3756,13.035764694213867,7.245561599731445
3757,12.607193946838379,7.246988296508789
3758,11.402731895446777,7.248093605041504
3759,10.751662254333496,7.249025344848633
3760,13.227394104003906,7.250614643096924
3761,11.382704734802246,7.251713275909424
3762,12.098344802856445,7.2530012130737305
3763,12.281800270080566,7.254336833953857
3764,13.886283874511719,7.256098747253418
3765,9.40990161895752,7.2566704750061035
3766,11.749553680419922,7.257863521575928
3767,10.853401184082031,7.258817672729492
3768,11.386643409729004,7.259912967681885
3769,12.603513717651367,7.2613301277160645
3770,13.296636581420898,7.262930870056152
3771,9.35357666015625,7.263484954833984
3772,12.625240325927734,7.26490592956543
3773,13.795456886291504,7.266636371612549
3774,11.357270240783691,7.267719745635986
3775,9.77539348602295,7.268383979797363
3776,10.811042785644531,7.269321918487549
3777,12.922956466674805,7.270818710327148
3778,11.16476821899414,7.271848678588867
3779,10.300765037536621,7.272650241851807
3780,12.544124603271484,7.274044513702393
3781,13.487462997436523,7.2756876945495605
3782,9.632081985473633,7.276310443878174
3783,14.480527877807617,7.278214454650879
3784,11.326311111450195,7.2792840003967285
3785,10.384249687194824,7.280104160308838
3786,14.873601913452148,7.282109260559082
3787,2.750030517578125,7.28091287612915
3788,5.67890739440918,7.280490398406982
3789,5.117268085479736,7.279919624328613
3790,6.056761264801025,7.27959680557251
3791,1.9198534488677979,7.278183460235596
3792,5.378760814666748,7.277682781219482
3793,4.410733222961426,7.2769269943237305
3794,3.455091953277588,7.2759199142456055
3795,4.307215690612793,7.275137424468994
3796,6.495804309844971,7.274932384490967
3797,7.637619495391846,7.275027751922607
3798,3.2432162761688232,7.273966312408447
3799,2.8453307151794434,7.272801399230957
3800,2.7412173748016357,7.271609306335449
3801,4.348269462585449,7.270840167999268
3802,4.580573081970215,7.270132541656494
3803,4.410400867462158,7.269381046295166
3804,4.865786552429199,7.268748760223389
3805,5.788002014160156,7.268359661102295
3806,3.3823981285095215,7.26733922958374
3807,9.683168411254883,7.26797342300415
3808,3.1915745735168457,7.266903400421143
3809,5.158197402954102,7.266349792480469
3810,4.526353359222412,7.265630722045898
3811,2.735325813293457,7.264441967010498
3812,4.6421589851379395,7.263754367828369
3813,5.0867838859558105,7.263183116912842
3814,3.9537129402160645,7.26231575012207
3815,3.963205337524414,7.261451244354248
3816,5.270495414733887,7.260929107666016
3817,5.783709526062012,7.260542392730713
3818,4.260624885559082,7.259756565093994
3819,4.7642903327941895,7.259102821350098
3820,4.650639533996582,7.258420467376709
3821,3.6140658855438232,7.2574663162231445
3822,3.6248111724853516,7.256516456604004
3823,4.483643531799316,7.255791664123535
3824,3.9879581928253174,7.254937171936035
3825,3.990898370742798,7.25408411026001
3826,5.187138557434082,7.253543853759766
3827,5.140634536743164,7.252992153167725
3828,1.13068425655365,7.251392841339111
3829,3.9927291870117188,7.250542163848877
3830,1.1762629747390747,7.248956203460693
3831,4.07047700881958,7.248126983642578
3832,11.244915008544922,7.24916934967041
3833,5.066550254821777,7.248600006103516
3834,-0.4584316611289978,7.2465901374816895
3835,3.099147081375122,7.245509147644043
3836,4.327388286590576,7.244749069213867
3837,1.7784403562545776,7.2433247566223145
3838,4.242361068725586,7.2425432205200195
3839,2.1650359630584717,7.241220474243164
3840,7.190857410430908,7.241207599639893
3841,3.5706069469451904,7.2402520179748535
3842,3.490006923675537,7.23927640914917
3843,4.093234062194824,7.238458156585693
3844,2.5234220027923584,7.237231731414795
3845,5.567112922668457,7.236797332763672
3846,6.544517993927002,7.236617565155029
3847,6.71812105178833,7.236483097076416
3848,3.7686285972595215,7.23558235168457
3849,4.623813152313232,7.234903812408447
3850,5.056335926055908,7.23433780670166
3851,2.752925157546997,7.2331743240356445
3852,5.518009185791016,7.232728958129883
3853,4.359536170959473,7.231983661651611
3854,8.968058586120605,7.232434272766113
3855,8.830765724182129,7.232848167419434
3856,6.751313209533691,7.232723712921143
3857,5.775008678436279,7.232346057891846
3858,7.584870338439941,7.2324371337890625
3859,3.93931245803833,7.231584072113037
3860,6.468066215515137,7.231386184692383
3861,6.85448694229126,7.231288433074951
3862,8.074068069458008,7.231506824493408
3863,8.246236801147461,7.23176908493042
3864,5.458526611328125,7.231310844421387
3865,6.24485969543457,7.23105525970459
3866,8.809745788574219,7.23146390914917
3867,6.816522598266602,7.231356620788574
3868,5.789416313171387,7.230983734130859
3869,10.78555679321289,7.231902122497559
3870,5.26946496963501,7.231395244598389
3871,6.535585403442383,7.231215476989746
3872,6.083585739135742,7.230918884277344
3873,7.980402946472168,7.231112480163574
3874,6.5158772468566895,7.23092794418335
3875,5.430610656738281,7.230463027954102
3876,7.702908515930176,7.230585098266602
3877,6.786076545715332,7.230470180511475
3878,6.019901275634766,7.230157852172852
3879,6.617481231689453,7.230000019073486
3880,4.428308486938477,7.229278087615967
3881,4.682214260101318,7.228621959686279
3882,6.223959445953369,7.228363037109375
3883,7.266124725341797,7.228372573852539
3884,4.121799468994141,7.227572917938232
3885,7.692045211791992,7.227692127227783
3886,11.673192977905273,7.2288360595703125
3887,5.8186445236206055,7.228473663330078
3888,1.154474139213562,7.226911544799805
3889,8.411821365356445,7.2272162437438965
3890,6.295452117919922,7.22697639465332
3891,3.5602455139160156,7.226034641265869
3892,8.635185241699219,7.226396560668945
3893,7.366020202636719,7.2264323234558105
3894,6.807088375091553,7.226324081420898
3895,6.8991804122924805,7.226240158081055
3896,5.410399913787842,7.22577428817749
3897,5.457919120788574,7.225320339202881
3898,4.0114850997924805,7.224496364593506
3899,6.0701398849487305,7.224200248718262
3900,7.126510143280029,7.224175453186035
3901,7.121149063110352,7.224148750305176
3902,6.219420433044434,7.223891258239746
3903,3.2337284088134766,7.222869396209717
3904,4.657874584197998,7.222212791442871
3905,6.631102085113525,7.2220611572265625
3906,7.106012344360352,7.222031593322754
3907,6.172418594360352,7.221762657165527
3908,5.740832328796387,7.221383571624756
3909,2.3620123863220215,7.22014045715332
3910,9.561117172241211,7.220738887786865
3911,5.17011833190918,7.22021484375
3912,7.26861572265625,7.220227241516113
3913,7.261279106140137,7.220238208770752
3914,5.775064945220947,7.219869136810303
3915,5.03310489654541,7.219310760498047
3916,8.379727363586426,7.219606876373291
3917,6.497002601623535,7.219421863555908
3918,6.930941581726074,7.219348430633545
3919,4.965646743774414,7.218773365020752
3920,5.943135738372803,7.218448162078857
3921,4.133090972900391,7.217661380767822
3922,7.338947772979736,7.2176923751831055
3923,4.70785665512085,7.217052936553955
3924,4.39390754699707,7.216333389282227
3925,5.6045241355896,7.215923309326172
3926,8.462360382080078,7.216240882873535
3927,4.803355693817139,7.215626239776611
3928,9.659133911132812,7.216248035430908
3929,10.235485076904297,7.217016696929932
3930,4.887393474578857,7.216423511505127
3931,2.2385435104370117,7.215157508850098
3932,7.796391487121582,7.215305805206299
3933,5.057762145996094,7.214757442474365
3934,9.849374771118164,7.215426921844482
3935,3.380105972290039,7.214452743530273
3936,4.927950382232666,7.213871955871582
3937,3.553706645965576,7.212942123413086
3938,11.60390853881836,7.214056968688965
3939,5.1187424659729,7.213525295257568
3940,6.18079948425293,7.213263511657715
3941,4.303795337677002,7.212525367736816
3942,5.15824031829834,7.212004661560059
3943,9.607311248779297,7.212611675262451
3944,6.47737455368042,7.212425231933594
3945,5.95304536819458,7.212106227874756
3946,6.733689785003662,7.211985111236572
3947,6.810262680053711,7.211883544921875
3948,10.485247611999512,7.212712287902832
3949,14.623408317565918,7.214588165283203
3950,13.143512725830078,7.21608829498291
3951,12.471562385559082,7.217418193817139
3952,12.191265106201172,7.218676567077637
3953,12.308343887329102,7.219963550567627
3954,13.88100814819336,7.2216477394104
3955,12.364252090454102,7.222947597503662
3956,10.74449634552002,7.223837375640869
3957,13.72703742980957,7.225480556488037
3958,12.919211387634277,7.226918697357178
3959,13.530731201171875,7.228510856628418
3960,13.7708740234375,7.230162620544434
3961,13.152153015136719,7.2316575050354
3962,12.669473648071289,7.233029365539551
3963,13.522552490234375,7.234616279602051
3964,13.242430686950684,7.23613166809082
3965,12.902015686035156,7.237560272216797
3966,15.647233963012695,7.23967981338501
3967,13.501358985900879,7.241258144378662
3968,10.949438095092773,7.242192268371582
3969,11.584756851196289,7.2432861328125
3970,11.757684707641602,7.244422912597656
3971,13.617581367492676,7.24602746963501
3972,11.730453491210938,7.247156143188477
3973,12.225500106811523,7.248408794403076
3974,12.408270835876465,7.249706745147705
3975,11.376847267150879,7.250744819641113
3976,13.597837448120117,7.252340793609619
3977,12.249232292175293,7.253596782684326
3978,13.302412986755371,7.255117416381836
3979,13.331056594848633,7.256644248962402
3980,11.704834938049316,7.257761478424072
3981,9.611979484558105,7.258352756500244
3982,12.327268600463867,7.259625434875488
3983,11.09216594696045,7.260587215423584
3984,11.464362144470215,7.2616424560546875
3985,12.621444702148438,7.262986660003662
3986,10.851372718811035,7.26388692855835
3987,12.517290115356445,7.265204429626465
3988,12.484407424926758,7.266512870788574
3989,10.895625114440918,7.267422676086426
3990,12.576704978942871,7.268752574920654
3991,12.298042297363281,7.270012855529785
3992,13.375882148742676,7.271541595458984
3993,13.489891052246094,7.273098468780518
3994,11.554165840148926,7.274170398712158
3995,10.057506561279297,7.274866580963135
3996,12.15278148651123,7.276086807250977
3997,14.321246147155762,7.277848720550537
3998,12.48674488067627,7.279151439666748
3999,11.474184036254883,7.280200004577637
4000,14.2447509765625,7.281940937042236
4001,11.188297271728516,7.28291654586792
4002,13.053153991699219,7.284358024597168
4003,13.445213317871094,7.2858967781066895
4004,12.337095260620117,7.287158012390137
4005,12.84209156036377,7.288544654846191
4006,13.118879318237305,7.289999961853027
4007,12.28909969329834,7.2912468910217285
4008,13.517513275146484,7.292799949645996
4009,13.074592590332031,7.294241905212402
4010,12.290154457092285,7.295487880706787
4011,12.407108306884766,7.296761512756348
4012,14.543943405151367,7.298567295074463
4013,12.815893173217773,7.2999420166015625
4014,13.785286903381348,7.3015570640563965
4015,13.7363862991333,7.303159236907959
4016,13.185548782348633,7.304623603820801
4017,12.101646423339844,7.305817604064941
4018,11.882246017456055,7.3069562911987305
4019,10.673347473144531,7.307794094085693
4020,10.134381294250488,7.308496952056885
4021,13.334419250488281,7.309995174407959
4022,12.349844932556152,7.311247825622559
4023,13.382214546203613,7.312756538391113
4024,12.695660591125488,7.314094066619873
4025,14.50080394744873,7.315878868103027
4026,15.350056648254395,7.317873954772949
4027,15.112783432006836,7.3198089599609375
4028,13.475370407104492,7.32133674621582
4029,14.466839790344238,7.323110103607178
4030,14.318718910217285,7.324845314025879
4031,12.89587116241455,7.326227188110352
4032,12.291525840759277,7.327457904815674
4033,13.323060989379883,7.328944206237793
4034,13.293033599853516,7.330422401428223
4035,13.729571342468262,7.332007884979248
4036,13.14770793914795,7.333448886871338
4037,14.611394882202148,7.335251331329346
4038,12.726417541503906,7.336585998535156
4039,12.73763656616211,7.337923049926758
4040,10.301403045654297,7.338656425476074
4041,13.705153465270996,7.340231418609619
4042,12.587957382202148,7.341529369354248
4043,14.351922988891602,7.343262672424316
4044,14.31169605255127,7.344985485076904
4045,13.979660034179688,7.346625804901123
4046,11.954570770263672,7.347764492034912
4047,13.317246437072754,7.349238872528076
4048,15.923737525939941,7.351356506347656
4049,13.559237480163574,7.352889060974121
4050,15.114884376525879,7.3548054695129395
4051,14.666279792785645,7.35660982131958
4052,13.760701179504395,7.358189582824707
4053,14.657281875610352,7.359990119934082
4054,13.919281005859375,7.361608028411865
4055,15.355236053466797,7.363578796386719
4056,13.930169105529785,7.36519718170166
4057,15.119640350341797,7.36710786819458
4058,13.758429527282715,7.368682384490967
4059,13.56123161315918,7.370207786560059
4060,15.118422508239746,7.372115612030029
4061,14.591902732849121,7.3738932609558105
4062,16.58670425415039,7.376160621643066
4063,14.109167098999023,7.377817153930664
4064,15.135475158691406,7.379725456237793
4065,13.910579681396484,7.381331443786621
4066,13.65896224975586,7.382874965667725
4067,12.25159740447998,7.3840718269348145
4068,16.357601165771484,7.386277198791504
4069,10.615945816040039,7.387070655822754
4070,13.002632141113281,7.388449668884277
4071,10.668320655822754,7.389255046844482
4072,13.8499755859375,7.390841484069824
4073,13.343764305114746,7.392302513122559
4074,12.686868667602539,7.393601894378662
4075,11.524676322937012,7.394615650177002
4076,14.445897102355957,7.396345138549805
4077,14.432674407958984,7.398070812225342
4078,16.33564567565918,7.400261878967285
4079,14.16657543182373,7.401920318603516
4080,13.648244857788086,7.403450965881348
4081,13.825387954711914,7.40502405166626
4082,7.557246685028076,7.4050612449646
4083,14.871405601501465,7.40688943862915
4084,14.428577423095703,7.4086079597473145
4085,14.44259262084961,7.410329818725586
4086,13.529573440551758,7.411827087402344
4087,14.158467292785645,7.413477420806885
4088,13.87141227722168,7.4150567054748535
4089,14.793041229248047,7.416860580444336
4090,14.242629051208496,7.4185285568237305
4091,14.801216125488281,7.420332908630371
4092,15.311786651611328,7.4222612380981445
4093,13.399795532226562,7.4237213134765625
4094,13.851872444152832,7.425291061401367
4095,14.01969051361084,7.426900863647461
4096,13.105216026306152,7.428287029266357
4097,10.402118682861328,7.429012775421143
4098,15.75004768371582,7.431042671203613
4099,15.822980880737305,7.433089256286621
4100,13.454684257507324,7.434557914733887
4101,14.436609268188477,7.436264991760254
4102,10.855778694152832,7.437098026275635
4103,11.842697143554688,7.43817138671875
4104,14.089096069335938,7.439791679382324
4105,15.204826354980469,7.441683292388916
4106,14.414973258972168,7.443380832672119
4107,13.198324203491211,7.44478178024292
4108,12.59519100189209,7.446035385131836
4109,13.78759765625,7.447578430175781
4110,13.917247772216797,7.44915246963501
4111,13.336581230163574,7.4505839347839355
4112,14.546985626220703,7.4523091316223145
4113,13.41185188293457,7.4537577629089355
4114,13.544010162353516,7.455237865447998
4115,14.94847297668457,7.457058906555176
4116,14.715415954589844,7.458821773529053
4117,12.990226745605469,7.460165023803711
4118,11.284212112426758,7.461093425750732
4119,14.05859088897705,7.4626946449279785
4120,10.120028495788574,7.463339328765869
4121,10.840461730957031,7.464158535003662
4122,11.541701316833496,7.465147495269775
4123,10.32077693939209,7.465839862823486
4124,11.293498992919922,7.466767311096191
4125,10.863093376159668,7.467590808868408
4126,11.115863800048828,7.468474388122559
4127,9.501596450805664,7.468966960906982
4128,10.448343276977539,7.469688892364502
4129,10.741998672485352,7.4704813957214355
4130,11.599291801452637,7.471480846405029
4131,10.374502182006836,7.472183704376221
4132,10.916154861450195,7.473016738891602
4133,10.417576789855957,7.473729133605957
4134,11.565349578857422,7.4747185707092285
4135,11.526172637939453,7.475697994232178
4136,10.824808120727539,7.476507186889648
4137,12.160481452941895,7.477639198303223
4138,10.285367965698242,7.4783172607421875
4139,11.128292083740234,7.479199409484863
4140,10.211201667785645,7.479858875274658
4141,11.736956596374512,7.480886459350586
4142,12.555809020996094,7.48211145401001
4143,12.544195175170898,7.483333587646484
4144,10.406441688537598,7.484038352966309
4145,11.042084693908691,7.484897136688232
4146,10.108911514282227,7.485529899597168
4147,10.013543128967285,7.486139297485352
4148,11.064506530761719,7.487001895904541
4149,11.951192855834961,7.488077640533447
4150,10.69570541381836,7.488850116729736
4151,12.468443870544434,7.490049362182617
4152,11.938339233398438,7.491120338439941
4153,11.196099281311035,7.492012023925781
4154,11.7561616897583,7.493038177490234
4155,10.775742530822754,7.493828296661377
4156,10.211179733276367,7.494481563568115
4157,13.112135887145996,7.495832443237305
4158,11.61117172241211,7.496822357177734
4159,12.81965160369873,7.498101711273193
4160,11.969022750854492,7.499176025390625
4161,11.305480003356934,7.500090599060059
4162,10.692859649658203,7.500857830047607
4163,11.682926177978516,7.501862049102783
4164,10.92866325378418,7.502684593200684
4165,10.79886531829834,7.503475666046143
4166,11.230463027954102,7.504370212554932
4167,12.867928504943848,7.505656719207764
4168,12.789145469665527,7.506924152374268
4169,11.646663665771484,7.5079169273376465
4170,9.897716522216797,7.508490085601807
4171,10.65686321258545,7.509244441986084
4172,13.693658828735352,7.510726451873779
4173,10.703849792480469,7.511491298675537
4174,12.59522533416748,7.512709140777588
4175,10.231782913208008,7.513360500335693
4176,11.957199096679688,7.5144243240356445
4177,11.049871444702148,7.515270709991455
4178,11.406440734863281,7.516201496124268
4179,11.69769287109375,7.517201900482178
4180,9.856339454650879,7.51776123046875
4181,11.1553373336792,7.518631458282471
4182,11.889841079711914,7.519676685333252
4183,11.382143020629883,7.520599842071533
4184,11.771105766296387,7.521615505218506
4185,10.105552673339844,7.522233009338379
4186,10.533802032470703,7.522952079772949
4187,11.400806427001953,7.5238776206970215
4188,10.895380973815918,7.524682521820068
4189,12.284065246582031,7.52581787109375
4190,9.437643051147461,7.52627420425415
4191,10.841879844665527,7.527065277099609
4192,11.065178871154785,7.527908802032471
4193,10.43287181854248,7.52860164642334
4194,10.81290054321289,7.529384613037109
4195,11.202102661132812,7.530259609222412
4196,10.898903846740723,7.531062126159668
4197,11.464937210083008,7.531999111175537
4198,11.041756629943848,7.532834529876709
4199,9.311445236206055,7.533257961273193
4200,10.384516716003418,7.533936977386475
4201,9.931997299194336,7.5345072746276855
4202,10.806150436401367,7.535285949707031
4203,10.781538009643555,7.536057949066162
4204,10.004963874816895,7.536645412445068
4205,9.816423416137695,7.537187576293945
4206,10.850732803344727,7.537975311279297
4207,11.279898643493652,7.5388641357421875
4208,11.265669822692871,7.539749622344971
4209,11.143203735351562,7.540605545043945
4210,12.55103874206543,7.541795253753662
4211,11.613703727722168,7.54276180267334
4212,10.41278076171875,7.543443202972412
4213,12.520159721374512,7.544623851776123
4214,8.98464584350586,7.5449652671813965
4215,10.066880226135254,7.545563697814941
4216,10.554696083068848,7.546277046203613
4217,11.661849021911621,7.547252655029297
4218,9.947393417358398,7.547821521759033
4219,12.160812377929688,7.548914909362793
4220,14.245156288146973,7.550501346588135
4221,12.60623836517334,7.551698684692383
4222,9.55578899383545,7.552173137664795
4223,10.336387634277344,7.55283260345459
4224,9.411149978637695,7.553272247314453
4225,9.152213096618652,7.553650856018066
4226,11.566333770751953,7.554600238800049
4227,12.797908782958984,7.555840492248535
4228,11.913742065429688,7.556870937347412
4229,12.79088020324707,7.558108329772949
4230,11.57176399230957,7.559057235717773
4231,8.875057220458984,7.559368133544922
4232,11.54639720916748,7.560310363769531
4233,10.736899375915527,7.561060428619385
4234,13.063037872314453,7.56235933303833
4235,12.323426246643066,7.563483715057373
4236,8.731060981750488,7.563758850097656
4237,11.27054214477539,7.564633846282959
4238,8.471131324768066,7.564847469329834
4239,9.743669509887695,7.565361499786377
4240,9.221383094787598,7.565752029418945
4241,13.36184310913086,7.567118167877197
4242,12.305353164672852,7.568234443664551
4243,11.986994743347168,7.569275856018066
4244,9.159573554992676,7.569650650024414
4245,9.934032440185547,7.570207118988037
4246,18.236984252929688,7.572718620300293
4247,10.888012886047363,7.5734992027282715
4248,11.901970863342285,7.574518203735352
4249,8.834087371826172,7.574814319610596
4250,12.112798690795898,7.5758819580078125
4251,9.028207778930664,7.576223373413086
4252,10.398443222045898,7.576887130737305
4253,10.42921257019043,7.577557563781738
4254,9.730693817138672,7.578063488006592
4255,11.87078857421875,7.579071998596191
4256,12.417963027954102,7.580208778381348
4257,12.298526763916016,7.581316947937012
4258,11.943126678466797,7.582341194152832
4259,10.675102233886719,7.583067417144775
4260,11.300249099731445,7.583940029144287
4261,11.736346244812012,7.584914207458496
4262,14.134065628051758,7.586450576782227
4263,15.23054027557373,7.58824348449707
4264,11.933637619018555,7.589262008666992
4265,12.248559951782227,7.5903544425964355
4266,13.188858032226562,7.591666221618652
4267,13.498092651367188,7.593050479888916
4268,12.529590606689453,7.594206809997559
4269,13.120954513549805,7.595500946044922
4270,10.597959518432617,7.596203804016113
4271,13.271657943725586,7.597532272338867
4272,13.363737106323242,7.598881721496582
4273,10.131160736083984,7.59947395324707
4274,12.074029922485352,7.600520610809326
4275,11.67559814453125,7.601473808288574
4276,10.091630935668945,7.60205602645874
4277,12.98260498046875,7.60331392288208
4278,11.07724380493164,7.6041259765625
4279,13.585371971130371,7.605523586273193
4280,11.356085777282715,7.6063995361328125
4281,11.993475914001465,7.607424259185791
4282,11.730202674865723,7.608386993408203
4283,10.051384925842285,7.608956813812256
4284,10.96342658996582,7.609739780426025
4285,11.792362213134766,7.610715866088867
4286,12.262927055358887,7.6118011474609375
4287,9.143765449523926,7.612158298492432
4288,11.946925163269043,7.613169193267822
4289,11.369230270385742,7.614044666290283
4290,13.822312355041504,7.6154913902282715
4291,13.219666481018066,7.616796970367432
4292,12.79329776763916,7.618002891540527
4293,10.7933349609375,7.618741989135742
4294,13.678342819213867,7.620152950286865
4295,11.799906730651855,7.621126174926758
4296,12.100335121154785,7.622168064117432
4297,10.942913055419922,7.622941017150879
4298,10.693910598754883,7.623655319213867
4299,13.15962028503418,7.624942779541016
4300,12.98161506652832,7.626187801361084
4301,12.502384185791016,7.627321720123291
4302,14.543046951293945,7.628929138183594
4303,13.441580772399902,7.630279541015625
4304,12.46045970916748,7.631401538848877
4305,12.916046142578125,7.63262939453125
4306,12.207412719726562,7.633691310882568
4307,10.458298683166504,7.6343464851379395
4308,12.109153747558594,7.635385036468506
4309,12.380020141601562,7.636486053466797
4310,11.092225074768066,7.637287616729736
4311,11.027413368225098,7.638073921203613
4312,11.749320030212402,7.6390275955200195
4313,9.833051681518555,7.639535903930664
4314,14.463906288146973,7.641117572784424
4315,13.232789039611816,7.64241361618042
4316,13.317536354064941,7.643727779388428
4317,11.504379272460938,7.644621849060059
4318,12.767494201660156,7.645807266235352
4319,13.488771438598633,7.647160053253174
4320,13.428686141967773,7.648498058319092
4321,13.050106048583984,7.649747848510742
4322,12.43484115600586,7.650854587554932
4323,13.052519798278809,7.652103424072266
4324,14.479126930236816,7.653682231903076
4325,13.411450386047363,7.655013084411621
4326,11.380681991577148,7.655873775482178
4327,12.954268455505371,7.657097339630127
4328,14.225709915161133,7.6586151123046875
4329,13.942285537719727,7.6600661277771
4330,13.924317359924316,7.661512851715088
4331,13.23376750946045,7.66279935836792
4332,14.723217010498047,7.6644287109375
4333,12.115130424499512,7.665454864501953
4334,10.645298957824707,7.666142463684082
4335,11.610994338989258,7.667051792144775
4336,13.000517845153809,7.668281078338623
4337,9.472311019897461,7.668697357177734
4338,11.879311561584473,7.669667720794678
4339,11.549957275390625,7.670561790466309
4340,9.874611854553223,7.671069622039795
4341,14.800768852233887,7.6727118492126465
4342,13.162290573120117,7.673975944519043
4343,13.652446746826172,7.675352096557617
4344,12.031235694885254,7.676354885101318
4345,12.81612777709961,7.677537441253662
4346,13.719731330871582,7.678927421569824
4347,12.722745895385742,7.680087089538574
4348,11.536249160766602,7.680973529815674
4349,11.000391006469727,7.681736946105957
4350,12.599562644958496,7.68286657333374
4351,12.548388481140137,7.683984279632568
4352,13.224573135375977,7.685256481170654
4353,11.586076736450195,7.686152458190918
4354,12.943429946899414,7.6873602867126465
4355,11.187894821166992,7.688163757324219
4356,11.974209785461426,7.689146995544434
4357,13.118448257446289,7.69039249420166
4358,12.56498908996582,7.691511154174805
4359,12.366284370422363,7.6925835609436035
4360,10.775059700012207,7.693289756774902
4361,13.118080139160156,7.694533348083496
4362,11.639837265014648,7.695437908172607
4363,12.569228172302246,7.696555137634277
4364,12.444008827209473,7.697642803192139
4365,12.682652473449707,7.698784828186035
4366,8.970590591430664,7.699075698852539
4367,10.137531280517578,7.699633598327637
4368,10.271655082702637,7.700222969055176
4369,10.28908634185791,7.700815200805664
4370,9.075411796569824,7.70112943649292
4371,8.618772506713867,7.701338768005371
4372,10.910520553588867,7.702072620391846
4373,10.349702835083008,7.702678680419922
4374,9.981629371643066,7.7031989097595215
4375,7.181243896484375,7.703079700469971
4376,10.141307830810547,7.703636169433594
4377,10.414681434631348,7.7042555809021
4378,10.598342895507812,7.704916000366211
4379,10.105325698852539,7.7054643630981445
4380,8.778779983520508,7.705708980560303
4381,9.129558563232422,7.706033706665039
4382,9.379520416259766,7.706415176391602
4383,7.886025428771973,7.706456661224365
4384,9.7471923828125,7.706921577453613
4385,10.130847930908203,7.7074737548828125
4386,5.329535484313965,7.7069315910339355
4387,7.704034805297852,7.706930637359619
4388,10.240547180175781,7.707508087158203
4389,9.404539108276367,7.707895278930664
4390,10.160884857177734,7.70845365524292
4391,7.933931350708008,7.708505153656006
4392,10.192426681518555,7.709070205688477
4393,7.078423023223877,7.708926677703857
4394,8.996500968933105,7.709219455718994
4395,11.095312118530273,7.709989547729492
4396,9.06596565246582,7.71029806137085
4397,8.538631439208984,7.71048641204834
4398,11.09103012084961,7.711254596710205
4399,8.993083953857422,7.711545467376709
4400,10.140996932983398,7.712097644805908
4401,9.243972778320312,7.712445259094238
4402,7.769646167755127,7.71245813369751
4403,9.984918594360352,7.7129740715026855
4404,7.600259304046631,7.712948799133301
4405,10.95058822631836,7.713683128356934
4406,8.777694702148438,7.713924407958984
4407,7.430158615112305,7.713860034942627
4408,7.6857757568359375,7.7138543128967285
4409,11.319587707519531,7.714672088623047
4410,9.807555198669434,7.715146541595459
4411,9.581998825073242,7.715569972991943
4412,6.585042476654053,7.715313911437988
4413,8.982426643371582,7.715601444244385
4414,9.231670379638672,7.715944290161133
4415,10.027400970458984,7.71646785736084
4416,8.461275100708008,7.7166361808776855
4417,10.363651275634766,7.717235565185547
4418,10.108879089355469,7.717776775360107
4419,7.518402099609375,7.717731952667236
4420,7.628779411315918,7.717711925506592
4421,8.031942367553711,7.717782497406006
4422,6.161002159118652,7.717430591583252
4423,9.895075798034668,7.717922687530518
4424,11.010455131530762,7.718667030334473
4425,6.9859161376953125,7.718501091003418
4426,9.265581130981445,7.718850612640381
4427,10.976676940917969,7.719586372375488
4428,9.884246826171875,7.720074653625488
4429,10.030038833618164,7.7205963134765625
4430,9.817033767700195,7.7210693359375
4431,7.884845733642578,7.721107006072998
4432,9.042455673217773,7.721405029296875
4433,8.215408325195312,7.721516132354736
4434,9.570764541625977,7.721933364868164
4435,13.0342435836792,7.723130702972412
4436,8.484299659729004,7.723302364349365
4437,9.084254264831543,7.723609447479248
4438,6.069662094116211,7.723237037658691
4439,8.754490852355957,7.723469257354736
4440,8.587394714355469,7.723663330078125
4441,10.555837631225586,7.724300861358643
4442,8.889815330505371,7.724563121795654
4443,7.270262718200684,7.724460601806641
4444,8.279573440551758,7.724586009979248
4445,9.861265182495117,7.725066184997559
4446,8.808561325073242,7.7253098487854
4447,9.620134353637695,7.725736141204834
4448,8.840841293334961,7.725986480712891
4449,7.156416893005371,7.725858688354492
4450,9.871528625488281,7.726340293884277
4451,8.857086181640625,7.726593971252441
4452,7.560452938079834,7.726556301116943
4453,10.193389892578125,7.727110862731934
4454,10.467757225036621,7.727725982666016
4455,8.03929615020752,7.7277960777282715
4456,6.991004467010498,7.727631092071533
4457,7.930570125579834,7.7276763916015625
4458,12.05400276184082,7.728646755218506
4459,9.975103378295898,7.729150772094727
4460,6.852512836456299,7.728953838348389
4461,7.563328266143799,7.728916645050049
4462,7.631490707397461,7.72889518737793
4463,9.06469440460205,7.729194641113281
4464,5.629726409912109,7.728724479675293
4465,8.686173439025879,7.728939056396484
4466,7.734135627746582,7.728940010070801
4467,9.287126541137695,7.729289531707764
4468,9.523482322692871,7.729691028594971
4469,9.54180908203125,7.730096340179443
4470,8.375616073608398,7.730240821838379
4471,8.38311767578125,7.730386734008789
4472,9.02051067352295,7.730674743652344
4473,8.852872848510742,7.730925559997559
4474,8.761759757995605,7.731155872344971
4475,8.324786186218262,7.731288433074951
4476,8.633889198303223,7.731489658355713
4477,9.451618194580078,7.731873989105225
4478,9.471209526062012,7.73226261138916
4479,9.403144836425781,7.732635498046875
4480,8.073187828063965,7.7327117919921875
4481,9.459783554077148,7.733097553253174
4482,9.982929229736328,7.733599662780762
4483,9.953041076660156,7.734094619750977
4484,9.061688423156738,7.734390735626221
4485,8.387097358703613,7.734536170959473
4486,8.636237144470215,7.734736919403076
4487,8.386358261108398,7.734882354736328
4488,7.180970191955566,7.7347588539123535
4489,7.9435529708862305,7.734805583953857
4490,6.534653663635254,7.734538555145264
4491,8.954442024230957,7.734809875488281
4492,7.003112316131592,7.734647274017334
4493,8.673028945922852,7.734855651855469
4494,8.168764114379883,7.734951972961426
4495,8.391839027404785,7.735097885131836
4496,10.50013542175293,7.73571252822876
4497,8.562335014343262,7.735896587371826
4498,10.685773849487305,7.736552715301514
4499,11.06939697265625,7.737293243408203
4500,8.414366722106934,7.737443923950195
4501,5.850636959075928,7.737024784088135
4502,7.748743057250977,7.737027645111084
4503,9.319375038146973,7.73737907409668
4504,9.230798721313477,7.737710475921631
4505,7.460090637207031,7.737649440765381
4506,8.020275115966797,7.7377119064331055
4507,5.3836259841918945,7.737189292907715
4508,6.817422389984131,7.736985206604004
4509,4.853211879730225,7.736345291137695
4510,4.975951671600342,7.735733509063721
4511,5.8469061851501465,7.735315322875977
4512,4.5543999671936035,7.734610557556152
4513,8.166507720947266,7.734706401824951
4514,5.637353897094727,7.734241962432861
4515,5.019827842712402,7.733640670776367
4516,6.2679057121276855,7.733316421508789
4517,6.1745758056640625,7.732971668243408
4518,5.3115434646606445,7.732436180114746
4519,6.624683856964111,7.73219108581543
4520,4.78654670715332,7.731539249420166
4521,3.188986301422119,7.730534553527832
4522,4.794647693634033,7.729885101318359
4523,2.2999298572540283,7.728684902191162
4524,5.149962902069092,7.728114604949951
4525,5.826051235198975,7.727694034576416
4526,4.71147346496582,7.727027416229248
4527,4.345671653747559,7.726280212402344
4528,5.239795684814453,7.725730895996094
4529,4.200887680053711,7.724952697753906
4530,4.402151584625244,7.72421932220459
4531,3.8671317100524902,7.723368167877197
4532,5.039515018463135,7.722775936126709
4533,3.0028467178344727,7.72173547744751
4534,4.823200225830078,7.721096515655518
4535,3.84346604347229,7.720241546630859
4536,3.8336477279663086,7.719384670257568
4537,3.258528232574463,7.7184014320373535
4538,3.739455223083496,7.717524528503418
4539,3.8610568046569824,7.7166748046875
4540,3.4886770248413086,7.715743541717529
4541,5.571105003356934,7.71527099609375
4542,3.1734418869018555,7.714271068572998
4543,4.548943042755127,7.7135748863220215
4544,4.5836262702941895,7.712885856628418
4545,7.065162181854248,7.712743759155273
4546,4.74616003036499,7.712091445922852
4547,7.0507307052612305,7.7119460105896
4548,3.3513388633728027,7.710987091064453
4549,3.6463916301727295,7.7100934982299805
4550,0.8981301784515381,7.708596706390381
4551,3.1801512241363525,7.707602024078369
4552,3.2502171993255615,7.706623077392578
4553,3.6200740337371826,7.70572566986084
4554,6.215118408203125,7.7053985595703125
4555,5.127029895782471,7.704833030700684
4556,4.8422746658325195,7.70420503616333
4557,6.637670516967773,7.703970909118652
4558,6.024593353271484,7.703602313995361
4559,6.1917901039123535,7.703270435333252
4560,4.3000640869140625,7.702524662017822
4561,3.7274539470672607,7.701653003692627
4562,5.269973278045654,7.701119899749756
4563,5.4978227615356445,7.700636863708496
4564,3.3753740787506104,7.6996893882751465
4565,6.619716644287109,7.699453353881836
4566,5.717107772827148,7.699019432067871
4567,5.551786422729492,7.698549270629883
4568,4.936691761016846,7.6979451179504395
4569,3.9344069957733154,7.6971211433410645
4570,3.760124683380127,7.696260452270508
4571,5.3736252784729,7.6957526206970215
4572,4.694308757781982,7.695096492767334
4573,3.7006261348724365,7.694222927093506
4574,3.1016039848327637,7.69321870803833
4575,2.9116482734680176,7.692173480987549
4576,3.529188871383667,7.691263675689697
4577,5.600612640380859,7.690807342529297
4578,4.684338092803955,7.690150737762451
4579,5.145734786987305,7.689594745635986
4580,7.146931171417236,7.689476490020752
4581,7.816044807434082,7.689504146575928
4582,5.398503303527832,7.689004421234131
4583,7.646573066711426,7.688995361328125
4584,7.787826061248779,7.689017295837402
4585,5.42296838760376,7.688522815704346
4586,0.8695536255836487,7.687036514282227
4587,4.876869201660156,7.6864237785339355
4588,4.097133636474609,7.685641765594482
4589,5.451224327087402,7.685155391693115
4590,7.355061054229736,7.685083389282227
4591,5.719557762145996,7.68465518951416
4592,4.179354190826416,7.683892250061035
4593,5.3882246017456055,7.68339204788208
4594,4.249308109283447,7.682644844055176
4595,5.578232765197754,7.682187080383301
4596,1.1980854272842407,7.680777072906494
4597,5.268612384796143,7.680252552032471
4598,5.167202472686768,7.67970609664917
4599,6.609633445739746,7.679473400115967
4600,4.948564529418945,7.678880214691162
4601,5.725831508636475,7.678455829620361
4602,4.808771133422852,7.67783260345459
4603,6.014956474304199,7.677471160888672
4604,5.386926651000977,7.676973819732666
4605,3.941866159439087,7.6761627197265625
4606,4.592565059661865,7.6754937171936035
4607,4.718600749969482,7.67485237121582
4608,2.571166515350342,7.6737446784973145
4609,6.299192905426025,7.6734466552734375
4610,4.162389278411865,7.672685623168945
4611,8.860343933105469,7.672943115234375
4612,4.842792987823486,7.672329902648926
4613,5.706185340881348,7.671903610229492
4614,3.94602108001709,7.671096324920654
4615,3.9953505992889404,7.670300006866455
4616,3.451596260070801,7.669386863708496
4617,7.038984298706055,7.66925048828125
4618,4.078617572784424,7.668472766876221
4619,1.0855700969696045,7.66704797744751
4620,4.139321327209473,7.666285037994385
4621,5.337396144866943,7.665780544281006
4622,6.0041327476501465,7.665421009063721
4623,4.01269006729126,7.664630889892578
4624,5.398785591125488,7.6641411781311035
4625,5.155460357666016,7.663599014282227
4626,4.172008037567139,7.662844181060791
4627,4.680285930633545,7.6621994972229
4628,13.720673561096191,7.66350793838501
4629,12.429924964904785,7.66453742980957
4630,11.287470817565918,7.66532039642334
4631,8.098672866821289,7.6654133796691895
4632,11.216364860534668,7.666179656982422
4633,10.50092601776123,7.666790962219238
4634,9.749189376831055,7.667240619659424
4635,11.207674026489258,7.668004035949707
4636,9.912263870239258,7.668488502502441
4637,10.5304536819458,7.669105529785156
4638,11.846753120422363,7.670006275177002
4639,13.10688591003418,7.671177864074707
4640,10.966768264770508,7.671887397766113
4641,10.675572395324707,7.672534942626953
4642,11.950942039489746,7.673455715179443
4643,12.47921085357666,7.674490928649902
4644,8.750883102416992,7.674722671508789
4645,11.485810279846191,7.67554235458374
4646,10.10598087310791,7.676065444946289
4647,10.897950172424316,7.676758766174316
4648,12.337985038757324,7.677761554718018
4649,11.024759292602539,7.678481101989746
4650,10.143479347229004,7.679011344909668
4651,13.30887222290039,7.6802215576171875
4652,11.495028495788574,7.681041717529297
4653,11.847970962524414,7.681936740875244
4654,10.311650276184082,7.682501792907715
4655,10.248913764953613,7.683053493499756
4656,10.379531860351562,7.6836323738098145
4657,11.666584014892578,7.684487819671631
4658,10.313989639282227,7.685051918029785
4659,10.314645767211914,7.685616493225098
4660,7.757611274719238,7.68563175201416
4661,11.525740623474121,7.686456203460693
4662,8.957897186279297,7.686728477478027
4663,7.280221939086914,7.686641693115234
4664,14.22618293762207,7.688043594360352
4665,10.860651016235352,7.688723087310791
4666,10.36612606048584,7.689297199249268
4667,8.739243507385254,7.689521789550781
4668,8.032722473144531,7.689594745635986
4669,9.275032997131348,7.689934253692627
4670,9.497529029846191,7.69032096862793
4671,10.211462020874023,7.690860271453857
4672,11.1098051071167,7.691591739654541
4673,10.342196464538574,7.692159175872803
4674,11.9765625,7.693075656890869
4675,12.476774215698242,7.694098472595215
4676,7.423567295074463,7.694040298461914
4677,9.895011901855469,7.6945109367370605
4678,11.288466453552246,7.695279121398926
4679,10.453696250915527,7.695868492126465
4680,12.003881454467773,7.696788787841797
4681,12.147212982177734,7.697739601135254
4682,8.18088436126709,7.697842597961426
4683,10.611005783081055,7.6984639167785645
4684,6.404959678649902,7.698188304901123
4685,7.915524959564209,7.6982340812683105
4686,10.968860626220703,7.69893217086792
4687,7.947563171386719,7.698985576629639
4688,11.193000793457031,7.699730396270752
4689,9.955204963684082,7.700211524963379
4690,14.247611999511719,7.701606750488281
4691,12.52849006652832,7.702635288238525
4692,10.647530555725098,7.703263282775879
4693,7.836465835571289,7.703291416168213
4694,12.358766555786133,7.704283237457275
4695,9.384702682495117,7.7046403884887695
4696,9.975037574768066,7.705124378204346
4697,12.075715065002441,7.706054210662842
4698,8.031025886535645,7.706123352050781
4699,13.034128189086914,7.707257270812988
4700,13.606672286987305,7.708511829376221
4701,10.420345306396484,7.709089279174805
4702,12.886260986328125,7.7101898193359375
4703,9.442702293395996,7.71055793762207
4704,10.993880271911621,7.7112555503845215
4705,11.420692443847656,7.712043762207031
4706,11.95611572265625,7.712945938110352
4707,11.208831787109375,7.713687896728516
4708,10.296957015991211,7.714236736297607
4709,8.68274211883545,7.714442253112793
4710,10.295333862304688,7.714990615844727
4711,9.401508331298828,7.715348720550537
4712,10.52010726928711,7.715943813323975
4713,12.112764358520508,7.71687650680542
4714,-1.9433547258377075,7.714828014373779
4715,9.248686790466309,7.715153694152832
4716,8.688191413879395,7.715359687805176
4717,10.100011825561523,7.715865612030029
4718,11.257552146911621,7.716616153717041
4719,11.646004676818848,7.7174482345581055
4720,10.48011589050293,7.718033313751221
4721,9.999774932861328,7.718516826629639
4722,9.653468132019043,7.718925952911377
4723,12.944792747497559,7.720032691955566
4724,8.628822326660156,7.720224857330322
4725,7.524135112762451,7.720183372497559
4726,10.57334041595459,7.720787048339844
4727,9.285350799560547,7.721117973327637
4728,11.971512794494629,7.72201681137085
4729,11.330385208129883,7.722780227661133
4730,9.325091361999512,7.723118782043457
4731,9.324000358581543,7.723456859588623
4732,8.346012115478516,7.723588943481445
4733,9.052021026611328,7.723869323730469
4734,8.846641540527344,7.724106788635254
4735,7.676529407501221,7.724096298217773
4736,12.642098426818848,7.725134372711182
4737,8.650592803955078,7.725329875946045
4738,10.809547424316406,7.725980758666992
4739,8.820146560668945,7.7262115478515625
4740,12.273774147033691,7.727170467376709
4741,8.160590171813965,7.727262020111084
4742,12.471962928771973,7.728262424468994
4743,9.278914451599121,7.728589057922363
4744,6.401641845703125,7.728309631347656
4745,12.221174240112305,7.7292561531066895
4746,14.66888427734375,7.73071813583374
4747,9.455883026123047,7.731081485748291
4748,10.324560165405273,7.731627941131592
4749,10.614395141601562,7.732234477996826
4750,10.358490943908691,7.732787132263184
4751,11.028499603271484,7.733480453491211
4752,10.729116439819336,7.734111309051514
4753,11.186209678649902,7.734837532043457
4754,9.222681999206543,7.735150337219238
4755,12.046156883239746,7.736057281494141
4756,11.108646392822266,7.736766338348389
4757,9.835136413574219,7.737207412719727
4758,10.613639831542969,7.73781156539917
4759,11.050066947937012,7.7385077476501465
4760,16.635971069335938,7.740376949310303
4761,8.899310111999512,7.740620136260986
4762,10.734787940979004,7.741248607635498
4763,10.934642791748047,7.741918563842773
4764,13.53198528289795,7.743133544921875
4765,10.088214874267578,7.743626117706299
4766,6.642185211181641,7.743394374847412
4767,7.8066606521606445,7.743408203125
4768,9.842833518981934,7.74384880065918
4769,9.672083854675293,7.744252681732178
4770,12.288213729858398,7.745205402374268
4771,10.759405136108398,7.7458367347717285
4772,10.270824432373047,7.746365547180176
4773,8.750570297241211,7.746575832366943
4774,10.142412185668945,7.747076988220215
4775,12.954529762268066,7.748167037963867
4776,11.152077674865723,7.748879909515381
4777,11.611939430236816,7.749688625335693
4778,13.58633041381836,7.750909805297852
4779,13.929407119750977,7.75220251083374
4780,12.966689109802246,7.753292560577393
4781,8.65477180480957,7.753481388092041
4782,11.240748405456543,7.754210948944092
4783,10.1170015335083,7.75470495223999
4784,10.288145065307617,7.755234241485596
4785,9.834151268005371,7.755669116973877
4786,10.055620193481445,7.7561492919921875
4787,10.305517196655273,7.7566819190979
4788,8.959917068481445,7.756933212280273
4789,11.808244705200195,7.757779121398926
4790,13.152442932128906,7.758904933929443
4791,10.452866554260254,7.759467124938965
4792,13.96549129486084,7.760761737823486
4793,9.086498260498047,7.761038303375244
4794,11.705665588378906,7.761861324310303
4795,16.02762222290039,7.763584613800049
4796,10.432086944580078,7.76414155960083
4797,15.58107852935791,7.76577091217041
4798,13.132278442382812,7.7668890953063965
4799,11.602005958557129,7.767687797546387
4800,12.681953430175781,7.768712043762207
4801,14.109047889709473,7.7700324058532715
4802,11.22719955444336,7.770751953125
4803,8.856122970581055,7.770977973937988
4804,16.445894241333008,7.772783279418945
4805,9.61316204071045,7.773166179656982
4806,8.279032707214355,7.773271083831787
4807,13.528298377990723,7.774467468261719
4808,11.01558780670166,7.775141716003418
4809,11.380730628967285,7.775890827178955
4810,11.543740272521973,7.776673793792725
4811,12.9619140625,7.777751445770264
4812,9.772544860839844,7.778165817260742
4813,10.68252182006836,7.778769493103027
4814,11.273548126220703,7.7794952392578125
4815,13.168529510498047,7.780613899230957
4816,12.723852157592773,7.78164005279541
4817,10.369709014892578,7.782177448272705
4818,9.306727409362793,7.782494068145752
4819,10.275917053222656,7.7830119132995605
4820,12.993242263793945,7.784092426300049
4821,10.222367286682129,7.784597873687744
4822,12.355840682983398,7.785545825958252
4823,14.24177074432373,7.786884307861328
4824,13.153234481811523,7.787996292114258
4825,12.151552200317383,7.788900852203369
4826,10.183672904968262,7.7893967628479
4827,1.1666920185089111,7.788025379180908
4828,12.955374717712402,7.789095878601074
4829,9.695775985717773,7.789490222930908
4830,8.509061813354492,7.789638996124268
4831,7.7490644454956055,7.789630889892578
4832,11.361061096191406,7.790369510650635
4833,7.155406951904297,7.790238380432129
4834,8.802777290344238,7.790448188781738
4835,9.472670555114746,7.790795803070068
4836,9.509068489074707,7.79115104675293
