Iteration,Result,Mean
0,9.468595504760742,9.468595504760742
1,10.333808898925781,9.901202201843262
2,10.086640357971191,9.96301555633545
3,11.078018188476562,10.241765975952148
4,11.022757530212402,10.397964477539062
5,11.1427640914917,10.52209758758545
6,10.464422225952148,10.5138578414917
7,8.848311424255371,10.305665016174316
8,8.896768569946289,10.149120330810547
9,8.675371170043945,10.001745223999023
10,7.389717102050781,9.764288902282715
11,9.25861644744873,9.722148895263672
12,9.847431182861328,9.731785774230957
13,10.033341407775879,9.753325462341309
14,11.529988288879395,9.871768951416016
15,11.252702713012695,9.958077430725098
16,10.69139289855957,10.001213073730469
17,11.472512245178223,10.082952499389648
18,11.781314849853516,10.172340393066406
19,10.52900505065918,10.190173149108887
20,10.607657432556152,10.210053443908691
21,10.408305168151855,10.219064712524414
22,9.736403465270996,10.198080062866211
23,10.191530227661133,10.197806358337402
24,11.357382774353027,10.244189262390137
25,13.548429489135742,10.371275901794434
26,11.925859451293945,10.428853034973145
27,11.47504997253418,10.466217041015625
28,11.528554916381836,10.502849578857422
29,8.241470336914062,10.427470207214355
30,9.009154319763184,10.381717681884766
31,12.194108963012695,10.438355445861816
32,10.688605308532715,10.445938110351562
33,9.570940017700195,10.420204162597656
34,11.930940628051758,10.463367462158203
35,10.502289772033691,10.464448928833008
36,10.710933685302734,10.471110343933105
37,9.78433895111084,10.45303726196289
38,10.927783012390137,10.465210914611816
39,10.614667892456055,10.46894645690918
40,11.081751823425293,10.483893394470215
41,8.037968635559082,10.425657272338867
42,11.470020294189453,10.449944496154785
43,12.465325355529785,10.495749473571777
44,9.927267074584961,10.483116149902344
45,7.923709869384766,10.42747688293457
46,9.43111801147461,10.406277656555176
47,10.810857772827148,10.414706230163574
48,9.897789001464844,10.404157638549805
49,10.030556678771973,10.396685600280762
50,9.308331489562988,10.375346183776855
51,8.87342357635498,10.34646224975586
52,10.63238525390625,10.35185718536377
53,8.885204315185547,10.32469654083252
54,11.006538391113281,10.3370943069458
55,9.315193176269531,10.318845748901367
56,10.057701110839844,10.314263343811035
57,11.409258842468262,10.333142280578613
58,11.605646133422852,10.354710578918457
59,10.749539375305176,10.36129093170166
60,10.42096996307373,10.362268447875977
61,11.82461166381836,10.385854721069336
62,9.166078567504883,10.366493225097656
63,9.869521141052246,10.35872745513916
64,11.918476104736328,10.382722854614258
65,11.000710487365723,10.39208698272705
66,8.045345306396484,10.357061386108398
67,9.664544105529785,10.346877098083496
68,7.308854103088379,10.302847862243652
69,11.257447242736816,10.316484451293945
70,11.086257934570312,10.327326774597168
71,9.443594932556152,10.315052032470703
72,9.323427200317383,10.301468849182129
73,10.42301082611084,10.30311107635498
74,8.573933601379395,10.280055046081543
75,10.249886512756348,10.279658317565918
76,6.098083972930908,10.22535228729248
77,9.105260848999023,10.210991859436035
78,10.579265594482422,10.215654373168945
79,10.400290489196777,10.217962265014648
80,10.810357093811035,10.225275039672852
81,9.574538230895996,10.217339515686035
82,9.725540161132812,10.211414337158203
83,12.169671058654785,10.234726905822754
84,9.185749053955078,10.22238540649414
85,10.099174499511719,10.220952987670898
86,10.950601577758789,10.229339599609375
87,7.1030659675598145,10.193814277648926
88,10.388384819030762,10.196000099182129
89,10.767120361328125,10.202346801757812
90,11.430118560791016,10.215838432312012
91,11.31559944152832,10.227792739868164
92,5.815097808837891,10.180344581604004
93,8.235849380493164,10.159658432006836
94,8.603887557983398,10.143281936645508
95,8.695432662963867,10.128199577331543
96,8.193520545959473,10.108255386352539
97,8.537900924682617,10.092230796813965
98,7.866447448730469,10.069747924804688
99,7.991545677185059,10.048966407775879
100,8.389623641967773,10.032537460327148
101,8.787561416625977,10.020331382751465
102,7.843432903289795,9.99919605255127
103,8.104377746582031,9.980977058410645
104,8.1534423828125,9.963571548461914
105,9.07248592376709,9.95516586303711
106,5.9972052574157715,9.91817569732666
107,8.801210403442383,9.907833099365234
108,9.397367477416992,9.90315055847168
109,7.402805805206299,9.880419731140137
110,8.307662010192871,9.866250991821289
111,6.491641521453857,9.83612060546875
112,8.786762237548828,9.826833724975586
113,7.194307327270508,9.803742408752441
114,8.362018585205078,9.791205406188965
115,7.818474292755127,9.774199485778809
116,10.441038131713867,9.779898643493652
117,9.594605445861816,9.778328895568848
118,8.555689811706543,9.768054008483887
119,9.337041854858398,9.7644624710083
120,10.213781356811523,9.76817512512207
121,8.536565780639648,9.75808048248291
122,8.434313774108887,9.747318267822266
123,7.334532260894775,9.727860450744629
124,7.744421482086182,9.711992263793945
125,7.3649702072143555,9.693365097045898
126,6.97272253036499,9.671943664550781
127,8.506560325622559,9.66283893585205
128,8.3040132522583,9.652304649353027
129,7.084543228149414,9.632553100585938
130,6.752910137176514,9.61057186126709
131,10.227259635925293,9.615243911743164
132,6.612847328186035,9.592668533325195
133,8.095926284790039,9.581499099731445
134,11.85243034362793,9.598320960998535
135,12.436810493469238,9.619192123413086
136,5.347418308258057,9.588010787963867
137,6.463725566864014,9.5653715133667
138,8.136381149291992,9.55509090423584
139,4.95246696472168,9.522214889526367
140,7.526003837585449,9.508057594299316
141,7.15066385269165,9.491456031799316
142,8.32872200012207,9.483325004577637
143,8.108983039855957,9.47378158569336
144,9.762066841125488,9.47576904296875
145,9.232399940490723,9.474102973937988
146,8.589908599853516,9.468088150024414
147,8.585158348083496,9.462122917175293
148,9.08399772644043,9.459585189819336
149,9.550956726074219,9.460193634033203
150,6.842641353607178,9.442858695983887
151,13.616750717163086,9.470318794250488
152,7.035418510437012,9.4544038772583
153,7.57199764251709,9.442180633544922
154,8.16275691986084,9.43392562866211
155,10.69164752960205,9.441987991333008
156,8.419116973876953,9.435473442077637
157,11.331130027770996,9.447470664978027
158,11.144281387329102,9.45814323425293
159,8.602141380310059,9.45279312133789
160,8.687773704528809,9.448040962219238
161,8.26271915435791,9.44072437286377
162,7.126045227050781,9.42652416229248
163,10.009912490844727,9.430081367492676
164,8.900723457336426,9.426873207092285
165,8.758169174194336,9.422844886779785
166,7.973010063171387,9.414163589477539
167,10.951929092407227,9.423316955566406
168,9.826330184936523,9.425701141357422
169,9.80128288269043,9.427909851074219
170,9.071348190307617,9.425825119018555
171,9.150471687316895,9.424223899841309
172,9.315893173217773,9.423598289489746
173,9.128809928894043,9.421903610229492
174,7.8825178146362305,9.413107872009277
175,7.827667713165283,9.404099464416504
176,8.607656478881836,9.3996000289917
177,5.322807312011719,9.37669563293457
178,7.974398136138916,9.36886215209961
179,7.592128753662109,9.358991622924805
180,9.157172203063965,9.357876777648926
181,8.823981285095215,9.35494327545166
182,7.732390403747559,9.346076965332031
183,10.354065895080566,9.351554870605469
184,9.535234451293945,9.352548599243164
185,7.085938930511475,9.340362548828125
186,5.986481189727783,9.322426795959473
187,12.608800888061523,9.3399076461792
188,6.87220573425293,9.326850891113281
189,7.153180122375488,9.315410614013672
190,14.991443634033203,9.345128059387207
191,11.404814720153809,9.355854988098145
192,9.045660972595215,9.354248046875
193,9.884674072265625,9.356982231140137
194,10.27124309539795,9.36167049407959
195,9.421107292175293,9.361973762512207
196,11.591710090637207,9.373291969299316
197,9.60539436340332,9.37446403503418
198,12.847882270812988,9.391919136047363
199,12.374702453613281,9.406832695007324
200,11.261730194091797,9.416061401367188
201,10.187329292297363,9.419879913330078
202,10.27548599243164,9.424094200134277
203,11.207738876342773,9.432838439941406
204,11.746644020080566,9.444125175476074
205,10.0368070602417,9.447002410888672
206,11.625139236450195,9.457525253295898
207,9.986832618713379,9.46006965637207
208,10.625547409057617,9.465645790100098
209,11.814484596252441,9.47683048248291
210,11.666114807128906,9.48720645904541
211,11.500168800354004,9.49670124053955
212,12.027935981750488,9.508584976196289
213,9.889524459838867,9.51036548614502
214,9.539590835571289,9.51050090789795
215,10.968303680419922,9.517250061035156
216,11.292524337768555,9.525430679321289
217,11.122453689575195,9.532757759094238
218,11.518348693847656,9.541823387145996
219,11.033214569091797,9.548603057861328
220,10.304489135742188,9.552022933959961
221,11.294748306274414,9.5598726272583
222,10.15890884399414,9.562559127807617
223,10.274444580078125,9.565736770629883
224,11.186357498168945,9.5729398727417
225,13.369221687316895,9.589736938476562
226,11.516876220703125,9.598226547241211
227,10.475204467773438,9.602071762084961
228,9.066568374633789,9.59973430633545
229,11.516436576843262,9.608067512512207
230,12.115124702453613,9.61892032623291
231,12.414758682250977,9.630971908569336
232,10.253498077392578,9.63364315032959
233,10.828659057617188,9.638750076293945
234,10.708046913146973,9.64330005645752
235,9.940585136413574,9.644559860229492
236,11.192208290100098,9.651089668273926
237,9.971694946289062,9.652437210083008
238,3.74253511428833,9.62770938873291
239,4.289383411407471,9.60546588897705
240,3.125572443008423,9.578577995300293
241,3.629322052001953,9.553994178771973
242,3.939364194869995,9.530889511108398
243,6.030511379241943,9.5165433883667
244,2.1439173221588135,9.486451148986816
245,3.6814424991607666,9.462852478027344
246,5.476750373840332,9.446715354919434
247,5.054299831390381,9.429003715515137
248,2.053328037261963,9.399381637573242
249,3.4201767444610596,9.37546443939209
250,4.337131023406982,9.355391502380371
251,-1.9635759592056274,9.31047534942627
252,3.5007314682006836,9.287511825561523
253,-0.13898950815200806,9.250399589538574
254,0.9535360932350159,9.217863082885742
255,-2.2473959922790527,9.173077583312988
256,-0.1059805303812027,9.136972427368164
257,0.36745625734329224,9.102981567382812
258,0.4665018618106842,9.069636344909668
259,-2.474705696105957,9.025236129760742
260,1.1606826782226562,8.995102882385254
261,4.4332146644592285,8.977690696716309
262,3.4639530181884766,8.95672607421875
263,-0.3359019458293915,8.921525955200195
264,4.548663139343262,8.905024528503418
265,1.657378911972046,8.877778053283691
266,-1.4023563861846924,8.839276313781738
267,0.09538403898477554,8.806650161743164
268,-0.39299461245536804,8.77245044708252
269,-1.5041254758834839,8.73438835144043
270,-0.9366750121116638,8.698701858520508
271,2.080132007598877,8.674368858337402
272,-3.647400379180908,8.629233360290527
273,0.6547837853431702,8.600130081176758
274,2.0519134998321533,8.576318740844727
275,0.09865917265415192,8.545601844787598
276,-4.900734901428223,8.49705982208252
277,2.425114870071411,8.475217819213867
278,1.2805730104446411,8.449430465698242
279,-0.17188876867294312,8.41864013671875
280,0.4771139621734619,8.39037799835205
281,-2.1048755645751953,8.353160858154297
282,1.6293889284133911,8.329401969909668
283,1.8899716138839722,8.306727409362793
284,3.5291619300842285,8.289963722229004
285,0.534184455871582,8.262845993041992
286,5.105785369873047,8.251845359802246
287,2.1476242542266846,8.230649948120117
288,-2.5787057876586914,8.19324779510498
289,-0.47549310326576233,8.163354873657227
290,1.9335927963256836,8.141946792602539
291,-1.2210482358932495,8.109882354736328
292,-5.345778465270996,8.063959121704102
293,6.151065349578857,8.057453155517578
294,-15.161436080932617,7.978744983673096
295,-4.891554355621338,7.9352641105651855
296,-2.6503231525421143,7.899621963500977
297,2.8225255012512207,7.882584571838379
298,-8.691755294799805,7.827152729034424
299,3.0084550380706787,7.811090469360352
300,2.4798779487609863,7.793379306793213
301,3.858243227005005,7.780348777770996
302,-3.916494846343994,7.7417449951171875
303,0.425581157207489,7.717678546905518
304,1.1402548551559448,7.696113109588623
305,2.244380474090576,7.67829704284668
306,5.183252811431885,7.670169830322266
307,8.895923614501953,7.674149990081787
308,2.3266313076019287,7.656844139099121
309,0.3056201934814453,7.6331305503845215
310,-3.9554784297943115,7.595868110656738
311,-1.6129409074783325,7.566352367401123
312,2.7888503074645996,7.551088333129883
313,2.0881175994873047,7.533690452575684
314,2.7443931102752686,7.518486499786377
315,3.4145619869232178,7.505499362945557
316,2.3312506675720215,7.4891767501831055
317,-3.1712076663970947,7.455654144287109
318,1.6837090253829956,7.437559604644775
319,2.158292055130005,7.4210615158081055
320,2.255496025085449,7.404970169067383
321,0.027546245604753494,7.382058620452881
322,-0.9752445816993713,7.356184482574463
323,0.09240648150444031,7.333765029907227
324,-3.542422294616699,7.300299644470215
325,3.678400993347168,7.28918981552124
326,1.1354267597198486,7.270370960235596
327,-1.002143383026123,7.245150089263916
328,0.1714232861995697,7.223649024963379
329,-0.638134777545929,7.199825286865234
330,-0.712860107421875,7.175920009613037
331,2.598703145980835,7.162132740020752
332,0.873045027256012,7.143246650695801
333,-0.2813200354576111,7.121017932891846
334,3.070672035217285,7.108926773071289
335,3.989253520965576,7.099642276763916
336,1.1884599924087524,7.082101345062256
337,-0.3509931266307831,7.060110092163086
338,3.390117883682251,7.049283981323242
339,0.03443024680018425,7.028652191162109
340,2.5678446292877197,7.015570640563965
341,0.6092183589935303,6.996838092803955
342,1.9355272054672241,6.982082366943359
343,3.360246419906616,6.971554279327393
344,4.841615676879883,6.9653801918029785
345,-4.157526969909668,6.933233261108398
346,0.22764673829078674,6.9139084815979
347,2.355350971221924,6.900809288024902
348,8.493183135986328,6.905372142791748
349,8.324419021606445,6.909426689147949
350,11.908985137939453,6.923670291900635
351,11.657907485961914,6.937119960784912
352,12.23063850402832,6.952116012573242
353,12.451370239257812,6.967650890350342
354,13.7791109085083,6.986837863922119
355,13.029275894165039,7.003810882568359
356,11.88149642944336,7.017474174499512
357,12.312959671020508,7.032266139984131
358,10.73939323425293,7.042592525482178
359,7.059445381164551,7.042639255523682
360,10.384920120239258,7.051898002624512
361,12.12220287322998,7.06590461730957
362,11.17846965789795,7.077233791351318
363,11.603448867797852,7.0896687507629395
364,8.90781021118164,7.094649791717529
365,12.097376823425293,7.108318328857422
366,8.71580696105957,7.112698554992676
367,7.944112777709961,7.114957809448242
368,10.205167770385742,7.1233320236206055
369,11.69659423828125,7.135692119598389
370,11.816795349121094,7.148309707641602
371,7.44208288192749,7.149099826812744
372,11.364572525024414,7.160400867462158
373,11.134231567382812,7.171026229858398
374,6.396198272705078,7.168960094451904
375,5.37458610534668,7.164187908172607
376,9.133270263671875,7.169410705566406
377,8.44360637664795,7.172781944274902
378,3.8083815574645996,7.163904666900635
379,9.917619705200195,7.171151638031006
380,10.150984764099121,7.178972244262695
381,12.641677856445312,7.193272590637207
382,9.461089134216309,7.199193954467773
383,6.501002788543701,7.197375774383545
384,10.631393432617188,7.206295013427734
385,11.178251266479492,7.216585159301758
386,11.067716598510742,7.226535797119141
387,10.333776473999023,7.234544277191162
388,10.20278549194336,7.242175102233887
389,8.172945022583008,7.244561195373535
390,11.286958694458008,7.254899501800537
391,9.537687301635742,7.260723114013672
392,12.916463851928711,7.275114059448242
393,12.733550071716309,7.288968086242676
394,12.732439041137695,7.302749156951904
395,9.662445068359375,7.3087077140808105
396,12.232704162597656,7.321110725402832
397,12.442672729492188,7.333978652954102
398,12.452669143676758,7.346807479858398
399,12.09593391418457,7.358680248260498
400,12.64310359954834,7.371858596801758
401,9.344913482666016,7.376766681671143
402,4.929818153381348,7.370695114135742
403,10.193580627441406,7.377682685852051
404,9.207549095153809,7.382200717926025
405,10.330925941467285,7.389463424682617
406,11.236793518066406,7.398916244506836
407,12.12060832977295,7.410489082336426
408,12.530450820922852,7.423007488250732
409,11.115449905395508,7.432013511657715
410,11.089508056640625,7.44091272354126
411,11.828758239746094,7.451562881469727
412,9.368659019470215,7.456204891204834
413,11.070062637329102,7.4649338722229
414,10.28062629699707,7.4717183113098145
415,9.496715545654297,7.47658634185791
416,12.37922477722168,7.488343238830566
417,10.519081115722656,7.495594024658203
418,11.965780258178711,7.50626277923584
419,11.406211853027344,7.515548229217529
420,8.707209587097168,7.518379211425781
421,12.438274383544922,7.5300374031066895
422,9.97161865234375,7.535809516906738
423,5.573670864105225,7.531182289123535
424,9.439395904541016,7.535672187805176
425,9.18975830078125,7.539554595947266
426,12.12377643585205,7.550290584564209
427,9.364067077636719,7.55452823638916
428,9.467803001403809,7.558988094329834
429,10.726576805114746,7.566354751586914
430,13.704273223876953,7.580595970153809
431,11.203184127807617,7.5889811515808105
432,8.696138381958008,7.591537952423096
433,10.994034767150879,7.5993781089782715
434,10.786005020141602,7.606703281402588
435,11.2066068649292,7.614960193634033
436,8.537786483764648,7.617071628570557
437,10.718452453613281,7.624152660369873
438,6.917158126831055,7.622542381286621
439,9.741747856140137,7.627358913421631
440,9.241433143615723,7.63101863861084
441,9.754480361938477,7.635822772979736
442,7.446822643280029,7.6353960037231445
443,7.746007919311523,7.635645389556885
444,8.149922370910645,7.636801242828369
445,6.196682929992676,7.633572101593018
446,6.297624588012695,7.630583763122559
447,9.17696475982666,7.634035587310791
448,7.542178630828857,7.633831024169922
449,9.897528648376465,7.638861179351807
450,9.733002662658691,7.6435041427612305
451,9.551764488220215,7.647726058959961
452,6.730062484741211,7.645699977874756
453,11.020009994506836,7.653132438659668
454,7.152169227600098,7.652031421661377
455,10.521892547607422,7.6583251953125
456,6.881437301635742,7.656624794006348
457,7.246070384979248,7.655728816986084
458,9.227972984313965,7.659153938293457
459,6.779407501220703,7.657241344451904
460,8.381208419799805,7.658811569213867
461,7.175538063049316,7.6577653884887695
462,9.873814582824707,7.6625518798828125
463,9.347299575805664,7.666182994842529
464,9.388525009155273,7.669886589050293
465,6.918015003204346,7.668272972106934
466,7.778322219848633,7.668509006500244
467,8.159067153930664,7.669557094573975
468,9.02047061920166,7.67243766784668
469,11.173133850097656,7.6798858642578125
470,11.315855026245117,7.687605857849121
471,8.644068717956543,7.689631938934326
472,9.8431978225708,7.694185256958008
473,7.928164482116699,7.694678783416748
474,8.366815567016602,7.696093559265137
475,8.490842819213867,7.697762966156006
476,12.579721450805664,7.707998275756836
477,7.759217739105225,7.708105564117432
478,8.085164070129395,7.708892822265625
479,7.240632057189941,7.707917213439941
480,9.053238868713379,7.710714340209961
481,12.741808891296387,7.721151828765869
482,9.53952693939209,7.724916934967041
483,10.073410034179688,7.729769229888916
484,8.88370418548584,7.73214864730835
485,9.60014533996582,7.735991954803467
486,11.172504425048828,7.743048667907715
487,12.35400676727295,7.752497673034668
488,8.384443283081055,7.753789901733398
489,10.558353424072266,7.7595133781433105
490,9.28294849395752,7.762616157531738
491,10.547982215881348,7.768277645111084
492,9.808795928955078,7.772417068481445
493,10.419248580932617,7.777774810791016
494,10.821754455566406,7.783924102783203
495,13.43736457824707,7.795321941375732
496,13.091602325439453,7.805978298187256
497,9.32094669342041,7.809020519256592
498,15.371051788330078,7.8241753578186035
499,10.508636474609375,7.8295440673828125
500,12.466548919677734,7.838799476623535
501,11.704367637634277,7.846499919891357
502,10.208601951599121,7.851195335388184
503,12.89747428894043,7.861207962036133
504,9.940011978149414,7.8653244972229
505,8.685468673706055,7.866945266723633
506,9.843853950500488,7.87084436416626
507,15.193605422973633,7.88525915145874
508,12.608654022216797,7.894538879394531
509,11.452018737792969,7.901514053344727
510,11.175424575805664,7.907921314239502
511,10.992779731750488,7.913946151733398
512,11.09040355682373,7.920137882232666
513,9.972429275512695,7.924130916595459
514,12.015351295471191,7.932075023651123
515,16.115623474121094,7.947934627532959
516,11.549314498901367,7.954900741577148
517,10.84953784942627,7.960488796234131
518,15.49629020690918,7.975008487701416
519,13.491863250732422,7.985617160797119
520,11.480289459228516,7.992325305938721
521,8.616806030273438,7.993521213531494
522,13.255270957946777,8.003582000732422
523,12.387266159057617,8.011947631835938
524,12.025999069213867,8.019593238830566
525,11.276139259338379,8.025785446166992
526,13.369680404663086,8.035924911499023
527,11.871514320373535,8.043190002441406
528,-2.3555941581726074,8.02353286743164
529,-2.860715866088867,8.002996444702148
530,-1.808258295059204,7.9845194816589355
531,-1.322103500366211,7.967025279998779
532,-1.4173669815063477,7.949418544769287
533,-1.1496955156326294,7.932378768920898
534,-1.909368634223938,7.91398286819458
535,-3.2054879665374756,7.893237590789795
536,-1.7974867820739746,7.875191688537598
537,0.12062758207321167,7.860778331756592
538,0.7609715461730957,7.8476057052612305
539,-5.9039106369018555,7.822139739990234
540,-2.3354172706604004,7.803364276885986
541,0.23866446316242218,7.789407730102539
542,2.3317675590515137,7.779356002807617
543,-1.482771635055542,7.762330055236816
544,-0.5510455965995789,7.74707555770874
545,-0.2767687439918518,7.732379913330078
546,0.03791024535894394,7.718313694000244
547,-2.8611512184143066,7.699007511138916
548,3.1601619720458984,7.69074010848999
549,-3.7619457244873047,7.669917583465576
550,-0.9067162871360779,7.654351711273193
551,-1.276672124862671,7.638172149658203
552,1.6996805667877197,7.6274333000183105
553,-1.2986384630203247,7.611320972442627
554,-2.9405770301818848,7.59230899810791
555,-2.2952206134796143,7.574525356292725
556,0.7695975303649902,7.562307834625244
557,-0.1429799348115921,7.54849910736084
558,-4.082754135131836,7.5276923179626465
559,-0.2937428057193756,7.513725280761719
560,-2.516503095626831,7.495845794677734
561,-1.6607297658920288,7.47955322265625
562,0.6338716149330139,7.467393398284912
563,0.4997522234916687,7.455039024353027
564,-3.692967414855957,7.435308456420898
565,4.129012107849121,7.429466724395752
566,1.0317898988723755,7.418183326721191
567,-3.6784746646881104,7.398646354675293
568,2.796321153640747,7.390558242797852
569,1.0596657991409302,7.379451274871826
570,-1.604006052017212,7.363718032836914
571,0.9931874871253967,7.352581024169922
572,-0.6868993639945984,7.338550090789795
573,0.6373783946037292,7.32687520980835
574,-4.883288383483887,7.30564022064209
575,2.893035411834717,7.297979354858398
576,0.0004612634365912527,7.285332202911377
577,-4.840185642242432,7.2643537521362305
578,-4.077605247497559,7.244764804840088
579,0.020508067682385445,7.232308864593506
580,-0.2939067780971527,7.21935510635376
581,-0.6708455085754395,7.205798149108887
582,4.204400062561035,7.200650215148926
583,0.989983081817627,7.190014839172363
584,-0.6703981161117554,7.176578521728516
585,-3.954949140548706,7.1575822830200195
586,-1.348739743232727,7.143091201782227
587,1.044702410697937,7.132720470428467
588,-2.1134300231933594,7.117022514343262
589,2.461921453475952,7.109132289886475
590,3.193981409072876,7.102507591247559
591,-2.6582322120666504,7.086019992828369
592,-10.313158988952637,7.0566792488098145
593,-1.9296740293502808,7.041550636291504
594,0.3237494230270386,7.03026008605957
595,1.4160603284835815,7.020840644836426
596,5.662466049194336,7.0185651779174805
597,-1.9478012323379517,7.003571510314941
598,4.332005500793457,6.999111652374268
599,3.1439952850341797,6.9926862716674805
600,1.2218631505966187,6.983084201812744
601,3.5563788414001465,6.977391242980957
602,2.7454020977020264,6.970373630523682
603,-2.352086305618286,6.954938888549805
604,-0.4207882285118103,6.942747592926025
605,0.011919647455215454,6.931310176849365
606,1.7934682369232178,6.922845840454102
607,-0.04050570726394653,6.911393165588379
608,-1.8903189897537231,6.8969407081604
609,0.06440378725528717,6.885739803314209
610,2.8790152072906494,6.879181861877441
611,0.15283244848251343,6.868191242218018
612,-6.8489460945129395,6.845813751220703
613,4.674492835998535,6.8422770500183105
614,-2.1035869121551514,6.827731132507324
615,-1.6598868370056152,6.813952922821045
616,-1.2661669254302979,6.800857067108154
617,2.820141077041626,6.794416427612305
618,-6.621921062469482,6.772741794586182
619,-1.2057421207427979,6.759873390197754
620,1.6141479015350342,6.751587390899658
621,4.16546630859375,6.747429847717285
622,-0.8114268779754639,6.735296726226807
623,-3.555807113647461,6.718804836273193
624,2.1359329223632812,6.711472034454346
625,-4.8322577476501465,6.6930317878723145
626,-0.9800869822502136,6.6807942390441895
627,0.7352059483528137,6.671326637268066
628,-10.525946617126465,6.643986225128174
629,3.3869526386260986,6.638815879821777
630,-19.04964828491211,6.598104953765869
631,5.1364641189575195,6.595791816711426
632,-0.17952290177345276,6.58508825302124
633,-0.4820179343223572,6.573941707611084
634,3.2154645919799805,6.568652153015137
635,-0.5066325664520264,6.557527542114258
636,-1.0512700080871582,6.5455827713012695
637,0.8422303199768066,6.5366435050964355
638,-2.622992753982544,6.522308826446533
639,-4.565154075622559,6.5049848556518555
640,-0.7947530746459961,6.49359655380249
641,-5.587894439697266,6.474778175354004
642,1.3572063446044922,6.466819763183594
643,-3.1939597129821777,6.451818466186523
644,-5.8566575050354,6.432735919952393
645,-0.710429310798645,6.42167854309082
646,1.9223724603652954,6.414724349975586
647,2.9355411529541016,6.409355163574219
648,0.55171799659729,6.40032958984375
649,-1.1217501163482666,6.388757705688477
650,4.470557689666748,6.3858113288879395
651,3.035203218460083,6.380671977996826
652,-2.0276989936828613,6.367795467376709
653,0.3245638310909271,6.358555316925049
654,-0.45677781105041504,6.348150730133057
655,1.2170650959014893,6.340329170227051
656,4.101572513580322,6.336921691894531
657,-1.4323375225067139,6.3251142501831055
658,-1.851447343826294,6.31270694732666
659,1.9872996807098389,6.306153297424316
660,-0.49435144662857056,6.295865058898926
661,-3.2885193824768066,6.2813873291015625
662,-1.2862695455551147,6.269973278045654
663,-1.8403948545455933,6.257758617401123
664,-6.792823791503906,6.238133430480957
665,-1.306056022644043,6.226805686950684
666,-0.8981090784072876,6.216124057769775
667,1.7187283039093018,6.2093915939331055
668,2.4257354736328125,6.203735828399658
669,-0.10605321079492569,6.1943182945251465
670,1.1201422214508057,6.186756134033203
671,1.7156058549880981,6.180103302001953
672,3.5072004795074463,6.176131725311279
673,4.8687896728515625,6.174191951751709
674,3.0102086067199707,6.169504642486572
675,0.8705692887306213,6.161665916442871
676,5.059499263763428,6.160037994384766
677,-1.7164802551269531,6.148420810699463
678,2.305446147918701,6.142761707305908
679,2.2040185928344727,6.136969566345215
680,0.8369659781455994,6.129186630249023
681,0.6622315049171448,6.121170520782471
682,1.0647939443588257,6.113767623901367
683,-1.1984448432922363,6.103077411651611
684,-3.0479087829589844,6.089718341827393
685,-3.4734222888946533,6.075777530670166
686,-5.2043585777282715,6.059357643127441
687,-3.9838600158691406,6.044760227203369
688,0.13567638397216797,6.036183834075928
689,-0.09366951137781143,6.027299880981445
690,-0.9196329116821289,6.017246723175049
691,-4.176792144775391,6.0025153160095215
692,-1.1814696788787842,5.9921488761901855
693,-0.09429589658975601,5.983378887176514
694,-7.309185981750488,5.964252948760986
695,3.434591770172119,5.960618495941162
696,0.06343602389097214,5.952157497406006
697,-10.143117904663086,5.929098606109619
698,-0.5362651348114014,5.919849395751953
699,-5.690176963806152,5.903264045715332
700,2.9423418045043945,5.899040222167969
701,1.0831897258758545,5.892179489135742
702,-6.660122871398926,5.874324321746826
703,-2.7754344940185547,5.862037658691406
704,-2.946726083755493,5.84954309463501
705,-3.9597949981689453,5.835648536682129
706,-2.7196857929229736,5.82354736328125
707,1.9758294820785522,5.818112373352051
708,2.3557348251342773,5.813229560852051
709,-7.105249404907227,5.795033931732178
710,-2.161468982696533,5.783843040466309
711,-8.924114227294922,5.763185501098633
712,-1.1162055730819702,5.753537178039551
713,-8.941563606262207,5.732955455780029
714,0.5794077515602112,5.725747585296631
715,1.7901157140731812,5.720251083374023
716,-7.89423942565918,5.701262950897217
717,-2.241269111633301,5.6902008056640625
718,-5.017498016357422,5.6753082275390625
719,-0.5984646677970886,5.666594982147217
720,-3.3608973026275635,5.654074192047119
721,0.8109900951385498,5.647366046905518
722,-0.8753225207328796,5.638344764709473
723,-3.7599494457244873,5.625363349914551
724,-2.9017114639282227,5.613602161407471
725,-0.79316246509552,5.6047773361206055
726,-5.7636003494262695,5.589139938354492
727,1.8545490503311157,5.584009647369385
728,-5.185088157653809,5.56923770904541
729,1.4094679355621338,5.563539028167725
730,-4.049865245819092,5.550388336181641
731,-7.346770763397217,5.532769203186035
732,-0.6447652578353882,5.524341583251953
733,-10.688774108886719,5.502252578735352
734,1.1807513236999512,5.496373176574707
735,-5.505922317504883,5.481424331665039
736,-1.4916187524795532,5.471962928771973
737,-3.8509349822998047,5.4593305587768555
738,-1.8064826726913452,5.449498653411865
739,1.8258250951766968,5.444602012634277
740,5.338359355926514,5.444458484649658
741,1.9009851217269897,5.439682960510254
742,-9.36141300201416,5.419762134552002
743,-0.1633828580379486,5.412258148193359
744,-9.860543251037598,5.391757488250732
745,4.884947299957275,5.391078472137451
746,-1.6341605186462402,5.381673336029053
747,0.2937586307525635,5.374871253967285
748,-1.346670389175415,5.365897178649902
749,-0.5343126058578491,5.358030319213867
750,-3.687901735305786,5.345984935760498
751,3.4700047969818115,5.343490123748779
752,5.740220069885254,5.344017028808594
753,-2.8825793266296387,5.333106517791748
754,-7.062826633453369,5.316688060760498
755,-4.064825057983398,5.30427885055542
756,1.6864492893218994,5.29949951171875
757,-1.4623008966445923,5.290578842163086
758,-3.4059832096099854,5.279120922088623
759,-0.9694585800170898,5.270899295806885
760,-3.3094558715820312,5.259624004364014
761,-0.6229457855224609,5.251904010772705
762,-1.8736408948898315,5.242565155029297
763,1.3440473079681396,5.237462043762207
764,-0.18787480890750885,5.230370044708252
765,1.5920592546463013,5.225620269775391
766,0.39666157960891724,5.219324588775635
767,-3.3827505111694336,5.208123683929443
768,-0.7359690070152283,5.200394153594971
769,-0.0588621124625206,5.193563938140869
770,-5.537147521972656,5.179646015167236
771,-4.287952899932861,5.16738224029541
772,6.0775651931762695,5.168560028076172
773,-1.820105791091919,5.1595306396484375
774,-0.5651166439056396,5.152143955230713
775,3.7259886264801025,5.150306224822998
776,-1.5482808351516724,5.1416850090026855
777,4.663339138031006,5.141070365905762
778,-9.869095802307129,5.121801853179932
779,-3.034597635269165,5.111344814300537
780,-4.549313068389893,5.09897518157959
781,-5.795109272003174,5.085043907165527
782,-3.458129405975342,5.074133396148682
783,-7.711455821990967,5.057825088500977
784,4.67872953414917,5.057342052459717
785,-1.9589440822601318,5.048415660858154
786,-0.6151369214057922,5.041219234466553
787,-4.583054065704346,5.029005527496338
788,1.6617859601974487,5.02473783493042
789,1.799651861190796,5.020655632019043
790,4.665763854980469,5.020206928253174
791,-5.154788017272949,5.007359504699707
792,0.4813459515571594,5.001652240753174
793,-0.5403717756271362,4.994672775268555
794,-2.696842670440674,4.984997749328613
795,-0.5750819444656372,4.978012561798096
796,3.479604482650757,4.976132392883301
797,-2.761014699935913,4.966436862945557
798,-15.61397933959961,4.94067907333374
799,-8.27109432220459,4.924164295196533
800,-0.25638890266418457,4.917696952819824
801,-7.0097246170043945,4.902824878692627
802,3.006647825241089,4.900463104248047
803,-0.4691540002822876,4.893784523010254
804,-16.338937759399414,4.867408752441406
805,2.0981290340423584,4.8639726638793945
806,0.8183743953704834,4.858959674835205
807,-2.7434301376342773,4.849550724029541
808,-5.777287483215332,4.836414813995361
809,-0.7010629773139954,4.829578399658203
810,-5.492486953735352,4.816850662231445
811,-1.658153772354126,4.8088765144348145
812,1.0985748767852783,4.8043131828308105
813,-1.6676205396652222,4.796361923217773
814,-0.40536999702453613,4.789979934692383
815,1.3271217346191406,4.785736083984375
816,0.4316072463989258,4.780406951904297
817,-4.961822986602783,4.768496990203857
818,-2.090127944946289,4.760122299194336
819,-1.7734688520431519,4.75215482711792
820,-1.0310231447219849,4.745110511779785
821,-6.077531814575195,4.7319440841674805
822,-5.236321449279785,4.719831943511963
823,-3.255378246307373,4.710153579711914
824,1.5756394863128662,4.706354141235352
825,-5.392777919769287,4.694127559661865
826,-7.604406356811523,4.679255962371826
827,-2.286154270172119,4.670844078063965
828,1.6873154640197754,4.667244911193848
829,-2.205385684967041,4.65896463394165
830,-8.767987251281738,4.6428070068359375
831,-5.437461853027344,4.630691051483154
832,-2.2316343784332275,4.622453212738037
833,-6.173888206481934,4.609508037567139
834,-3.9268338680267334,4.599284648895264
835,-0.8440327644348145,4.592773914337158
836,-0.7352014780044556,4.5864081382751465
837,-5.126180171966553,4.574818134307861
838,-12.235982894897461,4.554781436920166
839,0.06529993563890457,4.549436569213867
840,0.8665501475334167,4.54505729675293
841,-0.6796408891677856,4.538852214813232
842,-2.939936876296997,4.529980182647705
843,-3.386542797088623,4.52060079574585
844,-2.1801393032073975,4.512670516967773
845,-2.4146344661712646,4.504482746124268
846,-4.192583084106445,4.4942145347595215
847,-0.2852187156677246,4.4885783195495605
848,-5.925810813903809,4.476311683654785
849,-8.444230079650879,4.461111068725586
850,-0.5724896192550659,4.455195903778076
851,-3.4834134578704834,4.445878505706787
852,-1.950206995010376,4.438380241394043
853,-8.465822219848633,4.423269748687744
854,-4.860472202301025,4.412411689758301
855,-3.6896731853485107,4.402946472167969
856,-4.3530473709106445,4.392729759216309
857,-3.237977981567383,4.383835792541504
858,-1.5873740911483765,4.376884460449219
859,-4.038760185241699,4.367098808288574
860,-2.842259168624878,4.358725547790527
861,-4.020320892333984,4.349005222320557
862,-3.8543238639831543,4.3394999504089355
863,-7.643868923187256,4.325630187988281
864,0.2834430932998657,4.320957183837891
865,-4.11070442199707,4.311221122741699
866,-4.298885345458984,4.301290035247803
867,0.43497994542121887,4.296835899353027
868,-6.183910369873047,4.284775257110596
869,12.06024169921875,4.293712615966797
870,10.883692741394043,4.301278591156006
871,10.700348854064941,4.308617115020752
872,12.093610763549805,4.317534446716309
873,11.371769905090332,4.325605869293213
874,11.929030418395996,4.334295272827148
875,13.189046859741211,4.3444037437438965
876,9.511720657348633,4.350295543670654
877,14.020004272460938,4.361309051513672
878,12.188706398010254,4.370213985443115
879,11.80899715423584,4.378666877746582
880,6.6467790603637695,4.381241321563721
881,11.083684921264648,4.388840675354004
882,12.521167755126953,4.398050785064697
883,12.269922256469727,4.406955718994141
884,11.92824935913086,4.415454387664795
885,11.961102485656738,4.423970699310303
886,13.095726013183594,4.433747291564941
887,12.495386123657227,4.442825794219971
888,12.931364059448242,4.45237398147583
889,14.244453430175781,4.463376522064209
890,13.086111068725586,4.473053932189941
891,12.915695190429688,4.482519149780273
892,12.796102523803711,4.491828918457031
893,12.518085479736328,4.50080680847168
894,11.946066856384277,4.509125232696533
895,10.952120780944824,4.5163164138793945
896,14.09831428527832,4.526998519897461
897,10.861040115356445,4.53405237197876
898,14.413999557495117,4.545042037963867
899,12.069643020629883,4.553402900695801
900,14.022666931152344,4.563912391662598
901,11.141318321228027,4.57120418548584
902,8.69467544555664,4.575770854949951
903,9.888449668884277,4.581647872924805
904,8.853432655334473,4.586368083953857
905,13.268077850341797,4.595950603485107
906,9.649016380310059,4.6015214920043945
907,13.2191162109375,4.6110124588012695
908,7.6668291091918945,4.614374160766602
909,13.784591674804688,4.624451637268066
910,15.010537147521973,4.635852813720703
911,10.797414779663086,4.642608642578125
912,12.445974349975586,4.651155471801758
913,7.979475975036621,4.654797077178955
914,11.130572319030762,4.661873817443848
915,8.575538635253906,4.666146755218506
916,8.262202262878418,4.670068264007568
917,13.761109352111816,4.679971694946289
918,11.25990104675293,4.687131404876709
919,13.879953384399414,4.6971235275268555
920,8.348724365234375,4.701087951660156
921,16.011693954467773,4.713355541229248
922,10.990843772888184,4.720156669616699
923,9.95846939086914,4.725825786590576
924,11.990554809570312,4.73367977142334
925,10.103780746459961,4.739479064941406
926,14.181020736694336,4.749664306640625
927,13.377442359924316,4.7589616775512695
928,11.424249649047852,4.766136169433594
929,11.872817993164062,4.773778438568115
930,12.55465316772461,4.782135963439941
931,12.303964614868164,4.7902069091796875
932,13.332963943481445,4.799363136291504
933,13.231654167175293,4.808391094207764
934,13.332841873168945,4.817508220672607
935,12.332578659057617,4.825537204742432
936,13.00634765625,4.834268093109131
937,13.082228660583496,4.8430609703063965
938,11.612969398498535,4.8502702713012695
939,12.007494926452637,4.857884407043457
940,13.130208969116211,4.86667537689209
941,11.858213424682617,4.8740973472595215
942,11.082440376281738,4.880681037902832
943,12.085519790649414,4.888313293457031
944,11.093528747558594,4.8948798179626465
945,11.42666244506836,4.901784896850586
946,11.958104133605957,4.909235954284668
947,8.750445365905762,4.91328763961792
948,14.627925872802734,4.923524379730225
949,9.431844711303711,4.928269863128662
950,11.842804908752441,4.935540676116943
951,13.469452857971191,4.944504737854004
952,11.544118881225586,4.95142936706543
953,10.499265670776367,4.957244873046875
954,10.47909164428711,4.963026523590088
955,11.046165466308594,4.969389915466309
956,10.188758850097656,4.974843978881836
957,10.481891632080078,4.980592727661133
958,12.268362045288086,4.988192081451416
959,11.029481887817383,4.994484901428223
960,13.390436172485352,5.0032219886779785
961,13.888479232788086,5.012458324432373
962,12.3384370803833,5.020065784454346
963,12.481707572937012,5.027806282043457
964,9.475068092346191,5.03241491317749
965,12.148681640625,5.039781093597412
966,9.757200241088867,5.044659614562988
967,9.667939186096191,5.049436092376709
968,13.399018287658691,5.0580525398254395
969,11.234163284301758,5.064419746398926
970,10.229482650756836,5.06973934173584
971,14.393117904663086,5.079330921173096
972,12.18848991394043,5.086637496948242
973,8.996471405029297,5.090651988983154
974,12.942361831665039,5.098704814910889
975,11.573624610900879,5.105339050292969
976,12.606447219848633,5.1130170822143555
977,14.1365327835083,5.122243404388428
978,15.80776596069336,5.133158206939697
979,12.903794288635254,5.141087532043457
980,11.68299674987793,5.147756099700928
981,11.32284164428711,5.154044151306152
982,13.86909294128418,5.162909984588623
983,10.949987411499023,5.1687912940979
984,14.500121116638184,5.178264617919922
985,12.443731307983398,5.185633659362793
986,11.632643699645996,5.192165851593018
987,8.840875625610352,5.195858478546143
988,14.180502891540527,5.2049431800842285
989,10.491775512695312,5.210283279418945
990,13.934341430664062,5.21908712387085
991,12.70130729675293,5.226629257202148
992,12.877188682556152,5.234333515167236
993,11.831592559814453,5.240970611572266
994,11.675193786621094,5.247437477111816
995,11.454662322998047,5.253669261932373
996,11.441496849060059,5.259875774383545
997,9.750088691711426,5.264374732971191
998,11.294219970703125,5.270411014556885
999,13.38682746887207,5.27852725982666
1000,11.352264404296875,5.284595012664795
1001,13.143058776855469,5.292437553405762
1002,11.589217185974121,5.298715591430664
1003,12.069817543029785,5.305459976196289
1004,12.341516494750977,5.312460422515869
1005,11.91596508026123,5.319025039672852
1006,11.763910293579102,5.325424671173096
1007,12.439417839050293,5.33248233795166
1008,11.105978012084961,5.338204383850098
1009,10.784610748291016,5.343596935272217
1010,10.484103202819824,5.3486809730529785
1011,10.731403350830078,5.354000091552734
1012,12.042778968811035,5.360603332519531
1013,9.882881164550781,5.365062713623047
1014,11.07580280303955,5.370689392089844
1015,12.480009078979492,5.377686500549316
1016,11.547774314880371,5.383753299713135
1017,10.361424446105957,5.388643264770508
1018,12.441741943359375,5.395565032958984
1019,11.765033721923828,5.4018096923828125
1020,10.847665786743164,5.4071431159973145
1021,11.63939094543457,5.413241386413574
1022,12.360513687133789,5.420032024383545
1023,11.782379150390625,5.426245212554932
1024,13.022933959960938,5.433656692504883
1025,10.816057205200195,5.438902378082275
1026,12.37204360961914,5.445653438568115
1027,11.15362548828125,5.451206207275391
1028,10.666341781616211,5.456274509429932
1029,10.851811408996582,5.461513042449951
1030,11.348390579223633,5.467223167419434
1031,11.503691673278809,5.473072528839111
1032,12.073427200317383,5.479462146759033
1033,9.373348236083984,5.483227729797363
1034,13.222330093383789,5.4907050132751465
1035,10.807153701782227,5.4958367347717285
1036,9.486016273498535,5.4996843338012695
1037,9.534194946289062,5.503571510314941
1038,10.994996070861816,5.508856773376465
1039,9.690362930297852,5.512877464294434
1040,10.207809448242188,5.517387866973877
1041,9.053560256958008,5.520781517028809
1042,8.702736854553223,5.523832321166992
1043,11.033268928527832,5.529109477996826
1044,8.88296890258789,5.532318592071533
1045,13.250722885131836,5.539697170257568
1046,9.227653503417969,5.543219566345215
1047,11.085366249084473,5.548508167266846
1048,11.244718551635742,5.553937911987305
1049,12.628191947937012,5.560675621032715
1050,12.417559623718262,5.56719970703125
1051,11.766721725463867,5.573092937469482
1052,8.525520324707031,5.575896263122559
1053,11.635791778564453,5.581645965576172
1054,11.474732398986816,5.587231636047363
1055,10.31344223022461,5.591707229614258
1056,8.836997032165527,5.594777584075928
1057,10.457622528076172,5.5993733406066895
1058,11.263598442077637,5.604722499847412
1059,10.947280883789062,5.609762191772461
1060,11.280649185180664,5.615107536315918
1061,11.148082733154297,5.620316982269287
1062,12.473602294921875,5.626764297485352
1063,11.893181800842285,5.632653713226318
1064,10.451950073242188,5.637178897857666
1065,11.754427909851074,5.642917633056641
1066,11.465780258178711,5.648375034332275
1067,11.670412063598633,5.654013633728027
1068,12.598992347717285,5.660510063171387
1069,10.284505844116211,5.66483211517334
1070,8.841367721557617,5.667797565460205
1071,10.086665153503418,5.671919822692871
1072,10.311678886413574,5.676243782043457
1073,9.381481170654297,5.679693222045898
1074,12.03488540649414,5.685605049133301
1075,10.945676803588867,5.690493583679199
1076,10.416051864624023,5.694881439208984
1077,10.49477481842041,5.699333667755127
1078,12.596473693847656,5.705726146697998
1079,12.685827255249023,5.712189197540283
1080,11.638690948486328,5.717671871185303
1081,11.523431777954102,5.7230377197265625
1082,13.353338241577148,5.730083465576172
1083,10.335955619812012,5.734332084655762
1084,12.004157066345215,5.740110874176025
1085,12.580804824829102,5.746409893035889
1086,10.989891052246094,5.7512335777282715
1087,9.8303804397583,5.754982948303223
1088,11.185543060302734,5.759969711303711
1089,11.687703132629395,5.765407562255859
1090,11.119246482849121,5.770314693450928
1091,10.44791316986084,5.774598121643066
1092,11.446982383728027,5.779788017272949
1093,9.982681274414062,5.783629894256592
1094,12.083868980407715,5.789383411407471
1095,11.457529067993164,5.794555187225342
1096,10.117119789123535,5.798495769500732
1097,11.099550247192383,5.803323745727539
1098,12.440998077392578,5.80936336517334
1099,11.307364463806152,5.814361095428467
1100,11.773126602172852,5.819773197174072
1101,10.311964988708496,5.823849678039551
1102,9.927648544311523,5.82757043838501
1103,12.435249328613281,5.833555221557617
1104,9.921219825744629,5.837254524230957
1105,11.571426391601562,5.8424391746521
1106,9.538058280944824,5.84577751159668
1107,10.690264701843262,5.850150108337402
1108,10.400954246520996,5.854253768920898
1109,10.847917556762695,5.858752727508545
1110,12.048168182373047,5.864323616027832
1111,12.291511535644531,5.870103359222412
1112,12.327536582946777,5.875905513763428
1113,12.831244468688965,5.882148742675781
1114,10.38689136505127,5.886188983917236
1115,12.979303359985352,5.892544746398926
1116,13.327923774719238,5.899201393127441
1117,11.158175468444824,5.903905391693115
1118,12.946733474731445,5.9101996421813965
1119,13.125940322875977,5.916642189025879
1120,12.045143127441406,5.922109127044678
1121,12.327147483825684,5.927817344665527
1122,12.55504035949707,5.933719158172607
1123,11.390891075134277,5.938574314117432
1124,13.635860443115234,5.945416450500488
1125,12.465876579284668,5.951207160949707
1126,12.156965255737305,5.9567131996154785
1127,13.17736530303955,5.963114261627197
1128,12.34339714050293,5.968765735626221
1129,13.248404502868652,5.975207805633545
1130,11.377306938171387,5.979984283447266
1131,12.45613956451416,5.985705375671387
1132,12.608268737792969,5.991550445556641
1133,11.364519119262695,5.996288776397705
1134,13.593795776367188,6.0029826164245605
1135,11.667606353759766,6.007968902587891
1136,11.313407897949219,6.012635231018066
1137,11.465375900268555,6.017426490783691
1138,13.384904861450195,6.023894786834717
1139,13.603391647338867,6.030543804168701
1140,11.841459274291992,6.0356364250183105
1141,12.44942855834961,6.041252613067627
1142,12.30050277709961,6.046728610992432
1143,12.581681251525879,6.052440643310547
1144,12.249678611755371,6.0578532218933105
1145,10.367918014526367,6.0616135597229
1146,12.252188682556152,6.067010879516602
1147,6.955724716186523,6.067784786224365
1148,2.460033655166626,6.064644813537598
1149,4.096033096313477,6.062932968139648
1150,5.524236679077148,6.062465190887451
1151,6.5322723388671875,6.062872886657715
1152,4.923466682434082,6.061884880065918
1153,5.92242431640625,6.061763763427734
1154,6.319997787475586,6.061987400054932
1155,2.090085983276367,6.05855131149292
1156,6.652467727661133,6.0590643882751465
1157,6.041040897369385,6.059048652648926
1158,5.837579727172852,6.058857440948486
1159,6.269862174987793,6.05903959274292
1160,7.477641582489014,6.060261249542236
1161,5.496874809265137,6.059776782989502
1162,6.533230781555176,6.060183525085449
1163,7.378293037414551,6.061316013336182
1164,7.154242515563965,6.062254428863525
1165,7.762138843536377,6.063712120056152
1166,5.066354274749756,6.062857627868652
1167,3.670351982116699,6.06080961227417
1168,4.122950077056885,6.059151649475098
1169,5.131565093994141,6.058358669281006
1170,5.624973773956299,6.05798864364624
1171,5.680933475494385,6.057667255401611
1172,5.767244338989258,6.057419300079346
1173,2.846669912338257,6.054684638977051
1174,7.15270471572876,6.055619239807129
1175,7.558481216430664,6.056897163391113
1176,7.724213600158691,6.058313846588135
1177,7.898735523223877,6.059876441955566
1178,2.137138605117798,6.056549072265625
1179,5.929710388183594,6.056441783905029
1180,5.7389726638793945,6.0561723709106445
1181,8.070673942565918,6.057877063751221
1182,5.717250823974609,6.057589054107666
1183,7.238142490386963,6.058586120605469
1184,3.331949472427368,6.056285381317139
1185,7.456564426422119,6.05746603012085
1186,6.731208801269531,6.0580339431762695
1187,6.6748199462890625,6.058553218841553
1188,6.315889358520508,6.058769702911377
1189,6.240888595581055,6.058922290802002
1190,5.420626640319824,6.058386325836182
1191,4.494047164916992,6.057074069976807
1192,5.22681999206543,6.056378364562988
1193,8.64929485321045,6.058549880981445
1194,4.981947422027588,6.0576491355896
1195,5.928900718688965,6.057541370391846
1196,4.147521018981934,6.05594539642334
1197,7.9700398445129395,6.0575432777404785
1198,7.544669151306152,6.058783531188965
1199,8.390539169311523,6.060726642608643
1200,8.376320838928223,6.062654972076416
1201,9.810328483581543,6.065773010253906
1202,2.071873903274536,6.062452793121338
1203,7.809420585632324,6.06390380859375
1204,7.2163777351379395,6.0648603439331055
1205,7.15174674987793,6.065761566162109
1206,6.287974834442139,6.065946102142334
1207,2.131117820739746,6.062688827514648
1208,5.872550964355469,6.062531471252441
1209,2.2023990154266357,6.0593414306640625
1210,8.693613052368164,6.061516761779785
1211,3.8839340209960938,6.059720039367676
1212,5.049652576446533,6.058887481689453
1213,7.216275215148926,6.059841156005859
1214,6.214795112609863,6.0599684715271
1215,7.7850799560546875,6.061387538909912
1216,1.0141597986221313,6.057240009307861
1217,-2.5086827278137207,6.050207138061523
1218,5.083441257476807,6.049414157867432
1219,6.487726211547852,6.049773693084717
1220,2.029724597930908,6.046481132507324
1221,7.965230464935303,6.048051357269287
1222,8.90463638305664,6.050387382507324
1223,5.771381378173828,6.050159454345703
1224,8.624847412109375,6.0522613525390625
1225,6.525681495666504,6.052647590637207
1226,8.5826416015625,6.054709434509277
1227,7.511508464813232,6.055895805358887
1228,9.016823768615723,6.058304786682129
1229,7.6691436767578125,6.059614181518555
1230,7.686357498168945,6.060935974121094
1231,7.255499362945557,6.061905384063721
1232,5.696809768676758,6.061609268188477
1233,6.853389263153076,6.062251091003418
1234,6.750327110290527,6.062808513641357
1235,5.412362098693848,6.062282562255859
1236,6.334839820861816,6.062502861022949
1237,7.9402546882629395,6.064019680023193
1238,6.755381107330322,6.064577579498291
1239,7.868144512176514,6.0660319328308105
1240,8.257405281066895,6.067798137664795
1241,9.492471694946289,6.070555686950684
1242,7.065683364868164,6.071356296539307
1243,6.649001121520996,6.0718207359313965
1244,6.715667247772217,6.072337627410889
1245,7.0624284744262695,6.073132514953613
1246,1.682205080986023,6.069611072540283
1247,10.00749397277832,6.072766304016113
1248,7.02014684677124,6.0735249519348145
1249,6.442570209503174,6.073820114135742
1250,5.437652587890625,6.0733113288879395
1251,8.034931182861328,6.074878215789795
1252,8.499529838562012,6.076813220977783
1253,7.709554672241211,6.078115463256836
1254,4.712048053741455,6.077026844024658
1255,7.983002662658691,6.0785441398620605
1256,8.225890159606934,6.080252647399902
1257,8.412334442138672,6.082106113433838
1258,5.258857727050781,6.081452369689941
1259,5.993679046630859,6.081382751464844
1260,6.641768455505371,6.081826686859131
1261,7.425892353057861,6.082891941070557
1262,7.4544148445129395,6.083977699279785
1263,7.688575267791748,6.085247039794922
1264,7.105461120605469,6.086053848266602
1265,1.8401895761489868,6.082700252532959
1266,6.925268173217773,6.083364963531494
1267,7.265980243682861,6.0842976570129395
1268,7.531508922576904,6.085438251495361
1269,8.119561195373535,6.087039947509766
1270,6.506890773773193,6.0873703956604
1271,8.56735897064209,6.089320182800293
1272,9.899829864501953,6.092313766479492
1273,7.6410746574401855,6.093529224395752
1274,9.288870811462402,6.096035480499268
1275,6.257789611816406,6.09616231918335
1276,8.079030990600586,6.097714900970459
1277,6.281017780303955,6.097858905792236
1278,8.510807991027832,6.099745273590088
1279,2.8503947257995605,6.097207069396973
1280,8.714369773864746,6.099249839782715
1281,8.566637992858887,6.101174354553223
1282,7.419328689575195,6.10220193862915
1283,7.186860084533691,6.103046894073486
1284,8.751388549804688,6.10510778427124
1285,6.8797831535339355,6.105710029602051
1286,6.406371116638184,6.10594367980957
1287,8.449785232543945,6.107763290405273
1288,8.211141586303711,6.1093950271606445
1289,7.256534576416016,6.110284328460693
1290,7.542996883392334,6.111393928527832
1291,8.89793586730957,6.113550662994385
1292,7.78542423248291,6.114843845367432
1293,7.836296081542969,6.116174221038818
1294,7.823998928070068,6.117493152618408
1295,7.863235950469971,6.118840217590332
1296,8.212865829467773,6.120454788208008
1297,7.0116047859191895,6.12114143371582
1298,8.043992042541504,6.122621536254883
1299,7.081653594970703,6.123359203338623
1300,5.733725547790527,6.12306022644043
1301,5.520851135253906,6.122597694396973
1302,4.774275302886963,6.121562957763672
1303,4.8311967849731445,6.120573043823242
1304,5.349306106567383,6.1199822425842285
1305,2.52097749710083,6.117226600646973
1306,7.960667610168457,6.118636608123779
1307,4.05034065246582,6.117055416107178
1308,6.429468154907227,6.1172943115234375
1309,5.987057685852051,6.117194652557373
1310,7.196673393249512,6.11801815032959
1311,7.689605712890625,6.119215965270996
1312,6.568552017211914,6.119557857513428
1313,5.742438316345215,6.119271278381348
1314,7.678895950317383,6.120457172393799
1315,8.170312881469727,6.12201452255249
1316,5.95076847076416,6.121884346008301
1317,9.414426803588867,6.124382972717285
1318,8.477519989013672,6.126166820526123
1319,10.396383285522461,6.129402160644531
1320,7.832765102386475,6.1306915283203125
1321,8.582393646240234,6.132546424865723
1322,8.288808822631836,6.134175777435303
1323,8.425079345703125,6.135906219482422
1324,8.799144744873047,6.137916564941406
1325,9.405950546264648,6.140380859375
1326,7.760573387145996,6.141602039337158
1327,10.016365051269531,6.144519805908203
1328,5.806344985961914,6.144265174865723
1329,4.453200817108154,6.142993927001953
1330,6.13997220993042,6.142991542816162
1331,7.386017799377441,6.143924713134766
1332,7.220470905303955,6.14473295211792
1333,7.55947208404541,6.145793437957764
1334,9.797686576843262,6.148529052734375
1335,8.54979419708252,6.150326251983643
1336,10.471110343933105,6.153557777404785
1337,7.5344319343566895,6.154589653015137
1338,8.667084693908691,6.156466007232666
1339,7.791242599487305,6.15768575668335
1340,9.038188934326172,6.1598334312438965
1341,9.516912460327148,6.16233491897583
1342,7.952775478363037,6.163668155670166
1343,6.904592990875244,6.164219379425049
1344,4.085326671600342,6.162673473358154
1345,7.671483993530273,6.163794994354248
1346,7.876020431518555,6.165065765380859
1347,8.901041030883789,6.16709566116333
1348,6.7161030769348145,6.167502403259277
1349,8.157197952270508,6.168976306915283
1350,10.06049919128418,6.171856880187988
1351,8.18102741241455,6.173342704772949
1352,8.825119972229004,6.175302505493164
1353,5.869626522064209,6.175076484680176
1354,7.862758636474609,6.176321983337402
1355,9.544189453125,6.178805351257324
1356,7.677385330200195,6.179909706115723
1357,7.901480197906494,6.181177616119385
1358,5.143056392669678,6.180413246154785
1359,7.277027130126953,6.181220054626465
1360,7.684279441833496,6.182324409484863
1361,8.527938842773438,6.184046745300293
1362,3.770007848739624,6.182275295257568
1363,6.282656192779541,6.182348728179932
1364,7.895934104919434,6.183603763580322
1365,9.233953475952148,6.185837268829346
1366,5.724249362945557,6.185499668121338
1367,8.677451133728027,6.187321662902832
1368,10.154942512512207,6.190219879150391
1369,5.371865749359131,6.18962287902832
1370,5.244126319885254,6.188933372497559
1371,5.620274066925049,6.188518524169922
1372,3.3807902336120605,6.186473846435547
1373,6.479815483093262,6.186686992645264
1374,10.078630447387695,6.189517974853516
1375,7.306832790374756,6.190329551696777
1376,9.643263816833496,6.192837238311768
1377,9.279809951782227,6.195077896118164
1378,9.300342559814453,6.197329998016357
1379,10.179219245910645,6.200215816497803
1380,9.150776863098145,6.202352046966553
1381,8.891826629638672,6.20429801940918
1382,9.239191055297852,6.2064924240112305
1383,10.573970794677734,6.209648132324219
1384,8.598002433776855,6.211372375488281
1385,7.971391677856445,6.212642669677734
1386,6.623847961425781,6.212939262390137
1387,5.980489730834961,6.212771892547607
1388,7.194451808929443,6.2134785652160645
1389,8.278390884399414,6.214963912963867
1390,5.968709945678711,6.214787006378174
1391,8.25858211517334,6.216255187988281
1392,9.053267478942871,6.218292236328125
1393,8.639122009277344,6.220028400421143
1394,5.499554634094238,6.219512462615967
1395,8.827853202819824,6.221381187438965
1396,6.529341220855713,6.221601486206055
1397,8.417017936706543,6.223171710968018
1398,8.751320838928223,6.224978446960449
1399,3.5622053146362305,6.223076820373535
1400,4.840481758117676,6.222090244293213
1401,8.755417823791504,6.223897457122803
1402,9.395936965942383,6.226158142089844
1403,6.261262893676758,6.2261834144592285
1404,8.195854187011719,6.227585792541504
1405,7.645632743835449,6.2285943031311035
1406,8.562629699707031,6.230252742767334
1407,7.7350568771362305,6.231321811676025
1408,6.820011138916016,6.2317399978637695
1409,8.39583969116211,6.233274459838867
1410,7.833468437194824,6.234408378601074
1411,8.706530570983887,6.236158847808838
1412,8.214296340942383,6.237558364868164
1413,8.003636360168457,6.238807678222656
1414,5.952081203460693,6.23860502243042
1415,7.956782341003418,6.239818572998047
1416,7.821114540100098,6.240934371948242
1417,8.555224418640137,6.24256706237793
1418,7.583050727844238,6.24351167678833
1419,3.4046127796173096,6.241512298583984
1420,7.251382827758789,6.242222785949707
1421,7.284253120422363,6.242955207824707
1422,4.496338844299316,6.241727828979492
1423,4.932797431945801,6.240808486938477
1424,7.138576030731201,6.241438388824463
1425,8.648964881896973,6.24312686920166
1426,9.152826309204102,6.245165824890137
1427,11.058329582214355,6.248536586761475
1428,8.308005332946777,6.2499775886535645
1429,9.639054298400879,6.252346992492676
1430,10.688573837280273,6.2554473876953125
1431,10.752158164978027,6.25858736038208
1432,10.827981948852539,6.261775970458984
1433,10.870809555053711,6.264990329742432
1434,7.9508538246154785,6.266165256500244
1435,13.6589994430542,6.271313667297363
1436,9.11212158203125,6.273290634155273
1437,10.801698684692383,6.276439666748047
1438,12.209196090698242,6.280562400817871
1439,10.112380027770996,6.283223628997803
1440,7.629932403564453,6.284158229827881
1441,9.847489356994629,6.2866291999816895
1442,10.41098403930664,6.289487361907959
1443,9.790314674377441,6.291911602020264
1444,7.51082181930542,6.292755126953125
1445,11.299135208129883,6.296217441558838
1446,10.6279296875,6.299210548400879
1447,11.001958847045898,6.302458763122559
1448,8.899038314819336,6.304250717163086
1449,9.271620750427246,6.306297302246094
1450,10.834397315979004,6.309417724609375
1451,8.33539867401123,6.310812473297119
1452,11.023672103881836,6.314055919647217
1453,12.408757209777832,6.3182477951049805
1454,9.784090995788574,6.320630073547363
1455,11.041975021362305,6.3238725662231445
1456,9.029417037963867,6.3257293701171875
1457,11.848368644714355,6.329517364501953
1458,8.035865783691406,6.330687046051025
1459,10.062638282775879,6.333243370056152
1460,12.059574127197266,6.337162494659424
1461,8.450045585632324,6.3386077880859375
1462,9.133352279663086,6.340518474578857
1463,8.776782035827637,6.342182636260986
1464,9.761523246765137,6.344516754150391
1465,9.167567253112793,6.346442699432373
1466,12.470559120178223,6.350617408752441
1467,9.49276065826416,6.352757930755615
1468,12.805206298828125,6.357150554656982
1469,9.76253604888916,6.359467506408691
1470,8.454139709472656,6.360891342163086
1471,9.294920921325684,6.362884521484375
1472,8.238789558410645,6.3641581535339355
1473,9.725363731384277,6.366438865661621
1474,8.712984085083008,6.368029594421387
1475,10.36257266998291,6.3707356452941895
1476,10.621976852416992,6.373614311218262
1477,11.912080764770508,6.377361297607422
1478,11.967306137084961,6.381141185760498
1479,10.267115592956543,6.383767127990723
1480,8.280989646911621,6.3850483894348145
1481,9.128612518310547,6.386899948120117
1482,8.609599113464355,6.38839864730835
1483,10.149856567382812,6.390933036804199
1484,9.607166290283203,6.393098831176758
1485,11.862288475036621,6.396779537200928
1486,8.722940444946289,6.398343563079834
1487,9.464876174926758,6.400404453277588
1488,11.538503646850586,6.403854846954346
1489,7.873299598693848,6.40484094619751
1490,8.323758125305176,6.406128406524658
1491,9.35031509399414,6.408101558685303
1492,9.874984741210938,6.410423755645752
1493,11.135932922363281,6.413586616516113
1494,9.673641204833984,6.415767192840576
1495,10.457180976867676,6.418468952178955
1496,8.317404747009277,6.419737339019775
1497,8.587967872619629,6.421184539794922
1498,10.335289001464844,6.423795700073242
1499,9.543044090270996,6.425875186920166
1500,6.097105979919434,6.425655841827393
1501,10.401775360107422,6.428302764892578
1502,7.451868057250977,6.428983688354492
1503,7.984779357910156,6.430017948150635
1504,10.99721908569336,6.4330525398254395
1505,9.653886795043945,6.435191631317139
1506,10.707377433776855,6.438026428222656
1507,9.61026382446289,6.44012975692749
1508,7.9582743644714355,6.441135883331299
1509,8.488372802734375,6.44249153137207
1510,8.67835807800293,6.443971633911133
1511,8.343567848205566,6.445228099822998
1512,7.648003578186035,6.446022987365723
1513,10.083126068115234,6.44842529296875
1514,10.174476623535156,6.450884819030762
1515,8.566408157348633,6.452280521392822
1516,9.936529159545898,6.454577445983887
1517,8.835118293762207,6.456145286560059
1518,9.461053848266602,6.458123683929443
1519,9.079038619995117,6.459847927093506
1520,7.1125898361206055,6.4602766036987305
1521,9.538259506225586,6.46229887008667
1522,10.674113273620605,6.465064525604248
1523,9.429252624511719,6.467009544372559
1524,8.95643424987793,6.468641757965088
1525,11.788013458251953,6.472127437591553
1526,8.875615119934082,6.4737019538879395
1527,10.750905990600586,6.476500988006592
1528,8.974580764770508,6.478135108947754
1529,10.134902954101562,6.480525016784668
1530,9.845272064208984,6.482722759246826
1531,10.720348358154297,6.485489368438721
1532,8.165302276611328,6.486584663391113
1533,8.94559097290039,6.488187789916992
1534,10.126148223876953,6.490557670593262
1535,10.058935165405273,6.492880344390869
1536,10.203619003295898,6.49529504776001
1537,8.511775970458984,6.496606349945068
1538,9.32236385345459,6.49844217300415
1539,8.243607521057129,6.499575138092041
1540,10.637054443359375,6.502259731292725
1541,10.921387672424316,6.505125999450684
1542,9.505475044250488,6.507070541381836
1543,9.966758728027344,6.509311676025391
1544,9.278596878051758,6.511103630065918
1545,5.622066974639893,6.510528564453125
1546,10.686368942260742,6.513227939605713
1547,10.347967147827148,6.515705108642578
1548,10.858301162719727,6.518508434295654
1549,9.456088066101074,6.520403861999512
1550,8.830436706542969,6.52189302444458
1551,7.270503044128418,6.522375583648682
1552,9.835405349731445,6.524508476257324
1553,11.87264633178711,6.527950286865234
1554,10.096359252929688,6.530245304107666
1555,9.210275650024414,6.5319671630859375
1556,9.575637817382812,6.533921718597412
1557,9.315168380737305,6.535706996917725
1558,11.803723335266113,6.53908634185791
1559,11.189942359924316,6.542068004608154
1560,10.200056076049805,6.5444111824035645
1561,8.935587882995605,6.545942306518555
1562,9.850252151489258,6.548056602478027
1563,10.465575218200684,6.550561428070068
1564,10.425482749938965,6.553037643432617
1565,10.788592338562012,6.5557427406311035
1566,9.389166831970215,6.55755090713501
1567,9.131950378417969,6.559192657470703
1568,8.950545310974121,6.56071662902832
1569,11.005203247070312,6.563547611236572
1570,9.079256057739258,6.565148830413818
1571,10.384313583374023,6.567578315734863
1572,10.916501998901367,6.570343017578125
1573,9.690744400024414,6.572325229644775
1574,11.833620071411133,6.5756659507751465
1575,9.82564640045166,6.577727794647217
1576,11.54287338256836,6.580876350402832
1577,9.247209548950195,6.582565784454346
1578,11.219243049621582,6.585502624511719
1579,9.649089813232422,6.587441921234131
1580,9.816381454467773,6.589484214782715
1581,8.057600021362305,6.590412139892578
1582,12.3548583984375,6.594053745269775
1583,10.115459442138672,6.59627628326416
1584,12.295485496520996,6.599872589111328
1585,9.832695007324219,6.6019110679626465
1586,10.765214920043945,6.60453462600708
1587,8.486139297485352,6.605719566345215
1588,10.758133888244629,6.608332633972168
1589,9.229840278625488,6.609981060028076
1590,11.900500297546387,6.613306522369385
1591,9.56155014038086,6.6151580810546875
1592,11.803993225097656,6.618415355682373
1593,10.598134994506836,6.620911598205566
1594,7.867883682250977,6.6216936111450195
1595,10.592427253723145,6.624181747436523
1596,10.588598251342773,6.626664638519287
1597,10.416339874267578,6.629035949707031
1598,11.96127986907959,6.632370471954346
1599,12.267576217651367,6.635892391204834
1600,9.766757011413574,6.637847900390625
1601,12.095907211303711,6.641254901885986
1602,10.252776145935059,6.643507957458496
1603,10.999664306640625,6.646224021911621
1604,11.673096656799316,6.649355888366699
1605,10.736418724060059,6.651900291442871
1606,10.352481842041016,6.654203414916992
1607,8.04965591430664,6.655071258544922
1608,13.65976333618164,6.659424781799316
1609,9.626504898071289,6.66126823425293
1610,10.645515441894531,6.663741111755371
1611,11.293392181396484,6.6666131019592285
1612,11.281810760498047,6.6694746017456055
1613,11.52614688873291,6.672483921051025
1614,10.376730918884277,6.674777507781982
1615,10.739058494567871,6.677292823791504
1616,11.515669822692871,6.6802849769592285
1617,12.77098274230957,6.684048652648926
1618,11.135080337524414,6.686798095703125
1619,13.589632034301758,6.691059112548828
1620,10.669384002685547,6.693512916564941
1621,13.50179672241211,6.6977105140686035
1622,11.214361190795898,6.700493812561035
1623,11.01103401184082,6.703147888183594
1624,12.92916202545166,6.706978797912598
1625,11.933708190917969,6.710193157196045
1626,12.528974533081055,6.713769912719727
1627,11.882556915283203,6.716945171356201
1628,11.87666130065918,6.7201128005981445
1629,8.605436325073242,6.721269130706787
1630,10.518617630004883,6.723597526550293
1631,10.313973426818848,6.725797653198242
1632,9.585701942443848,6.727549076080322
1633,11.401174545288086,6.730409622192383
1634,10.984440803527832,6.733011245727539
1635,7.6924824714660645,6.733597755432129
1636,12.260940551757812,6.736974239349365
1637,11.199173927307129,6.73969841003418
1638,10.293444633483887,6.741866111755371
1639,13.690176963806152,6.746103286743164
1640,11.04833984375,6.748725414276123
1641,7.495296478271484,6.749179840087891
1642,10.801424026489258,6.751646518707275
1643,11.853314399719238,6.754749774932861
1644,11.713420867919922,6.7577643394470215
1645,10.382331848144531,6.759966850280762
1646,5.849118709564209,6.759413242340088
1647,13.720320701599121,6.763637542724609
1648,13.927589416503906,6.767982006072998
1649,6.879646301269531,6.768049716949463
1650,8.43906021118164,6.769062042236328
1651,6.872038841247559,6.769124507904053
1652,8.760908126831055,6.770329475402832
1653,7.205727577209473,6.77059268951416
1654,10.364684104919434,6.772764205932617
1655,12.647147178649902,6.776311874389648
1656,11.371556282043457,6.7790846824646
1657,10.207919120788574,6.781152725219727
1658,8.0472993850708,6.781915664672852
1659,7.4685468673706055,6.782329559326172
1660,10.856956481933594,6.784782886505127
1661,4.634076118469238,6.783488750457764
1662,5.577887535095215,6.782763957977295
1663,10.798591613769531,6.785177230834961
1664,7.790165901184082,6.785780906677246
1665,6.584918022155762,6.785660266876221
1666,11.522089004516602,6.788501739501953
1667,7.956966876983643,6.7892022132873535
1668,6.290858268737793,6.788903713226318
1669,7.0616044998168945,6.789067268371582
1670,4.215743064880371,6.787527084350586
1671,10.439305305480957,6.7897114753723145
1672,9.57867431640625,6.791378498077393
1673,5.025519371032715,6.790323734283447
1674,8.099977493286133,6.791105270385742
1675,8.879199028015137,6.792351245880127
1676,8.016744613647461,6.793081283569336
1677,6.5794525146484375,6.7929534912109375
1678,5.657527923583984,6.7922773361206055
1679,9.36104679107666,6.793806552886963
1680,8.596096992492676,6.7948784828186035
1681,11.1989107131958,6.797496795654297
1682,10.779960632324219,6.799863338470459
1683,14.056005477905273,6.804172039031982
1684,12.985453605651855,6.807840347290039
1685,13.272512435913086,6.81167459487915
1686,12.624054908752441,6.815120220184326
1687,9.651849746704102,6.816800117492676
1688,9.801321983337402,6.818567752838135
1689,12.995174407958984,6.8222222328186035
1690,10.819452285766602,6.824585914611816
1691,10.167165756225586,6.826561450958252
1692,14.820603370666504,6.831283092498779
1693,14.26551628112793,6.835671901702881
1694,9.428468704223633,6.8372015953063965
1695,11.304532051086426,6.8398356437683105
1696,11.932781219482422,6.842836856842041
1697,10.914085388183594,6.845234394073486
1698,12.40318775177002,6.848505973815918
1699,8.197025299072266,6.84929895401001
1700,8.76580810546875,6.850425720214844
1701,7.73408842086792,6.850944995880127
1702,8.545196533203125,6.851939678192139
1703,6.2861480712890625,6.851607799530029
1704,7.947068214416504,6.852250576019287
1705,8.845518112182617,6.853418827056885
1706,8.457433700561523,6.854358196258545
1707,8.489180564880371,6.855315685272217
1708,6.857293128967285,6.855316638946533
1709,8.691001892089844,6.856390476226807
1710,9.138938903808594,6.857724189758301
1711,6.816020488739014,6.857700347900391
1712,8.59815788269043,6.8587164878845215
1713,6.592374324798584,6.8585615158081055
1714,7.968240737915039,6.859208106994629
1715,5.028624057769775,6.8581414222717285
1716,9.35456371307373,6.85959529876709
1717,5.82742977142334,6.858994007110596
1718,6.025444984436035,6.858509063720703
1719,4.915421962738037,6.85737943649292
1720,-5.4043965339660645,6.850254535675049
1721,8.605366706848145,6.851274013519287
1722,-4.69234037399292,6.844573974609375
1723,11.519828796386719,6.847285747528076
1724,7.822340965270996,6.847850799560547
1725,6.077972412109375,6.847404956817627
1726,11.849695205688477,6.850301742553711
1727,6.938724517822266,6.850352764129639
1728,6.780117988586426,6.850312232971191
1729,9.235918045043945,6.851691246032715
1730,5.72495698928833,6.851039886474609
1731,8.8776273727417,6.852210521697998
1732,6.719236850738525,6.852133274078369
1733,4.85666561126709,6.850982189178467
1734,6.718864440917969,6.8509063720703125
1735,8.819198608398438,6.8520402908325195
1736,6.632638454437256,6.851913928985596
1737,7.210690498352051,6.852120399475098
1738,6.983096599578857,6.852195739746094
1739,6.356408596038818,6.8519110679626465
1740,6.217572212219238,6.851546764373779
1741,4.25484037399292,6.850056171417236
1742,6.772360801696777,6.850011825561523
1743,6.180848598480225,6.84962797164917
1744,5.099246501922607,6.848625183105469
1745,6.642470359802246,6.848506927490234
1746,6.362026214599609,6.848228454589844
1747,9.400562286376953,6.849688529968262
1748,6.09163761138916,6.849255561828613
1749,7.508916854858398,6.849632263183594
1750,6.550278186798096,6.849461078643799
1751,6.7242937088012695,6.849389553070068
1752,6.587453842163086,6.849240779876709
1753,8.145849227905273,6.849979400634766
1754,8.436525344848633,6.850883483886719
1755,7.682310104370117,6.851357460021973
1756,9.13932991027832,6.852659702301025
1757,8.624700546264648,6.853667736053467
1758,6.85179328918457,6.85366678237915
1759,8.776846885681152,6.854759216308594
1760,9.896760940551758,6.8564863204956055
1761,9.661628723144531,6.858078479766846
1762,7.5000901222229,6.858442783355713
1763,8.044591903686523,6.859115123748779
1764,7.717030048370361,6.8596014976501465
1765,7.98177433013916,6.860236644744873
1766,6.800695419311523,6.860202789306641
1767,7.297788143157959,6.860450267791748
1768,6.652469635009766,6.86033296585083
1769,6.311559200286865,6.86002254486084
1770,7.006687641143799,6.860105514526367
1771,6.7464375495910645,6.86004114151001
1772,8.077887535095215,6.8607282638549805
1773,6.689253330230713,6.860631942749023
1774,8.617094039916992,6.861621379852295
1775,6.776177883148193,6.861573219299316
1776,7.030279159545898,6.861668109893799
1777,8.212810516357422,6.862428188323975
1778,8.867459297180176,6.863554954528809
1779,7.030156135559082,6.863648891448975
1780,7.401921272277832,6.863951206207275
1781,7.101231575012207,6.864084720611572
1782,7.344455718994141,6.864354133605957
1783,8.01559066772461,6.864999771118164
1784,6.615448951721191,6.864859580993652
1785,7.465522766113281,6.865196228027344
1786,6.646597385406494,6.8650736808776855
1787,6.011303901672363,6.864596366882324
1788,8.702352523803711,6.865623474121094
1789,8.648965835571289,6.866620063781738
1790,9.246947288513184,6.86794900894165
1791,7.663759708404541,6.868393421173096
1792,7.378882884979248,6.868678092956543
1793,8.234758377075195,6.869439601898193
1794,5.833006858825684,6.868862152099609
1795,6.651393890380859,6.868741035461426
1796,7.46523904800415,6.869072914123535
1797,6.391600608825684,6.868807315826416
1798,7.405753135681152,6.869105339050293
1799,7.343029975891113,6.869368553161621
1800,7.523357391357422,6.869731426239014
1801,6.77826452255249,6.869680881500244
1802,4.5422749519348145,6.868390083312988
1803,6.078208923339844,6.8679518699646
1804,6.152836799621582,6.867556095123291
1805,6.827983379364014,6.867534160614014
1806,7.93586540222168,6.868124961853027
1807,6.3987932205200195,6.867865562438965
1808,8.005080223083496,6.868494033813477
1809,7.2209553718566895,6.868688583374023
1810,8.38166332244873,6.869524002075195
1811,7.189054489135742,6.8697004318237305
1812,8.828901290893555,6.870781421661377
1813,8.078821182250977,6.871447563171387
1814,9.017532348632812,6.8726301193237305
1815,10.983790397644043,6.874893665313721
1816,11.124072074890137,6.877232074737549
1817,10.584693908691406,6.879271507263184
1818,11.117037773132324,6.881601333618164
1819,11.640292167663574,6.88421630859375
1820,11.64514446258545,6.886830806732178
1821,11.093595504760742,6.889139652252197
1822,12.178840637207031,6.892041206359863
1823,12.106590270996094,6.894900321960449
1824,11.70767593383789,6.8975372314453125
1825,10.946481704711914,6.899754524230957
1826,10.553399085998535,6.901754856109619
1827,11.564682960510254,6.904305458068848
1828,11.669296264648438,6.906910419464111
1829,11.81816577911377,6.909594535827637
1830,11.582173347473145,6.912146091461182
1831,11.403387069702148,6.914597511291504
1832,11.996356964111328,6.917369842529297
1833,11.052478790283203,6.9196248054504395
1834,10.794063568115234,6.921736240386963
1835,11.14019775390625,6.924034118652344
1836,10.912670135498047,6.926205635070801
1837,11.438883781433105,6.9286603927612305
1838,11.273049354553223,6.931023120880127
1839,11.61201286315918,6.933567047119141
1840,10.276573181152344,6.935382843017578
1841,10.350166320800781,6.93723726272583
1842,11.567158699035645,6.939749240875244
1843,10.691184997558594,6.941783905029297
1844,11.194530487060547,6.944088935852051
1845,10.799917221069336,6.9461774826049805
1846,11.724003791809082,6.948763847351074
1847,10.937870979309082,6.95092248916626
1848,11.054143905639648,6.953141212463379
1849,9.896406173706055,6.954732418060303
1850,9.474985122680664,6.956093788146973
1851,11.229106903076172,6.958401203155518
1852,11.26951789855957,6.960727691650391
1853,9.299174308776855,6.961988925933838
1854,10.735971450805664,6.964023590087891
1855,11.536251068115234,6.966486930847168
1856,10.502340316772461,6.968390941619873
1857,11.540716171264648,6.970851898193359
1858,10.932254791259766,6.972982883453369
1859,10.936450004577637,6.975113868713379
1860,11.162737846374512,6.977364540100098
1861,13.841300964355469,6.981050491333008
1862,14.713623046875,6.985201358795166
1863,13.9711332321167,6.988948822021484
1864,13.052672386169434,6.992199897766113
1865,13.041285514831543,6.995441436767578
1866,14.388442993164062,6.999401569366455
1867,13.92038345336914,7.003106594085693
1868,13.856583595275879,7.006773471832275
1869,13.071624755859375,7.010016441345215
1870,12.935233116149902,7.013183116912842
1871,12.354985237121582,7.0160369873046875
1872,12.590683937072754,7.019013404846191
1873,12.269482612609863,7.021815299987793
1874,12.45370864868164,7.024712562561035
1875,12.312187194824219,7.027531147003174
1876,12.878540992736816,7.030648708343506
1877,12.906538009643555,7.033777236938477
1878,13.182361602783203,7.037049770355225
1879,13.621033668518066,7.040551662445068
1880,14.148933410644531,7.044331073760986
1881,14.297021865844727,7.048184871673584
1882,13.021772384643555,7.051356792449951
1883,13.129228591918945,7.054582595825195
1884,13.725872993469238,7.058121681213379
1885,12.789496421813965,7.061160564422607
1886,13.31491470336914,7.064474105834961
1887,13.627147674560547,7.067950248718262
1888,13.202093124389648,7.071197509765625
1889,13.502937316894531,7.074600696563721
1890,12.68757438659668,7.077569007873535
1891,13.678216934204102,7.081057071685791
1892,13.76883602142334,7.084589958190918
1893,13.35655689239502,7.087901592254639
1894,9.825135231018066,7.089345932006836
1895,12.363899230957031,7.092128276824951
1896,10.572704315185547,7.093962669372559
1897,12.471220016479492,7.096796035766602
1898,12.56545639038086,7.09967565536499
1899,12.879386901855469,7.102717399597168
1900,12.58096694946289,7.105599403381348
1901,12.674028396606445,7.108526706695557
1902,11.04818344116211,7.110596656799316
1903,12.389997482299805,7.113369464874268
1904,13.349743843078613,7.116642951965332
1905,10.596670150756836,7.118468761444092
1906,11.821889877319336,7.120935440063477
1907,11.185646057128906,7.123065948486328
1908,10.862836837768555,7.125025272369385
1909,9.89909553527832,7.1264777183532715
1910,10.539050102233887,7.128263473510742
1911,11.814401626586914,7.130714416503906
1912,11.681147575378418,7.133092880249023
1913,10.98751163482666,7.135106563568115
1914,10.315169334411621,7.136767387390137
1915,11.54296875,7.139066696166992
1916,11.698358535766602,7.141445159912109
1917,11.388986587524414,7.143659591674805
1918,11.396164894104004,7.145875930786133
1919,10.63192367553711,7.147691249847412
1920,11.523694038391113,7.149969100952148
1921,10.041467666625977,7.151473522186279
1922,11.815776824951172,7.1538987159729
1923,11.129046440124512,7.1559648513793945
1924,11.795890808105469,7.158375263214111
1925,11.254154205322266,7.160501480102539
1926,10.695982933044434,7.162336349487305
1927,11.859837532043457,7.1647725105285645
1928,10.71368408203125,7.16661262512207
1929,12.197638511657715,7.169219017028809
1930,8.7081937789917,7.170015811920166
1931,11.10169792175293,7.172050952911377
1932,13.155197143554688,7.175146102905273
1933,11.876002311706543,7.177577018737793
1934,13.492183685302734,7.180840015411377
1935,13.30855941772461,7.184005260467529
1936,12.768590927124023,7.186888217926025
1937,13.331716537475586,7.190059185028076
1938,13.661205291748047,7.19339656829834
1939,12.292227745056152,7.1960248947143555
1940,12.729814529418945,7.198875427246094
1941,13.059883117675781,7.201893329620361
1942,12.524772644042969,7.204632759094238
1943,13.209310531616211,7.207721710205078
1944,11.265393257141113,7.209807872772217
1945,11.333255767822266,7.211926460266113
1946,12.890350341796875,7.214843273162842
1947,12.385491371154785,7.217497825622559
1948,12.860763549804688,7.220393180847168
1949,12.67387866973877,7.223189830780029
1950,13.260904312133789,7.226284027099609
1951,13.133323669433594,7.229310512542725
1952,12.460607528686523,7.23198938369751
1953,10.762996673583984,7.233796119689941
1954,14.764467239379883,7.2376484870910645
1955,14.278091430664062,7.241247653961182
1956,14.984055519104004,7.245204448699951
1957,13.674690246582031,7.248488426208496
1958,13.771991729736328,7.251818656921387
1959,11.438846588134766,7.2539544105529785
1960,11.516973495483398,7.256128311157227
1961,12.365076065063477,7.258732318878174
1962,12.41372299194336,7.261358737945557
1963,12.286652565002441,7.263917446136475
1964,13.100218772888184,7.266887664794922
1965,12.107065200805664,7.269350051879883
1966,12.876092910766602,7.272200107574463
1967,12.04086685180664,7.274623394012451
1968,11.986516952514648,7.277016639709473
1969,12.416362762451172,7.279624938964844
1970,12.54251480102539,7.282295227050781
1971,12.160003662109375,7.284769058227539
1972,10.10232162475586,7.286197185516357
1973,12.669724464416504,7.288924694061279
1974,12.582627296447754,7.291604995727539
1975,11.380143165588379,7.293673992156982
1976,10.251333236694336,7.295169830322266
1977,11.125341415405273,7.2971062660217285
1978,11.73962688446045,7.299350738525391
1979,11.357902526855469,7.301400184631348
1980,12.208311080932617,7.303876876831055
1981,12.413134574890137,7.306454658508301
1982,12.080950736999512,7.308862686157227
1983,12.428202629089355,7.311442852020264
1984,13.104970932006836,7.314361095428467
1985,11.410953521728516,7.3164238929748535
1986,11.319406509399414,7.318438529968262
1987,12.472697257995605,7.321031093597412
1988,12.663764953613281,7.3237175941467285
1989,13.65072250366211,7.326896667480469
1990,12.075868606567383,7.329282283782959
1991,11.548933982849121,7.331400394439697
1992,11.9660005569458,7.333725452423096
1993,11.44227409362793,7.33578634262085
1994,12.830591201782227,7.338540554046631
1995,12.690727233886719,7.341221809387207
1996,12.38117790222168,7.343745708465576
1997,13.755645751953125,7.346954822540283
1998,11.600875854492188,7.349082946777344
1999,12.83458137512207,7.351825714111328
2000,12.338947296142578,7.354318141937256
2001,10.263742446899414,7.355771064758301
2002,13.171142578125,7.3586745262146
2003,6.000823974609375,7.357996940612793
2004,10.100038528442383,7.3593645095825195
2005,8.114075660705566,7.359740734100342
2006,7.316222190856934,7.3597187995910645
2007,7.715131759643555,7.359895706176758
2008,9.971803665161133,7.361196041107178
2009,9.03150749206543,7.362026691436768
2010,7.642036437988281,7.362165927886963
2011,10.141149520874023,7.363547325134277
2012,8.695714950561523,7.364208698272705
2013,8.461836814880371,7.364753723144531
2014,8.152767181396484,7.365144729614258
2015,8.768271446228027,7.365840911865234
2016,9.687484741210938,7.366991996765137
2017,7.291557788848877,7.366954803466797
2018,6.692234039306641,7.3666205406188965
2019,10.291176795959473,7.368068218231201
2020,4.078759670257568,7.366440773010254
2021,8.057819366455078,7.3667826652526855
2022,3.191131114959717,7.364718914031982
2023,8.449968338012695,7.365255355834961
2024,10.090326309204102,7.366600513458252
2025,8.842541694641113,7.367329120635986
2026,6.1946587562561035,7.366750717163086
2027,11.643770217895508,7.36885929107666
2028,7.2915191650390625,7.368821620941162
2029,8.5306396484375,7.369393825531006
2030,5.6352739334106445,7.368540287017822
2031,4.345605850219727,7.3670525550842285
2032,8.824137687683105,7.367769241333008
2033,9.03119945526123,7.368587017059326
2034,8.320273399353027,7.369054794311523
2035,7.671138763427734,7.369203090667725
2036,5.557267665863037,7.368313789367676
2037,7.420063495635986,7.3683390617370605
2038,9.821792602539062,7.369542598724365
2039,8.217536926269531,7.369958400726318
2040,7.566413879394531,7.370054721832275
2041,8.108611106872559,7.370416164398193
2042,7.690648078918457,7.370572566986084
2043,6.865478515625,7.370325565338135
2044,14.06481647491455,7.373599052429199
2045,6.511291980743408,7.373177528381348
2046,8.423870086669922,7.373691082000732
2047,8.58651065826416,7.374283313751221
2048,4.850266933441162,7.373051643371582
2049,5.178457260131836,7.371981143951416
2050,5.632814884185791,7.371133327484131
2051,5.552615642547607,7.370246887207031
2052,5.329005718231201,7.369252681732178
2053,5.655179500579834,7.368418216705322
2054,6.497714996337891,7.367994785308838
2055,5.488285541534424,7.3670806884765625
2056,5.8327813148498535,7.366334915161133
2057,-0.447788804769516,7.362537860870361
2058,5.081262111663818,7.361429691314697
2059,5.6076741218566895,7.3605780601501465
2060,4.699131488800049,7.359286785125732
2061,6.567632675170898,7.358902931213379
2062,4.771542549133301,7.357648849487305
2063,5.010710716247559,7.35651159286499
2064,5.431029319763184,7.355578899383545
2065,6.837892532348633,7.355328559875488
2066,3.088291883468628,7.353263854980469
2067,6.511387825012207,7.352856636047363
2068,9.035229682922363,7.353670120239258
2069,2.3522987365722656,7.351253986358643
2070,7.0311994552612305,7.351099491119385
2071,6.059625625610352,7.350476264953613
2072,6.202647686004639,7.3499226570129395
2073,4.453998565673828,7.348526477813721
2074,5.590638637542725,7.347679138183594
2075,4.062427997589111,7.346096992492676
2076,1.363371729850769,7.343216419219971
2077,5.574462413787842,7.342365264892578
2078,4.172181129455566,7.340839862823486
2079,5.50596284866333,7.3399577140808105
2080,7.3919525146484375,7.339982509613037
2081,4.754451274871826,7.338740825653076
2082,5.484664440155029,7.337850570678711
2083,4.70605993270874,7.336587905883789
2084,6.141857624053955,7.336014747619629
2085,5.823356628417969,7.335289478302002
2086,7.271272659301758,7.335258960723877
2087,4.743528842926025,7.334017753601074
2088,5.341069221496582,7.33306360244751
2089,6.267382621765137,7.332553863525391
2090,4.486928462982178,7.331192970275879
2091,6.1533002853393555,7.330629825592041
2092,4.86781120300293,7.329453468322754
2093,5.822177410125732,7.328733444213867
2094,4.555627822875977,7.327409744262695
2095,9.028566360473633,7.328221321105957
2096,4.803293228149414,7.327017784118652
2097,6.448018550872803,7.326598644256592
2098,4.472636699676514,7.325239181518555
2099,2.6967034339904785,7.323034763336182
2100,-1.872398853302002,7.318658351898193
2101,-1.0406286716461182,7.314681053161621
2102,6.084781169891357,7.314096450805664
2103,-0.20018401741981506,7.310524940490723
2104,3.7054333686828613,7.308812141418457
2105,3.0852508544921875,7.306806564331055
2106,0.5719417333602905,7.303610324859619
2107,-0.2460172474384308,7.3000288009643555
2108,0.9412587881088257,7.297013759613037
2109,-1.3286163806915283,7.292925834655762
2110,1.4691798686981201,7.290166854858398
2111,1.0401287078857422,7.28720760345459
2112,1.4772727489471436,7.284457683563232
2113,-0.48612886667251587,7.280782222747803
2114,-0.4915633499622345,7.277107238769531
2115,3.0098211765289307,7.27509069442749
2116,3.2152833938598633,7.273172855377197
2117,0.45314866304397583,7.269952774047852
2118,0.19250166416168213,7.266612529754639
2119,-0.23704899847507477,7.263072967529297
2120,2.6351757049560547,7.260890960693359
2121,3.5263373851776123,7.259130954742432
2122,0.4980417788028717,7.255946159362793
2123,0.24092881381511688,7.252643585205078
2124,0.9112295508384705,7.249659538269043
2125,2.409411668777466,7.247382640838623
2126,-0.6964633464813232,7.243648052215576
2127,2.286708116531372,7.241318702697754
2128,-0.9925863742828369,7.237451553344727
2129,-1.5449981689453125,7.233328342437744
2130,-1.5202832221984863,7.229220390319824
2131,-1.743177890777588,7.225011825561523
2132,-1.7625902891159058,7.220798492431641
2133,-0.4722013473510742,7.217193126678467
2134,0.26750898361206055,7.213938236236572
2135,1.1018693447113037,7.211076259613037
2136,-1.0311800241470337,7.20721960067749
2137,-1.345174789428711,7.203219413757324
2138,1.3340988159179688,7.200475692749023
2139,0.035574980080127716,7.197127342224121
2140,1.1057363748550415,7.194282054901123
2141,-0.5261107683181763,7.190677642822266
2142,-1.4345581531524658,7.186652660369873
2143,0.3827255964279175,7.183479309082031
2144,13.797828674316406,7.186563014984131
2145,12.826757431030273,7.1891913414001465
2146,13.601778984069824,7.192178249359131
2147,14.107579231262207,7.19539737701416
2148,13.917776107788086,7.198525905609131
2149,13.190685272216797,7.20131254196167
2150,11.688599586486816,7.203398704528809
2151,13.070901870727539,7.206125259399414
2152,12.784351348876953,7.20871639251709
2153,12.684210777282715,7.211258411407471
2154,13.271625518798828,7.214070796966553
2155,13.170294761657715,7.216833114624023
2156,14.756599426269531,7.2203288078308105
2157,13.145734786987305,7.223074436187744
2158,13.189105033874512,7.225837707519531
2159,13.001317977905273,7.228511333465576
2160,13.137389183044434,7.231245994567871
2161,13.858675003051758,7.234311103820801
2162,13.68746566772461,7.237294673919678
2163,12.940511703491211,7.239930152893066
2164,12.207098007202148,7.24222469329834
2165,12.568826675415039,7.244683265686035
2166,14.206944465637207,7.247896194458008
2167,14.11095142364502,7.251061916351318
2168,11.969633102416992,7.253237724304199
2169,12.762557983398438,7.255776405334473
2170,12.1321382522583,7.258022785186768
2171,13.995109558105469,7.261124134063721
2172,13.458209037780762,7.263976097106934
2173,11.682636260986328,7.2660088539123535
2174,13.198810577392578,7.268736362457275
2175,11.158906936645508,7.270524501800537
2176,13.090529441833496,7.273198127746582
2177,12.87763500213623,7.275771141052246
2178,13.484101295471191,7.278620719909668
2179,13.354894638061523,7.281407833099365
2180,13.589609146118164,7.284300327301025
2181,12.836284637451172,7.286844253540039
2182,13.057645797729492,7.289487838745117
2183,13.450450897216797,7.292308807373047
2184,15.462847709655762,7.296048164367676
2185,14.278127670288086,7.29924201965332
2186,14.74702262878418,7.302647590637207
2187,12.877138137817383,7.305195331573486
2188,12.915273666381836,7.307758331298828
2189,13.54337215423584,7.310605525970459
2190,11.663860321044922,7.312592029571533
2191,12.568450927734375,7.314990043640137
2192,12.881326675415039,7.317527770996094
2193,12.316323280334473,7.3198065757751465
2194,13.570663452148438,7.3226542472839355
2195,13.23874282836914,7.325347900390625
2196,10.975955963134766,7.327009201049805
2197,11.870054244995117,7.329076290130615
2198,13.33848762512207,7.331809043884277
2199,13.356292724609375,7.334547519683838
2200,15.049057006835938,7.338052749633789
2201,12.950860023498535,7.340601444244385
2202,13.132856369018555,7.343230724334717
2203,13.636680603027344,7.346086502075195
2204,14.225783348083496,7.349206447601318
2205,13.359224319458008,7.351930618286133
2206,12.289270401000977,7.354167938232422
2207,14.5548095703125,7.357429027557373
2208,13.502605438232422,7.36021089553833
2209,14.523006439208984,7.363452434539795
2210,12.72453784942627,7.365877151489258
2211,11.876583099365234,7.367916584014893
2212,11.320579528808594,7.369702339172363
2213,14.024574279785156,7.372708320617676
2214,11.296382904052734,7.374479293823242
2215,14.668845176696777,7.377770900726318
2216,12.85047721862793,7.380239486694336
2217,13.614557266235352,7.383050441741943
2218,13.569680213928223,7.385838508605957
2219,12.023892402648926,7.387927532196045
2220,12.288068771362305,7.390133380889893
2221,-0.9594937562942505,7.386375904083252
2222,1.0209845304489136,7.3835129737854
2223,1.8945257663726807,7.381044864654541
2224,0.8258029818534851,7.378098487854004
2225,2.6955251693725586,7.37599515914917
2226,-0.8220860362052917,7.372313499450684
2227,-1.329748511314392,7.368407726287842
2228,-0.061172038316726685,7.36507511138916
2229,2.439697265625,7.362865924835205
2230,0.280061274766922,7.359691143035889
2231,-1.2665629386901855,7.3558268547058105
2232,0.13691464066505432,7.352593898773193
2233,-1.9682170152664185,7.348421096801758
2234,0.6106085181236267,7.345407009124756
2235,3.806886672973633,7.34382438659668
2236,3.3845763206481934,7.34205436706543
2237,3.173159599304199,7.340191841125488
2238,-0.23689700663089752,7.336808204650879
2239,4.545114994049072,7.335561752319336
2240,0.7781392931938171,7.332635402679443
2241,-1.3162598609924316,7.328777313232422
2242,-2.6106836795806885,7.32434606552124
2243,-4.854565143585205,7.318918228149414
2244,2.4494714736938477,7.316749095916748
2245,3.9372406005859375,7.315244674682617
2246,1.9765340089797974,7.312868595123291
2247,-3.164584159851074,7.308207988739014
2248,2.7563743591308594,7.306183815002441
2249,0.5248774886131287,7.303170204162598
2250,2.2166080474853516,7.300910472869873
2251,-2.091897964477539,7.29673957824707
2252,0.8311215043067932,7.293870449066162
2253,5.654480457305908,7.293142795562744
2254,-0.6675028800964355,7.289612293243408
2255,-3.52213716506958,7.284820556640625
2256,4.227328777313232,7.283465385437012
2257,-1.4160441160202026,7.2796125411987305
2258,0.2524283230304718,7.276501655578613
2259,0.8955111503601074,7.273678779602051
2260,5.330460071563721,7.2728190422058105
2261,5.528929710388184,7.272047996520996
2262,2.0729222297668457,7.269750595092773
2263,2.648930549621582,7.267709255218506
2264,2.7402660846710205,7.265710353851318
2265,1.2925949096679688,7.2630743980407715
2266,3.793783187866211,7.2615437507629395
2267,2.3363070487976074,7.259372234344482
2268,0.9574865102767944,7.256594657897949
2269,4.019608020782471,7.255168437957764
2270,-2.1594769954681396,7.2510223388671875
2271,2.0778732299804688,7.248745918273926
2272,2.7999792098999023,7.24678897857666
2273,-0.5530102849006653,7.243359088897705
2274,0.7355625033378601,7.240499019622803
2275,2.1466431617736816,7.238260746002197
2276,1.2587666511535645,7.2356343269348145
2277,-1.7154409885406494,7.231705188751221
2278,3.0746686458587646,7.2298808097839355
2279,1.973017692565918,7.227574825286865
2280,-0.5113670825958252,7.22418212890625
2281,-0.681688666343689,7.220717906951904
2282,0.6006156206130981,7.217818260192871
2283,1.1093326807022095,7.21514368057251
2284,-1.5060346126556396,7.211327075958252
2285,-3.3032588958740234,7.206727981567383
2286,0.2362704575061798,7.203680038452148
2287,1.9816761016845703,7.201397895812988
2288,-1.0357389450073242,7.1977996826171875
2289,1.3726831674575806,7.195256233215332
2290,0.9204018712043762,7.192517280578613
2291,-1.046615719795227,7.18892240524292
2292,4.791026592254639,7.1878767013549805
2293,-6.96533203125,7.18170690536499
2294,-1.4896262884140015,7.177928447723389
2295,0.6167661547660828,7.175070762634277
2296,-0.9252477884292603,7.171544075012207
2297,1.7946171760559082,7.1692047119140625
2298,-2.032705068588257,7.165201663970947
2299,4.049654960632324,7.163846969604492
2300,-3.702860116958618,7.15912389755249
2301,0.8446646332740784,7.156380653381348
2302,-1.1195828914642334,7.152787208557129
2303,5.567989349365234,7.152099609375
2304,1.990670919418335,7.149860382080078
2305,0.1272827684879303,7.146814823150635
2306,-11.047296524047852,7.138928413391113
2307,4.441305160522461,7.137759685516357
2308,7.335143089294434,7.137845516204834
2309,-1.090246319770813,7.134283542633057
2310,2.898292303085327,7.132450580596924
2311,2.0482351779937744,7.130251884460449
2312,3.496518611907959,7.12868070602417
2313,1.6623764038085938,7.126318454742432
2314,-4.174025535583496,7.121437072753906
2315,-4.778698444366455,7.116298675537109
2316,-2.588003635406494,7.112110614776611
2317,-0.27034735679626465,7.108925819396973
2318,3.348933219909668,7.107304573059082
2319,1.1570442914962769,7.104739665985107
2320,-0.7758485078811646,7.101344585418701
2321,-2.965038299560547,7.097009181976318
2322,-0.40088388323783875,7.0937819480896
2323,0.539477527141571,7.090961456298828
2324,-6.401362895965576,7.085158824920654
2325,-1.7147160768508911,7.081375598907471
2326,2.130995273590088,7.079247951507568
2327,3.8601841926574707,7.077865123748779
2328,1.9710808992385864,7.075672149658203
2329,3.4588944911956787,7.074120044708252
2330,3.0956788063049316,7.072412967681885
2331,5.652897357940674,7.071804046630859
2332,0.39142608642578125,7.068940162658691
2333,-7.028378486633301,7.062900066375732
2334,4.3365583419799805,7.061732292175293
2335,0.834976315498352,7.0590667724609375
2336,0.9060894250869751,7.056434154510498
2337,3.965543270111084,7.055111885070801
2338,-0.1739920675754547,7.052021026611328
2339,-2.030935764312744,7.048139572143555
2340,-4.594764232635498,7.043165683746338
2341,-2.9787566661834717,7.038886547088623
2342,-6.592799186706543,7.0330681800842285
2343,-2.0741782188415527,7.0291829109191895
2344,-0.41119319200515747,7.026009559631348
2345,-0.31467533111572266,7.022880554199219
2346,-2.4399869441986084,7.018848896026611
2347,-3.9694275856018066,7.014169216156006
2348,2.5449728965759277,7.012266635894775
2349,6.641046524047852,7.012108325958252
2350,4.472765922546387,7.011028289794922
2351,-1.1559494733810425,7.007555961608887
2352,-2.0362188816070557,7.003712177276611
2353,-0.5172128677368164,7.000516891479492
2354,-3.0762946605682373,6.9962382316589355
2355,-1.3002679347991943,6.992716312408447
2356,-5.6471452713012695,6.987353801727295
2357,0.05255334824323654,6.984413146972656
2358,1.6621404886245728,6.982156753540039
2359,-0.028631119057536125,6.979186058044434
2360,-2.7308154106140137,6.975073337554932
2361,-0.7837684154510498,6.9717888832092285
2362,3.3860769271850586,6.970271587371826
2363,0.22057391703128815,6.967416286468506
2364,-4.716372013092041,6.9624762535095215
2365,4.978369235992432,6.961637496948242
2366,-6.425726413726807,6.955981731414795
2367,6.582646369934082,6.95582389831543
2368,1.1796739101409912,6.953385353088379
2369,2.624284029006958,6.951559066772461
2370,-1.4698922634124756,6.948007106781006
2371,-1.585686206817627,6.944409370422363
2372,-0.5254294872283936,6.941261291503906
2373,1.2390646934509277,6.938858985900879
2374,1.417973518371582,6.936534404754639
2375,1.9431711435317993,6.9344329833984375
2376,0.3542903661727905,6.93166446685791
2377,-3.9566328525543213,6.9270853996276855
2378,2.9891624450683594,6.925429821014404
2379,1.8067708015441895,6.923279285430908
2380,0.31194552779197693,6.920502662658691
2381,1.6775522232055664,6.918301582336426
2382,1.5651370286941528,6.916055202484131
2383,2.681741714477539,6.914278984069824
2384,-0.6455998420715332,6.911108493804932
2385,6.0815887451171875,6.91076135635376
2386,2.093655824661255,6.908743381500244
2387,0.2031063437461853,6.905935287475586
2388,1.561354637145996,6.903697490692139
2389,0.00139244191814214,6.9008097648620605
2390,-3.207646369934082,6.89658260345459
2391,2.8134899139404297,6.894876003265381
2392,7.1467742919921875,6.8949809074401855
2393,7.264581680297852,6.895134925842285
2394,-3.0657224655151367,6.890975475311279
2395,-3.2232441902160645,6.886754512786865
2396,-6.439752578735352,6.881195068359375
2397,-2.140958547592163,6.877432823181152
2398,4.552486896514893,6.876463890075684
2399,0.2841429114341736,6.873716831207275
2400,3.393036127090454,6.87226676940918
2401,2.4925968647003174,6.870443344116211
2402,-4.498429298400879,6.8657121658325195
2403,-6.583539962768555,6.860117435455322
2404,-10.25083065032959,6.853003025054932
2405,-3.1752281188964844,6.848834991455078
2406,3.983829975128174,6.847644805908203
2407,0.6510549187660217,6.845071315765381
2408,4.188562870025635,6.843968868255615
2409,-0.8103370666503906,6.840792655944824
2410,2.226580858230591,6.838879108428955
2411,-0.3831714391708374,6.835885047912598
2412,-3.158815383911133,6.831743240356445
2413,0.10093750059604645,6.828955173492432
2414,-1.4864808320999146,6.825511932373047
2415,-0.24709947407245636,6.82258415222168
2416,2.285706043243408,6.820706844329834
2417,-1.3441472053527832,6.817330360412598
2418,-0.8782586455345154,6.814148902893066
2419,-0.7168202996253967,6.811036586761475
2420,1.3766744136810303,6.8087921142578125
2421,3.9381768703460693,6.8076066970825195
2422,-3.1808664798736572,6.803483963012695
2423,0.7375441789627075,6.8009819984436035
2424,-3.8547720909118652,6.7965874671936035
2425,-3.311815023422241,6.792420387268066
2426,-6.140972137451172,6.7870917320251465
2427,-8.665685653686523,6.780726909637451
2428,2.06199049949646,6.77878475189209
2429,-0.004823162220418453,6.775993347167969
2430,-2.142256498336792,6.772324562072754
2431,-1.1805837154388428,6.769054889678955
2432,0.8362037539482117,6.766616344451904
2433,-5.510855674743652,6.761571884155273
2434,-1.9209920167922974,6.758005619049072
2435,7.919281005859375,6.758482933044434
2436,-2.9541993141174316,6.754497051239014
2437,-0.9183129072189331,6.751349925994873
2438,0.08174511790275574,6.748615264892578
2439,-4.15803861618042,6.744145393371582
2440,-4.6107683181762695,6.739493370056152
2441,3.691796064376831,6.738245487213135
2442,-2.886659860610962,6.734305381774902
2443,1.9392280578613281,6.732343673706055
2444,2.076876163482666,6.730439186096191
2445,-3.0777688026428223,6.726428985595703
2446,4.90883731842041,6.725686073303223
2447,-0.024350211024284363,6.722929000854492
2448,-1.5117801427841187,6.719566822052002
2449,-12.878952980041504,6.711567401885986
2450,-1.5547716617584229,6.708194732666016
2451,4.0439910888671875,6.707108497619629
2452,-2.720362663269043,6.703265190124512
2453,-7.350048542022705,6.69753885269165
2454,-1.026904582977295,6.694392204284668
2455,2.980225086212158,6.692879676818848
2456,-0.9856815338134766,6.689754486083984
2457,2.7051010131835938,6.688133239746094
2458,-2.1192619800567627,6.68455171585083
2459,-1.3585820198059082,6.681281566619873
2460,-0.9877361059188843,6.678165435791016
2461,-2.5022265911102295,6.674436569213867
2462,4.19383430480957,6.673429489135742
2463,4.232283592224121,6.672438621520996
2464,2.6848647594451904,6.670821189880371
2465,1.9031922817230225,6.668887615203857
2466,-4.057285308837891,6.664539813995361
2467,0.27500107884407043,6.661951065063477
2468,-2.7282509803771973,6.658147811889648
2469,3.354417324066162,6.6568098068237305
2470,-1.1958503723144531,6.653632164001465
2471,1.0604182481765747,6.651369571685791
2472,1.1201434135437012,6.649133205413818
2473,4.048237323760986,6.648082256317139
2474,4.754092693328857,6.647316932678223
2475,0.1316656768321991,6.6446852684021
2476,3.4481983184814453,6.6433939933776855
2477,4.062003135681152,6.64235258102417
2478,4.514029502868652,6.641493797302246
2479,-0.13269752264022827,6.638762474060059
2480,6.031005859375,6.638517379760742
2481,0.06301864981651306,6.635868072509766
2482,0.169918030500412,6.633264064788818
2483,-0.8385545015335083,6.630256175994873
2484,-2.326277732849121,6.626652240753174
2485,-15.153596878051758,6.61789083480835
2486,-1.0381306409835815,6.614811897277832
2487,-6.793140411376953,6.60942268371582
2488,3.2545461654663086,6.60807466506958
2489,-4.17617130279541,6.603744029998779
2490,-3.779815673828125,6.599575519561768
2491,3.97629714012146,6.598523139953613
2492,-0.7843762040138245,6.595561504364014
2493,-0.2955249547958374,6.592798709869385
2494,-6.344374656677246,6.587613582611084
2495,-1.982613205909729,6.584179878234863
2496,-0.5124318599700928,6.581338405609131
2497,0.0076932222582399845,6.578706741333008
2498,1.8542312383651733,6.576816082000732
2499,10.673998832702637,6.578454494476318
2500,11.28328800201416,6.58033561706543
2501,4.883144378662109,6.579657554626465
2502,11.409806251525879,6.581587314605713
2503,6.994452476501465,6.581751823425293
2504,12.030160903930664,6.583926677703857
2505,11.360862731933594,6.5858330726623535
2506,8.750080108642578,6.586696147918701
2507,8.319746971130371,6.587387561798096
2508,11.129485130310059,6.589197635650635
2509,7.35220193862915,6.58950138092041
2510,6.024147033691406,6.58927583694458
2511,9.088546752929688,6.590270519256592
2512,10.754386901855469,6.591927528381348
2513,11.342253684997559,6.593816757202148
2514,9.816106796264648,6.59509801864624
2515,7.854752063751221,6.595599174499512
2516,9.7889404296875,6.59686803817749
2517,8.563709259033203,6.597649097442627
2518,7.995223045349121,6.598204612731934
2519,6.752306938171387,6.598265647888184
2520,9.95417594909668,6.599596977233887
2521,10.372453689575195,6.601093292236328
2522,7.182332992553711,6.601323127746582
2523,7.934403419494629,6.601850986480713
2524,10.184016227722168,6.603269577026367
2525,9.089309692382812,6.604254245758057
2526,10.019707679748535,6.605605602264404
2527,5.6765007972717285,6.60523796081543
2528,10.075881958007812,6.606610298156738
2529,10.68860912322998,6.608223915100098
2530,8.089529991149902,6.608809471130371
2531,8.635555267333984,6.609609603881836
2532,10.704445838928223,6.611226558685303
2533,9.66993522644043,6.612433433532715
2534,11.141544342041016,6.614219665527344
2535,9.317940711975098,6.615285873413086
2536,8.335801124572754,6.615964412689209
2537,7.06129264831543,6.6161394119262695
2538,12.636618614196777,6.618510723114014
2539,11.171976089477539,6.620303153991699
2540,9.019706726074219,6.621247291564941
2541,9.313274383544922,6.6223063468933105
2542,10.59946060180664,6.623870372772217
2543,9.916154861450195,6.62516450881958
2544,9.030135154724121,6.6261091232299805
2545,7.392210483551025,6.626410007476807
2546,9.735411643981934,6.627631187438965
2547,9.06553840637207,6.6285881996154785
2548,10.169490814208984,6.629977226257324
2549,10.581686019897461,6.631527423858643
2550,10.997347831726074,6.633238792419434
2551,11.364768981933594,6.6350932121276855
2552,10.54471206665039,6.636624813079834
2553,11.269364356994629,6.638438701629639
2554,12.353385925292969,6.6406755447387695
2555,12.137608528137207,6.642825603485107
2556,7.792958736419678,6.643275737762451
2557,9.573380470275879,6.644421100616455
2558,6.524428844451904,6.644374847412109
2559,10.115472793579102,6.645730495452881
2560,12.359322547912598,6.647961616516113
2561,8.210580825805664,6.648571491241455
2562,7.250542163848877,6.648806095123291
2563,7.44040060043335,6.649114608764648
2564,7.678850173950195,6.649516582489014
2565,8.406978607177734,6.650201320648193
2566,11.356271743774414,6.652034282684326
2567,10.852102279663086,6.653669357299805
2568,10.435888290405273,6.655141353607178
2569,13.069814682006836,6.657637596130371
2570,7.5583953857421875,6.65798807144165
2571,10.975578308105469,6.659666538238525
2572,9.838671684265137,6.6609015464782715
2573,8.923678398132324,6.661780834197998
2574,10.937673568725586,6.663441181182861
2575,6.732271194458008,6.663467884063721
2576,9.332916259765625,6.664503574371338
2577,9.96864128112793,6.665785312652588
2578,10.074931144714355,6.667107105255127
2579,7.767660140991211,6.6675333976745605
2580,10.798393249511719,6.669134140014648
2581,11.900821685791016,6.6711602210998535
2582,9.94621467590332,6.672427654266357
2583,8.190696716308594,6.673015594482422
2584,6.770787239074707,6.673053741455078
2585,10.16362190246582,6.674403667449951
2586,5.735650062561035,6.674040794372559
2587,11.375985145568848,6.675858020782471
2588,9.156718254089355,6.676816463470459
2589,11.378522872924805,6.678631782531738
2590,7.679908752441406,6.679018020629883
2591,4.903950214385986,6.678333282470703
2592,2.5472452640533447,6.6767401695251465
2593,7.464455604553223,6.677043914794922
2594,3.433670997619629,6.6757941246032715
2595,5.684212684631348,6.675411701202393
2596,2.4032692909240723,6.673766613006592
2597,3.7831130027770996,6.672653675079346
2598,1.784538745880127,6.670773506164551
2599,4.0757246017456055,6.669775485992432
2600,3.376969337463379,6.668509483337402
2601,5.111789226531982,6.667911052703857
2602,2.0249881744384766,6.6661272048950195
2603,4.678740501403809,6.665364742279053
2604,3.6704697608947754,6.664214611053467
2605,4.499610900878906,6.663384437561035
2606,4.780288219451904,6.662662506103516
2607,3.658172130584717,6.661510467529297
2608,2.0242247581481934,6.659732341766357
2609,3.662719964981079,6.658584117889404
2610,0.04818710684776306,6.656052589416504
2611,4.3357744216918945,6.6551642417907715
2612,0.7148004174232483,6.652890682220459
2613,1.934670090675354,6.651086330413818
2614,1.502037525177002,6.6491169929504395
2615,-0.16636738181114197,6.646512031555176
2616,2.318131685256958,6.644858360290527
2617,-0.6599687933921814,6.642067909240723
2618,1.9856959581375122,6.640290260314941
2619,0.8124584555625916,6.638065814971924
2620,0.6698280572891235,6.635788917541504
2621,2.733153820037842,6.634300231933594
2622,2.9756436347961426,6.63290548324585
2623,3.2679202556610107,6.631623268127441
2624,2.4177448749542236,6.6300177574157715
2625,0.762906014919281,6.62778377532959
2626,1.5938079357147217,6.62586784362793
2627,2.553485870361328,6.624317646026611
2628,3.627009391784668,6.623177528381348
2629,1.53083074092865,6.621241569519043
2630,0.571698009967804,6.6189422607421875
2631,2.384524345397949,6.617333889007568
2632,3.6386947631835938,6.616202354431152
2633,2.8474977016448975,6.614771842956543
2634,-1.388474941253662,6.611734390258789
2635,3.2613799571990967,6.610463619232178
2636,1.3663254976272583,6.608475208282471
2637,5.773387908935547,6.608158588409424
2638,0.517291784286499,6.605850696563721
2639,1.6418737173080444,6.603970527648926
2640,1.9565067291259766,6.602210998535156
2641,5.792366027832031,6.60190486907959
2642,2.159693956375122,6.600224018096924
2643,1.8170504570007324,6.598414897918701
2644,1.4293291568756104,6.596460819244385
2645,1.0824376344680786,6.594376564025879
2646,1.755120873451233,6.592548847198486
2647,3.4364054203033447,6.5913567543029785
2648,1.4835257530212402,6.589428424835205
2649,-1.5558899641036987,6.586354732513428
2650,1.919262409210205,6.584594249725342
2651,3.891195058822632,6.583578586578369
2652,0.4490810036659241,6.581266403198242
2653,5.491549491882324,6.580855846405029
2654,4.52983283996582,6.58008337020874
2655,3.0887928009033203,6.578768253326416
2656,4.960649013519287,6.578159332275391
2657,4.761786460876465,6.5774760246276855
2658,-1.1695516109466553,6.5745625495910645
2659,1.8716121912002563,6.572794437408447
2660,2.678126335144043,6.571330547332764
2661,2.9591920375823975,6.569973468780518
2662,2.5164499282836914,6.568450927734375
2663,4.277299404144287,6.567591190338135
2664,4.2609639167785645,6.566725730895996
2665,1.937267780303955,6.5649895668029785
2666,6.123068332672119,6.564823627471924
2667,6.401751518249512,6.564762592315674
2668,5.0087175369262695,6.564179420471191
2669,6.470086097717285,6.564144611358643
2670,5.466574668884277,6.5637335777282715
2671,4.651470184326172,6.563018321990967
2672,5.583725929260254,6.562652111053467
2673,5.470783233642578,6.562243461608887
2674,5.837735652923584,6.561972618103027
2675,5.749792098999023,6.56166934967041
2676,6.119694709777832,6.561503887176514
2677,6.6445441246032715,6.561534881591797
2678,12.138361930847168,6.563616752624512
2679,7.070270538330078,6.563806056976318
2680,8.730584144592285,6.564614295959473
2681,5.814700126647949,6.564334392547607
2682,6.855565071105957,6.564443111419678
2683,5.3347272872924805,6.563984394073486
2684,7.652087211608887,6.564389705657959
2685,6.095367431640625,6.564215183258057
2686,5.825378894805908,6.563940525054932
2687,6.741570949554443,6.564006805419922
2688,7.729236602783203,6.5644402503967285
2689,6.332587718963623,6.5643534660339355
2690,6.250335693359375,6.564236640930176
2691,8.779121398925781,6.565059661865234
2692,5.352545261383057,6.564610004425049
2693,6.206995010375977,6.56447696685791
2694,10.414140701293945,6.565905570983887
2695,8.826180458068848,6.566743850708008
2696,7.147387504577637,6.566958904266357
2697,4.917577743530273,6.566347599029541
2698,5.832586765289307,6.566075325012207
2699,7.108189582824707,6.5662760734558105
2700,6.962376117706299,6.566422939300537
2701,7.454876899719238,6.566751956939697
2702,4.631829738616943,6.566035747528076
2703,6.541325569152832,6.566026210784912
2704,5.4861955642700195,6.565627098083496
2705,7.635422229766846,6.5660223960876465
2706,4.735784530639648,6.5653462409973145
2707,4.943767070770264,6.564747333526611
2708,4.365403175354004,6.563935279846191
2709,5.114903926849365,6.563400745391846
2710,4.695939540863037,6.562711715698242
2711,7.277435779571533,6.5629754066467285
2712,8.668941497802734,6.563751220703125
2713,3.253139019012451,6.562531471252441
2714,7.032461166381836,6.562705039978027
2715,8.606616973876953,6.56345796585083
2716,6.249020099639893,6.5633416175842285
2717,7.431027889251709,6.563661098480225
2718,8.530196189880371,6.5643839836120605
2719,4.480866432189941,6.563618183135986
2720,6.384503364562988,6.563552379608154
2721,7.81707239151001,6.56401252746582
2722,6.730551719665527,6.56407356262207
2723,6.084439754486084,6.563897609710693
2724,6.069357395172119,6.563716411590576
2725,7.906495094299316,6.564208984375
2726,8.457830429077148,6.5649027824401855
2727,5.784548759460449,6.564617156982422
2728,4.189835071563721,6.563746929168701
2729,6.037615776062012,6.563553810119629
2730,4.858835220336914,6.562929630279541
2731,5.701775550842285,6.562614440917969
2732,4.568957328796387,6.561884880065918
2733,5.12950325012207,6.5613603591918945
2734,4.617640972137451,6.560649871826172
2735,6.054506778717041,6.560464859008789
2736,6.2226715087890625,6.5603413581848145
2737,5.030655860900879,6.559782981872559
2738,6.735642433166504,6.559847354888916
2739,5.844519138336182,6.559586048126221
2740,5.9931559562683105,6.5593791007995605
2741,6.548944473266602,6.559375286102295
2742,6.810568809509277,6.55946683883667
2743,5.874992370605469,6.55921745300293
2744,5.522753715515137,6.558839797973633
2745,5.694517135620117,6.558525562286377
2746,5.754184722900391,6.55823278427124
2747,6.158228397369385,6.55808687210083
2748,4.749861717224121,6.557429313659668
2749,7.136401653289795,6.557640075683594
2750,5.680809497833252,6.557321548461914
2751,6.894550323486328,6.557444095611572
2752,4.783652305603027,6.556799411773682
2753,8.406435012817383,6.55747127532959
2754,11.011194229125977,6.559087753295898
2755,11.077577590942383,6.560727596282959
2756,8.808001518249512,6.561542987823486
2757,8.845845222473145,6.562371253967285
2758,9.045760154724121,6.5632710456848145
2759,7.783308506011963,6.563713073730469
2760,11.060495376586914,6.565341472625732
2761,9.632322311401367,6.5664520263671875
2762,10.485877990722656,6.56787109375
2763,11.519250869750977,6.569662570953369
2764,7.8659491539001465,6.570130825042725
2765,8.773573875427246,6.570927619934082
2766,8.890918731689453,6.571765899658203
2767,7.7111005783081055,6.572177410125732
2768,7.2690205574035645,6.572429180145264
2769,9.669859886169434,6.57354736328125
2770,8.786810874938965,6.574346542358398
2771,10.26952838897705,6.575679302215576
2772,9.026119232177734,6.576562881469727
2773,9.031633377075195,6.577447891235352
2774,8.84276008605957,6.578263759613037
2775,10.522729873657227,6.579684734344482
2776,8.082223892211914,6.580225944519043
2777,10.60949420928955,6.581676006317139
2778,7.7304911613464355,6.582089424133301
2779,8.302578926086426,6.582708358764648
2780,9.642341613769531,6.583808898925781
2781,7.820843696594238,6.584253311157227
2782,7.741533279418945,6.58466911315918
2783,9.618623733520508,6.585759162902832
2784,11.969747543334961,6.587692737579346
2785,8.879626274108887,6.588515281677246
2786,10.379779815673828,6.589875221252441
2787,10.11766242980957,6.591140270233154
2788,9.448188781738281,6.592164516448975
2789,12.136707305908203,6.594151973724365
2790,11.994219779968262,6.596086502075195
2791,7.871001243591309,6.596543312072754
2792,9.868603706359863,6.597714900970459
2793,7.222177982330322,6.597938537597656
2794,8.5406494140625,6.598633766174316
2795,9.325042724609375,6.599608898162842
2796,8.796747207641602,6.600394248962402
2797,9.113265037536621,6.601292133331299
2798,9.11728286743164,6.60219144821167
2799,8.749053955078125,6.6029582023620605
2800,8.029227256774902,6.6034674644470215
2801,7.488337516784668,6.603783130645752
2802,9.488792419433594,6.604812145233154
2803,10.277406692504883,6.606122016906738
2804,10.975439071655273,6.60767936706543
2805,9.97368335723877,6.608879566192627
2806,10.694095611572266,6.610334396362305
2807,10.407337188720703,6.611687183380127
2808,10.138201713562012,6.612942695617676
2809,9.962491989135742,6.614134788513184
2810,10.886112213134766,6.615654945373535
2811,8.463069915771484,6.616311550140381
2812,9.310148239135742,6.617269515991211
2813,10.429593086242676,6.618624210357666
2814,9.400357246398926,6.619612216949463
2815,8.940966606140137,6.620437145233154
2816,11.834487915039062,6.622287750244141
2817,10.250371932983398,6.623575210571289
2818,7.910312652587891,6.6240315437316895
2819,10.864686012268066,6.625535488128662
2820,11.861344337463379,6.627391338348389
2821,9.547101020812988,6.6284260749816895
2822,9.746859550476074,6.629530429840088
2823,10.196499824523926,6.630793571472168
2824,9.989140510559082,6.631982326507568
2825,9.27249813079834,6.6329169273376465
2826,10.516578674316406,6.6342902183532715
2827,12.952112197875977,6.636524200439453
2828,8.540825843811035,6.637197017669678
2829,11.356756210327148,6.638864994049072
2830,9.445963859558105,6.639856338500977
2831,9.3494873046875,6.64081335067749
2832,9.060052871704102,6.641667366027832
2833,9.541646957397461,6.642690658569336
2834,9.584997177124023,6.643728733062744
2835,10.423918724060059,6.645061492919922
2836,11.20029354095459,6.64666748046875
2837,10.4937162399292,6.6480231285095215
2838,10.941442489624023,6.649535655975342
2839,10.924407005310059,6.651040554046631
2840,11.144289016723633,6.652622222900391
2841,9.887312889099121,6.653759956359863
2842,11.530467987060547,6.655475616455078
2843,11.415534973144531,6.657149791717529
2844,10.827742576599121,6.658615589141846
2845,9.041339874267578,6.65945291519165
2846,11.536046028137207,6.661165237426758
2847,11.340349197387695,6.662808418273926
2848,12.406476974487305,6.66482400894165
2849,11.612359046936035,6.666560649871826
2850,10.410310745239258,6.667873382568359
2851,9.76785945892334,6.6689605712890625
2852,13.067444801330566,6.67120361328125
2853,11.773778915405273,6.6729912757873535
2854,9.933670043945312,6.67413330078125
2855,11.430095672607422,6.675798416137695
2856,10.09288215637207,6.676994800567627
2857,9.667557716369629,6.678040981292725
2858,9.587897300720215,6.679059028625488
2859,10.58219051361084,6.680423736572266
2860,11.896821975708008,6.682246685028076
2861,10.46215534210205,6.683568000793457
2862,10.029044151306152,6.684736251831055
2863,10.362279891967773,6.686020374298096
2864,9.82516860961914,6.687115669250488
2865,10.98575210571289,6.688615798950195
2866,11.347060203552246,6.690240859985352
2867,10.851106643676758,6.6916913986206055
2868,11.072293281555176,6.693218231201172
2869,10.911507606506348,6.694688320159912
2870,9.602167129516602,6.6957011222839355
2871,-1.9223031997680664,6.692700386047363
2872,3.774453639984131,6.691685199737549
2873,5.524327278137207,6.691278457641602
2874,4.4701385498046875,6.6905059814453125
2875,2.648073196411133,6.689100742340088
2876,6.0312180519104,6.68887186050415
2877,5.958576202392578,6.688618183135986
2878,5.556561470031738,6.688225269317627
2879,3.741384744644165,6.687202453613281
2880,5.994813442230225,6.686961650848389
2881,6.0893683433532715,6.6867547035217285
2882,4.992940425872803,6.686166763305664
2883,6.33790922164917,6.686046123504639
2884,3.4993269443511963,6.68494176864624
2885,5.925723075866699,6.684678554534912
2886,4.761384963989258,6.684012413024902
2887,4.969622611999512,6.6834187507629395
2888,5.522212028503418,6.683016300201416
2889,3.341355085372925,6.681860446929932
2890,5.453774452209473,6.6814351081848145
2891,4.822443008422852,6.680792331695557
2892,2.9276375770568848,6.679494857788086
2893,5.271143436431885,6.679008483886719
2894,1.3758800029754639,6.677176475524902
2895,3.787020444869995,6.676178455352783
2896,4.977270126342773,6.675591945648193
2897,5.555299758911133,6.675205230712891
2898,4.208905220031738,6.674354076385498
2899,6.28619909286499,6.674220561981201
2900,4.40723991394043,6.6734395027160645
2901,-2.702540874481201,6.67020845413208
2902,4.74241304397583,6.669544219970703
2903,5.343852996826172,6.669087886810303
2904,4.835674285888672,6.66845703125
2905,5.95226526260376,6.668210506439209
2906,5.701758861541748,6.667878150939941
2907,4.781815528869629,6.667229175567627
2908,4.274168491363525,6.666406154632568
2909,6.081820487976074,6.666205406188965
2910,3.891524314880371,6.665252208709717
2911,1.920771598815918,6.6636223793029785
2912,6.005228042602539,6.663396835327148
2913,2.7386534214019775,6.662049770355225
2914,-0.7925295829772949,6.659492492675781
2915,3.75571346282959,6.658496379852295
2916,5.668017864227295,6.658156871795654
2917,4.8531880378723145,6.657538414001465
2918,5.4794793128967285,6.657134532928467
2919,3.5227537155151367,6.656061172485352
2920,5.1233811378479,6.655536651611328
2921,4.424947261810303,6.654773235321045
2922,3.7415883541107178,6.653777122497559
2923,4.327706813812256,6.652981758117676
2924,4.678297519683838,6.65230655670166
2925,1.6875051259994507,6.650609493255615
2926,4.819034099578857,6.6499834060668945
2927,4.882901191711426,6.649380207061768
2928,3.8354218006134033,6.648419380187988
2929,4.9749650955200195,6.647848129272461
2930,5.49330472946167,6.647454738616943
2931,3.926093101501465,6.646526336669922
2932,2.1686651706695557,6.6449995040893555
2933,3.899778366088867,6.644063949584961
2934,6.05900764465332,6.643864631652832
2935,8.938263893127441,6.644645690917969
2936,4.546522617340088,6.6439313888549805
2937,2.727678060531616,6.642598628997803
2938,5.162997245788574,6.64209508895874
2939,5.499744415283203,6.641706466674805
2940,6.0467987060546875,6.641504287719727
2941,5.462727069854736,6.641103744506836
2942,1.6015031337738037,6.6393914222717285
2943,4.657513618469238,6.638718128204346
2944,2.1571924686431885,6.637196063995361
2945,3.4358630180358887,6.636109352111816
2946,3.1087753772735596,6.634912967681885
2947,-0.366815447807312,6.632537364959717
2948,-2.823133945465088,6.629331588745117
2949,2.7384207248687744,6.628012657165527
2950,4.835560321807861,6.627405166625977
2951,-4.5783867835998535,6.6236090660095215
2952,2.597075939178467,6.622245788574219
2953,3.8327314853668213,6.621301174163818
2954,0.6707535982131958,6.619287490844727
2955,1.0729024410247803,6.617410659790039
2956,2.5482749938964844,6.616034984588623
2957,2.610589027404785,6.614681243896484
2958,2.4785854816436768,6.613283157348633
2959,2.4851295948028564,6.611888408660889
2960,1.9275920391082764,6.610306262969971
2961,2.7782087326049805,6.609012126922607
2962,1.5160253047943115,6.607293128967285
2963,0.7322803139686584,6.605311393737793
2964,3.946798801422119,6.604414939880371
2965,4.539271354675293,6.603718280792236
2966,4.135368347167969,6.602886199951172
2967,5.110062599182129,6.602383136749268
2968,3.128368854522705,6.601212978363037
2969,7.2079949378967285,6.601417064666748
2970,2.327681064605713,6.599978923797607
2971,0.6660770177841187,6.597982406616211
2972,0.3737706243991852,6.595888614654541
2973,3.971975088119507,6.595006465911865
2974,4.159891128540039,6.5941877365112305
2975,1.318237066268921,6.5924153327941895
2976,6.883120536804199,6.592512607574463
2977,0.9869211316108704,6.590630054473877
2978,2.6253061294555664,6.589298725128174
2979,0.6266183853149414,6.5872979164123535
2980,2.993940830230713,6.586092948913574
2981,3.1168360710144043,6.584929466247559
2982,3.243664503097534,6.5838093757629395
2983,3.630329132080078,6.582819938659668
2984,4.357551574707031,6.5820746421813965
2985,2.813986301422119,6.580812454223633
2986,-0.5684522390365601,6.578419208526611
2987,-2.9264121055603027,6.575238227844238
2988,0.07698701322078705,6.57306432723999
2989,4.772375106811523,6.5724616050720215
2990,4.83028507232666,6.571878910064697
2991,6.605597019195557,6.571890354156494
2992,-4.057686805725098,6.568338394165039
2993,-0.43618354201316833,6.5659990310668945
2994,1.8695563077926636,6.564431190490723
2995,4.241753101348877,6.563655853271484
2996,-0.4330206513404846,6.561321258544922
2997,3.9026637077331543,6.560434341430664
2998,3.957657814025879,6.559566020965576
2999,2.0821828842163086,6.5580735206604
3000,4.28604793548584,6.557316303253174
3001,3.5561420917510986,6.55631685256958
3002,3.6919503211975098,6.555362701416016
3003,3.5149168968200684,6.554350852966309
3004,1.318730115890503,6.552608489990234
3005,-1.1056523323059082,6.550060749053955
3006,0.9367638230323792,6.548194408416748
3007,2.9889070987701416,6.547010898590088
3008,2.411649465560913,6.5456366539001465
3009,2.4508070945739746,6.544276237487793
3010,3.033853769302368,6.543110370635986
3011,0.9526635408401489,6.541254043579102
3012,2.5870368480682373,6.539942264556885
3013,2.3525748252868652,6.538553237915039
3014,3.1755292415618896,6.537437915802002
3015,1.9262081384658813,6.5359086990356445
3016,0.7873964309692383,6.534003257751465
3017,-2.3737576007843018,6.531052112579346
3018,1.6575126647949219,6.529438018798828
3019,1.4519565105438232,6.527756214141846
3020,3.924419641494751,6.526894569396973
3021,2.969367504119873,6.525716781616211
3022,2.1467456817626953,6.52426815032959
3023,1.799827218055725,6.522706508636475
3024,1.115659236907959,6.520918846130371
3025,1.4735149145126343,6.519250392913818
3026,0.36202114820480347,6.517216205596924
3027,1.76267671585083,6.515645503997803
3028,2.4226534366607666,6.514294147491455
3029,3.809858798980713,6.513401985168457
3030,3.1960055828094482,6.512307167053223
3031,-1.3326479196548462,6.5097198486328125
3032,3.4463939666748047,6.5087103843688965
3033,-0.18920543789863586,6.506502628326416
3034,2.6117970943450928,6.505218982696533
3035,2.9079136848449707,6.504034042358398
3036,3.128701686859131,6.502923011779785
3037,-0.8749454021453857,6.500494480133057
3038,-1.8808009624481201,6.49773645401001
3039,-0.4907601773738861,6.4954376220703125
3040,1.1315031051635742,6.493673801422119
3041,3.296973943710327,6.4926228523254395
3042,2.31923246383667,6.491250991821289
3043,6.197824478149414,6.491154670715332
3044,0.3212893605232239,6.489128589630127
3045,2.7934768199920654,6.4879150390625
3046,1.4468846321105957,6.486260890960693
3047,-0.1839979588985443,6.484072685241699
3048,0.6684403419494629,6.4821648597717285
3049,1.2513525485992432,6.48045015335083
3050,0.7241351008415222,6.4785637855529785
3051,5.244441986083984,6.478158950805664
3052,-2.659677267074585,6.475165843963623
3053,3.7893385887145996,6.4742865562438965
3054,1.2629072666168213,6.472580909729004
3055,1.0502032041549683,6.47080659866333
3056,0.38508760929107666,6.468815803527832
3057,-0.2700355350971222,6.466612339019775
3058,-0.4459333121776581,6.464352607727051
3059,-8.8256254196167,6.45935583114624
3060,0.7622223496437073,6.457494258880615
3061,-0.4677829146385193,6.455232620239258
3062,-1.258610486984253,6.452714443206787
3063,0.5493367910385132,6.450787544250488
3064,-3.9679112434387207,6.447388172149658
3065,-0.28069618344306946,6.445193290710449
3066,0.8839149475097656,6.443380355834961
3067,1.3948105573654175,6.441734790802002
3068,-0.31792667508125305,6.4395318031311035
3069,1.4385805130004883,6.43790340423584
3070,2.321986675262451,6.436563014984131
3071,-0.34024691581726074,6.434357166290283
3072,0.8978089094161987,6.432555675506592
3073,1.868350625038147,6.4310712814331055
3074,1.68477201461792,6.42952823638916
3075,0.40522053837776184,6.427569389343262
3076,2.972355842590332,6.426446437835693
3077,2.4180684089660645,6.425144195556641
3078,1.460646152496338,6.423532009124756
3079,1.6067235469818115,6.42196798324585
3080,2.1380209922790527,6.4205780029296875
3081,1.9323481321334839,6.419121265411377
3082,1.6198697090148926,6.417564392089844
3083,2.4231584072113037,6.416269779205322
3084,2.0364248752593994,6.414850234985352
3085,1.192097783088684,6.4131574630737305
3086,2.3435378074645996,6.411839008331299
3087,3.012908935546875,6.410738945007324
3088,3.529127597808838,6.409805774688721
3089,4.9854416847229,6.4093451499938965
3090,2.9179019927978516,6.4082159996032715
3091,1.5983080863952637,6.406660079956055
3092,8.564031600952148,6.407357692718506
3093,8.6221923828125,6.408073902130127
3094,9.920626640319824,6.409208297729492
3095,9.040650367736816,6.410058498382568
3096,7.485342979431152,6.410405158996582
3097,5.086623191833496,6.409977912902832
3098,7.174291610717773,6.410224437713623
3099,11.696833610534668,6.411929607391357
3100,10.100431442260742,6.413118839263916
3101,6.5463361740112305,6.4131622314453125
3102,6.1256022453308105,6.413069248199463
3103,9.448905944824219,6.4140472412109375
3104,10.343791961669922,6.415312767028809
3105,9.318077087402344,6.416247844696045
3106,5.637703895568848,6.415997505187988
3107,8.575871467590332,6.41669225692749
3108,5.658012390136719,6.416448593139648
3109,9.25314998626709,6.417360782623291
3110,8.514629364013672,6.418034553527832
3111,7.386988639831543,6.418345928192139
3112,8.016413688659668,6.418859004974365
3113,6.28143835067749,6.418814659118652
3114,9.541319847106934,6.419816970825195
3115,9.240240097045898,6.420722484588623
3116,7.215163707733154,6.4209771156311035
3117,7.691450119018555,6.421384334564209
3118,6.597280502319336,6.421441078186035
3119,10.09768009185791,6.422619342803955
3120,9.142433166503906,6.42349100112915
3121,8.392952919006348,6.424121379852295
3122,8.125812530517578,6.424665927886963
3123,9.580301284790039,6.425676345825195
3124,5.912624359130859,6.425511837005615
3125,6.6310601234436035,6.425577640533447
3126,8.936684608459473,6.426380634307861
3127,5.8712382316589355,6.42620325088501
3128,7.692661762237549,6.426608085632324
3129,7.480037212371826,6.426945209503174
3130,7.365050315856934,6.427244663238525
3131,5.540129661560059,6.426961898803711
3132,9.300188064575195,6.4278788566589355
3133,8.497788429260254,6.428539752960205
3134,9.211140632629395,6.429427146911621
3135,8.63922119140625,6.430131435394287
3136,8.666601181030273,6.430844306945801
3137,6.282167434692383,6.4307966232299805
3138,8.303728103637695,6.431393623352051
3139,7.00747013092041,6.431577205657959
3140,8.110729217529297,6.432111740112305
3141,9.569549560546875,6.43311071395874
3142,9.593099594116211,6.434116363525391
3143,8.859909057617188,6.434887886047363
3144,5.430793285369873,6.434568881988525
3145,7.596644878387451,6.434937953948975
3146,7.066173076629639,6.435138702392578
3147,8.121111869812012,6.43567419052124
3148,7.645869255065918,6.436058521270752
3149,5.935657024383545,6.43589973449707
3150,8.34080696105957,6.436503887176514
3151,7.454493522644043,6.436827182769775
3152,7.349097728729248,6.437116622924805
3153,6.765310287475586,6.437220573425293
3154,7.701292037963867,6.437621116638184
3155,8.799112319946289,6.438369274139404
3156,9.18576431274414,6.439239501953125
3157,7.976704120635986,6.43972635269165
3158,7.474575519561768,6.440053939819336
3159,7.615744590759277,6.440425872802734
3160,6.838252067565918,6.4405517578125
3161,8.492077827453613,6.4412007331848145
3162,7.435849189758301,6.44151496887207
3163,7.7765703201293945,6.44193696975708
3164,7.704329013824463,6.442336082458496
3165,8.162074089050293,6.4428791999816895
3166,7.560164451599121,6.443232536315918
3167,9.464177131652832,6.444186210632324
3168,7.182367324829102,6.444418907165527
3169,8.202762603759766,6.444973468780518
3170,9.11161994934082,6.445814609527588
3171,7.828109264373779,6.4462504386901855
3172,9.359222412109375,6.447168350219727
3173,8.944576263427734,6.44795560836792
3174,7.892287254333496,6.448410511016846
3175,9.133801460266113,6.449256420135498
3176,-1.9954724311828613,6.446598052978516
3177,5.014981269836426,6.446147918701172
3178,6.271322250366211,6.44609260559082
3179,4.343331336975098,6.445431709289551
3180,-3.81654953956604,6.442205905914307
3181,4.783007621765137,6.441684246063232
3182,1.589553952217102,6.440159797668457
3183,4.719756126403809,6.439620018005371
3184,3.717409610748291,6.438765048980713
3185,5.118386268615723,6.438350677490234
3186,2.803278923034668,6.4372100830078125
3187,5.455475330352783,6.436902046203613
3188,2.7353363037109375,6.435740947723389
3189,5.025332450866699,6.435298919677734
3190,3.616873025894165,6.434415817260742
3191,3.45511794090271,6.4334821701049805
3192,3.8432140350341797,6.432671546936035
3193,4.602048873901367,6.432097911834717
3194,4.353394508361816,6.431447505950928
3195,7.640389919281006,6.431825637817383
3196,6.6029510498046875,6.43187952041626
3197,8.470955848693848,6.432517051696777
3198,5.827764987945557,6.432328224182129
3199,4.956078052520752,6.4318671226501465
3200,5.068275451660156,6.431441307067871
3201,4.864594459533691,6.430952072143555
3202,5.223841667175293,6.430575370788574
3203,2.1167657375335693,6.429229259490967
3204,6.306386947631836,6.429190635681152
3205,5.2971625328063965,6.428837776184082
3206,4.3856353759765625,6.4282002449035645
3207,5.449287414550781,6.4278950691223145
3208,8.025554656982422,6.4283928871154785
3209,4.600640296936035,6.427824020385742
3210,7.441933631896973,6.428139686584473
3211,5.830255031585693,6.427953243255615
3212,5.888679504394531,6.427785396575928
3213,7.44252872467041,6.428101539611816
3214,5.56453800201416,6.42783260345459
3215,7.752943992614746,6.4282450675964355
3216,11.887134552001953,6.429941654205322
3217,11.949224472045898,6.431656837463379
3218,4.978222846984863,6.431205749511719
3219,2.153254508972168,6.429876804351807
3220,7.559647083282471,6.430227756500244
3221,5.492615222930908,6.429936408996582
3222,6.116353988647461,6.429839611053467
3223,3.3039307594299316,6.42887020111084
3224,1.5632869005203247,6.427361488342285
3225,3.363618850708008,6.4264116287231445
3226,1.5577340126037598,6.42490291595459
3227,3.9097161293029785,6.424123764038086
3228,3.130439519882202,6.423104286193848
3229,4.489483833312988,6.422505855560303
3230,5.7174224853515625,6.422287464141846
3231,7.734702110290527,6.422693252563477
3232,3.275585651397705,6.421719551086426
3233,8.205147743225098,6.422271251678467
3234,4.859318256378174,6.421788215637207
3235,7.817587852478027,6.422219753265381
3236,4.455910682678223,6.421611785888672
3237,5.081259727478027,6.42119836807251
3238,4.62343168258667,6.420642852783203
3239,3.0744094848632812,6.419610023498535
3240,4.704000473022461,6.41908073425293
3241,3.646240472793579,6.418225288391113
3242,5.592084884643555,6.417970657348633
3243,6.282777786254883,6.417929172515869
3244,-2.628988742828369,6.4151411056518555
3245,4.292796611785889,6.414487361907959
3246,2.424745559692383,6.413258075714111
3247,2.7649452686309814,6.412135124206543
3248,4.771674156188965,6.411630153656006
3249,5.316131591796875,6.4112935066223145
3250,5.749910354614258,6.411089897155762
3251,8.37192440032959,6.4116926193237305
3252,5.797507286071777,6.411503791809082
3253,6.0301513671875,6.411386013031006
3254,5.595001220703125,6.411135673522949
3255,7.721548080444336,6.4115376472473145
3256,10.531697273254395,6.412802696228027
3257,6.1912946701049805,6.412734508514404
3258,10.781368255615234,6.414074897766113
3259,6.758502006530762,6.414180755615234
3260,6.044493198394775,6.414067268371582
3261,3.856602191925049,6.413283348083496
3262,5.9208173751831055,6.413132190704346
3263,6.577502250671387,6.413182735443115
3264,8.051037788391113,6.413684368133545
3265,5.785493850708008,6.413492202758789
3266,7.893718719482422,6.413945198059082
3267,6.5584797859191895,6.413989543914795
3268,1.393190622329712,6.412453651428223
3269,6.271958827972412,6.412410259246826
3270,6.347560882568359,6.41239070892334
3271,7.303158760070801,6.412662506103516
3272,6.399724006652832,6.412659168243408
3273,6.857266426086426,6.412794589996338
3274,6.806185245513916,6.412915229797363
3275,5.612348556518555,6.412671089172363
3276,6.530501842498779,6.412707328796387
3277,5.856748580932617,6.412537574768066
3278,5.064560890197754,6.412126541137695
3279,7.76045560836792,6.412537574768066
3280,5.72025728225708,6.412326812744141
3281,5.598477840423584,6.412078380584717
3282,5.014517307281494,6.411652565002441
3283,6.582818984985352,6.4117045402526855
3284,7.459853172302246,6.412023067474365
3285,6.092737197875977,6.411925792694092
3286,7.762741565704346,6.412336826324463
3287,5.602946758270264,6.41209077835083
3288,7.0840983390808105,6.412295341491699
3289,6.178738594055176,6.412224769592285
3290,3.9386181831359863,6.411473274230957
3291,6.5878801345825195,6.411526679992676
3292,6.978989124298096,6.411698818206787
3293,5.139936923980713,6.411313056945801
3294,6.643591403961182,6.411383628845215
3295,5.574084281921387,6.411129951477051
3296,3.400157928466797,6.410216808319092
3297,5.754283905029297,6.410017490386963
3298,9.104290962219238,6.410834312438965
3299,3.495115041732788,6.409950256347656
3300,8.018659591674805,6.410438060760498
3301,4.347043514251709,6.409813404083252
3302,6.835043907165527,6.409942150115967
3303,6.579216957092285,6.409993648529053
3304,5.245702743530273,6.409641742706299
3305,4.616074562072754,6.4090986251831055
3306,4.803203105926514,6.408613204956055
3307,7.1622819900512695,6.408840656280518
3308,6.387876987457275,6.408834457397461
3309,4.837025165557861,6.408360004425049
3310,6.455000877380371,6.408374309539795
3311,7.7843523025512695,6.408790111541748
3312,3.2817366123199463,6.407845973968506
3313,3.865248918533325,6.407078742980957
3314,0.6645783185958862,6.405346393585205
3315,4.053884506225586,6.404637336730957
3316,1.9332077503204346,6.403289318084717
3317,1.4402974843978882,6.401793479919434
3318,1.365786075592041,6.400275707244873
3319,2.297159194946289,6.3990397453308105
3320,2.4424562454223633,6.397848606109619
3321,3.275226593017578,6.396908760070801
3322,1.4040658473968506,6.395406246185303
3323,3.0070207118988037,6.394387245178223
3324,8.397093772888184,6.394989490509033
3325,3.9348695278167725,6.39424991607666
3326,3.2235217094421387,6.393296718597412
3327,6.793384075164795,6.393416881561279
3328,7.109051704406738,6.393631935119629
3329,3.5569329261779785,6.39277982711792
3330,3.1305322647094727,6.391800403594971
3331,3.0577964782714844,6.390800476074219
3332,3.033421516418457,6.3897929191589355
3333,5.463292598724365,6.389514923095703
3334,0.877888560295105,6.387861728668213
3335,4.794747352600098,6.387384414672852
3336,3.394829273223877,6.3864874839782715
3337,3.4620747566223145,6.385611534118652
3338,2.118126392364502,6.38433313369751
3339,5.009284973144531,6.3839216232299805
3340,4.2390971183776855,6.383279800415039
3341,0.9694758057594299,6.381659507751465
3342,-4.668368816375732,6.378354072570801
3343,1.262650966644287,6.376823902130127
3344,4.901062965393066,6.376382827758789
3345,-0.43590110540390015,6.374346733093262
3346,4.720452308654785,6.373852729797363
3347,1.9015703201293945,6.372517108917236
3348,4.245581150054932,6.371882438659668
3349,3.273886203765869,6.370957374572754
3350,7.432951927185059,6.371274471282959
3351,2.9827990531921387,6.370263576507568
3352,3.1648430824279785,6.369307041168213
3353,4.452694892883301,6.3687357902526855
3354,5.998976230621338,6.368625640869141
3355,6.192760944366455,6.368573188781738
3356,7.317099094390869,6.3688554763793945
3357,5.473554611206055,6.368588447570801
3358,3.4825263023376465,6.367729187011719
3359,0.16171760857105255,6.365882396697998
3360,3.441864013671875,6.365012168884277
3361,4.655636787414551,6.364504337310791
3362,6.436033248901367,6.364525318145752
3363,2.2785391807556152,6.363310813903809
3364,4.245790481567383,6.362681865692139
3365,3.778149127960205,6.361913681030273
3366,4.270729064941406,6.361292839050293
3367,5.60184907913208,6.361067295074463
3368,3.428215742111206,6.360196590423584
3369,4.321315765380859,6.359591960906982
3370,7.903547286987305,6.360050201416016
3371,4.370365619659424,6.359460353851318
3372,1.2629932165145874,6.357949256896973
3373,3.510497570037842,6.357105255126953
3374,5.451408386230469,6.356836795806885
3375,-1.799127459526062,6.354421138763428
3376,-1.2026082277297974,6.352182865142822
3377,9.899703025817871,6.353233337402344
3378,4.913427829742432,6.352807521820068
3379,1.624506950378418,6.351408958435059
3380,3.0241572856903076,6.350424289703369
3381,1.7154555320739746,6.349053859710693
3382,6.1322712898254395,6.348989963531494
3383,1.6868197917938232,6.347612380981445
3384,5.744509220123291,6.347434043884277
3385,4.881716728210449,6.347001075744629
3386,-1.8700402975082397,6.34457540512085
3387,4.740541458129883,6.344101428985596
3388,8.364282608032227,6.344697952270508
3389,5.779177665710449,6.344531059265137
3390,8.11813735961914,6.3450541496276855
3391,7.873422622680664,6.345504283905029
3392,7.631558895111084,6.345883369445801
3393,6.982049942016602,6.346070766448975
3394,6.9803571701049805,6.34625768661499
3395,6.714000225067139,6.3463664054870605
3396,8.17739200592041,6.34690523147583
3397,6.505746841430664,6.346951961517334
3398,7.260336875915527,6.3472208976745605
3399,7.343451499938965,6.347513675689697
3400,7.455968379974365,6.34783935546875
3401,8.598516464233398,6.348500728607178
3402,8.139182090759277,6.349026679992676
3403,6.548877716064453,6.349085330963135
3404,11.600353240966797,6.350627422332764
3405,6.863582611083984,6.350778102874756
3406,8.415740013122559,6.351384162902832
3407,7.8373823165893555,6.351820468902588
3408,8.718425750732422,6.352514743804932
3409,9.045866012573242,6.353304386138916
3410,7.904257297515869,6.353758811950684
3411,7.476378440856934,6.354087829589844
3412,6.762351989746094,6.354207515716553
3413,7.140937328338623,6.354437828063965
3414,7.900595664978027,6.3548903465271
3415,10.653833389282227,6.356149196624756
3416,7.945338249206543,6.356614112854004
3417,7.420299053192139,6.3569254875183105
3418,9.905319213867188,6.357963562011719
3419,8.72072696685791,6.358654499053955
3420,9.718803405761719,6.359636306762695
3421,6.425178527832031,6.359655857086182
3422,7.397026538848877,6.359958648681641
3423,7.0645670890808105,6.360164642333984
3424,6.880049705505371,6.360316276550293
3425,7.596363067626953,6.360677242279053
3426,8.960347175598145,6.361435890197754
3427,8.037420272827148,6.361924648284912
3428,9.739934921264648,6.36290979385376
3429,8.625962257385254,6.363569259643555
3430,6.1714701652526855,6.363513469696045
3431,7.594318866729736,6.363872051239014
3432,8.043046951293945,6.36436128616333
3433,6.811122417449951,6.364490985870361
3434,7.7901692390441895,6.364906311035156
3435,8.19482135772705,6.365438938140869
3436,8.701485633850098,6.366118431091309
3437,7.179215431213379,6.3663554191589355
3438,10.895271301269531,6.367671966552734
3439,10.94525146484375,6.369002819061279
3440,5.610417366027832,6.3687825202941895
3441,8.783516883850098,6.369483947753906
3442,7.418216705322266,6.369788646697998
3443,9.089165687561035,6.370578289031982
3444,9.499113082885742,6.371486663818359
3445,6.558961391448975,6.3715410232543945
3446,7.777698516845703,6.371948719024658
3447,9.480338096618652,6.37285041809082
3448,6.660993576049805,6.372933387756348
3449,8.619665145874023,6.373584747314453
3450,7.20846700668335,6.37382698059082
3451,9.6987943649292,6.374790191650391
3452,7.458065032958984,6.375103950500488
3453,9.386948585510254,6.375976085662842
3454,8.230957984924316,6.37651252746582
3455,8.230987548828125,6.377048969268799
3456,7.550806522369385,6.377388954162598
3457,6.544951915740967,6.377437114715576
3458,5.477809906005859,6.3771772384643555
3459,6.474203109741211,6.3772053718566895
3460,8.006795883178711,6.377676010131836
3461,8.86342716217041,6.37839412689209
3462,6.8761067390441895,6.378538131713867
3463,9.053882598876953,6.379310607910156
3464,6.055034637451172,6.37921667098999
3465,8.240752220153809,6.379753589630127
3466,4.916624546051025,6.379331588745117
3467,8.399442672729492,6.379914283752441
3468,7.483033657073975,6.380232334136963
3469,9.82203483581543,6.381224155426025
3470,6.355670928955078,6.381216526031494
3471,5.075459957122803,6.38084077835083
3472,8.76839542388916,6.381527900695801
3473,7.442620277404785,6.381833553314209
3474,7.5624847412109375,6.382173538208008
3475,7.060261249542236,6.382368564605713
3476,7.088329792022705,6.382571697235107
3477,7.395823001861572,6.3828630447387695
3478,8.092159271240234,6.383354187011719
3479,8.510621070861816,6.383965492248535
3480,7.4746994972229,6.384278774261475
3481,7.609694004058838,6.3846306800842285
3482,4.427862644195557,6.384068489074707
3483,10.088155746459961,6.3851318359375
3484,7.480744361877441,6.385446071624756
3485,5.683426856994629,6.385244846343994
3486,7.82370662689209,6.38565731048584
3487,9.230854034423828,6.386472702026367
3488,9.109285354614258,6.387253284454346
3489,9.45008659362793,6.3881306648254395
3490,7.783906936645508,6.388530254364014
3491,7.483758449554443,6.388844013214111
3492,6.62061882019043,6.38891077041626
3493,5.9180803298950195,6.388775825500488
3494,7.363870620727539,6.389054775238037
3495,8.751299858093262,6.389730453491211
3496,10.166145324707031,6.390810489654541
3497,6.790194034576416,6.39092493057251
3498,7.306905269622803,6.391186714172363
3499,7.609246253967285,6.391534805297852
3500,7.852527618408203,6.391951560974121
3501,7.075457572937012,6.392147064208984
3502,7.485413551330566,6.392459392547607
3503,7.566893577575684,6.392794609069824
3504,9.522007942199707,6.3936872482299805
3505,9.63808822631836,6.394612789154053
3506,7.732999324798584,6.394994258880615
3507,8.668540000915527,6.395641803741455
3508,6.883060932159424,6.39578104019165
3509,6.173026084899902,6.395717620849609
3510,5.789921760559082,6.39554500579834
3511,8.16293716430664,6.396047592163086
3512,8.250225067138672,6.396575450897217
3513,6.60575008392334,6.396635055541992
3514,8.382609367370605,6.397200107574463
3515,8.499635696411133,6.39779806137085
3516,6.659818172454834,6.3978729248046875
3517,6.76597785949707,6.397977352142334
3518,8.258716583251953,6.398505687713623
3519,9.459951400756836,6.3993754386901855
3520,5.24674129486084,6.3990478515625
3521,7.679574012756348,6.399411201477051
3522,9.040199279785156,6.400161266326904
3523,7.350639820098877,6.400431156158447
3524,9.256778717041016,6.401241302490234
3525,6.322224140167236,6.401218891143799
3526,7.503810405731201,6.401531219482422
3527,6.378008842468262,6.401525020599365
3528,6.3360490798950195,6.401506423950195
3529,7.381595611572266,6.4017839431762695
3530,7.655473709106445,6.402139186859131
3531,6.926760196685791,6.40228796005249
3532,5.73458194732666,6.402098655700684
3533,5.444778919219971,6.401828289031982
3534,6.725759983062744,6.401919841766357
3535,5.703131675720215,6.401722431182861
3536,7.47988748550415,6.402027130126953
3537,5.976304531097412,6.401906967163086
3538,6.406963348388672,6.4019083976745605
3539,7.188765525817871,6.402130603790283
3540,7.552432537078857,6.402455806732178
3541,5.775147438049316,6.402278900146484
3542,6.4239091873168945,6.402284622192383
3543,6.205588340759277,6.402229309082031
3544,6.007986545562744,6.402117729187012
3545,5.139553546905518,6.401761531829834
3546,5.817978382110596,6.401597023010254
3547,7.009947299957275,6.401768684387207
3548,8.284808158874512,6.402299404144287
3549,5.723219394683838,6.4021077156066895
3550,5.72659969329834,6.401917457580566
3551,6.189511299133301,6.401857852935791
3552,6.32279109954834,6.4018354415893555
3553,6.681723117828369,6.401914119720459
3554,5.227324485778809,6.401583194732666
3555,6.940854072570801,6.401735305786133
3556,4.370639801025391,6.401164531707764
3557,6.7960615158081055,6.401275634765625
3558,7.585327625274658,6.401608467102051
3559,8.019926071166992,6.402062892913818
3560,7.701498985290527,6.402427673339844
3561,7.224697113037109,6.402658462524414
3562,8.284707069396973,6.403186798095703
3563,7.760798454284668,6.403567790985107
3564,5.769370079040527,6.403389930725098
3565,7.624354839324951,6.403732776641846
3566,5.9255523681640625,6.403598785400391
3567,6.571669578552246,6.403645992279053
3568,7.557899475097656,6.403969764709473
3569,7.445605278015137,6.404261112213135
3570,5.5916666984558105,6.404033660888672
3571,7.410404205322266,6.40431547164917
3572,8.408705711364746,6.404876232147217
3573,6.845398902893066,6.404999732971191
3574,4.9837470054626465,6.40460205078125
3575,7.485557556152344,6.404904842376709
3576,5.479449272155762,6.404645919799805
3577,7.69135856628418,6.40500545501709
3578,6.284895420074463,6.404972076416016
3579,5.989774703979492,6.404856204986572
3580,7.052903175354004,6.405036926269531
3581,7.4201555252075195,6.405320167541504
3582,6.115238666534424,6.405239582061768
3583,8.61627197265625,6.405856609344482
3584,7.8686723709106445,6.406264781951904
3585,4.266925811767578,6.405668258666992
3586,5.914240837097168,6.405531406402588
3587,5.429189682006836,6.405259132385254
3588,6.942237854003906,6.40540885925293
3589,8.783403396606445,6.406071186065674
3590,5.856875896453857,6.405918121337891
3591,7.034640312194824,6.406093597412109
3592,6.476786136627197,6.406113147735596
3593,6.504183769226074,6.406140327453613
3594,6.773641109466553,6.406242370605469
3595,6.42953634262085,6.406249046325684
3596,6.544374465942383,6.406287670135498
3597,5.675178527832031,6.4060845375061035
3598,8.482219696044922,6.406661510467529
3599,7.390496253967285,6.40693473815918
3600,-3.066065788269043,6.404304027557373
3601,-4.097445487976074,6.401388168334961
3602,-1.7918002605438232,6.399114608764648
3603,-11.373943328857422,6.394183158874512
3604,-15.961941719055176,6.387981414794922
3605,-6.181366443634033,6.384495735168457
3606,-16.545698165893555,6.378139019012451
3607,-6.741789817810059,6.374502658843994
3608,-8.947609901428223,6.3702569007873535
3609,-10.12051773071289,6.365688800811768
3610,-17.35112762451172,6.359120845794678
3611,-12.725584030151367,6.353837490081787
3612,-6.42577600479126,6.350300312042236
3613,-8.547717094421387,6.34617805480957
3614,-9.989537239074707,6.341659069061279
3615,-11.894408226013184,6.336616039276123
3616,-11.0269775390625,6.331815242767334
3617,-23.74183464050293,6.323503017425537
3618,-10.144438743591309,6.318952560424805
3619,-9.450504302978516,6.314596176147461
3620,-12.253952980041504,6.3094682693481445
3621,-6.496006011962891,6.305932521820068
3622,-5.50666618347168,6.302672386169434
3623,-8.4575834274292,6.298599720001221
3624,-5.725039482116699,6.29528284072876
3625,-6.629769325256348,6.291718482971191
3626,-9.874127388000488,6.287261009216309
3627,-4.882580757141113,6.284182548522949
3628,-6.6404218673706055,6.28062105178833
3629,-2.2251460552215576,6.27827787399292
3630,-12.20969295501709,6.273186206817627
3631,-3.5216450691223145,6.270489692687988
3632,-9.100200653076172,6.266258716583252
3633,-7.790209770202637,6.262390613555908
3634,-2.623513698577881,6.259946346282959
3635,-8.644708633422852,6.255846977233887
3636,-5.383363723754883,6.2526469230651855
3637,-14.340988159179688,6.246985912322998
3638,-15.02699089050293,6.241139888763428
3639,-14.505325317382812,6.235440254211426
3640,-2.9574477672576904,6.23291540145874
3641,-4.892502784729004,6.229860782623291
3642,-8.526775360107422,6.225809574127197
3643,-7.676925182342529,6.221994400024414
3644,-6.758491516113281,6.218433380126953
3645,-2.460725784301758,6.216053009033203
3646,-6.340115070343018,6.212609767913818
3647,-7.7186102867126465,6.208791255950928
3648,-8.289097785949707,6.204817771911621
3649,-13.050634384155273,6.19954252243042
3650,-11.267074584960938,6.194758415222168
3651,-13.748636245727539,6.189297676086426
3652,-9.18947696685791,6.18508768081665
3653,-9.876431465148926,6.180691719055176
3654,-12.972579956054688,6.175451755523682
3655,-11.050302505493164,6.170739650726318
3656,-7.122757434844971,6.167104721069336
3657,-10.54272747039795,6.16253662109375
3658,-3.9644598960876465,6.159768581390381
3659,14.9542818069458,6.162171840667725
3660,9.630657196044922,6.163119316101074
3661,12.807708740234375,6.164934158325195
3662,12.512449264526367,6.166666507720947
3663,12.489021301269531,6.168392181396484
3664,14.263521194458008,6.170600891113281
3665,11.341634750366211,6.172011375427246
3666,10.655771255493164,6.173234462738037
3667,15.164461135864258,6.175685405731201
3668,12.057392120361328,6.177288055419922
3669,12.508997917175293,6.179013729095459
3670,9.55854606628418,6.179934501647949
3671,9.751693725585938,6.180907249450684
3672,9.720857620239258,6.181870937347412
3673,13.027628898620605,6.183733940124512
3674,12.96548843383789,6.185579299926758
3675,12.93608570098877,6.187415599822998
3676,11.798089981079102,6.188941478729248
3677,12.184221267700195,6.190571308135986
3678,11.702661514282227,6.192070007324219
3679,11.560286521911621,6.193528652191162
3680,9.356086730957031,6.194387435913086
3681,11.996232032775879,6.195963382720947
3682,10.255576133728027,6.197065830230713
3683,13.045134544372559,6.198924541473389
3684,11.543198585510254,6.200374603271484
3685,13.24638557434082,6.202286243438721
3686,10.897831916809082,6.203559875488281
3687,11.682218551635742,6.205045223236084
3688,11.416062355041504,6.20645809173584
3689,11.41151237487793,6.207868576049805
3690,12.076444625854492,6.209458351135254
3691,10.25052261352539,6.21055269241333
3692,11.57980728149414,6.21200704574585
3693,11.173125267028809,6.213350296020508
3694,11.633798599243164,6.214817523956299
3695,10.47598934173584,6.215970516204834
3696,11.0887451171875,6.217288017272949
3697,11.752782821655273,6.218784809112549
3698,9.572247505187988,6.219691276550293
3699,11.679123878479004,6.221167087554932
3700,11.491811752319336,6.222591400146484
3701,10.591754913330078,6.223771572113037
3702,10.215513229370117,6.224849224090576
3703,15.107393264770508,6.22724723815918
3704,10.594344139099121,6.228425979614258
3705,11.791990280151367,6.229927062988281
3706,11.386634826660156,6.23131799697876
3707,13.179943084716797,6.233191967010498
3708,15.09722900390625,6.235581874847412
3709,10.834772109985352,6.236821174621582
3710,11.031107902526855,6.2381134033203125
3711,10.750391006469727,6.239328861236572
3712,13.346395492553711,6.2412428855896
3713,13.220136642456055,6.243122100830078
3714,12.874616622924805,6.244907379150391
3715,14.266070365905762,6.247065544128418
3716,13.712047576904297,6.2490739822387695
3717,13.274964332580566,6.250964164733887
3718,12.382312774658203,6.252612590789795
3719,11.538405418395996,6.254034042358398
3720,14.030265808105469,6.2561235427856445
3721,11.971818923950195,6.257659435272217
3722,11.674824714660645,6.259114742279053
3723,12.02553939819336,6.260663032531738
3724,9.560088157653809,6.26154899597168
3725,10.859650611877441,6.262783050537109
3726,10.691282272338867,6.263971328735352
3727,9.987218856811523,6.264969825744629
3728,10.719624519348145,6.2661638259887695
3729,8.580260276794434,6.266784191131592
3730,12.209223747253418,6.26837682723999
3731,9.642045974731445,6.269280910491943
3732,9.312454223632812,6.270096302032471
3733,9.67971420288086,6.27100944519043
3734,10.966416358947754,6.272266864776611
3735,10.900053024291992,6.273505687713623
3736,10.341087341308594,6.274594306945801
3737,8.984685897827148,6.2753190994262695
3738,10.650823593139648,6.2764892578125
3739,10.560965538024902,6.277634620666504
3740,8.719629287719727,6.278286933898926
3741,7.367405891418457,6.278578281402588
3742,9.98554801940918,6.279568672180176
3743,10.542612075805664,6.280707359313965
3744,8.629640579223633,6.281334400177002
3745,6.350414752960205,6.281352519989014
3746,9.067509651184082,6.2820963859558105
3747,5.500698566436768,6.281888008117676
3748,10.328788757324219,6.2829670906066895
3749,8.414247512817383,6.283535480499268
3750,10.594423294067383,6.284684658050537
3751,5.84022331237793,6.2845659255981445
3752,9.060345649719238,6.285305500030518
3753,9.814966201782227,6.286245822906494
3754,9.695158958435059,6.287153720855713
3755,10.921524047851562,6.288387775421143
3756,12.673148155212402,6.2900872230529785
3757,11.683253288269043,6.29152250289917
3758,11.326833724975586,6.2928619384765625
3759,10.385880470275879,6.29395055770874
3760,12.568126678466797,6.295619010925293
3761,10.924236297607422,6.296849250793457
3762,11.854015350341797,6.298325538635254
3763,11.713787078857422,6.299764156341553
3764,12.933422088623047,6.301526069641113
3765,9.303794860839844,6.302323818206787
3766,10.520824432373047,6.303443431854248
3767,9.960516929626465,6.30441427230835
3768,10.79665756225586,6.305606365203857
3769,12.017926216125488,6.307121276855469
3770,12.797208786010742,6.308842182159424
3771,9.088248252868652,6.309578895568848
3772,11.760839462280273,6.311024188995361
3773,13.005541801452637,6.312798023223877
3774,11.016703605651855,6.31404447555542
3775,9.383405685424805,6.314857006072998
3776,10.169750213623047,6.315877914428711
3777,11.60248851776123,6.317276954650879
3778,10.449762344360352,6.318370342254639
3779,10.009976387023926,6.319346904754639
3780,11.750844955444336,6.3207831382751465
3781,12.274641990661621,6.322357654571533
3782,9.36831283569336,6.323163032531738
3783,13.58954906463623,6.325083255767822
3784,10.87834358215332,6.326286315917969
3785,7.855676651000977,6.326690196990967
3786,14.251418113708496,6.32878303527832
3787,1.1849740743637085,6.327425479888916
3788,4.336819171905518,6.326899528503418
3789,3.878629446029663,6.326253890991211
3790,4.814648151397705,6.325855255126953
3791,0.6964597105979919,6.324370861053467
3792,4.248190402984619,6.32382345199585
3793,2.7042856216430664,6.322869300842285
3794,2.1105594635009766,6.3217597007751465
3795,3.0778937339782715,6.3209052085876465
3796,4.188961505889893,6.320343971252441
3797,6.577098369598389,6.320411205291748
3798,2.075627565383911,6.319293975830078
3799,1.653660535812378,6.318066596984863
3800,2.129356861114502,6.316964149475098
3801,3.05078387260437,6.316105365753174
3802,3.174809455871582,6.315279483795166
3803,3.4211792945861816,6.314518928527832
3804,3.026613712310791,6.313654899597168
3805,4.203070640563965,6.313100337982178
3806,1.6079078912734985,6.311864376068115
3807,9.266377449035645,6.312640190124512
3808,1.906731128692627,6.311483383178711
3809,3.7517735958099365,6.310811519622803
3810,2.7521915435791016,6.309877395629883
3811,0.8767633438110352,6.308452129364014
3812,3.2100586891174316,6.307640075683594
3813,3.7672364711761475,6.306973934173584
3814,2.678248882293701,6.306022644042969
3815,2.952155828475952,6.3051438331604
3816,3.7315216064453125,6.304470062255859
3817,4.732918739318848,6.304058074951172
3818,3.1114959716796875,6.303222179412842
3819,3.652010917663574,6.302528381347656
3820,3.6484217643737793,6.301833629608154
3821,2.4657459259033203,6.300829887390137
3822,2.5212440490722656,6.299841403961182
3823,3.8196377754211426,6.299192905426025
3824,2.7858664989471436,6.298274040222168
3825,3.1474077701568604,6.297450542449951
3826,4.004324913024902,6.29685115814209
3827,3.795659303665161,6.296197414398193
3828,-0.3515903949737549,6.294461250305176
3829,3.217170000076294,6.2936577796936035
3830,0.45259687304496765,6.292133331298828
3831,2.7202601432800293,6.291201114654541
3832,10.73219108581543,6.292359828948975
3833,1.2095258235931396,6.291033744812012
3834,-1.2010849714279175,6.2890801429748535
3835,1.7151639461517334,6.287888050079346
3836,3.3118178844451904,6.287112236022949
3837,0.70796138048172,6.285658359527588
3838,3.112919807434082,6.284832000732422
3839,0.9170624017715454,6.2834343910217285
3840,5.5547003746032715,6.283244609832764
3841,2.3107614517211914,6.282210826873779
3842,2.079789876937866,6.2811174392700195
3843,2.8122737407684326,6.280214786529541
3844,1.2723004817962646,6.278912544250488
3845,4.175922870635986,6.278365612030029
3846,5.230055332183838,6.278093338012695
3847,5.507392883300781,6.27789306640625
3848,2.589475154876709,6.276934623718262
3849,3.4989430904388428,6.2762131690979
3850,4.1096062660217285,6.275650501251221
3851,2.0842113494873047,6.274561882019043
3852,4.3450775146484375,6.274061679840088
3853,3.192681312561035,6.273262023925781
3854,7.129411697387695,6.273484230041504
3855,6.817445755004883,6.273625373840332
3856,5.136760711669922,6.2733306884765625
3857,3.8943517208099365,6.272714138031006
3858,6.523229598999023,6.2727789878845215
3859,2.3039464950561523,6.2717509269714355
3860,4.805027484893799,6.271370887756348
3861,5.074880599975586,6.271060943603516
3862,6.184591293334961,6.271039009094238
3863,5.6932854652404785,6.2708892822265625
3864,3.6549997329711914,6.270212650299072
3865,4.586085796356201,6.269776821136475
3866,5.732095241546631,6.269637584686279
3867,4.938784599304199,6.269293785095215
3868,4.601335525512695,6.268862724304199
3869,9.533466339111328,6.2697062492370605
3870,4.318047523498535,6.26920223236084
3871,5.019650459289551,6.268879413604736
3872,4.390749931335449,6.268394470214844
3873,6.263944625854492,6.268393516540527
3874,4.992794036865234,6.268064022064209
3875,4.695884704589844,6.267658233642578
3876,6.415530204772949,6.267696380615234
3877,5.584202766418457,6.267520427703857
3878,4.401175498962402,6.267038822174072
3879,5.240830898284912,6.2667741775512695
3880,2.503257989883423,6.265804767608643
3881,3.3719215393066406,6.265058994293213
3882,4.126212120056152,6.264508247375488
3883,4.563259601593018,6.2640700340271
3884,3.0059022903442383,6.26323127746582
3885,6.5438456535339355,6.263303279876709
3886,11.74116325378418,6.264712333679199
3887,4.037912845611572,6.264139652252197
3888,-0.0799412876367569,6.262508392333984
3889,6.844348430633545,6.262657642364502
3890,4.709489822387695,6.262258529663086
3891,1.233069658279419,6.260965824127197
3892,7.1497578620910645,6.261194705963135
3893,5.600873947143555,6.2610249519348145
3894,4.1150383949279785,6.26047420501709
3895,5.145112991333008,6.26018762588501
3896,4.277038097381592,6.259678840637207
3897,3.519822120666504,6.258975982666016
3898,2.603364944458008,6.258038520812988
3899,4.371100902557373,6.257554531097412
3900,5.451479911804199,6.25734806060791
3901,5.831847667694092,6.257238864898682
3902,5.002440452575684,6.256917476654053
3903,0.9620106816291809,6.255561351776123
3904,3.043588161468506,6.2547383308410645
3905,5.931799411773682,6.254655838012695
3906,5.569216728210449,6.254480361938477
3907,4.280244827270508,6.253974914550781
3908,4.615714073181152,6.2535552978515625
3909,1.0714532136917114,6.252230167388916
3910,7.853156089782715,6.2526397705078125
3911,3.6613359451293945,6.251977443695068
3912,5.90635347366333,6.251889228820801
3913,5.78342866897583,6.251769542694092
3914,4.36142635345459,6.251286506652832
3915,3.9394524097442627,6.250696182250977
3916,5.947678565979004,6.250618934631348
3917,5.806424617767334,6.250505447387695
3918,5.9278435707092285,6.250422954559326
3919,4.060974597930908,6.24986457824707
3920,5.0167741775512695,6.2495503425598145
3921,1.9546585083007812,6.248455047607422
3922,5.427982330322266,6.248246192932129
3923,3.822932720184326,6.2476277351379395
3924,3.6361327171325684,6.246962547302246
3925,3.6975719928741455,6.246313095092773
3926,6.933622360229492,6.246488094329834
3927,3.784954786300659,6.245861530303955
3928,8.280418395996094,6.246379375457764
3929,9.2056884765625,6.247132301330566
3930,3.4558682441711426,6.246422290802002
3931,0.9478349089622498,6.245074272155762
3932,6.574729919433594,6.2451581954956055
3933,3.9927783012390137,6.2445855140686035
3934,9.09848690032959,6.245310306549072
3935,2.454155206680298,6.24434757232666
3936,2.9234025478363037,6.243504047393799
3937,2.026799201965332,6.242433547973633
3938,10.689483642578125,6.243562698364258
3939,3.0082967281341553,6.242741107940674
3940,4.812932968139648,6.242378234863281
3941,3.0345988273620605,6.241564750671387
3942,3.6511576175689697,6.240907669067383
3943,8.573458671569824,6.241498947143555
3944,5.1871514320373535,6.241231918334961
3945,4.818662643432617,6.240871429443359
3946,5.254973888397217,6.240622043609619
3947,5.714095115661621,6.240488529205322
3948,10.868386268615723,6.2416605949401855
3949,14.358434677124023,6.243715763092041
3950,12.654653549194336,6.245338439941406
3951,12.110157012939453,6.246822357177734
3952,11.460874557495117,6.248141288757324
3953,11.560267448425293,6.249485015869141
3954,12.946473121643066,6.25117826461792
3955,11.575766563415527,6.252524375915527
3956,10.39793586730957,6.2535719871521
3957,12.992773056030273,6.255274772644043
3958,12.165459632873535,6.256767749786377
3959,12.513481140136719,6.258347511291504
3960,13.449357986450195,6.260162830352783
3961,12.333928108215332,6.261695861816406
3962,12.266205787658691,6.263211250305176
3963,12.649730682373047,6.264822483062744
3964,12.713875770568848,6.266448974609375
3965,12.003251075744629,6.267895698547363
3966,14.327293395996094,6.269927501678467
3967,12.921217918395996,6.271604061126709
3968,10.510458946228027,6.272671699523926
3969,11.140621185302734,6.273898124694824
3970,11.23326301574707,6.275146484375
3971,13.24576473236084,6.276901721954346
3972,11.19582748413086,6.278139591217041
3973,11.686173439025879,6.279500484466553
3974,12.00135612487793,6.280940055847168
3975,11.043366432189941,6.282137870788574
3976,13.164419174194336,6.283868312835693
3977,11.965231895446777,6.2852959632873535
3978,12.614864349365234,6.286887168884277
3979,12.014007568359375,6.288325786590576
3980,11.37242317199707,6.289603233337402
3981,9.189936637878418,6.2903313636779785
3982,12.157651901245117,6.291804790496826
3983,10.526599884033203,6.292867660522461
3984,10.90335750579834,6.29402494430542
3985,11.686138153076172,6.295377731323242
3986,10.249588012695312,6.296369552612305
3987,12.18189811706543,6.297845363616943
3988,12.073575973510742,6.299293041229248
3989,10.725309371948242,6.3004021644592285
3990,12.087223052978516,6.301852703094482
3991,11.77151107788086,6.30322265625
3992,12.800606727600098,6.304850101470947
3993,12.906820297241211,6.306502819061279
3994,10.51140308380127,6.307555198669434
3995,9.258474349975586,6.30829381942749
3996,11.462995529174805,6.3095831871032715
3997,13.32757568359375,6.311338901519775
3998,11.936779975891113,6.312745571136475
3999,10.929045677185059,6.313899993896484
4000,13.717738151550293,6.3157501220703125
4001,10.73056697845459,6.3168535232543945
4002,12.284236907958984,6.3183441162109375
4003,12.876264572143555,6.319982051849365
4004,11.889199256896973,6.3213725090026855
4005,12.263246536254883,6.3228559494018555
4006,12.083534240722656,6.324293613433838
4007,11.903119087219238,6.325685501098633
4008,12.76856517791748,6.3272929191589355
4009,12.563135147094727,6.328847885131836
4010,12.041735649108887,6.3302717208862305
4011,11.859041213989258,6.331650257110596
4012,13.758563995361328,6.333500385284424
4013,12.231583595275879,6.334969997406006
4014,13.032418251037598,6.336638450622559
4015,13.185937881469727,6.338344097137451
4016,12.537429809570312,6.3398871421813965
4017,11.400690078735352,6.341146469116211
4018,11.182540893554688,6.342350959777832
4019,9.972809791564941,6.343254089355469
4020,9.879444122314453,6.344133377075195
4021,12.714301109313965,6.345717430114746
4022,11.554801940917969,6.347012042999268
4023,12.637396812438965,6.348575115203857
4024,12.096209526062012,6.350002765655518
4025,13.860313415527344,6.351868152618408
4026,14.325709342956543,6.353848457336426
4027,14.510807037353516,6.3558735847473145
4028,12.695724487304688,6.357447147369385
4029,13.643970489501953,6.359255313873291
4030,13.328359603881836,6.3609843254089355
4031,12.040257453918457,6.362392902374268
4032,11.569299697875977,6.363683700561523
4033,12.558989524841309,6.365219593048096
4034,12.503843307495117,6.366740703582764
4035,12.949716567993164,6.368371486663818
4036,12.62198543548584,6.36992073059082
4037,13.715725898742676,6.371739387512207
4038,12.625782012939453,6.373287677764893
4039,12.099127769470215,6.3747053146362305
4040,9.8911714553833,6.375575065612793
4041,12.655050277709961,6.377128601074219
4042,11.982538223266602,6.378514766693115
4043,13.514565467834473,6.380279541015625
4044,13.4671630859375,6.382031440734863
4045,13.850289344787598,6.383876800537109
4046,11.339415550231934,6.385101318359375
4047,13.07259750366211,6.386753559112549
4048,15.362833023071289,6.388970375061035
4049,12.88718318939209,6.390574932098389
4050,14.649831771850586,6.392613887786865
4051,14.060571670532227,6.394505977630615
4052,13.221694946289062,6.396191120147705
4053,13.443469047546387,6.3979291915893555
4054,13.360103607177734,6.399645805358887
4055,15.080036163330078,6.4017863273620605
4056,13.178888320922852,6.403456687927246
4057,14.6378173828125,6.405486106872559
4058,12.96190071105957,6.407101154327393
4059,12.94577407836914,6.4087114334106445
4060,14.625378608703613,6.4107346534729
4061,13.917205810546875,6.412582874298096
4062,15.578052520751953,6.414838790893555
4063,13.592190742492676,6.416604995727539
4064,14.10714340209961,6.418496608734131
4065,13.484756469726562,6.420234680175781
4066,12.70687484741211,6.421780586242676
4067,11.891986846923828,6.423125267028809
4068,16.248533248901367,6.425539970397949
4069,10.086824417114258,6.42643928527832
4070,12.622632026672363,6.427961349487305
4071,10.129983901977539,6.428870677947998
4072,12.959787368774414,6.430473804473877
4073,13.310027122497559,6.432162761688232
4074,11.862717628479004,6.43349552154541
4075,10.43729019165039,6.434477806091309
4076,13.897659301757812,6.43630838394165
4077,13.754404067993164,6.438103199005127
4078,15.57354736328125,6.440342903137207
4079,12.800154685974121,6.441901683807373
4080,12.292304039001465,6.44333553314209
4081,13.216620445251465,6.444994926452637
4082,7.877804756164551,6.445345401763916
4083,14.570283889770508,6.4473347663879395
4084,12.848880767822266,6.448902130126953
4085,13.801055908203125,6.450701713562012
4086,12.71761417388916,6.452234745025635
4087,13.395853996276855,6.453933238983154
4088,12.976455688476562,6.455528736114502
4089,12.356269836425781,6.456971168518066
4090,13.157520294189453,6.458609104156494
4091,14.093886375427246,6.460474967956543
4092,15.00937271118164,6.462563514709473
4093,13.034738540649414,6.464169025421143
4094,13.15810775756836,6.465803623199463
4095,13.273738861083984,6.467465877532959
4096,12.293667793273926,6.468887805938721
4097,9.675736427307129,6.469670295715332
4098,15.157977104187012,6.471789836883545
4099,15.691262245178223,6.474038600921631
4100,12.887495994567871,6.475602149963379
4101,13.795910835266113,6.477386951446533
4102,10.820674896240234,6.478445529937744
4103,11.240748405456543,6.4796061515808105
4104,13.598712921142578,6.481340408325195
4105,14.462203979492188,6.4832844734191895
4106,13.9439115524292,6.485100746154785
4107,12.544527053833008,6.486575603485107
4108,12.136155128479004,6.487950801849365
4109,12.99289321899414,6.489533424377441
4110,13.219280242919922,6.491170406341553
4111,12.547199249267578,6.492642879486084
4112,13.778982162475586,6.494414806365967
4113,12.639982223510742,6.495908737182617
4114,12.972945213317871,6.4974822998046875
4115,14.226675987243652,6.49936056137085
4116,15.02695083618164,6.501431941986084
4117,12.380303382873535,6.502859592437744
4118,10.647064208984375,6.5038652420043945
4119,13.390949249267578,6.505537033081055
4120,9.589491844177246,6.506285667419434
4121,10.298681259155273,6.507205486297607
4122,10.876422882080078,6.508265495300293
4123,9.463518142700195,6.508981704711914
4124,10.139324188232422,6.509861946105957
4125,9.894289016723633,6.510682106018066
4126,10.68770980834961,6.511693954467773
4127,8.785876274108887,6.512244701385498
4128,9.441913604736328,6.512954235076904
4129,9.741097450256348,6.513735771179199
4130,10.59897232055664,6.5147247314453125
4131,9.644169807434082,6.515482425689697
4132,9.891048431396484,6.516298770904541
4133,9.849831581115723,6.5171051025390625
4134,10.538039207458496,6.518077373504639
4135,10.555395126342773,6.5190534591674805
4136,10.033974647521973,6.51990270614624
4137,11.227850914001465,6.521040916442871
4138,9.575324058532715,6.5217790603637695
4139,10.179428100585938,6.522662162780762
4140,9.385836601257324,6.5233540534973145
4141,10.811803817749023,6.524389743804932
4142,11.79185962677002,6.525660514831543
4143,11.6251859664917,6.526891231536865
4144,9.897987365722656,6.52770471572876
4145,10.329341888427734,6.528621673583984
4146,9.568958282470703,6.529354572296143
4147,8.961581230163574,6.529941082000732
4148,10.415482521057129,6.530877590179443
4149,11.163026809692383,6.531993389129639
4150,10.19202709197998,6.532875061035156
4151,11.974348068237305,6.534185886383057
4152,11.488409042358398,6.535378932952881
4153,10.493852615356445,6.536331653594971
4154,11.218969345092773,6.537458419799805
4155,10.383519172668457,6.538383960723877
4156,9.853036880493164,6.539181232452393
4157,12.33465576171875,6.54057502746582
4158,10.242505073547363,6.5414652824401855
4159,11.74302864074707,6.542715072631836
4160,11.258169174194336,6.543848514556885
4161,10.811882972717285,6.54487419128418
4162,9.95749568939209,6.545693874359131
4163,11.161211967468262,6.546802520751953
4164,10.575754165649414,6.547769546508789
4165,10.329946517944336,6.548677444458008
4166,10.613455772399902,6.549653053283691
4167,12.119831085205078,6.550989151000977
4168,11.789995193481445,6.552245616912842
4169,11.08335018157959,6.553332328796387
4170,9.478996276855469,6.5540337562561035
4171,10.1849946975708,6.554904460906982
4172,12.826180458068848,6.5564069747924805
4173,10.116422653198242,6.557260036468506
4174,11.850004196166992,6.558527946472168
4175,9.534201622009277,6.559240818023682
4176,11.262799263000488,6.560366630554199
4177,9.826020240783691,6.561148643493652
4178,10.32629108428955,6.562049388885498
4179,10.849858283996582,6.563075065612793
4180,8.759461402893066,6.563600540161133
4181,10.168891906738281,6.564462661743164
4182,10.850266456604004,6.565486907958984
4183,10.301972389221191,6.566380023956299
4184,10.929662704467773,6.567422866821289
4185,9.336797714233398,6.568084239959717
4186,9.913022994995117,6.568882942199707
4187,10.625232696533203,6.569851398468018
4188,10.063023567199707,6.570684909820557
4189,11.344319343566895,6.571824073791504
4190,8.771154403686523,6.5723490715026855
4191,9.976360321044922,6.5731611251831055
4192,10.108654022216797,6.574004650115967
4193,9.922603607177734,6.574802875518799
4194,10.132149696350098,6.575650691986084
4195,9.736994743347168,6.576404094696045
4196,9.706830024719238,6.577149868011475
4197,10.691598892211914,6.57813024520874
4198,10.349260330200195,6.579028129577637
4199,8.842767715454102,6.579566955566406
4200,9.98757266998291,6.580378532409668
4201,9.373956680297852,6.581043243408203
4202,10.299216270446777,6.58192777633667
4203,10.065418243408203,6.582756042480469
4204,9.260832786560059,6.583393096923828
4205,8.983686447143555,6.583963871002197
4206,10.067493438720703,6.584792137145996
4207,10.5419921875,6.585732460021973
4208,10.24792194366455,6.586602687835693
4209,10.502425193786621,6.5875325202941895
4210,11.899595260620117,6.588794231414795
4211,10.688053131103516,6.5897674560546875
4212,9.559789657592773,6.590472221374512
4213,11.327967643737793,6.591596603393555
4214,8.347911834716797,6.592013359069824
4215,9.248191833496094,6.5926432609558105
4216,9.59877872467041,6.593356132507324
4217,11.276007652282715,6.594466209411621
4218,9.600311279296875,6.595178604125977
4219,11.82224178314209,6.596417427062988
4220,14.059710502624512,6.5981855392456055
4221,12.37645149230957,6.599554538726807
4222,8.657097816467285,6.600041389465332
4223,9.914070129394531,6.600825786590576
4224,8.734042167663574,6.601330757141113
4225,9.003450393676758,6.60189962387085
4226,11.239815711975098,6.602996826171875
4227,12.270210266113281,6.604336738586426
4228,11.537981033325195,6.605503559112549
4229,12.15350341796875,6.606815338134766
4230,11.306068420410156,6.607925891876221
4231,8.361127853393555,6.608340263366699
4232,10.999504089355469,6.609377861022949
4233,10.644411087036133,6.610330581665039
4234,12.530538558959961,6.611728668212891
4235,12.14554214477539,6.613035678863525
4236,8.545700073242188,6.613491535186768
4237,10.81523323059082,6.614482879638672
4238,8.029471397399902,6.614816665649414
4239,9.394283294677734,6.615471839904785
4240,9.020094871520996,6.616038799285889
4241,12.85890007019043,6.617510795593262
4242,11.91498851776123,6.6187591552734375
4243,11.618609428405762,6.619937419891357
4244,9.07762336730957,6.620516300201416
4245,9.641549110412598,6.621227741241455
4246,17.922155380249023,6.6238884925842285
4247,10.639933586120605,6.624834060668945
4248,11.539868354797363,6.625990390777588
4249,8.876591682434082,6.626520156860352
4250,11.881722450256348,6.627756118774414
4251,8.554696083068848,6.628209590911865
4252,10.02519416809082,6.6290082931518555
4253,10.059246063232422,6.629814624786377
4254,9.178302764892578,6.630413055419922
4255,11.405234336853027,6.631535053253174
4256,11.925281524658203,6.632778644561768
4257,11.899627685546875,6.6340155601501465
4258,11.666902542114258,6.635197162628174
4259,10.066132545471191,6.636002540588379
4260,11.027441024780273,6.637032985687256
4261,11.329000473022461,6.638134002685547
4262,13.711078643798828,6.6397929191589355
4263,14.882762908935547,6.641726016998291
4264,11.735334396362305,6.642920017242432
4265,11.620634078979492,6.644087314605713
4266,12.791948318481445,6.6455278396606445
4267,13.01154899597168,6.647019386291504
4268,11.911114692687988,6.648252010345459
4269,12.542098999023438,6.649632930755615
4270,10.203875541687012,6.6504645347595215
4271,12.770648956298828,6.651897430419922
4272,13.062772750854492,6.653397560119629
4273,9.834619522094727,6.654141902923584
4274,11.479663848876953,6.655271053314209
4275,11.247312545776367,6.656344890594482
4276,9.599299430847168,6.6570329666137695
4277,12.51735782623291,6.658402919769287
4278,10.519525527954102,6.659305572509766
4279,13.032275199890137,6.660794734954834
4280,11.208259582519531,6.6618571281433105
4281,11.482795715332031,6.662982940673828
4282,11.353404998779297,6.664078235626221
4283,9.917030334472656,6.66483736038208
4284,10.439043998718262,6.6657185554504395
4285,11.348847389221191,6.666811466217041
4286,11.765180587768555,6.6680006980896
4287,8.905172348022461,6.668522357940674
4288,11.755178451538086,6.669708251953125
4289,10.996807098388672,6.670716762542725
4290,12.463376998901367,6.672066688537598
4291,12.549873352050781,6.673436164855957
4292,12.132984161376953,6.674707889556885
4293,10.891304969787598,6.675689697265625
4294,13.36050033569336,6.677246570587158
4295,11.388046264648438,6.678343296051025
4296,11.546677589416504,6.679476261138916
4297,10.659666061401367,6.6804022789001465
4298,10.481409072875977,6.681286334991455
4299,12.547749519348145,6.682650566101074
4300,12.380640029907227,6.6839752197265625
4301,12.006780624389648,6.685212135314941
4302,13.994548797607422,6.686910629272461
4303,12.915826797485352,6.688358306884766
4304,12.02949047088623,6.689598560333252
4305,12.24403190612793,6.69088888168335
4306,11.83702278137207,6.692083835601807
4307,10.243919372558594,6.69290828704834
4308,11.987105369567871,6.694136619567871
4309,11.880565643310547,6.695340156555176
4310,10.674489974975586,6.696262836456299
4311,10.664525985717773,6.697183132171631
4312,11.337841033935547,6.698259353637695
4313,9.454001426696777,6.698897838592529
4314,13.964118003845215,6.7005815505981445
4315,12.290342330932617,6.701877117156982
4316,12.92972469329834,6.703319549560547
4317,10.835861206054688,6.7042765617370605
4318,12.201966285705566,6.705549240112305
4319,13.012245178222656,6.707009315490723
4320,13.027459144592285,6.708471775054932
4321,12.786818504333496,6.709878444671631
4322,12.082590103149414,6.711121082305908
4323,12.759493827819824,6.712519645690918
4324,14.067692756652832,6.7142205238342285
4325,12.497292518615723,6.71555757522583
4326,10.91834831237793,6.71652889251709
4327,12.486410140991211,6.717861652374268
4328,13.734979629516602,6.719482898712158
4329,13.561707496643066,6.721063137054443
4330,13.284350395202637,6.722578525543213
4331,12.677531242370605,6.7239532470703125
4332,14.304203987121582,6.72570276260376
4333,11.932448387145996,6.726903915405273
4334,10.240163803100586,6.727714538574219
4335,11.114502906799316,6.728726387023926
4336,12.315483093261719,6.730014801025391
4337,9.034003257751465,6.730545520782471
4338,11.433967590332031,6.731629848480225
4339,10.95396900177002,6.732602119445801
4340,9.458545684814453,6.7332305908203125
4341,14.127593994140625,6.734933376312256
4342,12.621707916259766,6.736288547515869
4343,13.020822525024414,6.737735271453857
4344,11.437517166137695,6.73881721496582
4345,12.271312713623047,6.7400898933410645
4346,13.163895606994629,6.741568088531494
4347,12.055502891540527,6.7427897453308105
4348,10.98245620727539,6.743764877319336
4349,10.73287582397461,6.7446818351745605
4350,11.86996841430664,6.745859622955322
4351,11.99200439453125,6.74706506729126
4352,12.09145736694336,6.748292922973633
4353,11.173660278320312,6.749309062957764
4354,12.15939712524414,6.750551700592041
4355,10.73405647277832,6.751466274261475
4356,11.184595108032227,6.75248384475708
4357,12.644003868103027,6.753835678100586
4358,12.250642776489258,6.755096912384033
4359,12.07245922088623,6.756316184997559
4360,10.389966011047363,6.757149696350098
4361,12.498122215270996,6.758465766906738
4362,11.512078285217285,6.759555339813232
4363,12.183579444885254,6.76079797744751
4364,12.060078620910645,6.762012481689453
4365,12.28533935546875,6.763277530670166
4366,7.888634204864502,6.763535022735596
4367,9.118212699890137,6.764074325561523
4368,9.6373929977417,6.7647318840026855
4369,9.395960807800293,6.765334129333496
4370,8.230413436889648,6.765669345855713
4371,8.106919288635254,6.7659759521484375
4372,10.24129867553711,6.766770839691162
4373,9.451019287109375,6.767385005950928
4374,9.431375503540039,6.767993927001953
4375,6.42415714263916,6.76791524887085
4376,9.273090362548828,6.768487453460693
4377,10.19783878326416,6.769270896911621
4378,9.41728401184082,6.769875526428223
4379,8.830028533935547,6.770346164703369
4380,8.162766456604004,6.770663738250732
4381,8.650551795959473,6.771092414855957
4382,8.57075023651123,6.77150297164917
4383,7.424177169799805,6.771651744842529
4384,9.025696754455566,6.772165775299072
4385,9.50271987915039,6.772788047790527
4386,3.828036308288574,6.7721171379089355
4387,7.0551910400390625,6.772181510925293
4388,9.448644638061523,6.772791385650635
4389,8.564285278320312,6.773199558258057
4390,9.468964576721191,6.773813247680664
4391,7.321079254150391,6.773937702178955
4392,9.571122169494629,6.774574279785156
4393,6.543407917022705,6.774521827697754
4394,8.139724731445312,6.774832248687744
4395,9.800802230834961,6.7755208015441895
4396,8.449146270751953,6.7759013175964355
4397,7.94677209854126,6.776167869567871
4398,10.163732528686523,6.776937961578369
4399,8.344550132751465,6.777294158935547
4400,9.179431915283203,6.7778401374816895
4401,8.473282814025879,6.778224945068359
4402,7.569714546203613,6.778404712677002
4403,8.923246383666992,6.7788920402526855
4404,7.041640758514404,6.778951644897461
4405,10.284454345703125,6.779747486114502
4406,7.524165153503418,6.779915809631348
4407,6.378791332244873,6.779825210571289
4408,7.6859941482543945,6.780030250549316
4409,10.087377548217773,6.78078031539917
4410,9.189541816711426,6.781326770782471
4411,9.099660873413086,6.7818522453308105
4412,6.2450971603393555,6.7817301750183105
4413,8.064172744750977,6.7820210456848145
4414,8.299577713012695,6.782364368438721
4415,9.465596199035645,6.7829718589782715
4416,7.712916374206543,6.783182144165039
4417,9.295317649841309,6.783751010894775
4418,9.423044204711914,6.784348487854004
4419,7.279306411743164,6.784460067749023
4420,7.000415802001953,6.784509181976318
4421,7.37144660949707,6.784641742706299
4422,5.450777530670166,6.7843403816223145
4423,9.190397262573242,6.784883975982666
4424,10.026002883911133,6.785616397857666
4425,6.054868221282959,6.7854509353637695
4426,8.818188667297363,6.785910129547119
4427,9.955893516540527,6.786625862121582
4428,9.018136978149414,6.787129878997803
4429,9.333921432495117,6.7877044677734375
4430,8.450582504272461,6.788080215454102
4431,7.191145896911621,6.78817081451416
4432,8.594990730285645,6.788578510284424
4433,7.824277400970459,6.788812160491943
4434,8.681527137756348,6.789238929748535
4435,11.896004676818848,6.790390491485596
4436,7.983232021331787,6.790658950805664
4437,8.156486511230469,6.790966987609863
4438,5.202510833740234,6.790608882904053
4439,7.86998176574707,6.790852069854736
4440,7.966170310974121,6.791116714477539
4441,9.357341766357422,6.791694641113281
4442,8.089115142822266,6.791986465454102
4443,6.602725982666016,6.79194450378418
4444,7.333339691162109,6.7920660972595215
4445,8.68820571899414,6.792492389678955
4446,7.52043342590332,6.792655944824219
4447,8.582114219665527,6.793058395385742
4448,7.83282470703125,6.793292045593262
4449,6.4603705406188965,6.793217182159424
4450,8.710034370422363,6.7936482429504395
4451,8.029007911682129,6.793925762176514
4452,6.839842319488525,6.793935775756836
4453,9.32064437866211,6.794503211975098
4454,10.008505821228027,6.795224189758301
4455,6.053795337677002,6.795058250427246
4456,6.263696670532227,6.794939041137695
4457,6.9560394287109375,6.7949748039245605
4458,10.796918869018555,6.795872211456299
4459,8.83886432647705,6.796330451965332
4460,6.550527095794678,6.7962751388549805
4461,7.3540425300598145,6.79640007019043
4462,7.491638660430908,6.796555995941162
4463,8.69255256652832,6.796980857849121
4464,5.044992446899414,6.79658842086792
4465,7.671801567077637,6.796784400939941
4466,7.4081268310546875,6.796921253204346
4467,7.779171943664551,6.797141075134277
4468,8.289045333862305,6.7974748611450195
4469,8.300405502319336,6.797811508178711
4470,7.486013412475586,6.7979655265808105
4471,6.863709449768066,6.797979831695557
4472,7.592853546142578,6.798157691955566
4473,7.997870922088623,6.798426151275635
4474,7.9045515060424805,6.798673152923584
4475,7.448298931121826,6.798818588256836
4476,7.544678688049316,6.798985004425049
4477,7.858098983764648,6.799221515655518
4478,8.394424438476562,6.799577713012695
4479,8.357595443725586,6.799925327301025
4480,6.796286106109619,6.799924850463867
4481,7.766973495483398,6.800140857696533
4482,8.759086608886719,6.800577640533447
4483,8.162002563476562,6.800881385803223
4484,7.386019706726074,6.80101203918457
4485,7.163377285003662,6.801093101501465
4486,7.2538228034973145,6.801193714141846
4487,6.533456325531006,6.80113410949707
4488,5.8895721435546875,6.800930976867676
4489,6.307888984680176,6.800821304321289
4490,5.105423450469971,6.800443649291992
4491,7.361949920654297,6.800568580627441
4492,4.756659984588623,6.800113677978516
4493,6.696218967437744,6.800090312957764
4494,6.5738844871521,6.800039768218994
4495,6.982097625732422,6.8000807762146
4496,9.397905349731445,6.800658226013184
4497,7.5733747482299805,6.800830364227295
4498,9.189167976379395,6.801361083984375
4499,8.34091854095459,6.801703453063965
4500,6.700901985168457,6.801681041717529
4501,3.6992321014404297,6.800992012023926
4502,5.820842266082764,6.800774097442627
4503,6.747404098510742,6.80076265335083
4504,6.857580184936523,6.800775051116943
4505,6.003741264343262,6.80059814453125
4506,7.445428371429443,6.800741195678711
4507,4.40423583984375,6.800209999084473
4508,5.93750524520874,6.800018310546875
4509,3.853132486343384,6.799365043640137
4510,4.217291355133057,6.798792839050293
4511,4.532980442047119,6.798290729522705
4512,3.069383144378662,6.797464370727539
4513,7.152681350708008,6.797543048858643
4514,4.406266689300537,6.797013282775879
4515,3.476152181625366,6.79627799987793
4516,4.980974197387695,6.7958760261535645
4517,5.1361846923828125,6.795508861541748
4518,4.048138618469238,6.794900894165039
4519,5.492904186248779,6.794612884521484
4520,4.022161483764648,6.793999671936035
4521,2.493499994277954,6.793048858642578
4522,3.8593783378601074,6.792399883270264
4523,0.4124022126197815,6.790989875793457
4524,4.094156742095947,6.790393829345703
4525,4.710851192474365,6.789934158325195
4526,3.944061279296875,6.789305210113525
4527,3.245138645172119,6.788522720336914
4528,3.9151978492736816,6.787888526916504
4529,3.2121901512145996,6.787099361419678
4530,3.1372549533843994,6.786293983459473
4531,2.724773406982422,6.785397529602051
4532,4.252133846282959,6.784838676452637
4533,2.170783281326294,6.783820629119873
4534,3.934824228286743,6.7831926345825195
4535,2.2630531787872314,6.782196521759033
4536,3.0852909088134766,6.781381607055664
4537,1.340935468673706,6.780182838439941
4538,2.7855255603790283,6.779303073883057
4539,2.017519950866699,6.77825403213501
4540,2.3099100589752197,6.777270317077637
4541,3.5778496265411377,6.776566028594971
4542,2.2907142639160156,6.775578498840332
4543,2.792833089828491,6.774702072143555
4544,3.3164045810699463,6.7739410400390625
4545,5.9737229347229,6.7737650871276855
4546,3.204772472381592,6.772980690002441
4547,5.594782829284668,6.772721767425537
4548,2.0861754417419434,6.77169132232666
4549,2.0152478218078613,6.770646095275879
4550,-0.41922277212142944,6.769065856933594
4551,1.845670461654663,6.767984390258789
4552,1.1833312511444092,6.766757965087891
4553,3.0160651206970215,6.765933990478516
4554,5.193511009216309,6.765588760375977
4555,4.135838508605957,6.765011787414551
4556,4.047178268432617,6.764415264129639
4557,5.431742191314697,6.76412296295166
4558,4.863715648651123,6.763706207275391
4559,5.3573760986328125,6.763397693634033
4560,2.6346137523651123,6.762492656707764
4561,3.3766937255859375,6.761750221252441
4562,3.844266891479492,6.761110782623291
4563,4.065551280975342,6.7605204582214355
4564,2.244328022003174,6.759531021118164
4565,5.288496494293213,6.759209156036377
4566,4.7895026206970215,6.758777618408203
4567,4.454623222351074,6.758273601531982
4568,3.770904779434204,6.757619857788086
4569,2.313798666000366,6.75664758682251
4570,3.1600534915924072,6.755860805511475
4571,4.041410446166992,6.7552666664123535
4572,3.0817503929138184,6.7544636726379395
4573,2.2576818466186523,6.753480434417725
4574,2.1798911094665527,6.752480983734131
4575,1.5786643028259277,6.751349925994873
4576,1.9743106365203857,6.750306606292725
4577,4.612184524536133,6.7498393058776855
4578,3.5074477195739746,6.749131202697754
4579,4.467172145843506,6.748632907867432
4580,6.122856140136719,6.748496055603027
4581,7.102334499359131,6.748573303222656
4582,4.693203449249268,6.748125076293945
4583,6.441090106964111,6.748057842254639
4584,7.344832420349121,6.748188495635986
4585,3.9207510948181152,6.7475714683532715
4586,-0.28428173065185547,6.746038436889648
4587,4.240612506866455,6.745492458343506
4588,3.066514492034912,6.744690418243408
4589,3.4935929775238037,6.743982315063477
4590,6.456854820251465,6.743919849395752
4591,4.405073642730713,6.743410110473633
4592,3.2919540405273438,6.742658615112305
4593,4.491372108459473,6.74216890335083
4594,2.672154426574707,6.741282939910889
4595,3.8416967391967773,6.740652084350586
4596,0.8704379200935364,6.739375114440918
4597,3.720097064971924,6.7387189865112305
4598,5.01406717300415,6.738343715667725
4599,4.72777795791626,6.7379069328308105
4600,4.096562385559082,6.737332344055176
4601,4.7840728759765625,6.736907958984375
4602,4.286131381988525,6.736375331878662
4603,5.182938098907471,6.736037731170654
4604,3.7569591999053955,6.735391139984131
4605,2.519524097442627,6.734476089477539
4606,3.4826042652130127,6.73376989364624
4607,3.7445316314697266,6.733121395111084
4608,1.681136965751648,6.732025146484375
4609,4.592695713043213,6.731561183929443
4610,2.586798667907715,6.730661869049072
4611,7.322277545928955,6.730790138244629
4612,3.050438165664673,6.729992389678955
4613,4.597958564758301,6.729530334472656
4614,2.7469494342803955,6.728667259216309
4615,3.0880417823791504,6.727878570556641
4616,2.267895221710205,6.726912498474121
4617,6.08685302734375,6.726773738861084
4618,3.059927225112915,6.725979804992676
4619,0.3220027983188629,6.724593639373779
4620,2.522387742996216,6.723684310913086
4621,3.234231472015381,6.722929000854492
4622,4.211307525634766,6.722385883331299
4623,2.6477556228637695,6.7215046882629395
4624,3.582058906555176,6.720826148986816
4625,4.023422718048096,6.720242977142334
4626,3.4892308712005615,6.719544410705566
4627,1.3323372602462769,6.718380451202393
4628,12.958950996398926,6.719728469848633
4629,11.938274383544922,6.720855236053467
4630,10.681488037109375,6.721710681915283
4631,8.146510124206543,6.722018241882324
4632,10.93446159362793,6.722927093505859
4633,9.961739540100098,6.723626136779785
4634,9.33951187133789,6.724190711975098
4635,10.573905944824219,6.725020885467529
4636,9.452821731567383,6.725609302520752
4637,10.292936325073242,6.726378440856934
4638,11.527667999267578,6.727413177490234
4639,12.818652153015137,6.728725910186768
4640,10.45787239074707,6.72952938079834
4641,10.23430347442627,6.730284690856934
4642,11.486900329589844,6.731308937072754
4643,11.385622024536133,6.732310771942139
4644,7.372303009033203,6.732448577880859
4645,10.95492172241211,6.7333574295043945
4646,9.681291580200195,6.733992099761963
4647,10.491724967956543,6.734800815582275
4648,11.728715896606445,6.735874652862549
4649,10.648713111877441,6.736716270446777
4650,9.930221557617188,6.73740291595459
4651,12.719792366027832,6.738688945770264
4652,10.987358093261719,6.739602088928223
4653,11.487587928771973,6.740622520446777
4654,10.063413619995117,6.741336345672607
4655,9.98363971710205,6.742032527923584
4656,10.098915100097656,6.742753505706787
4657,11.442004203796387,6.743762493133545
4658,9.948545455932617,6.744450569152832
4659,9.747859001159668,6.7450947761535645
4660,7.7379937171936035,6.745307922363281
4661,10.942521095275879,6.746208667755127
4662,6.973493576049805,6.746257305145264
4663,6.674136638641357,6.746241569519043
4664,13.73444652557373,6.747739791870117
4665,10.361393928527832,6.748514175415039
4666,10.011281967163086,6.749213218688965
4667,8.455621719360352,6.749578475952148
4668,7.497371673583984,6.749739170074463
4669,8.748434066772461,6.750166893005371
4670,9.164572715759277,6.750683784484863
4671,9.339031219482422,6.751237869262695
4672,9.875595092773438,6.751906394958496
4673,9.332155227661133,6.752458095550537
4674,11.49409294128418,6.753472805023193
4675,12.006026268005371,6.754595756530762
4676,7.275118827819824,6.754707336425781
4677,9.586578369140625,6.755312442779541
4678,10.88960075378418,6.756196022033691
4679,9.945953369140625,6.756877422332764
4680,11.757489204406738,6.757945537567139
4681,11.371540069580078,6.758930683135986
4682,8.057891845703125,6.7592082023620605
4683,10.251603126525879,6.75995397567749
4684,4.195556163787842,6.759406566619873
4685,5.410542011260986,6.759118556976318
4686,9.429465293884277,6.759688377380371
4687,7.211463451385498,6.759784698486328
4688,10.786538124084473,6.760643482208252
4689,9.546034812927246,6.761237621307373
4690,13.548885345458984,6.7626848220825195
4691,11.861814498901367,6.7637715339660645
4692,10.314154624938965,6.764527797698975
4693,6.792819976806641,6.764533996582031
4694,11.843301773071289,6.765615940093994
4695,8.998116493225098,6.766091346740723
4696,9.73540210723877,6.7667236328125
4697,11.812324523925781,6.767797470092773
4698,8.250055313110352,6.768113136291504
4699,12.357376098632812,6.7693023681640625
4700,13.279796600341797,6.770687103271484
4701,10.107556343078613,6.771396636962891
4702,12.55133056640625,6.77262544631958
4703,9.405891418457031,6.7731852531433105
4704,10.862142562866211,6.774054527282715
4705,10.915493965148926,6.7749342918396
4706,11.629916191101074,6.775966167449951
4707,10.517995834350586,6.776761054992676
4708,8.550664901733398,6.777137756347656
4709,6.334585666656494,6.777043342590332
4710,9.536954879760742,6.777629375457764
4711,7.932917594909668,6.777874946594238
4712,9.867541313171387,6.778530120849609
4713,11.306230545043945,6.779490947723389
4714,-1.4618868827819824,6.777742862701416
4715,7.646026611328125,6.777927398681641
4716,7.81721830368042,6.778147220611572
4717,9.145092010498047,6.778648853302002
4718,10.589617729187012,6.779456615447998
4719,10.532979965209961,6.780251979827881
4720,10.141792297363281,6.780963897705078
4721,9.788206100463867,6.7816009521484375
4722,9.480692863464355,6.782172679901123
4723,12.20938491821289,6.783321380615234
4724,8.377190589904785,6.783658504486084
4725,5.375426292419434,6.783360481262207
4726,9.885909080505371,6.784017086029053
4727,8.81938648223877,6.78444766998291
4728,10.701299667358398,6.785275936126709
4729,10.597005844116211,6.786081790924072
4730,9.194742202758789,6.786591053009033
4731,8.972970008850098,6.787053108215332
4732,7.6056413650512695,6.78722620010376
4733,7.541239261627197,6.7873854637146
4734,8.700170516967773,6.787789344787598
4735,7.472658157348633,6.787933826446533
4736,11.937512397766113,6.789021015167236
4737,7.7679290771484375,6.789227485656738
4738,10.268630981445312,6.789961814880371
4739,8.783223152160645,6.790382385253906
4740,11.760055541992188,6.791430473327637
4741,7.822451591491699,6.791647911071777
4742,11.885156631469727,6.792721748352051
4743,8.590733528137207,6.793100357055664
4744,5.760785102844238,6.792882919311523
4745,11.528268814086914,6.793880939483643
4746,13.998957633972168,6.795398235321045
4747,8.644962310791016,6.795787811279297
4748,9.77357006072998,6.796414852142334
4749,9.781966209411621,6.797043323516846
4750,10.118383407592773,6.7977423667907715
4751,9.796958923339844,6.798373699188232
4752,9.438323020935059,6.798928737640381
4753,10.224837303161621,6.799649238586426
4754,7.4739813804626465,6.79979133605957
4755,11.564081192016602,6.800793170928955
4756,10.034698486328125,6.801473140716553
4757,8.614960670471191,6.801854133605957
4758,10.396727561950684,6.802609443664551
4759,10.000669479370117,6.803281307220459
4760,15.692255020141602,6.805148124694824
4761,8.19472885131836,6.8054399490356445
4762,10.046401023864746,6.806120872497559
4763,9.906976699829102,6.806771278381348
4764,12.839929580688477,6.808037757873535
4765,9.40518569946289,6.808582305908203
4766,6.4174933433532715,6.808500289916992
4767,6.04653263092041,6.808340549468994
4768,9.6646146774292,6.808939456939697
4769,9.427095413208008,6.809488296508789
4770,11.644222259521484,6.810502052307129
4771,10.303670883178711,6.8112335205078125
4772,9.679551124572754,6.811834812164307
4773,8.44539737701416,6.812176704406738
4774,9.821946144104004,6.812807083129883
4775,12.527791023254395,6.8140034675598145
4776,10.907180786132812,6.8148603439331055
4777,11.367822647094727,6.815813064575195
4778,12.766260147094727,6.817058086395264
4779,13.21875,6.818397521972656
4780,12.439373016357422,6.819572925567627
4781,8.528538703918457,6.819930553436279
4782,11.024002075195312,6.820809364318848
4783,9.448315620422363,6.821358680725098
4784,9.879172325134277,6.82199764251709
4785,9.652803421020508,6.82258939743042
4786,9.851702690124512,6.8232221603393555
4787,10.077229499816895,6.823901653289795
4788,8.804088592529297,6.824315547943115
4789,11.487107276916504,6.825288772583008
4790,12.997678756713867,6.826577186584473
4791,10.071864128112793,6.827254295349121
4792,13.975273132324219,6.8287458419799805
4793,8.864165306091309,6.829170227050781
4794,11.565604209899902,6.83015775680542
4795,15.562053680419922,6.831978797912598
4796,10.12569522857666,6.83266544342041
4797,14.927709579467773,6.834352493286133
4798,12.742558479309082,6.835583209991455
4799,11.222640991210938,6.8364973068237305
4800,12.513772010803223,6.837680339813232
4801,13.87372875213623,6.839145660400391
4802,10.936290740966797,6.839999198913574
4803,8.483671188354492,6.840341567993164
4804,16.350929260253906,6.842320919036865
4805,9.277534484863281,6.842827320098877
4806,7.930543422698975,6.843053817749023
4807,12.739715576171875,6.844279766082764
4808,10.41837215423584,6.845022678375244
4809,10.816575050354004,6.845848560333252
4810,10.749910354614258,6.846660137176514
4811,11.364249229431152,6.847598552703857
4812,9.087096214294434,6.8480634689331055
4813,9.93778133392334,6.848705291748047
4814,10.813518524169922,6.849528789520264
4815,12.50064754486084,6.850701808929443
4816,11.835334777832031,6.851737022399902
4817,9.429993629455566,6.852272033691406
4818,8.851360321044922,6.852686882019043
4819,9.377150535583496,6.853210926055908
4820,12.10960578918457,6.8543009757995605
4821,9.190500259399414,6.854785919189453
4822,11.821656227111816,6.855815410614014
4823,13.197212219238281,6.8571295738220215
4824,11.439323425292969,6.858078956604004
4825,11.33378791809082,6.859005928039551
4826,9.59085750579834,6.85957145690918
4827,0.9612169861793518,6.858349800109863
4828,12.022671699523926,6.859419345855713
4829,9.053352355957031,6.8598737716674805
4830,7.306293964385986,6.859966278076172
4831,6.561244964599609,6.8599042892456055
4832,8.518122673034668,6.86024808883667
4833,6.717095851898193,6.860218524932861
4834,8.133541107177734,6.8604817390441895
4835,8.871048927307129,6.860897541046143
4836,8.74321174621582,6.861286640167236
