Iteration,Result,Mean
0,9.434012413024902,9.434012413024902
1,10.233566284179688,9.833789825439453
2,10.440875053405762,10.036151885986328
3,10.902365684509277,10.252705574035645
4,11.020669937133789,10.406298637390137
5,11.148015022277832,10.52991771697998
6,9.79326057434082,10.424681663513184
7,8.644543647766113,10.202164649963379
8,9.072686195373535,10.076666831970215
9,8.563558578491211,9.925355911254883
10,7.944884777069092,9.74531364440918
11,9.378920555114746,9.714780807495117
12,9.894134521484375,9.728577613830566
13,10.10962963104248,9.7557954788208
14,12.478915214538574,9.937335968017578
15,11.04198932647705,10.006377220153809
16,10.583462715148926,10.040323257446289
17,11.461841583251953,10.11929702758789
18,11.816473007202148,10.20862102508545
19,10.80478286743164,10.238429069519043
20,10.63350772857666,10.257243156433105
21,10.565877914428711,10.271271705627441
22,9.824458122253418,10.251845359802246
23,10.300565719604492,10.253874778747559
24,11.383438110351562,10.299057960510254
25,12.82036304473877,10.396031379699707
26,11.857151985168457,10.450146675109863
27,11.452163696289062,10.485933303833008
28,11.479344367980957,10.52018928527832
29,8.587658882141113,10.455770492553711
30,9.051161766052246,10.410460472106934
31,12.012655258178711,10.460529327392578
32,10.667764663696289,10.466809272766113
33,9.812992095947266,10.447578430175781
34,12.002440452575684,10.492003440856934
35,10.41377067565918,10.489830017089844
36,10.86304759979248,10.499917030334473
37,9.96097183227539,10.485733985900879
38,11.00584888458252,10.499070167541504
39,10.626858711242676,10.502264976501465
40,11.123980522155762,10.51742935180664
41,8.6656494140625,10.473339080810547
42,10.945168495178223,10.484312057495117
43,12.448162078857422,10.528944969177246
44,10.243853569030762,10.52260971069336
45,8.374238014221191,10.475905418395996
46,10.109865188598633,10.468117713928223
47,10.822242736816406,10.475495338439941
48,10.372052192687988,10.473383903503418
49,10.019275665283203,10.464302062988281
50,9.11409854888916,10.437827110290527
51,9.278611183166504,10.415534019470215
52,10.264272689819336,10.412680625915527
53,8.79765796661377,10.382773399353027
54,11.092127799987793,10.395669937133789
55,9.463910102844238,10.37903118133545
56,10.296931266784668,10.377591133117676
57,11.26932144165039,10.392966270446777
58,11.681879997253418,10.414812088012695
59,10.663533210754395,10.418957710266113
60,10.428668022155762,10.419116020202637
61,11.592535972595215,10.438042640686035
62,9.18841552734375,10.418207168579102
63,9.717552185058594,10.407258987426758
64,11.89226245880127,10.430105209350586
65,11.083468437194824,10.4400053024292
66,8.21726131439209,10.406829833984375
67,9.600640296936035,10.394974708557129
68,7.428081035614014,10.35197639465332
69,10.949913024902344,10.360518455505371
70,10.925141334533691,10.368471145629883
71,9.485217094421387,10.35620403289795
72,9.996346473693848,10.351274490356445
73,10.189889907836914,10.349093437194824
74,8.300453186035156,10.321778297424316
75,9.868916511535645,10.315818786621094
76,6.01677942276001,10.259987831115723
77,9.206928253173828,10.24648666381836
78,10.584315299987793,10.250762939453125
79,10.553742408752441,10.254549980163574
80,10.87210750579834,10.262174606323242
81,9.476478576660156,10.252593040466309
82,9.894755363464355,10.248282432556152
83,12.031740188598633,10.269514083862305
84,9.341381072998047,10.258594512939453
85,10.36724853515625,10.259858131408691
86,11.095112800598145,10.269457817077637
87,7.4546380043029785,10.237471580505371
88,10.421468734741211,10.23953914642334
89,10.66653060913086,10.244282722473145
90,11.74044132232666,10.260724067687988
91,11.213502883911133,10.271080017089844
92,6.290584087371826,10.228279113769531
93,8.294168472290039,10.207703590393066
94,8.858560562133789,10.193502426147461
95,9.037263870239258,10.181458473205566
96,8.29028034210205,10.161962509155273
97,7.944241523742676,10.139331817626953
98,7.93982458114624,10.117115020751953
99,8.230920791625977,10.098252296447754
100,8.463271141052246,10.082064628601074
101,8.8580322265625,10.070063591003418
102,7.940594673156738,10.049388885498047
103,8.253573417663574,10.032120704650879
104,8.312318801879883,10.015742301940918
105,8.83980941772461,10.00464916229248
106,5.825551986694336,9.965592384338379
107,8.337263107299805,9.950514793395996
108,9.372802734375,9.945215225219727
109,7.873140335083008,9.92637825012207
110,8.468305587768555,9.91324234008789
111,6.629469394683838,9.883923530578613
112,8.810970306396484,9.874427795410156
113,7.2292327880859375,9.851223945617676
114,8.364952087402344,9.838300704956055
115,7.890166282653809,9.821505546569824
116,10.141267776489258,9.824238777160645
117,9.682563781738281,9.823038101196289
118,8.327970504760742,9.81047534942627
119,9.156540870666504,9.805025100708008
120,9.976149559020996,9.806439399719238
121,8.667675018310547,9.79710578918457
122,8.479336738586426,9.786393165588379
123,7.398236274719238,9.767132759094238
124,7.678703784942627,9.750425338745117
125,7.458815574645996,9.73223876953125
126,7.097618103027344,9.711494445800781
127,8.653315544128418,9.703227043151855
128,8.546749114990234,9.694262504577637
129,7.73353385925293,9.679179191589355
130,7.230550765991211,9.66048812866211
131,9.901555061340332,9.662314414978027
132,6.321568012237549,9.637195587158203
133,8.317886352539062,9.627349853515625
134,11.852632522583008,9.643834114074707
135,11.42977237701416,9.656966209411621
136,5.655102252960205,9.627756118774414
137,6.515315055847168,9.605201721191406
138,8.348154067993164,9.596158027648926
139,5.32404899597168,9.565643310546875
140,7.814863204956055,9.553226470947266
141,7.323257923126221,9.537522315979004
142,8.681004524230957,9.531532287597656
143,8.310538291931152,9.523053169250488
144,9.432819366455078,9.522431373596191
145,9.606882095336914,9.52301025390625
146,8.351439476013184,9.515040397644043
147,8.63128662109375,9.509069442749023
148,9.185541152954102,9.506897926330566
149,9.763631820678711,9.508609771728516
150,6.9964399337768555,9.491972923278809
151,13.447159767150879,9.517993927001953
152,7.117018222808838,9.502302169799805
153,7.655726432800293,9.490311622619629
154,8.656996726989746,9.48493480682373
155,11.213214874267578,9.496013641357422
156,8.291510581970215,9.48834228515625
157,11.339434623718262,9.5000581741333
158,10.895082473754883,9.508831977844238
159,8.773144721984863,9.504234313964844
160,8.847040176391602,9.500152587890625
161,8.378617286682129,9.493229866027832
162,7.469779968261719,9.480815887451172
163,9.977751731872559,9.483845710754395
164,8.926528930664062,9.480467796325684
165,8.793098449707031,9.476326942443848
166,8.219860076904297,9.468803405761719
167,10.847579002380371,9.477009773254395
168,9.630012512207031,9.47791576385498
169,9.7600736618042,9.479575157165527
170,9.131576538085938,9.477540016174316
171,9.379192352294922,9.476968765258789
172,9.21816635131836,9.475472450256348
173,9.210988998413086,9.473952293395996
174,8.155251502990723,9.466416358947754
175,7.845311641693115,9.457205772399902
176,8.810918807983398,9.4535551071167
177,5.5713300704956055,9.431744575500488
178,7.82354736328125,9.422760009765625
179,7.851071834564209,9.41402816772461
180,9.190309524536133,9.412792205810547
181,8.806623458862305,9.409461975097656
182,7.98690128326416,9.401688575744629
183,10.475324630737305,9.407524108886719
184,9.423381805419922,9.407608985900879
185,7.338801383972168,9.396486282348633
186,6.236097812652588,9.379586219787598
187,12.246280670166016,9.394834518432617
188,7.072519779205322,9.382547378540039
189,7.289500713348389,9.37153148651123
190,14.315861701965332,9.397418022155762
191,11.084628105163574,9.406205177307129
192,9.145225524902344,9.404853820800781
193,9.88505744934082,9.407328605651855
194,10.135231971740723,9.41106128692627
195,9.400993347167969,9.411009788513184
196,11.361968994140625,9.420913696289062
197,9.76762580871582,9.422663688659668
198,12.499321937561035,9.438124656677246
199,12.091752052307129,9.451393127441406
200,11.20633602142334,9.460124015808105
201,10.042398452758789,9.463006019592285
202,10.138797760009766,9.46633529663086
203,10.964842796325684,9.47368049621582
204,11.40062427520752,9.483080863952637
205,10.101909637451172,9.486084938049316
206,11.53232192993164,9.495969772338867
207,10.024686813354492,9.49851131439209
208,10.64285659790039,9.503987312316895
209,11.724858283996582,9.514562606811523
210,11.354870796203613,9.523283958435059
211,11.30143928527832,9.531671524047852
212,11.690665245056152,9.541807174682617
213,9.869884490966797,9.543340682983398
214,9.400793075561523,9.542677879333496
215,10.957456588745117,9.54922866821289
216,11.182426452636719,9.556754112243652
217,10.760563850402832,9.562275886535645
218,11.650838851928711,9.571812629699707
219,10.818351745605469,9.577479362487793
220,10.032683372497559,9.57953929901123
221,11.302176475524902,9.587299346923828
222,10.056020736694336,9.589400291442871
223,10.008481979370117,9.59127140045166
224,10.758708953857422,9.596460342407227
225,13.071998596191406,9.611839294433594
226,11.493206977844238,9.620126724243164
227,10.50343132019043,9.624000549316406
228,8.729968070983887,9.620097160339355
229,11.447176933288574,9.62804126739502
230,12.099127769470215,9.638738632202148
231,12.104185104370117,9.649365425109863
232,10.112783432006836,9.651354789733887
233,10.888482093811035,9.656641006469727
234,10.742452621459961,9.661261558532715
235,9.893267631530762,9.66224479675293
236,11.23898983001709,9.66889762878418
237,9.961067199707031,9.670125961303711
238,4.098003387451172,9.646811485290527
239,4.518131256103516,9.625441551208496
240,3.3216195106506348,9.599284172058105
241,4.1335954666137695,9.576698303222656
242,4.141646862030029,9.55433177947998
243,6.748144149780273,9.542830467224121
244,3.05781626701355,9.516361236572266
245,4.107882976531982,9.494376182556152
246,6.055159568786621,9.480451583862305
247,5.355996131896973,9.463820457458496
248,2.5807178020477295,9.436178207397461
249,3.3704030513763428,9.411914825439453
250,4.975376605987549,9.39423942565918
251,-1.5570809841156006,9.350781440734863
252,4.17341423034668,9.330317497253418
253,0.48655566573143005,9.295499801635742
254,1.385685920715332,9.264480590820312
255,-1.2082631587982178,9.22357177734375
256,0.7353907823562622,9.190544128417969
257,1.1497830152511597,9.159378051757812
258,0.773288905620575,9.126998901367188
259,-1.920575499534607,9.084507942199707
260,1.7643585205078125,9.056462287902832
261,4.5628156661987305,9.039310455322266
262,4.107047080993652,9.020556449890137
263,0.42411312460899353,8.987993240356445
264,4.5946173667907715,8.971415519714355
265,2.3400816917419434,8.94648551940918
266,-0.8605055809020996,8.909754753112793
267,0.6298484802246094,8.878859519958496
268,0.8000891208648682,8.848827362060547
269,-0.9828835725784302,8.812413215637207
270,-0.15131379663944244,8.779336929321289
271,2.587451934814453,8.756571769714355
272,-3.314152717590332,8.712356567382812
273,0.9521180987358093,8.68403434753418
274,2.413010358810425,8.66123104095459
275,0.639176070690155,8.632165908813477
276,-4.428770065307617,8.585014343261719
277,2.8544414043426514,8.564401626586914
278,1.6940993070602417,8.539776802062988
279,0.5166676044464111,8.511122703552246
280,1.2261695861816406,8.485197067260742
281,-1.1161022186279297,8.451148986816406
282,2.169428825378418,8.42895221710205
283,1.9293843507766724,8.40606689453125
284,3.9357364177703857,8.390381813049316
285,1.936489462852478,8.367815971374512
286,5.391807556152344,8.357446670532227
287,2.8114209175109863,8.338190078735352
288,-1.7130045890808105,8.303411483764648
289,0.1737150251865387,8.275378227233887
290,2.521824359893799,8.255605697631836
291,-0.7417737245559692,8.224793434143066
292,-4.376901149749756,8.181783676147461
293,6.236490726470947,8.17516803741455
294,-13.054071426391602,8.103204727172852
295,-4.020179748535156,8.062246322631836
296,-2.2756242752075195,8.02743911743164
297,3.0550661087036133,8.010753631591797
298,-7.572968006134033,7.958633899688721
299,3.137786865234375,7.942564487457275
300,2.805361270904541,7.925497531890869
301,4.404126167297363,7.91383695602417
302,-3.0517215728759766,7.8776469230651855
303,0.6171209812164307,7.853763580322266
304,2.061143398284912,7.834771156311035
305,2.779435157775879,7.81825065612793
306,5.160614967346191,7.80959415435791
307,8.968600273132324,7.813356876373291
308,2.677415370941162,7.796735763549805
309,0.9489452242851257,7.774646282196045
310,-3.446810722351074,7.738564491271973
311,-0.8185259103775024,7.711137771606445
312,3.0828795433044434,7.696350574493408
313,2.3901126384735107,7.679451942443848
314,3.122589588165283,7.664985656738281
315,3.4408960342407227,7.651618480682373
316,2.841801166534424,7.63644552230835
317,-2.139678955078125,7.605702877044678
318,2.3224058151245117,7.589141368865967
319,2.4176762104034424,7.5729804039001465
320,2.7476186752319336,7.557948112487793
321,0.7392794489860535,7.536771774291992
322,-0.3221140503883362,7.512441158294678
323,0.9439078569412231,7.492167949676514
324,-2.256535530090332,7.46217155456543
325,4.203453063964844,7.452175617218018
326,1.7757667303085327,7.434816837310791
327,-0.42726758122444153,7.410847187042236
328,0.6645952463150024,7.390341758728027
329,0.042212486267089844,7.368074417114258
330,-0.050394318997859955,7.345662593841553
331,3.1199405193328857,7.332934379577637
332,1.376967191696167,7.3150482177734375
333,0.4437120258808136,7.294475078582764
334,3.3647525310516357,7.282744884490967
335,4.391241550445557,7.274139404296875
336,1.5248669385910034,7.257079124450684
337,0.5035542249679565,7.237098693847656
338,3.932453155517578,7.227350234985352
339,0.785234808921814,7.208402633666992
340,2.7743420600891113,7.195399761199951
341,1.0451045036315918,7.177416801452637
342,2.420457601547241,7.163547992706299
343,3.5592617988586426,7.153070449829102
344,4.543478012084961,7.145506381988525
345,-3.9508590698242188,7.113435745239258
346,0.7118263840675354,7.094987392425537
347,2.6685242652893066,7.082267761230469
348,8.658935546875,7.086785316467285
349,8.51596450805664,7.0908684730529785
350,11.617103576660156,7.103764057159424
351,11.433905601501465,7.116065502166748
352,12.101468086242676,7.130188465118408
353,12.253422737121582,7.144660949707031
354,13.476348876953125,7.162496566772461
355,12.603275299072266,7.177779674530029
356,11.526161193847656,7.18996000289917
357,12.173479080200195,7.203880786895752
358,10.608214378356934,7.213363170623779
359,7.404034614562988,7.213892936706543
360,10.365489959716797,7.222623348236084
361,11.824546813964844,7.235335350036621
362,11.167470932006836,7.2461676597595215
363,11.60274600982666,7.25813627243042
364,8.352922439575195,7.261136054992676
365,11.783026695251465,7.273490905761719
366,8.322474479675293,7.276349067687988
367,7.877608299255371,7.27798318862915
368,10.081659317016602,7.285581111907959
369,11.511634826660156,7.297002792358398
370,11.393876075744629,7.308045387268066
371,7.598932266235352,7.3088274002075195
372,11.165386199951172,7.31916618347168
373,10.89510440826416,7.328727722167969
374,6.386759281158447,7.3262152671813965
375,6.024256706237793,7.322752475738525
376,9.070621490478516,7.327388763427734
377,8.38283634185791,7.330180644989014
378,4.216012477874756,7.321964263916016
379,9.627163887023926,7.328030586242676
380,9.957314491271973,7.334931373596191
381,12.445507049560547,7.3483099937438965
382,9.171684265136719,7.3530707359313965
383,6.707117080688477,7.351388454437256
384,10.62486743927002,7.359890460968018
385,10.522786140441895,7.36808443069458
386,10.60498046875,7.376448631286621
387,10.097208976745605,7.383460521697998
388,10.126410484313965,7.390511989593506
389,7.829919815063477,7.391638278961182
390,10.820293426513672,7.400407314300537
391,9.356719017028809,7.405397891998291
392,12.11667537689209,7.417386054992676
393,12.360677719116211,7.429932117462158
394,12.37434196472168,7.442449569702148
395,9.857268333435059,7.44854736328125
396,11.895608901977539,7.4597487449646
397,12.149343490600586,7.471531867980957
398,12.100700378417969,7.483133316040039
399,11.859797477722168,7.494075298309326
400,12.460332870483398,7.506460189819336
401,9.330349922180176,7.510997295379639
402,5.05153751373291,7.504894256591797
403,10.116826057434082,7.511359691619873
404,9.260624885559082,7.515679359436035
405,10.026874542236328,7.521864414215088
406,11.046510696411133,7.530524730682373
407,11.668535232543945,7.540666580200195
408,12.2108154296875,7.552084922790527
409,10.736336708068848,7.559851169586182
410,10.954813957214355,7.568111896514893
411,11.601109504699707,7.577900409698486
412,9.172505378723145,7.581761837005615
413,11.065693855285645,7.590177059173584
414,10.176339149475098,7.596408367156982
415,9.149558067321777,7.600142478942871
416,12.20299243927002,7.611179828643799
417,10.211048126220703,7.6173996925354
418,11.68789291381836,7.627114295959473
419,11.311416625976562,7.635887145996094
420,8.703466415405273,7.63842248916626
421,12.003755569458008,7.64876651763916
422,9.895899772644043,7.654079437255859
423,5.946986675262451,7.650053024291992
424,9.496129989624023,7.654397010803223
425,9.550983428955078,7.658849239349365
426,11.8837890625,7.66874361038208
427,9.237541198730469,7.6724090576171875
428,9.574551582336426,7.67684268951416
429,10.178230285644531,7.68265962600708
430,13.317817687988281,7.69573450088501
431,10.746011734008789,7.702795505523682
432,8.796568870544434,7.705321788787842
433,10.975676536560059,7.712856769561768
434,10.746681213378906,7.7198309898376465
435,10.979008674621582,7.727305889129639
436,8.508904457092285,7.729094505310059
437,10.662490844726562,7.7357916831970215
438,7.060822486877441,7.734254360198975
439,9.706847190856934,7.7387375831604
440,9.338754653930664,7.742365837097168
441,9.590938568115234,7.746547698974609
442,7.680933475494385,7.746399402618408
443,7.735881805419922,7.746376037597656
444,8.13620376586914,7.747251987457275
445,6.415116310119629,7.744265079498291
446,6.455244064331055,7.7413811683654785
447,9.095464706420898,7.744403839111328
448,7.709696292877197,7.744326591491699
449,9.82542896270752,7.748951435089111
450,9.63709545135498,7.753138065338135
451,9.731293678283691,7.757514476776123
452,6.910464286804199,7.75564432144165
453,10.810665130615234,7.762372970581055
454,7.257856369018555,7.761264324188232
455,10.735974311828613,7.767787933349609
456,6.913444519042969,7.765918254852295
457,7.278176307678223,7.764853000640869
458,8.990787506103516,7.767523765563965
459,6.719326972961426,7.765244960784912
460,8.313614845275879,7.766434669494629
461,7.206882476806641,7.765223503112793
462,9.752367973327637,7.769515514373779
463,9.26326847076416,7.772734642028809
464,9.21989631652832,7.7758469581604
465,7.143177509307861,7.774488925933838
466,7.640270709991455,7.7742018699646
467,8.11949634552002,7.77493953704834
468,8.895544052124023,7.7773284912109375
469,10.9453125,7.784069061279297
470,10.948148727416992,7.790787220001221
471,8.262259483337402,7.791785717010498
472,9.783912658691406,7.795997619628906
473,7.778751850128174,7.795961380004883
474,8.305145263671875,7.797033309936523
475,8.406145095825195,7.798313140869141
476,12.356683731079102,7.8078694343566895
477,7.809894561767578,7.807873725891113
478,8.1187744140625,7.8085222244262695
479,7.42799186706543,7.807729721069336
480,8.976811408996582,7.810160160064697
481,12.453119277954102,7.819792747497559
482,9.521355628967285,7.823315620422363
483,9.925228118896484,7.827658176422119
484,8.914039611816406,7.829898357391357
485,9.627071380615234,7.833596229553223
486,11.019211769104004,7.840137481689453
487,11.991945266723633,7.848645210266113
488,8.289183616638184,7.849545955657959
489,10.406347274780273,7.854763507843018
490,9.29936408996582,7.857705593109131
491,10.204863548278809,7.862476348876953
492,9.656933784484863,7.866116523742676
493,10.127202987670898,7.870693206787109
494,10.705141067504883,7.876419544219971
495,13.108582496643066,7.88696813583374
496,12.36961555480957,7.895987510681152
497,9.200923919677734,7.898608207702637
498,14.825986862182617,7.912490367889404
499,10.551403999328613,7.917768478393555
500,12.282322883605957,7.926479816436768
501,11.663442611694336,7.933924198150635
502,10.137730598449707,7.938305377960205
503,12.835129737854004,7.948021411895752
504,9.869842529296875,7.951827049255371
505,8.756112098693848,7.953416347503662
506,10.015817642211914,7.957484245300293
507,14.640850067138672,7.970640659332275
508,12.360943794250488,7.9792656898498535
509,11.497037887573242,7.98616361618042
510,10.85227108001709,7.991772174835205
511,10.866458892822266,7.997386932373047
512,10.827607154846191,8.002903938293457
513,9.905051231384277,8.00660514831543
514,11.56968879699707,8.013524055480957
515,15.333057403564453,8.027709007263184
516,11.402629852294922,8.034236907958984
517,10.624924659729004,8.039238929748535
518,14.376758575439453,8.0514497756958
519,13.103609085083008,8.061165809631348
520,11.278450012207031,8.067340850830078
521,8.691474914550781,8.068535804748535
522,12.986652374267578,8.077939987182617
523,12.048452377319336,8.085516929626465
524,11.812877655029297,8.09261703491211
525,11.437009811401367,8.09897518157959
526,13.40226936340332,8.109038352966309
527,11.405588150024414,8.11528205871582
528,-1.729877233505249,8.096671104431152
529,-2.0079543590545654,8.077606201171875
530,-1.4383928775787354,8.059685707092285
531,-0.6160920262336731,8.043376922607422
532,-0.3298732340335846,8.027667045593262
533,-0.3079959750175476,8.012057304382324
534,-1.1465357542037964,7.994938373565674
535,-2.576353073120117,7.975215911865234
536,-1.060448169708252,7.958389759063721
537,0.6747386455535889,7.944851398468018
538,0.537306010723114,7.931107997894287
539,-4.609148025512695,7.9078850746154785
540,-1.8719547986984253,7.889807224273682
541,0.8619469404220581,7.876840591430664
542,3.114201068878174,7.868069648742676
543,-0.5197683572769165,7.852651119232178
544,-0.04855761677026749,7.838153839111328
545,0.21187849342823029,7.824186325073242
546,0.646599292755127,7.811064720153809
547,-1.9034700393676758,7.793337821960449
548,3.890986680984497,7.786229610443115
549,-3.237297773361206,7.7661871910095215
550,-0.05667955428361893,7.751989364624023
551,-0.10928341001272202,7.737747669219971
552,2.3480072021484375,7.728001594543457
553,-1.072090744972229,7.712116718292236
554,-2.221376657485962,7.69421911239624
555,-1.3436846733093262,7.677963733673096
556,1.354759693145752,7.666611671447754
557,0.7125773429870605,7.654149055480957
558,-2.8349950313568115,7.635385036468506
559,-0.049858544021844864,7.621661186218262
560,-1.8099511861801147,7.604848861694336
561,-1.2067023515701294,7.589170455932617
562,1.5539556741714478,7.578451156616211
563,1.2387415170669556,7.567210674285889
564,-2.0679373741149902,7.550157070159912
565,4.714321613311768,7.545146942138672
566,1.2962005138397217,7.534126281738281
567,-3.3244338035583496,7.51500940322876
568,3.1247825622558594,7.507294178009033
569,1.5505157709121704,7.496843338012695
570,-0.7992604374885559,7.482314109802246
571,1.3616700172424316,7.471613883972168
572,-0.004545883741229773,7.458566665649414
573,1.1395596265792847,7.447558403015137
574,-3.771425247192383,7.428046703338623
575,3.3308675289154053,7.420934200286865
576,0.22459135949611664,7.408462047576904
577,-3.5153608322143555,7.389563083648682
578,-2.9915974140167236,7.371633529663086
579,1.028534173965454,7.360696792602539
580,0.5902309417724609,7.349043846130371
581,-0.2792350649833679,7.335936546325684
582,4.512383460998535,7.3310933113098145
583,1.3052268028259277,7.320775032043457
584,-0.29464003443717957,7.307757377624512
585,-3.2290446758270264,7.289776802062988
586,0.4830161929130554,7.2781805992126465
587,1.7669116258621216,7.268807888031006
588,-1.3735072612762451,7.2541351318359375
589,3.2215662002563477,7.247300148010254
590,3.527838945388794,7.241006851196289
591,-1.5811827182769775,7.226104736328125
592,-11.01034927368164,7.195352077484131
593,-0.6808934211730957,7.182092666625977
594,0.7886231541633606,7.171347141265869
595,1.646069049835205,7.162076473236084
596,5.882523536682129,7.159933090209961
597,-1.4114493131637573,7.145599365234375
598,5.028332710266113,7.142064571380615
599,3.5777571201324463,7.1361236572265625
600,1.4452056884765625,7.126655101776123
601,3.9200222492218018,7.121328353881836
602,3.070798873901367,7.11461067199707
603,-1.7889589071273804,7.099869728088379
604,0.21051394939422607,7.08848237991333
605,0.10432016104459763,7.076957702636719
606,2.4849607944488525,7.069392204284668
607,0.706223726272583,7.058926105499268
608,-0.9818819165229797,7.045722961425781
609,1.037964940071106,7.035874366760254
610,3.2463836669921875,7.029672622680664
611,0.6403560638427734,7.019232273101807
612,-5.643537521362305,6.998575210571289
613,5.056282043457031,6.995411396026611
614,-2.0409159660339355,6.98071813583374
615,-0.6476258635520935,6.968334674835205
616,-1.291074514389038,6.954948425292969
617,3.0396499633789062,6.948612689971924
618,-5.909732818603516,6.927840232849121
619,-0.8466671705245972,6.915300369262695
620,2.02386212348938,6.907423973083496
621,4.8848443031311035,6.904171943664551
622,1.0476710796356201,6.894772052764893
623,-2.2739622592926025,6.880078315734863
624,2.891033172607422,6.873696327209473
625,-2.5600085258483887,6.858626365661621
626,-0.11788420379161835,6.847499847412109
627,1.330074667930603,6.838714122772217
628,-10.148822784423828,6.81170654296875
629,3.2360668182373047,6.806030750274658
630,-24.648008346557617,6.756182670593262
631,5.7877678871154785,6.754650115966797
632,0.5401683449745178,6.744832515716553
633,-0.008534700609743595,6.734180927276611
634,3.3256051540374756,6.728813171386719
635,-0.22778905928134918,6.717875003814697
636,-0.7696778178215027,6.706120491027832
637,1.4485604763031006,6.697880268096924
638,-1.7884981632232666,6.68459939956665
639,-3.5593714714050293,6.668592929840088
640,-0.14264580607414246,6.6579670906066895
641,-4.6306047439575195,6.640383720397949
642,1.9050453901290894,6.633019924163818
643,-1.6981695890426636,6.620082855224609
644,-5.599315643310547,6.601138591766357
645,-0.11044520139694214,6.590749263763428
646,2.4610157012939453,6.584366321563721
647,3.9282963275909424,6.580267429351807
648,1.5450150966644287,6.572508811950684
649,-0.4762842059135437,6.561664581298828
650,4.865501403808594,6.5590596199035645
651,3.0151429176330566,6.553624153137207
652,-1.048897385597229,6.5419816970825195
653,0.6090230345726013,6.532909870147705
654,0.15086473524570465,6.523166179656982
655,1.5921361446380615,6.515649795532227
656,4.217653751373291,6.512152194976807
657,-0.4013265371322632,6.501645088195801
658,-1.2335323095321655,6.489907741546631
659,2.4598729610443115,6.48380184173584
660,0.563513994216919,6.474844932556152
661,-2.55348801612854,6.461206912994385
662,-0.8618605732917786,6.450161457061768
663,-1.083702802658081,6.438815593719482
664,-5.673290252685547,6.420601844787598
665,-0.7617455720901489,6.409817695617676
666,-0.01844923198223114,6.400179862976074
667,2.1503334045410156,6.393817901611328
668,2.694951057434082,6.388288497924805
669,0.830152153968811,6.379992961883545
670,1.512645959854126,6.372738838195801
671,2.061147689819336,6.366322994232178
672,4.274019718170166,6.363213539123535
673,5.214986801147461,6.361509799957275
674,3.4323244094848633,6.357170104980469
675,1.3725297451019287,6.349796295166016
676,5.116261959075928,6.3479743003845215
677,-1.4413225650787354,6.336485385894775
678,3.051640748977661,6.331647872924805
679,2.755549430847168,6.326388835906982
680,1.4176284074783325,6.319180488586426
681,1.0680558681488037,6.311480522155762
682,1.4856677055358887,6.304415225982666
683,-0.8657988905906677,6.2939324378967285
684,-2.257728099822998,6.2814483642578125
685,-1.538999319076538,6.270048141479492
686,-4.150213718414307,6.254879951477051
687,-3.499514102935791,6.240702152252197
688,0.09316107630729675,6.2317795753479
689,0.05336808040738106,6.222825527191162
690,-0.2122109979391098,6.213512420654297
691,-3.739793539047241,6.199129104614258
692,-0.3938728868961334,6.189615249633789
693,0.059377942234277725,6.180782318115234
694,-5.420934677124023,6.164089202880859
695,3.5753731727600098,6.160369396209717
696,0.7934966087341309,6.152669429779053
697,-8.439774513244629,6.131762981414795
698,-0.031370069831609726,6.122946262359619
699,-5.676012992858887,6.106091022491455
700,3.435220718383789,6.102280616760254
701,1.5073977708816528,6.0957350730896
702,-4.9473042488098145,6.080026626586914
703,-1.7726130485534668,6.068872451782227
704,-1.6708635091781616,6.057894229888916
705,-2.7699689865112305,6.0453901290893555
706,-1.579293966293335,6.034605979919434
707,2.6440272331237793,6.0298171043396
708,2.459022283554077,6.0247802734375
709,-6.298128128051758,6.0074238777160645
710,-1.4307548999786377,5.996962547302246
711,-8.013039588928223,5.977285385131836
712,0.02942356839776039,5.968943119049072
713,-9.20970344543457,5.9476847648620605
714,0.9158483147621155,5.940647602081299
715,2.4486279487609863,5.935770511627197
716,-7.989165782928467,5.916349411010742
717,-1.5302722454071045,5.905978202819824
718,-4.146392822265625,5.89199686050415
719,0.0438605435192585,5.883874416351318
720,-1.9663326740264893,5.872986793518066
721,1.3309390544891357,5.866695880889893
722,0.4843616485595703,5.859251499176025
723,-2.887197732925415,5.847170829772949
724,-2.1465911865234375,5.836144924163818
725,-0.11544450372457504,5.827947616577148
726,-5.074594020843506,5.812950611114502
727,1.9305667877197266,5.807617664337158
728,-4.269787311553955,5.79379415512085
729,1.6856502294540405,5.788166046142578
730,-3.1922008991241455,5.775880813598633
731,-7.061946868896484,5.758342742919922
732,-0.21061867475509644,5.750199794769287
733,-9.077192306518555,5.72999906539917
734,1.6888247728347778,5.724501132965088
735,-4.428183078765869,5.71070671081543
736,-1.0841474533081055,5.701487064361572
737,-2.6131772994995117,5.690220832824707
738,-1.1154074668884277,5.68101167678833
739,1.5163135528564453,5.675383567810059
740,4.691278457641602,5.674055576324463
741,2.0728023052215576,5.669201850891113
742,-8.297831535339355,5.65040397644043
743,0.5764777064323425,5.643584251403809
744,-9.741981506347656,5.622931957244873
745,4.909122467041016,5.621975421905518
746,-1.1364169120788574,5.61292839050293
747,1.3949655294418335,5.6072893142700195
748,-0.7955162525177002,5.598741054534912
749,-0.31907156109809875,5.590850830078125
750,-2.765834331512451,5.579723834991455
751,4.651960372924805,5.578489780426025
752,5.663976192474365,5.578603744506836
753,-1.7915056943893433,5.56882905960083
754,-5.018003463745117,5.554806709289551
755,-2.5795836448669434,5.544046878814697
756,1.2374553680419922,5.538357257843018
757,-0.8920291066169739,5.529873847961426
758,-2.854721784591675,5.518827438354492
759,-0.394467294216156,5.511046886444092
760,-2.381977081298828,5.500675201416016
761,0.4494941234588623,5.494046211242676
762,-1.4664580821990967,5.484923839569092
763,1.9029403924942017,5.480235576629639
764,0.3017325699329376,5.473466396331787
765,2.2576770782470703,5.469268321990967
766,0.4247972071170807,5.462691307067871
767,-2.640845775604248,5.4521403312683105
768,0.08382514864206314,5.445159435272217
769,1.3237351179122925,5.439806938171387
770,-4.256098747253418,5.427231311798096
771,-3.49389910697937,5.415675163269043
772,6.349567413330078,5.41688346862793
773,-1.0640978813171387,5.408510208129883
774,0.8848129510879517,5.402673244476318
775,4.522464275360107,5.401538848876953
776,-0.13859528303146362,5.394408702850342
777,4.7152180671691895,5.39353609085083
778,-8.791619300842285,5.375326633453369
779,-2.2165517807006836,5.365593910217285
780,-3.5422730445861816,5.354187488555908
781,-3.9285600185394287,5.3423171043396
782,-2.469867706298828,5.332339763641357
783,-6.719876289367676,5.316967487335205
784,5.037859916687012,5.316612243652344
785,-0.7461403608322144,5.30889892578125
786,-0.18066692352294922,5.3019232749938965
787,-3.662923812866211,5.290546417236328
788,1.9773035049438477,5.286347389221191
789,2.2968499660491943,5.282563209533691
790,5.200536251068115,5.282459735870361
791,-3.4409892559051514,5.2714457511901855
792,1.6140772104263306,5.266833782196045
793,-0.09548279643058777,5.260079860687256
794,-1.383047103881836,5.2517242431640625
795,0.07992331683635712,5.245226860046387
796,4.151734352111816,5.243854999542236
797,-2.0224380493164062,5.2347493171691895
798,-14.424030303955078,5.210145473480225
799,-7.1327972412109375,5.194716930389404
800,0.6880193948745728,5.189090251922607
801,-5.254161834716797,5.1760687828063965
802,3.0067524909973145,5.173367023468018
803,0.045940350741147995,5.166989803314209
804,-14.076208114624023,5.14308500289917
805,2.512415885925293,5.1398210525512695
806,0.714299738407135,5.134337425231934
807,-2.1614978313446045,5.125307559967041
808,-5.0003557205200195,5.112791061401367
809,0.09829376637935638,5.106600284576416
810,-4.725062370300293,5.09447717666626
811,-0.9740273952484131,5.087003707885742
812,1.5010946989059448,5.082592964172363
813,-1.5287365913391113,5.074470520019531
814,0.1614203155040741,5.0684428215026855
815,2.0547847747802734,5.064749240875244
816,0.7006568908691406,5.059407711029053
817,-3.894853115081787,5.048460960388184
818,-1.1348800659179688,5.0409111976623535
819,-1.5365217924118042,5.0328898429870605
820,-0.2545807659626007,5.026449680328369
821,-5.280078887939453,5.013911247253418
822,-4.57041072845459,5.002265930175781
823,-2.4865360260009766,4.993177890777588
824,2.3325417041778564,4.989952564239502
825,-4.510642051696777,4.978450775146484
826,-6.94378662109375,4.964034080505371
827,-1.7140315771102905,4.955969333648682
828,1.9488399028778076,4.952341556549072
829,-1.1648755073547363,4.944971084594727
830,-7.0975775718688965,4.930479526519775
831,-4.55766487121582,4.9190754890441895
832,-1.3691747188568115,4.911526679992676
833,-4.962268829345703,4.899687767028809
834,-2.9541854858398438,4.890282154083252
835,0.004336322657763958,4.884437561035156
836,-0.22906267642974854,4.878328323364258
837,-4.161931991577148,4.8675408363342285
838,-11.364045143127441,4.848194122314453
839,0.2793685793876648,4.842755317687988
840,0.9681702256202698,4.83814811706543
841,0.16485092043876648,4.832597732543945
842,-2.468587636947632,4.823936939239502
843,-3.188530921936035,4.814443588256836
844,-1.7630447149276733,4.806659698486328
845,-1.865575909614563,4.798772811889648
846,-3.5746936798095703,4.788887023925781
847,0.1730772703886032,4.783443927764893
848,-4.908698081970215,4.772027969360352
849,-7.223018646240234,4.75791597366333
850,1.2245725393295288,4.7537641525268555
851,-2.3055100440979004,4.745478630065918
852,-1.2350549697875977,4.738467693328857
853,-5.977725028991699,4.725919246673584
854,-3.695685625076294,4.716069221496582
855,-3.126377582550049,4.706907272338867
856,-3.5840818881988525,4.697233200073242
857,-2.0296857357025146,4.689392566680908
858,-0.7788053750991821,4.6830267906188965
859,-3.4513626098632812,4.673568248748779
860,-2.1564438343048096,4.665635585784912
861,-3.1097686290740967,4.656615257263184
862,-3.1619482040405273,4.647555828094482
863,-6.912600517272949,4.634175777435303
864,1.1116442680358887,4.630103588104248
865,-3.0904388427734375,4.621188640594482
866,-4.0654988288879395,4.611169338226318
867,1.8929879665374756,4.608037948608398
868,-5.6248016357421875,4.596262454986572
869,12.100765228271484,4.604888439178467
870,10.91431713104248,4.6121320724487305
871,10.781637191772461,4.619207382202148
872,12.043617248535156,4.627712249755859
873,11.447920799255371,4.6355156898498535
874,11.946459770202637,4.643871307373047
875,13.062554359436035,4.653481483459473
876,9.785811424255371,4.6593337059021
877,13.446937561035156,4.669342517852783
878,11.75194263458252,4.6774001121521
879,11.80849838256836,4.6855034828186035
880,7.144261360168457,4.688294410705566
881,11.167473793029785,4.6956400871276855
882,12.187891960144043,4.70412540435791
883,11.926048278808594,4.712295055389404
884,11.714553833007812,4.720207214355469
885,11.89497184753418,4.728305339813232
886,13.009556770324707,4.73764181137085
887,12.454767227172852,4.746331691741943
888,12.835844993591309,4.755431652069092
889,13.964071273803711,4.765778064727783
890,12.921266555786133,4.77493143081665
891,12.88846206665039,4.784027576446533
892,12.604116439819336,4.792784690856934
893,12.552619934082031,4.801464557647705
894,11.849236488342285,4.8093390464782715
895,11.171765327453613,4.816440105438232
896,13.849564552307129,4.826510429382324
897,10.979784965515137,4.833363056182861
898,14.18753719329834,4.843768119812012
899,12.053624153137207,4.851778984069824
900,13.71738052368164,4.861618518829346
901,11.24960708618164,4.8687005043029785
902,9.005364418029785,4.873281478881836
903,10.391644477844238,4.879385948181152
904,9.052172660827637,4.883996963500977
905,12.961834907531738,4.892912864685059
906,10.096216201782227,4.8986496925354
907,13.103667259216309,4.90768575668335
908,8.067414283752441,4.91116189956665
909,13.400959014892578,4.9204912185668945
910,14.385515213012695,4.930881023406982
911,10.79576587677002,4.937312126159668
912,12.287487030029297,4.945362567901611
913,8.213460922241211,4.948938369750977
914,11.252338409423828,4.955827236175537
915,8.313681602478027,4.9594926834106445
916,8.611534118652344,4.963475227355957
917,13.483448028564453,4.972756385803223
918,11.09407901763916,4.979417324066162
919,13.736557006835938,4.988935470581055
920,8.835532188415527,4.993112087249756
921,15.142635345458984,5.004120349884033
922,11.021272659301758,5.010639667510986
923,10.196613311767578,5.016252040863037
924,11.894529342651367,5.023688316345215
925,10.265628814697266,5.029348850250244
926,13.82888412475586,5.038841724395752
927,13.166383743286133,5.047600269317627
928,11.351491928100586,5.054385662078857
929,11.90418815612793,5.061751365661621
930,12.424765586853027,5.069660186767578
931,11.788073539733887,5.076868534088135
932,12.714072227478027,5.08505392074585
933,12.936420440673828,5.093460559844971
934,12.819473266601562,5.1017231941223145
935,12.091479301452637,5.109190940856934
936,12.70179557800293,5.117293834686279
937,12.783069610595703,5.125466346740723
938,11.741413116455078,5.132512092590332
939,12.015829086303711,5.139834403991699
940,12.947429656982422,5.148131370544434
941,11.65340805053711,5.155036926269531
942,10.806869506835938,5.161030292510986
943,11.867566108703613,5.168134689331055
944,11.095489501953125,5.174407482147217
945,11.406366348266602,5.180994987487793
946,11.795570373535156,5.187979698181152
947,9.199458122253418,5.192210674285889
948,14.277390480041504,5.201784133911133
949,9.546178817749023,5.206357479095459
950,11.611189842224121,5.21309232711792
951,13.325550079345703,5.221613883972168
952,11.411104202270508,5.228108882904053
953,10.416146278381348,5.233546733856201
954,10.809560775756836,5.239385604858398
955,11.174945831298828,5.245594024658203
956,10.054365158081055,5.250618934631348
957,10.149346351623535,5.255732536315918
958,12.134132385253906,5.262905120849609
959,10.817112922668457,5.268690586090088
960,12.727949142456055,5.276452541351318
961,13.686925888061523,5.285195350646973
962,12.152022361755371,5.292325973510742
963,12.342731475830078,5.299639701843262
964,9.382726669311523,5.303870677947998
965,12.050095558166504,5.310854911804199
966,10.113031387329102,5.315820693969727
967,8.951509475708008,5.319576740264893
968,13.166351318359375,5.327674388885498
969,10.977642059326172,5.333498954772949
970,10.107301712036133,5.338415622711182
971,13.629813194274902,5.346945762634277
972,12.00756549835205,5.353791236877441
973,9.078227996826172,5.357614994049072
974,12.532659530639648,5.364974021911621
975,11.354612350463867,5.371110916137695
976,12.36299991607666,5.37826681137085
977,13.552905082702637,5.386625289916992
978,14.812612533569336,5.39625358581543
979,12.735715866088867,5.403742790222168
980,11.407861709594727,5.409862995147705
981,11.253589630126953,5.41581392288208
982,13.503520965576172,5.424041271209717
983,10.853158950805664,5.429558277130127
984,14.25040054321289,5.43851375579834
985,12.420303344726562,5.445594787597656
986,11.630470275878906,5.4518609046936035
987,8.861618995666504,5.455312252044678
988,13.839071273803711,5.463788986206055
989,10.535988807678223,5.468912601470947
990,13.55087661743164,5.477067947387695
991,12.503795623779297,5.484151363372803
992,12.731322288513184,5.49144983291626
993,11.881401062011719,5.497878551483154
994,11.45803451538086,5.503868579864502
995,11.631563186645508,5.510020732879639
996,11.403100967407227,5.515931606292725
997,9.877019882202148,5.520301342010498
998,11.378889083862305,5.526165962219238
999,13.133650779724121,5.533773422241211
1000,11.074167251586914,5.539308547973633
1001,12.83785343170166,5.5465922355651855
1002,11.426281929016113,5.552454471588135
1003,11.9332275390625,5.558809757232666
1004,12.122293472290039,5.565340518951416
1005,11.752836227416992,5.57149076461792
1006,11.102802276611328,5.57698392868042
1007,12.11578369140625,5.583470821380615
1008,10.876899719238281,5.588716983795166
1009,10.553695678710938,5.59363317489624
1010,10.33123779296875,5.598319053649902
1011,10.595306396484375,5.603256702423096
1012,11.827457427978516,5.609401226043701
1013,9.693045616149902,5.613428115844727
1014,10.898837089538574,5.618635654449463
1015,12.1854248046875,5.625099182128906
1016,11.372867584228516,5.63075065612793
1017,10.189577102661133,5.635229110717773
1018,11.986703872680664,5.641462326049805
1019,11.444125175476074,5.647150993347168
1020,10.752263069152832,5.652151584625244
1021,11.277538299560547,5.657655715942383
1022,11.959811210632324,5.663815975189209
1023,11.464343070983887,5.669480800628662
1024,12.981371879577637,5.676614284515381
1025,10.614059448242188,5.681427001953125
1026,12.207833290100098,5.687781810760498
1027,11.125402450561523,5.693071365356445
1028,10.483055114746094,5.697726249694824
1029,10.709814071655273,5.702592849731445
1030,11.113645553588867,5.707840919494629
1031,11.25493049621582,5.713216304779053
1032,11.676389694213867,5.71898889541626
1033,9.39877700805664,5.72254753112793
1034,12.653572082519531,5.729244709014893
1035,10.662437438964844,5.734006404876709
1036,9.212385177612305,5.737360954284668
1037,9.551406860351562,5.741034984588623
1038,10.490365028381348,5.745605945587158
1039,9.766214370727539,5.749471664428711
1040,10.105353355407715,5.753656387329102
1041,9.014592170715332,5.756785869598389
1042,8.506881713867188,5.759422302246094
1043,10.854691505432129,5.764302730560303
1044,8.957783699035645,5.767358779907227
1045,13.003105163574219,5.774276256561279
1046,9.144194602966309,5.77749490737915
1047,10.990898132324219,5.782469272613525
1048,11.139535903930664,5.787576198577881
1049,12.105364799499512,5.793593406677246
1050,12.158980369567871,5.799650192260742
1051,11.176281929016113,5.804760932922363
1052,8.68007755279541,5.807491302490234
1053,11.431438446044922,5.8128275871276855
1054,11.140986442565918,5.817878246307373
1055,10.223651885986328,5.822050094604492
1056,8.911714553833008,5.824973106384277
1057,10.374809265136719,5.829273700714111
1058,11.085978507995605,5.834237575531006
1059,10.777153968811035,5.838901042938232
1060,11.146393775939941,5.843903064727783
1061,11.008613586425781,5.848766803741455
1062,12.149415969848633,5.85469388961792
1063,11.617387771606445,5.860109806060791
1064,10.347444534301758,5.864323139190674
1065,11.391249656677246,5.869507789611816
1066,11.243529319763184,5.874544620513916
1067,11.481311798095703,5.879794597625732
1068,12.332405090332031,5.885830879211426
1069,10.206039428710938,5.889868259429932
1070,9.048751831054688,5.892817974090576
1071,10.049296379089355,5.896695137023926
1072,10.152789115905762,5.900661945343018
1073,9.37686824798584,5.9038987159729
1074,11.67264175415039,5.909265041351318
1075,10.867634773254395,5.913873195648193
1076,10.310602188110352,5.91795539855957
1077,10.277565956115723,5.921999454498291
1078,12.263936042785645,5.927877426147461
1079,12.604013442993164,5.934059143066406
1080,11.441381454467773,5.939153671264648
1081,11.31628131866455,5.944123268127441
1082,12.75956916809082,5.950416564941406
1083,10.067444801330566,5.954214572906494
1084,11.451274871826172,5.959280967712402
1085,12.179433822631836,5.96500825881958
1086,10.733491897583008,5.969395160675049
1087,9.40186595916748,5.972549915313721
1088,11.119891166687012,5.977276802062988
1089,11.3162841796875,5.982174873352051
1090,10.790851593017578,5.9865827560424805
1091,10.131696701049805,5.9903788566589355
1092,11.201566696166992,5.995146751403809
1093,10.449737548828125,5.999218463897705
1094,11.817911148071289,6.004532337188721
1095,10.80649185180664,6.008913993835449
1096,9.743812561035156,6.012318134307861
1097,10.894265174865723,6.016764163970947
1098,12.105064392089844,6.022304058074951
1099,10.880589485168457,6.0267205238342285
1100,11.654194831848145,6.031831741333008
1101,10.284584045410156,6.035691261291504
1102,10.007067680358887,6.0392913818359375
1103,12.128767013549805,6.044807434082031
1104,9.798662185668945,6.04820442199707
1105,11.43303108215332,6.053073406219482
1106,9.515741348266602,6.056201457977295
1107,10.502394676208496,6.060214042663574
1108,10.146917343139648,6.063899040222168
1109,10.618233680725098,6.068002223968506
1110,11.796914100646973,6.0731587409973145
1111,12.063742637634277,6.078546047210693
1112,12.095054626464844,6.083951950073242
1113,12.408295631408691,6.089629173278809
1114,10.250325202941895,6.093360900878906
1115,12.709587097167969,6.0992889404296875
1116,13.091676712036133,6.105549335479736
1117,10.93828010559082,6.109871864318848
1118,12.676383972167969,6.1157402992248535
1119,12.876928329467773,6.121777057647705
1120,11.731575012207031,6.126780986785889
1121,12.050589561462402,6.132061004638672
1122,12.303464889526367,6.137556076049805
1123,11.15771770477295,6.142022609710693
1124,12.960878372192383,6.148083686828613
1125,12.262167930603027,6.1535139083862305
1126,11.99173355102539,6.158693790435791
1127,12.834817886352539,6.164612770080566
1128,11.998525619506836,6.169780254364014
1129,13.015318870544434,6.175837993621826
1130,11.276321411132812,6.180347442626953
1131,11.938760757446289,6.185434818267822
1132,12.467466354370117,6.19097900390625
1133,11.1956205368042,6.195392608642578
1134,13.29677963256836,6.201649188995361
1135,11.377706527709961,6.20620584487915
1136,11.023245811462402,6.210442543029785
1137,11.170397758483887,6.21480131149292
1138,12.974328994750977,6.220735549926758
1139,13.3508882522583,6.226990222930908
1140,11.549572944641113,6.231655597686768
1141,11.994257926940918,6.236701488494873
1142,12.280959129333496,6.2419891357421875
1143,12.313737869262695,6.2472968101501465
1144,11.993504524230957,6.252315521240234
1145,10.177284240722656,6.255740642547607
1146,12.061867713928223,6.260802745819092
1147,7.330284595489502,6.2617340087890625
1148,3.0580873489379883,6.258945941925049
1149,4.546486854553223,6.2574567794799805
1150,5.351359844207764,6.256669521331787
1151,6.444307327270508,6.256832599639893
1152,4.9965362548828125,6.255739688873291
1153,5.896977424621582,6.255428791046143
1154,6.213212013244629,6.255392074584961
1155,2.5973544120788574,6.252227783203125
1156,6.321354866027832,6.2522873878479
1157,6.189334392547607,6.252233028411865
1158,5.64365291595459,6.251708030700684
1159,6.219327926635742,6.25167989730835
1160,7.281719207763672,6.252567291259766
1161,5.879603385925293,6.252245903015137
1162,6.450974941253662,6.252417087554932
1163,6.96848201751709,6.253032207489014
1164,6.876437664031982,6.253567218780518
1165,7.370154857635498,6.2545247077941895
1166,5.433496952056885,6.25382137298584
1167,3.8804733753204346,6.251789093017578
1168,4.859541893005371,6.250597953796387
1169,5.786938190460205,6.250202178955078
1170,6.073642253875732,6.250051498413086
1171,5.6501054763793945,6.249539375305176
1172,6.187398433685303,6.249486446380615
1173,3.3229775428771973,6.246993541717529
1174,7.31300163269043,6.247900485992432
1175,7.07456111907959,6.248603820800781
1176,7.094356536865234,6.249321937561035
1177,7.992443084716797,6.250802040100098
1178,3.118823766708374,6.248145580291748
1179,5.8983635902404785,6.247848987579346
1180,6.314557075500488,6.247905254364014
1181,7.897207736968994,6.249300479888916
1182,6.34533166885376,6.2493815422058105
1183,6.973113059997559,6.249992847442627
1184,3.329219341278076,6.247528076171875
1185,7.678916931152344,6.248734951019287
1186,6.716263294219971,6.249128818511963
1187,6.543352127075195,6.24937629699707
1188,6.3901495933532715,6.249495029449463
1189,6.560762405395508,6.249756336212158
1190,5.614315986633301,6.249222755432129
1191,4.762176036834717,6.2479753494262695
1192,5.298508644104004,6.24717903137207
1193,8.987656593322754,6.24947452545166
1194,4.843731880187988,6.248298168182373
1195,6.344959259033203,6.248378753662109
1196,4.695749759674072,6.247081756591797
1197,7.949213027954102,6.248502731323242
1198,7.6734161376953125,6.249691009521484
1199,8.242212295532227,6.251351356506348
1200,8.423961639404297,6.253159999847412
1201,9.577262878417969,6.25592565536499
1202,2.187835454940796,6.252543926239014
1203,7.778853893280029,6.253811836242676
1204,6.941537380218506,6.254382610321045
1205,6.921775817871094,6.2549357414245605
1206,6.144585132598877,6.2548441886901855
1207,2.663177013397217,6.251871109008789
1208,5.89373779296875,6.251574516296387
1209,2.106736660003662,6.248149394989014
1210,8.474605560302734,6.249988079071045
1211,4.083579063415527,6.248200416564941
1212,5.437769412994385,6.247532367706299
1213,7.001889228820801,6.2481536865234375
1214,6.062493801116943,6.2480010986328125
1215,7.958899021148682,6.24940824508667
1216,1.9814707040786743,6.245901107788086
1217,-3.434597969055176,6.237953186035156
1218,5.510149002075195,6.237356185913086
1219,6.445137023925781,6.237526893615723
1220,2.9320409297943115,6.2348198890686035
1221,7.529545783996582,6.235879421234131
1222,8.487019538879395,6.237720012664795
1223,5.826812744140625,6.237383842468262
1224,7.813333511352539,6.238670825958252
1225,6.054790019989014,6.238520622253418
1226,8.501112937927246,6.2403645515441895
1227,7.546980381011963,6.241428375244141
1228,8.904433250427246,6.243595123291016
1229,7.542099475860596,6.244650840759277
1230,7.634184837341309,6.245779514312744
1231,7.304203033447266,6.246638774871826
1232,6.104813575744629,6.246523857116699
1233,7.0165205001831055,6.247148036956787
1234,6.700033187866211,6.247514724731445
1235,5.47222900390625,6.24688720703125
1236,6.255180358886719,6.246894359588623
1237,7.685405731201172,6.248056411743164
1238,6.69321346282959,6.248415946960449
1239,7.843350410461426,6.249701976776123
1240,8.001908302307129,6.2511138916015625
1241,9.287925720214844,6.253559112548828
1242,7.015813827514648,6.254172325134277
1243,6.693756103515625,6.254525661468506
1244,6.878116130828857,6.255026340484619
1245,6.772970199584961,6.255442142486572
1246,1.7683897018432617,6.2518439292907715
1247,8.927020072937012,6.253987789154053
1248,7.072718620300293,6.254642963409424
1249,6.432352542877197,6.254785060882568
1250,5.793266773223877,6.254416465759277
1251,8.018230438232422,6.255825042724609
1252,8.201740264892578,6.257378101348877
1253,7.480658531188965,6.258353233337402
1254,4.524081707000732,6.25697135925293
1255,7.681134223937988,6.258105278015137
1256,8.026734352111816,6.259512424468994
1257,7.929068565368652,6.260839462280273
1258,4.9189605712890625,6.2597737312316895
1259,5.9840874671936035,6.259554862976074
1260,6.508817672729492,6.25975227355957
1261,6.899869441986084,6.260259628295898
1262,7.3845930099487305,6.261149883270264
1263,7.436610221862793,6.26207971572876
1264,7.188298225402832,6.26281213760376
1265,1.7328145503997803,6.2592339515686035
1266,7.026669979095459,6.25984001159668
1267,7.394745349884033,6.260735034942627
1268,7.424861907958984,6.261651992797852
1269,7.970558166503906,6.262998104095459
1270,6.960482120513916,6.263546466827393
1271,8.480173110961914,6.265289306640625
1272,9.150425910949707,6.2675557136535645
1273,7.155879974365234,6.268252849578857
1274,9.267862319946289,6.270605564117432
1275,5.759044647216797,6.270204544067383
1276,7.630063056945801,6.27126932144165
1277,6.749751091003418,6.27164363861084
1278,8.482108116149902,6.273371696472168
1279,2.593491554260254,6.270496845245361
1280,8.828155517578125,6.272493362426758
1281,8.74870491027832,6.2744245529174805
1282,7.524244785308838,6.275399208068848
1283,7.495814323425293,6.2763495445251465
1284,7.968593120574951,6.2776665687561035
1285,6.602831840515137,6.277919292449951
1286,6.294295787811279,6.277932167053223
1287,8.108562469482422,6.279353141784668
1288,8.041772842407227,6.2807207107543945
1289,7.0280866622924805,6.2813005447387695
1290,7.032641410827637,6.281882286071777
1291,8.700088500976562,6.283754348754883
1292,7.625293254852295,6.284791946411133
1293,7.477626800537109,6.2857136726379395
1294,7.777373313903809,6.286865234375
1295,7.825754165649414,6.288052558898926
1296,7.993189811706543,6.28936767578125
1297,6.729568958282471,6.289706707000732
1298,7.800460338592529,6.290869235992432
1299,7.116562843322754,6.291504859924316
1300,5.797679901123047,6.291125297546387
1301,5.840215682983398,6.290779113769531
1302,4.908670425415039,6.289718151092529
1303,4.95673942565918,6.2886962890625
1304,5.005913734436035,6.287713050842285
1305,2.5694198608398438,6.2848663330078125
1306,7.71830940246582,6.28596305847168
1307,3.9837756156921387,6.284203052520752
1308,6.620859622955322,6.284460067749023
1309,6.165863037109375,6.284369945526123
1310,7.092628002166748,6.28498649597168
1311,7.408016204833984,6.285842418670654
1312,6.508026123046875,6.286011695861816
1313,5.948319435119629,6.285754680633545
1314,7.309151649475098,6.286532878875732
1315,8.333303451538086,6.288088321685791
1316,6.031363487243652,6.287893295288086
1317,9.350691795349121,6.29021692276001
1318,8.256858825683594,6.291707992553711
1319,10.27095890045166,6.294722080230713
1320,7.526098251342773,6.295654296875
1321,8.328285217285156,6.297192096710205
1322,7.815685749053955,6.298339366912842
1323,8.48451042175293,6.299990653991699
1324,8.481803894042969,6.301637172698975
1325,9.538776397705078,6.304078578948975
1326,7.589573860168457,6.305047512054443
1327,10.06397819519043,6.307878017425537
1328,5.533056735992432,6.307295322418213
1329,4.89585542678833,6.306233882904053
1330,6.687295436859131,6.306520462036133
1331,8.021093368530273,6.307807922363281
1332,7.704446315765381,6.308855056762695
1333,7.263323783874512,6.309571266174316
1334,9.869872093200684,6.3122382164001465
1335,7.82440710067749,6.3133697509765625
1336,10.064155578613281,6.31617546081543
1337,7.043623924255371,6.3167195320129395
1338,8.100534439086914,6.318051815032959
1339,7.927170276641846,6.319252014160156
1340,9.050370216369629,6.3212890625
1341,9.082173347473145,6.323346138000488
1342,7.804720401763916,6.324449062347412
1343,6.643754959106445,6.324686527252197
1344,4.819097995758057,6.3235673904418945
1345,8.22889232635498,6.324982643127441
1346,7.538051605224609,6.325883388519287
1347,8.558273315429688,6.327539443969727
1348,6.152024269104004,6.327409744262695
1349,7.417466640472412,6.328217029571533
1350,9.546722412109375,6.330599308013916
1351,7.792177200317383,6.3316802978515625
1352,8.607080459594727,6.333362102508545
1353,5.598843097686768,6.33281946182251
1354,7.395657539367676,6.333603858947754
1355,9.282435417175293,6.33577823638916
1356,7.900516986846924,6.336931228637695
1357,7.8281426429748535,6.338029384613037
1358,5.239250659942627,6.337220668792725
1359,7.099976539611816,6.3377814292907715
1360,7.264688014984131,6.3384623527526855
1361,8.345423698425293,6.339936256408691
1362,4.761499881744385,6.338778495788574
1363,5.671894550323486,6.338289260864258
1364,8.038005828857422,6.339534759521484
1365,8.486143112182617,6.341106414794922
1366,7.324147701263428,6.341825485229492
1367,8.237592697143555,6.3432111740112305
1368,9.832083702087402,6.345759391784668
1369,5.681760787963867,6.345274925231934
1370,5.51756477355957,6.34467077255249
1371,5.434431552886963,6.34400749206543
1372,3.700390338897705,6.3420820236206055
1373,6.490227699279785,6.342189788818359
1374,9.778953552246094,6.344689846038818
1375,7.2561354637146,6.345351696014404
1376,9.388845443725586,6.347561836242676
1377,9.094953536987305,6.349555492401123
1378,9.526025772094727,6.351859092712402
1379,9.946003913879395,6.354464054107666
1380,9.571063995361328,6.356793403625488
1381,8.708712577819824,6.358495235443115
1382,9.11892318725586,6.3604912757873535
1383,9.919266700744629,6.363062381744385
1384,8.150245666503906,6.364353179931641
1385,8.26187515258789,6.365722179412842
1386,7.462693214416504,6.366512775421143
1387,6.197024345397949,6.366391181945801
1388,7.248041152954102,6.367025852203369
1389,8.177196502685547,6.368327617645264
1390,5.45413875579834,6.36767053604126
1391,7.826146125793457,6.368718147277832
1392,8.99392032623291,6.370603084564209
1393,8.687800407409668,6.372264862060547
1394,5.700879096984863,6.371784210205078
1395,8.52423095703125,6.373325824737549
1396,6.450175762176514,6.3733811378479
1397,8.08248519897461,6.374603271484375
1398,8.376263618469238,6.376033782958984
1399,3.554421901702881,6.374018669128418
1400,4.953582763671875,6.37300443649292
1401,8.449172019958496,6.374485015869141
1402,8.864644050598145,6.376259803771973
1403,6.550219535827637,6.376383304595947
1404,7.711794376373291,6.377334117889404
1405,8.197230339050293,6.378628253936768
1406,8.253022193908691,6.379960536956787
1407,7.8287763595581055,6.3809895515441895
1408,6.988596439361572,6.381420612335205
1409,8.112682342529297,6.382648468017578
1410,7.681790351867676,6.38356876373291
1411,8.118422508239746,6.3847975730896
1412,7.9379706382751465,6.3858962059021
1413,7.584580421447754,6.386744499206543
1414,6.006589889526367,6.386476039886475
1415,7.508767127990723,6.387268543243408
1416,7.994050025939941,6.388402462005615
1417,8.202081680297852,6.389681339263916
1418,7.219353199005127,6.390266418457031
1419,3.2923576831817627,6.388084411621094
1420,6.890777587890625,6.3884382247924805
1421,6.400942325592041,6.388447284698486
1422,3.9064836502075195,6.386703014373779
1423,5.555434703826904,6.386119365692139
1424,6.838723182678223,6.386436939239502
1425,8.387652397155762,6.387840270996094
1426,9.187204360961914,6.3898024559021
1427,10.937596321105957,6.392987251281738
1428,8.219406127929688,6.394265174865723
1429,9.460168838500977,6.396409034729004
1430,10.506717681884766,6.3992815017700195
1431,10.368266105651855,6.402053356170654
1432,10.378474235534668,6.4048285484313965
1433,10.392970085144043,6.407609462738037
1434,8.114906311035156,6.408799171447754
1435,13.31828498840332,6.413610935211182
1436,9.091718673706055,6.415474891662598
1437,10.588379859924316,6.418376922607422
1438,11.949729919433594,6.4222211837768555
1439,9.77211856842041,6.4245476722717285
1440,7.777811050415039,6.4254865646362305
1441,9.759233474731445,6.427798271179199
1442,10.286956787109375,6.430472373962402
1443,9.676986694335938,6.43272066116333
1444,7.243808746337891,6.433282375335693
1445,11.456134796142578,6.436755657196045
1446,9.908802032470703,6.439155578613281
1447,10.691195487976074,6.442091941833496
1448,8.700373649597168,6.443650722503662
1449,9.028395652770996,6.445433139801025
1450,10.453083038330078,6.448194980621338
1451,8.137670516967773,6.4493584632873535
1452,10.433815956115723,6.45210075378418
1453,12.203020095825195,6.456056118011475
1454,9.500933647155762,6.458148956298828
1455,10.808114051818848,6.461136817932129
1456,9.16592025756836,6.462993144989014
1457,11.521984100341797,6.466463088989258
1458,7.670919418334961,6.467288970947266
1459,9.814454078674316,6.469581604003906
1460,11.529520034790039,6.473044395446777
1461,8.281320571899414,6.474281311035156
1462,8.799600601196289,6.4758710861206055
1463,8.583332061767578,6.4773101806640625
1464,9.449788093566895,6.479339599609375
1465,8.821078300476074,6.4809370040893555
1466,12.243005752563477,6.484864711761475
1467,9.352849006652832,6.486818313598633
1468,12.03234577178955,6.490593433380127
1469,9.639181137084961,6.492735385894775
1470,8.360962867736816,6.4940056800842285
1471,9.225979804992676,6.495861530303955
1472,7.846942901611328,6.49677848815918
1473,9.559868812561035,6.498856544494629
1474,8.594881057739258,6.500277519226074
1475,9.78943920135498,6.502505779266357
1476,10.322442054748535,6.505091667175293
1477,11.574362754821777,6.508521556854248
1478,11.899543762207031,6.512166500091553
1479,9.886673927307129,6.51444673538208
1480,8.488752365112305,6.515779495239258
1481,9.128350257873535,6.517541885375977
1482,8.468137741088867,6.518857002258301
1483,9.965570449829102,6.521179676055908
1484,9.304672241210938,6.523054122924805
1485,11.1492919921875,6.526167392730713
1486,8.73819637298584,6.527655124664307
1487,9.548468589782715,6.5296854972839355
1488,10.947365760803223,6.532652378082275
1489,7.942573547363281,6.53359842300415
1490,8.295424461364746,6.534780502319336
1491,9.43030834197998,6.536721229553223
1492,9.477273941040039,6.53869104385376
1493,10.862852096557617,6.541585445404053
1494,9.273785591125488,6.543413162231445
1495,10.2695951461792,6.54590368270874
1496,8.308050155639648,6.5470805168151855
1497,8.439390182495117,6.548343658447266
1498,10.186573028564453,6.5507707595825195
1499,9.436957359313965,6.552694797515869
1500,6.273329734802246,6.55250883102417
1501,10.120902061462402,6.554884433746338
1502,7.624733924865723,6.555596351623535
1503,7.9955949783325195,6.556553840637207
1504,10.768904685974121,6.559352397918701
1505,9.454792022705078,6.561275005340576
1506,10.635313987731934,6.563978672027588
1507,9.478870391845703,6.565911293029785
1508,7.977112770080566,6.56684684753418
1509,8.358333587646484,6.568033218383789
1510,8.60139274597168,6.5693793296813965
1511,8.058244705200195,6.570363998413086
1512,7.627946853637695,6.571063041687012
1513,9.820660591125488,6.573209285736084
1514,10.050134658813477,6.575504302978516
1515,8.6959228515625,6.576902866363525
1516,9.73443603515625,6.578984260559082
1517,8.799873352050781,6.580447196960449
1518,9.272427558898926,6.58221960067749
1519,9.027739524841309,6.583828449249268
1520,7.1194658279418945,6.5841803550720215
1521,9.397875785827637,6.586028575897217
1522,9.781280517578125,6.5881266593933105
1523,9.430309295654297,6.589991569519043
1524,9.134204864501953,6.591660022735596
1525,11.495481491088867,6.594872951507568
1526,8.702118873596191,6.596252918243408
1527,10.47878646850586,6.598793983459473
1528,8.915470123291016,6.600308895111084
1529,9.915918350219727,6.602475643157959
1530,9.685622215270996,6.604489803314209
1531,10.420877456665039,6.606980800628662
1532,8.242697715759277,6.608047962188721
1533,8.718958854675293,6.609424114227295
1534,9.949854850769043,6.611600399017334
1535,9.781647682189941,6.613664150238037
1536,10.047377586364746,6.615898132324219
1537,8.181879043579102,6.616916179656982
1538,9.309744834899902,6.618666172027588
1539,8.064929008483887,6.619604587554932
1540,10.285167694091797,6.621983528137207
1541,10.708232879638672,6.624633312225342
1542,9.763177871704102,6.626667022705078
1543,9.889050483703613,6.628779888153076
1544,9.069439888000488,6.630359172821045
1545,6.069754600524902,6.629996299743652
1546,10.372629165649414,6.632416248321533
1547,10.594176292419434,6.634974956512451
1548,10.256997108459473,6.637313365936279
1549,9.29883098602295,6.639030456542969
1550,8.754447937011719,6.640394687652588
1551,7.218103408813477,6.640766620635986
1552,9.297637939453125,6.642477512359619
1553,11.303863525390625,6.645476818084717
1554,10.015214920043945,6.647644519805908
1555,8.985862731933594,6.6491475105285645
1556,9.490199089050293,6.65097188949585
1557,9.10493278503418,6.6525468826293945
1558,11.617087364196777,6.655731201171875
1559,10.75995922088623,6.658361911773682
1560,9.912653923034668,6.660447120666504
1561,8.779030799865723,6.661803722381592
1562,9.756952285766602,6.663784027099609
1563,10.224934577941895,6.666060447692871
1564,10.158992767333984,6.66829252243042
1565,10.45446491241455,6.67071008682251
1566,9.173175811767578,6.672307014465332
1567,9.018590927124023,6.673803329467773
1568,9.150758743286133,6.675381660461426
1569,10.600203514099121,6.677881717681885
1570,9.014786720275879,6.6793694496154785
1571,10.314973831176758,6.681682109832764
1572,10.649262428283691,6.684204578399658
1573,9.625252723693848,6.686072826385498
1574,11.400396347045898,6.689066410064697
1575,9.873624801635742,6.691087245941162
1576,10.924478530883789,6.693771839141846
1577,9.11838150024414,6.695308208465576
1578,11.139054298400879,6.698122024536133
1579,9.661259651184082,6.699997425079346
1580,9.668184280395508,6.701874732971191
1581,7.991243362426758,6.7026896476745605
1582,11.797258377075195,6.705907821655273
1583,9.89988899230957,6.707923889160156
1584,11.973567008972168,6.711246013641357
1585,9.558335304260254,6.713041305541992
1586,10.252952575683594,6.715271949768066
1587,8.486869812011719,6.716387748718262
1588,10.58218765258789,6.718820571899414
1589,9.183526039123535,6.720370769500732
1590,11.571596145629883,6.723419666290283
1591,9.538247108459473,6.7251877784729
1592,11.27212905883789,6.728042125701904
1593,10.514211654663086,6.730417728424072
1594,7.808459281921387,6.731093883514404
1595,10.411249160766602,6.733399868011475
1596,10.539660453796387,6.735783100128174
1597,10.268754959106445,6.737994194030762
1598,11.338763236999512,6.740871429443359
1599,11.727248191833496,6.743988037109375
1600,9.663349151611328,6.745811462402344
1601,11.03767204284668,6.748490810394287
1602,10.376791954040527,6.750754356384277
1603,10.48570442199707,6.753082275390625
1604,11.356612205505371,6.755950450897217
1605,10.773395538330078,6.758452415466309
1606,9.937719345092773,6.760430335998535
1607,7.639346599578857,6.760977268218994
1608,13.052773475646973,6.76488733291626
1609,9.401604652404785,6.7665252685546875
1610,10.588115692138672,6.76889705657959
1611,10.670523643493652,6.771317958831787
1612,10.858192443847656,6.77385139465332
1613,11.301074981689453,6.776656627655029
1614,10.234604835510254,6.778797626495361
1615,10.496020317077637,6.781097888946533
1616,11.268305778503418,6.783873081207275
1617,12.283305168151855,6.787271499633789
1618,10.972396850585938,6.789856910705566
1619,13.211441993713379,6.793821334838867
1620,10.635375022888184,6.796191215515137
1621,13.242141723632812,6.800165176391602
1622,11.086523056030273,6.802806377410889
1623,10.707921028137207,6.805211067199707
1624,12.356595039367676,6.808627605438232
1625,11.678474426269531,6.811622619628906
1626,12.108118057250977,6.814877986907959
1627,11.552166938781738,6.8177876472473145
1628,11.393306732177734,6.820596694946289
1629,8.592828750610352,6.821683883666992
1630,10.55563735961914,6.823973178863525
1631,10.490095138549805,6.82621955871582
1632,9.44318962097168,6.827822208404541
1633,11.022076606750488,6.830389499664307
1634,10.844883918762207,6.8328447341918945
1635,7.770009517669678,6.8334174156188965
1636,12.065901756286621,6.836613178253174
1637,10.987442016601562,6.839147567749023
1638,10.205850601196289,6.8412017822265625
1639,13.461260795593262,6.845238208770752
1640,10.83863639831543,6.8476715087890625
1641,7.289541244506836,6.847940444946289
1642,10.577943801879883,6.850210666656494
1643,11.316980361938477,6.852928161621094
1644,11.669462203979492,6.855856418609619
1645,10.305524826049805,6.857952117919922
1646,6.629047393798828,6.857813358306885
1647,13.498241424560547,6.861842632293701
1648,13.38572883605957,6.8657989501953125
1649,7.480208396911621,6.866171360015869
1650,8.712713241577148,6.867290019989014
1651,7.114519119262695,6.867439270019531
1652,9.013792991638184,6.868737697601318
1653,7.523277282714844,6.869133472442627
1654,10.518301010131836,6.871338844299316
1655,12.114792823791504,6.874505043029785
1656,11.380143165588379,6.877224445343018
1657,10.044994354248047,6.879134654998779
1658,8.3215913772583,6.880003929138184
1659,7.717658996582031,6.880508899688721
1660,10.814420700073242,6.882877349853516
1661,5.4164018630981445,6.881994724273682
1662,6.307066917419434,6.881648540496826
1663,10.676337242126465,6.883929252624512
1664,7.817838668823242,6.884490013122559
1665,7.086967945098877,6.8846116065979
1666,11.303321838378906,6.887262344360352
1667,8.273294448852539,6.8880934715271
1668,6.705846786499023,6.887984275817871
1669,7.578024864196777,6.888397693634033
1670,4.740866184234619,6.887112617492676
1671,10.178970336914062,6.8890814781188965
1672,9.616331100463867,6.890711307525635
1673,5.202920913696289,6.889703273773193
1674,8.238828659057617,6.890509128570557
1675,9.026790618896484,6.891783237457275
1676,8.322356224060059,6.892636299133301
1677,6.821364402770996,6.892593860626221
1678,5.650467872619629,6.8918538093566895
1679,9.42704963684082,6.893362998962402
1680,8.705741882324219,6.8944411277771
1681,11.000313758850098,6.896882057189941
1682,10.78923225402832,6.899194717407227
1683,13.544839859008789,6.903141021728516
1684,12.9517183303833,6.906731128692627
1685,12.970256805419922,6.910327911376953
1686,12.505021095275879,6.913643836975098
1687,9.62811279296875,6.915251731872559
1688,9.745687484741211,6.916927814483643
1689,12.680624961853027,6.9203386306762695
1690,10.683964729309082,6.9225640296936035
1691,10.0282564163208,6.924399375915527
1692,13.749378204345703,6.928430557250977
1693,13.425609588623047,6.9322662353515625
1694,9.831561088562012,6.933976650238037
1695,11.11135482788086,6.9364399909973145
1696,11.878832817077637,6.939352512359619
1697,10.799628257751465,6.941626071929932
1698,12.161613464355469,6.944697856903076
1699,8.511331558227539,6.945620059967041
1700,8.66610050201416,6.94663143157959
1701,8.221832275390625,6.947380542755127
1702,8.691427230834961,6.948404312133789
1703,6.537234306335449,6.948163032531738
1704,8.179914474487305,6.948885440826416
1705,8.738280296325684,6.949934482574463
1706,8.484146118164062,6.950833320617676
1707,8.50601577758789,6.9517436027526855
1708,6.936051368713379,6.95173454284668
1709,8.996726989746094,6.952930927276611
1710,9.209753036499023,6.954249858856201
1711,7.166004657745361,6.954373836517334
1712,8.744956016540527,6.955419063568115
1713,6.888036251068115,6.955379486083984
1714,8.066715240478516,6.956027507781982
1715,5.415164947509766,6.955129146575928
1716,9.395638465881348,6.956550598144531
1717,6.29307222366333,6.956164360046387
1718,6.649074554443359,6.955986022949219
1719,5.45572566986084,6.955113887786865
1720,-3.7330591678619385,6.9489030838012695
1721,9.086447715759277,6.9501447677612305
1722,-3.5559890270233154,6.944047451019287
1723,11.363224029541016,6.946610927581787
1724,8.052682876586914,6.94725227355957
1725,6.441543102264404,6.946959018707275
1726,11.252747535705566,6.9494524002075195
1727,7.236207008361816,6.949618339538574
1728,7.2013654708862305,6.949763774871826
1729,9.33714485168457,6.951143741607666
1730,5.876679420471191,6.9505228996276855
1731,8.916951179504395,6.951658248901367
1732,6.296553611755371,6.95128059387207
1733,4.972346305847168,6.95013952255249
1734,6.8113908767700195,6.95005989074707
1735,9.061933517456055,6.951275825500488
1736,6.971279144287109,6.951287746429443
1737,7.318943977355957,6.9514994621276855
1738,6.912925720214844,6.951477527618408
1739,6.184260368347168,6.95103645324707
1740,6.0095624923706055,6.950496196746826
1741,4.82162618637085,6.949273586273193
1742,7.228829860687256,6.94943380355835
1743,6.315720558166504,6.949070453643799
1744,5.215134143829346,6.9480767250061035
1745,6.920872688293457,6.948060989379883
1746,6.586333274841309,6.9478535652160645
1747,9.479065895080566,6.9493021965026855
1748,6.134655952453613,6.948836326599121
1749,7.6940717697143555,6.9492621421813965
1750,6.728837966918945,6.949136257171631
1751,6.974329948425293,6.949150562286377
1752,6.48185920715332,6.948884010314941
1753,8.437968254089355,6.949732780456543
1754,8.4781494140625,6.95060396194458
1755,7.57084321975708,6.950957298278809
1756,9.348794937133789,6.952322006225586
1757,8.486105918884277,6.953194618225098
1758,6.932227611541748,6.953182697296143
1759,8.578873634338379,6.954106330871582
1760,9.856083869934082,6.95575475692749
1761,9.509747505187988,6.957204341888428
1762,7.4948859214782715,6.957509517669678
1763,8.131416320800781,6.958175182342529
1764,7.388232231140137,6.958418846130371
1765,8.079479217529297,6.9590535163879395
1766,7.116891860961914,6.959143161773682
1767,7.380923271179199,6.959381580352783
1768,6.770089149475098,6.959274768829346
1769,6.476969242095947,6.9590020179748535
1770,7.010514736175537,6.959031105041504
1771,6.540925025939941,6.958795547485352
1772,8.024253845214844,6.9593963623046875
1773,6.801102638244629,6.9593071937561035
1774,8.49649429321289,6.960172653198242
1775,6.792536735534668,6.960078716278076
1776,7.12014102935791,6.960168838500977
1777,8.19186019897461,6.9608612060546875
1778,8.83833122253418,6.961916446685791
1779,7.188706874847412,6.962043762207031
1780,7.388812065124512,6.962283134460449
1781,7.153648853302002,6.962390422821045
1782,7.201839447021484,6.962524890899658
1783,7.82168436050415,6.963006019592285
1784,6.366695404052734,6.962671756744385
1785,7.193910598754883,6.962801456451416
1786,6.7244648933410645,6.962668418884277
1787,5.980674743652344,6.962119102478027
1788,8.586181640625,6.963026523590088
1789,8.640758514404297,6.963963985443115
1790,9.347827911376953,6.96529483795166
1791,7.5321269035339355,6.965610980987549
1792,7.513663291931152,6.965916633605957
1793,7.753271102905273,6.966355323791504
1794,6.035642147064209,6.965836524963379
1795,6.734616279602051,6.965707778930664
1796,7.365901947021484,6.965930461883545
1797,6.440196990966797,6.965638160705566
1798,7.321464538574219,6.965836048126221
1799,7.420902252197266,6.966088771820068
1800,7.444896221160889,6.966354846954346
1801,6.71281623840332,6.966214179992676
1802,4.689624786376953,6.964951515197754
1803,6.077442169189453,6.964459419250488
1804,6.137540817260742,6.964001178741455
1805,7.031861305236816,6.964039325714111
1806,7.959165096282959,6.964589595794678
1807,6.48336124420166,6.9643235206604
1808,7.914243698120117,6.964848518371582
1809,7.112338066101074,6.964930057525635
1810,8.126690864562988,6.965571880340576
1811,7.254617691040039,6.965731620788574
1812,8.795154571533203,6.966740131378174
1813,8.096953392028809,6.967363357543945
1814,9.308769226074219,6.968653202056885
1815,10.877127647399902,6.9708051681518555
1816,10.94216251373291,6.972990989685059
1817,10.344820976257324,6.974845886230469
1818,11.037274360656738,6.977078914642334
1819,11.391895294189453,6.979504585266113
1820,11.427146911621094,6.98194694519043
1821,10.9627103805542,6.984131813049316
1822,11.892008781433105,6.986823558807373
1823,11.867155075073242,6.989499092102051
1824,11.576787948608398,6.992012977600098
1825,10.832502365112305,6.994115829467773
1826,10.451502799987793,6.996008396148682
1827,11.350105285644531,6.998390197753906
1828,11.312198638916016,7.000749111175537
1829,11.538934707641602,7.003229141235352
1830,11.292013168334961,7.005571365356445
1831,11.144347190856934,7.007830619812012
1832,11.786949157714844,7.010437965393066
1833,10.825600624084473,7.012517929077148
1834,10.481880187988281,7.014408588409424
1835,11.045245170593262,7.016603469848633
1836,10.779298782348633,7.018651962280273
1837,11.386734008789062,7.021028518676758
1838,11.045415878295898,7.02321720123291
1839,11.43968677520752,7.0256171226501465
1840,10.280112266540527,7.027385234832764
1841,10.39437484741211,7.029212951660156
1842,11.405426025390625,7.031587600708008
1843,10.587864875793457,7.033515930175781
1844,11.109102249145508,7.035725116729736
1845,10.754351615905762,7.037739276885986
1846,11.60163688659668,7.040210247039795
1847,10.835708618164062,7.042264461517334
1848,10.855084419250488,7.0443267822265625
1849,9.919978141784668,7.0458807945251465
1850,9.472452163696289,7.047192096710205
1851,11.028129577636719,7.049341678619385
1852,11.119512557983398,7.051537990570068
1853,9.177876472473145,7.052684783935547
1854,10.614371299743652,7.054605007171631
1855,11.285935401916504,7.056884765625
1856,10.296897888183594,7.058629512786865
1857,11.328206062316895,7.060927391052246
1858,10.610496520996094,7.062836647033691
1859,10.64798355102539,7.064764499664307
1860,10.997668266296387,7.066877841949463
1861,13.702550888061523,7.070441722869873
1862,14.464855194091797,7.074410438537598
1863,13.711841583251953,7.077971458435059
1864,12.81238079071045,7.081046104431152
1865,12.899638175964355,7.084164619445801
1866,14.391298294067383,7.088078498840332
1867,14.005188941955566,7.091781139373779
1868,13.653013229370117,7.095292091369629
1869,12.834328651428223,7.098360538482666
1870,12.841100692749023,7.1014299392700195
1871,12.309585571289062,7.104212284088135
1872,12.475685119628906,7.107079982757568
1873,12.057044982910156,7.1097211837768555
1874,11.83723258972168,7.112242221832275
1875,12.336362838745117,7.115026473999023
1876,12.62934684753418,7.117964267730713
1877,12.708501815795898,7.120941162109375
1878,13.054047584533691,7.124098777770996
1879,13.530279159545898,7.127506256103516
1880,13.976184844970703,7.131147384643555
1881,14.06971549987793,7.134834289550781
1882,13.259952545166016,7.138086795806885
1883,13.053027153015137,7.141226291656494
1884,13.3035888671875,7.144495487213135
1885,12.669523239135742,7.147425174713135
1886,13.19257640838623,7.150628566741943
1887,13.411270141601562,7.153944492340088
1888,12.822639465332031,7.15694522857666
1889,13.178302764892578,7.160131454467773
1890,12.30586051940918,7.1628522872924805
1891,13.246003150939941,7.166067600250244
1892,13.731865882873535,7.169536113739014
1893,13.398443222045898,7.172824859619141
1894,9.716512680053711,7.174167156219482
1895,11.917945861816406,7.176669120788574
1896,10.417609214782715,7.178377628326416
1897,12.249363899230957,7.181049346923828
1898,12.610368728637695,7.183908462524414
1899,12.816990852355957,7.186873435974121
1900,12.488052368164062,7.189661979675293
1901,12.775949478149414,7.192599296569824
1902,11.088888168334961,7.194646835327148
1903,12.304540634155273,7.197330951690674
1904,13.186429977416992,7.200474739074707
1905,10.87757682800293,7.202404022216797
1906,11.665121078491211,7.204744338989258
1907,11.151327133178711,7.206812858581543
1908,10.727508544921875,7.2086567878723145
1909,10.110540390014648,7.21017599105835
1910,10.602507591247559,7.21195125579834
1911,11.789322853088379,7.214345455169678
1912,11.542366027832031,7.216607570648193
1913,11.073266983032227,7.218622207641602
1914,10.288961410522461,7.220225811004639
1915,11.304159164428711,7.222357273101807
1916,11.300050735473633,7.224483966827393
1917,11.219844818115234,7.226567268371582
1918,11.396505355834961,7.228740215301514
1919,10.211405754089355,7.230293273925781
1920,11.128808975219727,7.232322692871094
1921,9.879464149475098,7.233700275421143
1922,12.022961616516113,7.2361907958984375
1923,11.006599426269531,7.238150596618652
1924,11.633394241333008,7.240434169769287
1925,11.223320960998535,7.242502212524414
1926,10.801856994628906,7.244349479675293
1927,11.67733383178711,7.246648788452148
1928,10.828401565551758,7.248505592346191
1929,11.941139221191406,7.250936985015869
1930,8.710593223571777,7.251693248748779
1931,11.001387596130371,7.253633975982666
1932,12.963255882263184,7.256587505340576
1933,11.887521743774414,7.258982181549072
1934,13.364333152770996,7.262136936187744
1935,13.152104377746582,7.265179634094238
1936,12.67060375213623,7.267970561981201
1937,13.26312255859375,7.271063804626465
1938,13.595041275024414,7.274324893951416
1939,12.329131126403809,7.276930332183838
1940,12.585192680358887,7.279664993286133
1941,12.801301956176758,7.282508850097656
1942,12.531660079956055,7.285210132598877
1943,13.029878616333008,7.288165092468262
1944,11.418481826782227,7.290288925170898
1945,11.558404922485352,7.292482376098633
1946,12.590270042419434,7.29520320892334
1947,12.332905769348145,7.297789573669434
1948,12.808347702026367,7.30061674118042
1949,12.429340362548828,7.303246974945068
1950,12.871530532836914,7.306100845336914
1951,12.908095359802246,7.308970928192139
1952,12.378145217895508,7.311566352844238
1953,10.740736961364746,7.313321590423584
1954,14.401487350463867,7.3169474601745605
1955,13.829935073852539,7.320277214050293
1956,14.715774536132812,7.324056148529053
1957,13.474010467529297,7.3271965980529785
1958,13.614630699157715,7.330406188964844
1959,11.264001846313477,7.3324127197265625
1960,11.38989543914795,7.334481716156006
1961,12.110523223876953,7.336915969848633
1962,12.014896392822266,7.339299201965332
1963,12.062978744506836,7.34170389175415
1964,12.876639366149902,7.3445210456848145
1965,12.051830291748047,7.346915245056152
1966,12.796161651611328,7.349685192108154
1967,11.89671516418457,7.351995468139648
1968,12.188868522644043,7.354452133178711
1969,12.245729446411133,7.356935024261475
1970,12.398637771606445,7.359492778778076
1971,11.969924926757812,7.361830711364746
1972,9.719134330749512,7.363025188446045
1973,12.607330322265625,7.365682125091553
1974,12.152424812316895,7.368105888366699
1975,11.207060813903809,7.370048522949219
1976,10.260724067687988,7.3715105056762695
1977,10.989051818847656,7.373339653015137
1978,11.626874923706055,7.375489234924316
1979,11.137809753417969,7.377388954162598
1980,12.22098159790039,7.379834175109863
1981,12.264820098876953,7.382298469543457
1982,11.744131088256836,7.384498119354248
1983,12.22740364074707,7.38693904876709
1984,12.911185264587402,7.3897223472595215
1985,11.231803894042969,7.391656398773193
1986,11.041679382324219,7.39349365234375
1987,11.963871955871582,7.3957929611206055
1988,12.518881797790527,7.3983683586120605
1989,13.400250434875488,7.401384353637695
1990,12.027101516723633,7.403707981109619
1991,11.344346046447754,7.405686378479004
1992,11.878917694091797,7.407930850982666
1993,11.166727066040039,7.409815788269043
1994,12.705124855041504,7.41247034072876
1995,12.5225830078125,7.415030479431152
1996,12.162903785705566,7.417407989501953
1997,13.643599510192871,7.4205241203308105
1998,11.469579696655273,7.422549724578857
1999,12.668715476989746,7.425172805786133
2000,12.123055458068848,7.427520751953125
2001,10.166826248168945,7.42888879776001
2002,12.929450035095215,7.43163537979126
2003,5.884365558624268,7.430863380432129
2004,9.953556060791016,7.432121276855469
2005,8.246354103088379,7.4325270652771
2006,7.643554210662842,7.4326324462890625
2007,7.808163642883301,7.432819366455078
2008,10.0792236328125,7.434136867523193
2009,8.880953788757324,7.434856414794922
2010,8.140443801879883,7.435207366943359
2011,10.197463035583496,7.436580181121826
2012,8.74088191986084,7.437228202819824
2013,8.548561096191406,7.437780380249023
2014,8.203374862670898,7.438159942626953
2015,8.711762428283691,7.438791751861572
2016,9.437989234924316,7.439783096313477
2017,7.47218656539917,7.439799785614014
2018,7.04244327545166,7.439602375030518
2019,10.226835250854492,7.440982341766357
2020,4.570250511169434,7.43956184387207
2021,7.983564853668213,7.439830780029297
2022,3.389346122741699,7.437828540802002
2023,8.415207862854004,7.438311576843262
2024,10.077017784118652,7.439614772796631
2025,8.93374252319336,7.440351963043213
2026,6.114551544189453,7.439697742462158
2027,11.43655776977539,7.441668510437012
2028,7.538097381591797,7.441716194152832
2029,8.482781410217285,7.4422287940979
2030,5.708430290222168,7.441374778747559
2031,4.667473316192627,7.440009593963623
2032,8.821710586547852,7.4406890869140625
2033,8.578571319580078,7.441248416900635
2034,8.365765571594238,7.441702842712402
2035,7.964798927307129,7.441959857940674
2036,6.243175983428955,7.441371440887451
2037,7.4948506355285645,7.441397666931152
2038,9.440781593322754,7.442378044128418
2039,8.108308792114258,7.442704677581787
2040,7.712835311889648,7.442836761474609
2041,8.137557983398438,7.443177223205566
2042,7.8048272132873535,7.44335412979126
2043,7.015316963195801,7.443144798278809
2044,13.089324951171875,7.445905685424805
2045,6.830160140991211,7.4456048011779785
2046,8.336463928222656,7.446040153503418
2047,8.626787185668945,7.4466166496276855
2048,5.132375717163086,7.4454874992370605
2049,4.959945201873779,7.44427490234375
2050,5.5991644859313965,7.443375587463379
2051,5.400245666503906,7.442379951477051
2052,6.261977672576904,7.441804885864258
2053,6.001805782318115,7.441103935241699
2054,6.517655372619629,7.440654277801514
2055,5.131834983825684,7.439531326293945
2056,5.726681232452393,7.438698768615723
2057,0.053993985056877136,7.435110092163086
2058,5.359889984130859,7.434102535247803
2059,5.784807205200195,7.433302402496338
2060,4.8550190925598145,7.432051658630371
2061,6.161966800689697,7.431435585021973
2062,6.193820953369141,7.430835247039795
2063,5.36672830581665,7.429835796356201
2064,4.940375804901123,7.4286298751831055
2065,6.751313209533691,7.42830228805542
2066,3.2749385833740234,7.426292896270752
2067,6.176514148712158,7.425688743591309
2068,8.782986640930176,7.426344871520996
2069,2.872873544692993,7.424145221710205
2070,6.908395767211914,7.423895835876465
2071,6.161018371582031,7.423286437988281
2072,6.096461296081543,7.422646522521973
2073,4.109941482543945,7.42104959487915
2074,5.406537055969238,7.420078754425049
2075,4.445818901062012,7.418646335601807
2076,2.049351692199707,7.4160614013671875
2077,5.621136665344238,7.415197372436523
2078,4.247312545776367,7.413673400878906
2079,5.749662399291992,7.4128737449646
2080,7.340628623962402,7.412838935852051
2081,5.096798419952393,7.411726474761963
2082,5.779057502746582,7.410943031311035
2083,4.730653285980225,7.409656524658203
2084,6.265087604522705,7.409107685089111
2085,6.049793243408203,7.408455848693848
2086,7.19682502746582,7.408354759216309
2087,4.8506855964660645,7.407129764556885
2088,5.578222751617432,7.406254291534424
2089,6.4189863204956055,7.4057817459106445
2090,4.5083842277526855,7.4043965339660645
2091,5.943620681762695,7.403697967529297
2092,5.067943572998047,7.402582168579102
2093,5.945401668548584,7.401886463165283
2094,5.260129928588867,7.4008636474609375
2095,8.68094539642334,7.401474475860596
2096,4.95103645324707,7.40030574798584
2097,6.478880882263184,7.399866580963135
2098,4.582550525665283,7.398524284362793
2099,3.016903877258301,7.396437644958496
2100,-1.2825102806091309,7.392307281494141
2101,-0.6545341610908508,7.388479232788086
2102,6.28993558883667,7.387956619262695
2103,0.11720067262649536,7.384500980377197
2104,4.0484113693237305,7.382916450500488
2105,3.43090558052063,7.381039619445801
2106,0.9240862131118774,7.377974987030029
2107,0.2329915165901184,7.3745856285095215
2108,1.4289000034332275,7.371766567230225
2109,-1.13923180103302,7.367732524871826
2110,1.6718775033950806,7.365034580230713
2111,1.5224264860153198,7.362267971038818
2112,1.7087911367416382,7.359592914581299
2113,-0.06503139436244965,7.356080532073975
2114,-0.10801763087511063,7.352550983428955
2115,3.251549005508423,7.350613117218018
2116,3.427961826324463,7.34876012802124
2117,0.8660721778869629,7.345699310302734
2118,0.7718986868858337,7.342597007751465
2119,0.4837776720523834,7.339361667633057
2120,2.8189780712127686,7.337230205535889
2121,3.7411653995513916,7.335535526275635
2122,0.8629664778709412,7.332487106323242
2123,0.746677041053772,7.3293867111206055
2124,1.1774861812591553,7.326491832733154
2125,2.7661144733428955,7.324347019195557
2126,-0.38885053992271423,7.320720672607422
2127,2.536039113998413,7.318472385406494
2128,-0.4147277772426605,7.314839839935303
2129,-1.0583744049072266,7.310908794403076
2130,-1.2956156730651855,7.306869983673096
2131,-1.4505691528320312,7.302762508392334
2132,-1.3527746200561523,7.298704624176025
2133,0.020840927958488464,7.295293807983398
2134,0.6753143668174744,7.292193412780762
2135,1.4100396633148193,7.289439678192139
2136,-0.6623868942260742,7.28571891784668
2137,-1.0285453796386719,7.281830310821533
2138,1.417155385017395,7.279088020324707
2139,0.3162933588027954,7.275834560394287
2140,1.586350917816162,7.273177146911621
2141,-0.18348486721515656,7.26969575881958
2142,-0.8922684788703918,7.265887260437012
2143,0.6796086430549622,7.262814998626709
2144,13.358673095703125,7.2656569480896
2145,12.39102840423584,7.268044948577881
2146,13.025146484375,7.270726680755615
2147,13.556365966796875,7.273653030395508
2148,13.681059837341309,7.276634216308594
2149,12.69659423828125,7.279155254364014
2150,11.49543285369873,7.2811150550842285
2151,12.374529838562012,7.283482074737549
2152,12.443674087524414,7.285878658294678
2153,11.912740707397461,7.288026809692383
2154,12.834165573120117,7.290600299835205
2155,12.962674140930176,7.29323148727417
2156,14.236730575561523,7.296450138092041
2157,12.593433380126953,7.298904895782471
2158,13.038183212280273,7.301563262939453
2159,13.004865646362305,7.304203510284424
2160,12.728776931762695,7.306714057922363
2161,13.435155868530273,7.309548854827881
2162,13.263769149780273,7.312301158905029
2163,12.629170417785645,7.31475830078125
2164,11.715792655944824,7.31679105758667
2165,12.17470932006836,7.319034099578857
2166,13.945456504821777,7.322091579437256
2167,13.4400634765625,7.32491397857666
2168,11.930143356323242,7.3270368576049805
2169,12.423840522766113,7.329385757446289
2170,11.609048843383789,7.331357002258301
2171,13.543744087219238,7.334217071533203
2172,13.118605613708496,7.336878776550293
2173,11.773308753967285,7.338919639587402
2174,12.922774314880371,7.341486930847168
2175,11.607183456420898,7.343447685241699
2176,12.744953155517578,7.34592866897583
2177,12.52027416229248,7.348304748535156
2178,13.268290519714355,7.351021766662598
2179,12.95956802368164,7.3535943031311035
2180,12.895528793334961,7.356135368347168
2181,11.966707229614258,7.358248710632324
2182,12.706920623779297,7.360698699951172
2183,12.721006393432617,7.363152980804443
2184,14.783185958862305,7.366549015045166
2185,13.48232364654541,7.369346618652344
2186,14.13928508758545,7.372442245483398
2187,12.446160316467285,7.37476110458374
2188,12.531877517700195,7.377117156982422
2189,13.218851089477539,7.37978458404541
2190,11.184144020080566,7.381521224975586
2191,11.965518951416016,7.383612632751465
2192,12.25103759765625,7.3858323097229
2193,11.950252532958984,7.387912750244141
2194,13.216614723205566,7.390568256378174
2195,13.040257453918457,7.39314079284668
2196,10.745222091674805,7.3946661949157715
2197,11.628028869628906,7.396592140197754
2198,12.842377662658691,7.399068832397461
2199,13.137682914733887,7.40167760848999
2200,14.340059280395508,7.404829978942871
2201,12.660533905029297,7.407216548919678
2202,12.846146583557129,7.409685134887695
2203,12.811659812927246,7.412136077880859
2204,14.163174629211426,7.415197849273682
2205,13.09878921508789,7.417774200439453
2206,11.981630325317383,7.419841766357422
2207,14.115599632263184,7.422874450683594
2208,13.27705192565918,7.425524711608887
2209,14.057973861694336,7.428526401519775
2210,12.480587005615234,7.430810928344727
2211,11.79761028289795,7.4327850341796875
2212,11.045609474182129,7.434417247772217
2213,13.8267240524292,7.4373040199279785
2214,11.338430404663086,7.439064979553223
2215,14.20295238494873,7.442117691040039
2216,12.253385543823242,7.4442877769470215
2217,13.17273235321045,7.44687032699585
2218,13.38302993774414,7.449545383453369
2219,11.343156814575195,7.451299667358398
2220,11.638877868652344,7.453184604644775
2221,-0.6049705147743225,7.449558258056641
2222,1.5102317333221436,7.44688606262207
2223,2.2681543827056885,7.444557189941406
2224,1.4673329591751099,7.44187068939209
2225,3.299340009689331,7.440009593963623
2226,-0.3443897068500519,7.436514377593994
2227,-0.6882146000862122,7.432868003845215
2228,0.620927095413208,7.429811954498291
2229,2.838188409805298,7.42775297164917
2230,0.49427327513694763,7.424644947052002
2231,-0.6338571310043335,7.42103385925293
2232,0.8909651637077332,7.41810941696167
2233,-1.7000236511230469,7.414028167724609
2234,1.2798759937286377,7.411283493041992
2235,4.030374050140381,7.409771919250488
2236,3.8399057388305664,7.408175945281982
2237,3.4174094200134277,7.406393051147461
2238,0.5512775182723999,7.403331279754639
2239,4.877663612365723,7.402203559875488
2240,1.1475424766540527,7.399412631988525
2241,-0.6435714960098267,7.395824909210205
2242,-1.775430679321289,7.391736030578613
2243,-4.671631813049316,7.386360168457031
2244,3.09716796875,7.3844499588012695
2245,4.202152252197266,7.383033275604248
2246,2.1276066303253174,7.380694389343262
2247,-2.5346181392669678,7.376283168792725
2248,2.72914457321167,7.374216556549072
2249,1.0447155237197876,7.371403694152832
2250,2.760974407196045,7.36935567855835
2251,-1.485884428024292,7.365423679351807
2252,1.4176685810089111,7.362783432006836
2253,5.481525421142578,7.361949443817139
2254,-0.19346611201763153,7.358598709106445
2255,-2.601891040802002,7.354184150695801
2256,4.599369049072266,7.352963447570801
2257,-0.7674615979194641,7.349367141723633
2258,0.8587031960487366,7.346494197845459
2259,1.347225308418274,7.343839645385742
2260,5.392057418823242,7.342977046966553
2261,5.6190643310546875,7.342214584350586
2262,2.510793685913086,7.340080261230469
2263,2.923356533050537,7.33812952041626
2264,3.3292293548583984,7.336359977722168
2265,1.9428431987762451,7.333980083465576
2266,3.811924457550049,7.33242654800415
2267,2.676908016204834,7.330374240875244
2268,1.4279301166534424,7.327773094177246
2269,4.0978569984436035,7.326350212097168
2270,-1.3605128526687622,7.322524547576904
2271,2.430159568786621,7.320371150970459
2272,3.7918689250946045,7.318818092346191
2273,0.1260734498500824,7.315655708312988
2274,1.3420360088348389,7.313029766082764
2275,2.7903332710266113,7.311042785644531
2276,1.8670766353607178,7.308651924133301
2277,-0.8059705495834351,7.305089473724365
2278,3.5729358196258545,7.3034515380859375
2279,2.5947561264038086,7.301386833190918
2280,0.35276320576667786,7.298340797424316
2281,0.006102728191763163,7.295145034790039
2282,0.9476330280303955,7.292364597320557
2283,1.3185603618621826,7.2897491455078125
2284,-0.4387098252773285,7.2863664627075195
2285,-1.8406187295913696,7.282374382019043
2286,0.9261484146118164,7.279594898223877
2287,2.9137656688690186,7.277687072753906
2288,-0.3493589460849762,7.274354934692383
2289,1.964650273323059,7.272036075592041
2290,1.9362163543701172,7.269706726074219
2291,-0.706352710723877,7.266226768493652
2292,5.502495288848877,7.2654571533203125
2293,-5.642438888549805,7.259830474853516
2294,-0.6861264705657959,7.256368160247803
2295,1.0981974601745605,7.25368595123291
2296,-0.578352689743042,7.250276565551758
2297,2.3151276111602783,7.248128414154053
2298,-0.7865468263626099,7.244633197784424
2299,4.432878494262695,7.243411064147949
2300,-2.900230884552002,7.239002704620361
2301,1.797162413597107,7.23663854598999
2302,-0.13809902966022491,7.233436107635498
2303,5.812727928161621,7.232819557189941
2304,2.520381450653076,7.230774402618408
2305,0.7818471789360046,7.227977752685547
2306,-10.074317932128906,7.220478057861328
2307,4.843789100646973,7.219448089599609
2308,7.573004245758057,7.219601154327393
2309,0.005483843851834536,7.21647834777832
2310,3.4835073947906494,7.214863300323486
2311,2.5257725715637207,7.21283483505249
2312,3.009718656539917,7.211017608642578
2313,2.4033801555633545,7.208940505981445
2314,-2.676882266998291,7.204669952392578
2315,-3.828519821166992,7.199905872344971
2316,-1.6107045412063599,7.196103096008301
2317,0.791494607925415,7.193339824676514
2318,3.756187915802002,7.191857814788818
2319,1.832281470298767,7.189547538757324
2320,-0.26500678062438965,7.186335563659668
2321,-2.162205934524536,7.182309150695801
2322,0.28286007046699524,7.179339408874512
2323,1.01166570186615,7.176685333251953
2324,-5.28602409362793,7.17132568359375
2325,-0.56781405210495,7.167998313903809
2326,2.8065037727355957,7.166123867034912
2327,4.7529449462890625,7.165087699890137
2328,2.631579637527466,7.163140773773193
2329,3.369249105453491,7.16151237487793
2330,3.7043001651763916,7.160029888153076
2331,5.679966926574707,7.15939474105835
2332,1.0892753601074219,7.156793117523193
2333,-6.720895290374756,7.150847434997559
2334,4.826951503753662,7.1498517990112305
2335,1.5089547634124756,7.147437572479248
2336,0.9964410066604614,7.144805431365967
2337,4.328830242156982,7.1436004638671875
2338,0.48966166377067566,7.140756130218506
2339,-1.7203937768936157,7.136969089508057
2340,-3.762269973754883,7.1323137283325195
2341,-2.1333041191101074,7.128357410430908
2342,-5.376506328582764,7.123020172119141
2343,-0.9058816432952881,7.119594573974609
2344,0.14778536558151245,7.116621971130371
2345,0.6558019518852234,7.113868236541748
2346,-1.528944969177246,7.110185623168945
2347,-2.97418475151062,7.105890274047852
2348,2.750272750854492,7.104036331176758
2349,7.389211177825928,7.104157447814941
2350,4.6362762451171875,7.103107929229736
2351,-0.22188125550746918,7.0999932289123535
2352,-1.5519558191299438,7.096315860748291
2353,0.4544283449649811,7.093494415283203
2354,-1.7869049310684204,7.089723587036133
2355,-0.5913554430007935,7.08646297454834
2356,-4.867058277130127,7.081391334533691
2357,0.6084645986557007,7.078646659851074
2358,2.3209609985351562,7.076629638671875
2359,0.7997936606407166,7.073969841003418
2360,-2.546849012374878,7.069894790649414
2361,0.5640118718147278,7.067140579223633
2362,3.8833487033843994,7.065793037414551
2363,0.9034201502799988,7.0631866455078125
2364,-2.2823586463928223,7.059234619140625
2365,4.928293704986572,7.058333873748779
2366,-5.150733947753906,7.053175926208496
2367,6.943426132202148,7.05312967300415
2368,1.922643780708313,7.050963401794434
2369,2.9587104320526123,7.04923677444458
2370,-1.0057642459869385,7.045839309692383
2371,-1.025528907775879,7.042436599731445
2372,-0.07028303295373917,7.039439678192139
2373,1.530092716217041,7.037118434906006
2374,1.8943322896957397,7.0349531173706055
2375,1.832244873046875,7.032763481140137
2376,0.8435508608818054,7.0301594734191895
2377,-3.15714955329895,7.025876045227051
2378,3.2671616077423096,7.024296283721924
2379,2.3038485050201416,7.022313117980957
2380,1.0032225847244263,7.019785404205322
2381,2.113557815551758,7.017725944519043
2382,2.4881627559661865,7.015824794769287
2383,2.975618839263916,7.014130592346191
2384,0.03409842774271965,7.011203765869141
2385,6.373223304748535,7.010936260223389
2386,2.263751268386841,7.008947372436523
2387,0.6835320591926575,7.006298542022705
2388,1.6807291507720947,7.004069805145264
2389,0.8046791553497314,7.001475811004639
2390,-2.6475462913513184,6.997439861297607
2391,3.032172203063965,6.995781898498535
2392,6.909584045410156,6.99574613571167
2393,7.136943340301514,6.995804786682129
2394,-1.515666127204895,6.992250919342041
2395,-2.3224658966064453,6.988363742828369
2396,-5.071120262145996,6.983332633972168
2397,-1.4069651365280151,6.979834079742432
2398,4.429675102233887,6.978771209716797
2399,0.14772182703018188,6.975925445556641
2400,3.6878018379211426,6.974555492401123
2401,2.9116785526275635,6.972864627838135
2402,-3.3965466022491455,6.9685492515563965
2403,-5.601934909820557,6.963320255279541
2404,-8.99036693572998,6.956686973571777
2405,-2.5032529830932617,6.952754974365234
2406,4.462709903717041,6.951720237731934
2407,1.4117950201034546,6.949419975280762
2408,5.459659099578857,6.948801040649414
2409,0.13610389828681946,6.945974826812744
2410,2.230130434036255,6.944018840789795
2411,0.1130533218383789,6.941186904907227
2412,-2.384572982788086,6.93732213973999
2413,0.393845796585083,6.934611797332764
2414,-0.8335748910903931,6.931394577026367
2415,0.2920517325401306,6.928647041320801
2416,2.701211452484131,6.926898002624512
2417,-0.40140315890312195,6.9238667488098145
2418,-0.11042926460504532,6.920958518981934
2419,0.15911661088466644,6.918164253234863
2420,1.8642545938491821,6.916076183319092
2421,4.19579553604126,6.914952754974365
2422,-2.0836331844329834,6.911238670349121
2423,1.3664007186889648,6.908951759338379
2424,-2.7516353130340576,6.904967784881592
2425,-2.2366762161254883,6.901199817657471
2426,-5.054625511169434,6.896273612976074
2427,-7.448444843292236,6.890365123748779
2428,2.422891616821289,6.888526439666748
2429,0.7666720151901245,6.886007308959961
2430,-1.7286314964294434,6.8824639320373535
2431,-0.2731199264526367,6.879521369934082
2432,1.2485036849975586,6.877206802368164
2433,-4.214015007019043,6.872649669647217
2434,-1.0691120624542236,6.869388580322266
2435,7.334937572479248,6.869579315185547
2436,-1.993656873703003,6.865942001342773
2437,-0.5226198434829712,6.862911224365234
2438,0.7487446665763855,6.860404014587402
2439,-3.0882186889648438,6.856327056884766
2440,-3.462787628173828,6.852099418640137
2441,4.454728126525879,6.8511176109313965
2442,-2.0511062145233154,6.847474098205566
2443,2.5577781200408936,6.845719337463379
2444,2.46042799949646,6.843925952911377
2445,-2.366067409515381,6.840160846710205
2446,5.792723178863525,6.839732646942139
2447,0.2467283457517624,6.837039470672607
2448,-0.972989559173584,6.833850383758545
2449,-10.243419647216797,6.826879978179932
2450,-1.1708391904830933,6.823616981506348
2451,4.228930950164795,6.822558879852295
2452,-2.012392044067383,6.818957328796387
2453,-5.984460830688477,6.813739776611328
2454,-0.762967586517334,6.8106536865234375
2455,3.4320597648620605,6.809277534484863
2456,-0.3497576117515564,6.806364059448242
2457,3.053931951522827,6.804837703704834
2458,-1.282691478729248,6.801548480987549
2459,-0.6528244018554688,6.798518657684326
2460,-0.164972722530365,6.795689105987549
2461,-1.916532039642334,6.792150974273682
2462,4.711060047149658,6.791306018829346
2463,5.233504295349121,6.790674209594727
2464,2.8194234371185303,6.789063453674316
2465,2.266313314437866,6.787229061126709
2466,-3.3010096549987793,6.783139705657959
2467,0.6636142134666443,6.780660629272461
2468,-2.08115553855896,6.777070999145508
2469,3.663133144378662,6.775810718536377
2470,-0.5522283315658569,6.7728447914123535
2471,1.695417046546936,6.7707905769348145
2472,1.7933509349822998,6.768777847290039
2473,4.211409568786621,6.767744064331055
2474,5.432093143463135,6.767204284667969
2475,0.3385082483291626,6.7646074295043945
2476,4.067976474761963,6.763518810272217
2477,4.627623558044434,6.7626566886901855
2478,4.778138637542725,6.761855602264404
2479,0.6345109939575195,6.759385108947754
2480,6.710925579071045,6.759365558624268
2481,0.830921471118927,6.75697660446167
2482,0.7564637660980225,6.7545599937438965
2483,-0.03981936350464821,6.751824855804443
2484,-1.6231410503387451,6.748454570770264
2485,-13.060578346252441,6.7404866218566895
2486,-0.5133792161941528,6.737569808959961
2487,-5.1869401931762695,6.732776641845703
2488,3.800144672393799,6.731598854064941
2489,-3.4958651065826416,6.72749137878418
2490,-2.626967668533325,6.723735809326172
2491,4.25177526473999,6.722743988037109
2492,-0.285076379776001,6.719933032989502
2493,0.4585656225681305,6.7174224853515625
2494,-5.39534330368042,6.712568283081055
2495,-1.580391526222229,6.709245681762695
2496,-0.7257440090179443,6.706267833709717
2497,0.021036196500062943,6.703591823577881
2498,2.091782331466675,6.701746463775635
2499,10.590438842773438,6.703301429748535
2500,11.19896411895752,6.705099105834961
2501,5.275001049041748,6.704527854919434
2502,10.718493461608887,6.706131458282471
2503,7.129461765289307,6.706300258636475
2504,11.898789405822754,6.708373069763184
2505,11.539464950561523,6.710300922393799
2506,8.902374267578125,6.711174964904785
2507,8.414497375488281,6.711853981018066
2508,11.022248268127441,6.713571548461914
2509,7.535374164581299,6.7138991355896
2510,6.154080390930176,6.713676452636719
2511,9.390226364135742,6.7147417068481445
2512,10.684596061706543,6.71632194519043
2513,11.526535034179688,6.718235492706299
2514,9.922383308410645,6.719509601593018
2515,8.113295555114746,6.72006368637085
2516,9.804856300354004,6.721289157867432
2517,8.683589935302734,6.7220683097839355
2518,8.123470306396484,6.7226243019104
2519,6.961189270019531,6.722719192504883
2520,10.034647941589355,6.724032878875732
2521,10.248710632324219,6.725430488586426
2522,7.4902544021606445,6.725733280181885
2523,8.185182571411133,6.726311683654785
2524,10.146135330200195,6.72766637802124
2525,9.063733100891113,6.728591442108154
2526,9.96602725982666,6.729872703552246
2527,6.018842697143555,6.7295918464660645
2528,10.05849838256836,6.730908393859863
2529,10.369550704956055,6.732346057891846
2530,8.08053207397461,6.732878684997559
2531,8.694104194641113,6.7336530685424805
2532,10.618423461914062,6.73518705368042
2533,9.737457275390625,6.736371994018555
2534,11.28170108795166,6.738164901733398
2535,9.019485473632812,6.739064693450928
2536,8.546401023864746,6.739777088165283
2537,7.079034805297852,6.73991060256958
2538,12.438158988952637,6.742154598236084
2539,11.024419784545898,6.74384069442749
2540,9.292694091796875,6.74484395980835
2541,9.629134178161621,6.745978355407715
2542,10.481056213378906,6.7474470138549805
2543,9.92819881439209,6.748697280883789
2544,9.100137710571289,6.7496209144592285
2545,7.816819190979004,6.750040054321289
2546,9.830864906311035,6.751249313354492
2547,9.188497543334961,6.752205848693848
2548,10.317785263061523,6.753604888916016
2549,10.379973411560059,6.755027770996094
2550,11.036368370056152,6.756706237792969
2551,11.101303100585938,6.758408546447754
2552,10.529451370239258,6.759885787963867
2553,11.147567749023438,6.761603832244873
2554,12.189716339111328,6.763728618621826
2555,11.920622825622559,6.765745639801025
2556,7.945847988128662,6.766207218170166
2557,9.572669982910156,6.767303943634033
2558,6.855993747711182,6.767338275909424
2559,10.075981140136719,6.7686309814453125
2560,12.191008567810059,6.770748615264893
2561,8.455007553100586,6.7714056968688965
2562,7.493692398071289,6.771687984466553
2563,7.64315128326416,6.772027492523193
2564,7.73490047454834,6.772402763366699
2565,8.801188468933105,6.773193359375
2566,11.215635299682617,6.774923324584961
2567,10.528543472290039,6.776385307312012
2568,10.35012149810791,6.77777624130249
2569,13.004921913146973,6.7801995277404785
2570,7.733828544616699,6.780570983886719
2571,10.956966400146484,6.7821946144104
2572,10.214362144470215,6.783528804779053
2573,9.08300495147705,6.784421920776367
2574,11.070573806762695,6.786086082458496
2575,7.250041961669922,6.786266326904297
2576,9.36384391784668,6.787266254425049
2577,9.862491607666016,6.788459300994873
2578,9.731016159057617,6.789600372314453
2579,7.957319259643555,6.790052890777588
2580,11.031102180480957,6.791696071624756
2581,11.763410568237305,6.79362154006958
2582,9.88593864440918,6.794818878173828
2583,8.310678482055664,6.795405387878418
2584,6.98090124130249,6.795477390289307
2585,10.193222999572754,6.796791076660156
2586,6.150899410247803,6.796541213989258
2587,11.110325813293457,6.798207759857178
2588,9.152729988098145,6.799117088317871
2589,11.243854522705078,6.800833225250244
2590,6.376228332519531,6.8006696701049805
2591,4.943056106567383,6.799952983856201
2592,2.7229859828948975,6.7983808517456055
2593,7.382953643798828,6.798605918884277
2594,3.3938164710998535,6.7972941398620605
2595,6.111727237701416,6.797029972076416
2596,2.7536611557006836,6.795473098754883
2597,3.3335351943969727,6.794140815734863
2598,2.079299211502075,6.792326927185059
2599,3.9809813499450684,6.791245460510254
2600,3.106388568878174,6.789828300476074
2601,5.578284740447998,6.789362907409668
2602,2.217406749725342,6.787606239318848
2603,4.8358025550842285,6.786856651306152
2604,3.5604655742645264,6.785618305206299
2605,3.9164090156555176,6.78451681137085
2606,4.627098083496094,6.783689498901367
2607,3.4932444095611572,6.782427787780762
2608,2.434264659881592,6.780761241912842
2609,3.4677014350891113,6.779491424560547
2610,-0.260654479265213,6.776795387268066
2611,4.351140022277832,6.775866985321045
2612,0.7813879251480103,6.77357292175293
2613,2.174222230911255,6.771812915802002
2614,1.561859130859375,6.7698211669921875
2615,-0.2515459954738617,6.767137050628662
2616,2.6137232780456543,6.765549659729004
2617,-0.22037088871002197,6.762881278991699
2618,2.2954354286193848,6.761175155639648
2619,1.0646449327468872,6.759000778198242
2620,0.7812668085098267,6.756720066070557
2621,2.7270050048828125,6.755183219909668
2622,2.9888627529144287,6.75374698638916
2623,3.4010040760040283,6.752469062805176
2624,2.4768691062927246,6.750840187072754
2625,0.6647577881813049,6.7485222816467285
2626,1.64601469039917,6.746580123901367
2627,2.8784565925598145,6.745108127593994
2628,4.248265743255615,6.7441582679748535
2629,1.9126577377319336,6.742321014404297
2630,1.4410648345947266,6.740306377410889
2631,2.2089993953704834,6.738584518432617
2632,4.01294469833374,6.737549781799316
2633,2.4515380859375,6.735922336578369
2634,-0.9344562888145447,6.733011722564697
2635,3.069157123565674,6.731621742248535
2636,1.7828683853149414,6.729744911193848
2637,5.973501205444336,6.729458332061768
2638,0.5100698471069336,6.7271013259887695
2639,1.9543545246124268,6.7252936363220215
2640,2.4766085147857666,6.723684787750244
2641,7.197847843170166,6.7238640785217285
2642,2.69215726852417,6.722338676452637
2643,2.332667827606201,6.720677852630615
2644,1.6248983144760132,6.718751430511475
2645,0.13442473113536835,6.716263294219971
2646,1.0438101291656494,6.714119911193848
2647,2.7421305179595947,6.712619781494141
2648,1.913753628730774,6.710808277130127
2649,-0.17063745856285095,6.708211898803711
2650,0.3136754333972931,6.7058000564575195
2651,3.790416955947876,6.704700946807861
2652,0.982897162437439,6.702544212341309
2653,5.876321792602539,6.702232837677002
2654,4.0726518630981445,6.701242446899414
2655,3.0244412422180176,6.699858665466309
2656,4.428693771362305,6.699003219604492
2657,4.6873674392700195,6.698246479034424
2658,-2.119828224182129,6.694930553436279
2659,1.648554801940918,6.693033218383789
2660,2.8255491256713867,6.691580295562744
2661,2.3495874404907227,6.689949035644531
2662,2.7534124851226807,6.688470840454102
2663,4.2259016036987305,6.687546730041504
2664,4.687039375305176,6.68679666519165
2665,1.5319328308105469,6.6848626136779785
2666,6.203980922698975,6.6846818923950195
2667,6.395882606506348,6.684574127197266
2668,5.019562721252441,6.683949947357178
2669,6.529600143432617,6.683892250061035
2670,5.376867294311523,6.683403015136719
2671,4.687822341918945,6.6826558113098145
2672,6.034790992736816,6.682413578033447
2673,5.4820876121521,6.681964874267578
2674,5.824394226074219,6.681644439697266
2675,5.9312744140625,6.681364059448242
2676,6.120779991149902,6.681154727935791
2677,6.597425937652588,6.681123733520508
2678,11.699617385864258,6.68299674987793
2679,7.255749225616455,6.683210372924805
2680,8.492006301879883,6.683885097503662
2681,5.746959686279297,6.683535575866699
2682,7.052807807922363,6.683672904968262
2683,5.141410827636719,6.683098316192627
2684,7.706937313079834,6.683479309082031
2685,6.176567554473877,6.683290481567383
2686,5.868704795837402,6.682987689971924
2687,6.554244041442871,6.6829400062561035
2688,8.006996154785156,6.683432579040527
2689,6.564051628112793,6.6833882331848145
2690,5.91837215423584,6.683104038238525
2691,8.626176834106445,6.683825969696045
2692,5.392031192779541,6.683346271514893
2693,6.573739528656006,6.683305740356445
2694,9.934623718261719,6.684512615203857
2695,8.8573637008667,6.685318470001221
2696,7.100435256958008,6.68547248840332
2697,4.865464687347412,6.684797763824463
2698,5.863542556762695,6.684493064880371
2699,7.121095657348633,6.684654712677002
2700,7.242699146270752,6.684861183166504
2701,7.572598457336426,6.685189723968506
2702,4.843163967132568,6.684508323669434
2703,6.655474662780762,6.684498310089111
2704,5.460871696472168,6.684045791625977
2705,6.729252815246582,6.6840620040893555
2706,4.621593952178955,6.683300018310547
2707,5.042681694030762,6.682694435119629
2708,4.203608989715576,6.681778907775879
2709,5.0478692054748535,6.681176662445068
2710,5.1911468505859375,6.68062686920166
2711,7.077317237854004,6.680773735046387
2712,8.823023796081543,6.681562900543213
2713,3.642793893814087,6.680443286895752
2714,6.677193641662598,6.6804423332214355
2715,8.315470695495605,6.681044578552246
2716,6.193301677703857,6.6808648109436035
2717,7.171494960784912,6.6810455322265625
2718,8.57902717590332,6.681743144989014
2719,4.693329811096191,6.681012153625488
2720,6.204247951507568,6.680837631225586
2721,7.6339263916015625,6.681187629699707
2722,6.681916236877441,6.681188106536865
2723,5.7788238525390625,6.680856704711914
2724,6.244192123413086,6.680696487426758
2725,7.7448015213012695,6.681087017059326
2726,8.402331352233887,6.681717872619629
2727,5.8739542961120605,6.681421756744385
2728,4.289675235748291,6.680544853210449
2729,6.0338134765625,6.680307865142822
2730,5.0301594734191895,6.679703235626221
2731,5.402569770812988,6.679235458374023
2732,4.990109443664551,6.678617477416992
2733,5.075514793395996,6.6780314445495605
2734,4.7542829513549805,6.677328109741211
2735,5.9891486167907715,6.67707633972168
2736,6.425645351409912,6.6769843101501465
2737,4.94036865234375,6.676349639892578
2738,6.9093170166015625,6.6764349937438965
2739,5.577057838439941,6.6760334968566895
2740,6.100983142852783,6.675824165344238
2741,6.635711193084717,6.675808906555176
2742,6.763004779815674,6.675840854644775
2743,5.591254234313965,6.675446033477783
2744,5.7653326988220215,6.675114631652832
2745,5.786106109619141,6.674790382385254
2746,5.5349273681640625,6.674375534057617
2747,6.110095024108887,6.674170017242432
2748,4.735867500305176,6.673465251922607
2749,7.073647975921631,6.673610687255859
2750,5.678638458251953,6.673248767852783
2751,6.588006496429443,6.6732177734375
2752,4.897991180419922,6.672573089599609
2753,8.37109661102295,6.673189640045166
2754,10.610788345336914,6.674619197845459
2755,10.676913261413574,6.676071643829346
2756,8.601963996887207,6.676770210266113
2757,8.653219223022461,6.677486419677734
2758,8.84211540222168,6.6782708168029785
2759,7.980325222015381,6.6787428855896
2760,10.657597541809082,6.6801838874816895
2761,9.703368186950684,6.681278705596924
2762,10.148431777954102,6.682533264160156
2763,11.104598045349121,6.684133529663086
2764,7.853173732757568,6.684556484222412
2765,8.72636604309082,6.6852946281433105
2766,8.66334342956543,6.686009883880615
2767,7.417844772338867,6.686274528503418
2768,7.445237636566162,6.686548709869385
2769,9.401718139648438,6.68752908706665
2770,8.603797912597656,6.688220500946045
2771,10.274530410766602,6.689514636993408
2772,8.917146682739258,6.6903181076049805
2773,8.958023071289062,6.691135883331299
2774,8.794878959655762,6.691894054412842
2775,10.586079597473145,6.693296909332275
2776,7.924022197723389,6.693739891052246
2777,10.290480613708496,6.695034980773926
2778,7.483211040496826,6.695318222045898
2779,8.31744384765625,6.695901870727539
2780,9.470226287841797,6.696899890899658
2781,7.787497520446777,6.697291374206543
2782,7.708831310272217,6.697655200958252
2783,9.563697814941406,6.6986846923828125
2784,11.75177001953125,6.700499534606934
2785,8.955042839050293,6.701308727264404
2786,9.939915657043457,6.702470302581787
2787,9.742919921875,6.703560829162598
2788,8.8972749710083,6.704347133636475
2789,11.79477596282959,6.70617151260376
2790,11.821964263916016,6.708004474639893
2791,8.150741577148438,6.708521366119385
2792,9.763437271118164,6.709615230560303
2793,6.967684745788574,6.709707260131836
2794,8.498498916625977,6.7103471755981445
2795,9.401168823242188,6.71130895614624
2796,8.56873607635498,6.711973190307617
2797,8.989025115966797,6.712786674499512
2798,9.101354598999023,6.713640213012695
2799,8.326726913452148,6.7142157554626465
2800,7.995748996734619,6.7146735191345215
2801,7.636116027832031,6.715002536773682
2802,9.41716480255127,6.715967178344727
2803,10.138002395629883,6.717187404632568
2804,10.474245071411133,6.718527317047119
2805,9.815775871276855,6.719631195068359
2806,10.600971221923828,6.721014022827148
2807,10.727022171020508,6.722440719604492
2808,9.657547950744629,6.723485946655273
2809,9.950891494750977,6.724634170532227
2810,10.445568084716797,6.725957870483398
2811,8.63158130645752,6.726635456085205
2812,8.952171325683594,6.727427005767822
2813,10.31850814819336,6.728703022003174
2814,8.973980903625488,6.729500770568848
2815,8.664698600769043,6.730187892913818
2816,11.353425025939941,6.7318291664123535
2817,10.31380844116211,6.733100414276123
2818,8.188273429870605,6.733616352081299
2819,10.950556755065918,6.735111713409424
2820,11.38176155090332,6.736758708953857
2821,9.382417678833008,6.737696647644043
2822,9.971296310424805,6.738841533660889
2823,10.126538276672363,6.740041255950928
2824,10.044157028198242,6.741211414337158
2825,9.142848014831543,6.742061138153076
2826,10.25493049621582,6.7433037757873535
2827,12.260950088500977,6.745255470275879
2828,8.342390060424805,6.745819568634033
2829,10.978960037231445,6.747315406799316
2830,9.329370498657227,6.748227596282959
2831,9.647871017456055,6.749251842498779
2832,8.924674034118652,6.750019073486328
2833,8.929780960083008,6.75078821182251
2834,9.320263862609863,6.751694679260254
2835,10.060948371887207,6.752861499786377
2836,10.811485290527344,6.754292011260986
2837,10.25745964050293,6.755526065826416
2838,10.4826078414917,6.756838798522949
2839,10.729925155639648,6.758238315582275
2840,10.855713844299316,6.759680271148682
2841,9.632081985473633,6.760691165924072
2842,11.278347969055176,6.7622809410095215
2843,11.302433967590332,6.7638773918151855
2844,10.722254753112793,6.765268802642822
2845,9.077519416809082,6.7660813331604
2846,11.215272903442383,6.767643928527832
2847,11.193032264709473,6.769197940826416
2848,12.161258697509766,6.771090984344482
2849,11.321402549743652,6.772687911987305
2850,10.322742462158203,6.773932933807373
2851,9.55142593383789,6.774906635284424
2852,12.689818382263184,6.776979446411133
2853,11.514518737792969,6.778639316558838
2854,10.595163345336914,6.7799763679504395
2855,11.431882858276367,6.781604766845703
2856,10.160428047180176,6.782787322998047
2857,9.6541109085083,6.783792018890381
2858,9.437459945678711,6.784720420837402
2859,10.40826416015625,6.785987377166748
2860,11.652125358581543,6.787688255310059
2861,10.151323318481445,6.788863182067871
2862,9.717900276184082,6.789886474609375
2863,10.169466018676758,6.791066646575928
2864,9.50727367401123,6.792015075683594
2865,10.645109176635742,6.793359279632568
2866,11.286846160888672,6.794926643371582
2867,10.386004447937012,6.796178817749023
2868,10.811152458190918,6.79757833480835
2869,10.87796401977539,6.799000263214111
2870,9.518343925476074,6.799947261810303
2871,-0.9266225099563599,6.797257423400879
2872,4.165769100189209,6.796341419219971
2873,5.7778472900390625,6.795986652374268
2874,4.566774368286133,6.795211315155029
2875,2.680704116821289,6.79378080368042
2876,6.150012493133545,6.793557167053223
2877,5.81786584854126,6.793218612670898
2878,5.616799354553223,6.792809963226318
2879,3.9737071990966797,6.7918314933776855
2880,6.091748237609863,6.791588306427002
2881,6.180806636810303,6.791377067565918
2882,5.0992350578308105,6.79079008102417
2883,5.958641052246094,6.790501594543457
2884,3.7438511848449707,6.789445877075195
2885,5.8637375831604,6.789124965667725
2886,5.064743995666504,6.788527488708496
2887,4.3695573806762695,6.787689685821533
2888,5.6823344230651855,6.787306785583496
2889,4.217297554016113,6.786417484283447
2890,6.232772350311279,6.78622579574585
2891,5.159319877624512,6.785663604736328
2892,3.343646764755249,6.784473896026611
2893,5.148754596710205,6.783908367156982
2894,1.7486293315887451,6.782168865203857
2895,3.8546948432922363,6.781158447265625
2896,4.7826104164123535,6.780468463897705
2897,5.62870454788208,6.780071258544922
2898,5.131251335144043,6.7795023918151855
2899,6.406364917755127,6.779373645782471
2900,4.761537551879883,6.778677940368652
2901,-1.9484386444091797,6.775670528411865
2902,4.7678608894348145,6.7749786376953125
2903,5.37162971496582,6.774495601654053
2904,5.1521100997924805,6.773937225341797
2905,5.750629425048828,6.773584842681885
2906,5.626688480377197,6.773190021514893
2907,4.983389854431152,6.772574424743652
2908,4.528879165649414,6.771803379058838
2909,6.109716892242432,6.771575450897217
2910,3.896575927734375,6.770587921142578
2911,1.925223469734192,6.768924236297607
2912,5.6280412673950195,6.768532752990723
2913,2.8948912620544434,6.767203330993652
2914,0.9585373997688293,6.76521110534668
2915,4.164525985717773,6.764318943023682
2916,5.598707675933838,6.763919830322266
2917,4.946846008300781,6.763297080993652
2918,5.664024829864502,6.762920379638672
2919,3.9093756675720215,6.761943340301514
2920,5.168014049530029,6.761397838592529
2921,4.711734771728516,6.760695934295654
2922,3.759307861328125,6.759669303894043
2923,4.374272346496582,6.758853912353516
2924,4.777511119842529,6.758176326751709
2925,1.6783461570739746,6.756440162658691
2926,5.094914436340332,6.75587272644043
2927,4.920942783355713,6.755246162414551
2928,3.9593634605407715,6.754291534423828
2929,4.84869909286499,6.753641605377197
2930,5.363552570343018,6.753167152404785
2931,4.44735050201416,6.752380847930908
2932,2.552049160003662,6.750948905944824
2933,4.20110559463501,6.750080108642578
2934,6.041567325592041,6.749838352203369
2935,8.48611068725586,6.750429630279541
2936,4.59105110168457,6.74969482421875
2937,3.061999797821045,6.748439788818359
2938,5.3336639404296875,6.747958660125732
2939,5.227709770202637,6.74744176864624
2940,6.070537090301514,6.747211456298828
2941,5.292457580566406,6.7467169761657715
2942,2.4559640884399414,6.745258808135986
2943,4.655253887176514,6.744548797607422
2944,2.539067268371582,6.7431206703186035
2945,3.4439265727996826,6.742000579833984
2946,3.4855971336364746,6.740895748138428
2947,0.12750399112701416,6.738652229309082
2948,-2.5709662437438965,6.735495567321777
2949,3.2264204025268555,6.734306335449219
2950,4.497537612915039,6.733548164367676
2951,-3.6759936809539795,6.730021953582764
2952,3.3207762241363525,6.728867530822754
2953,4.191383361816406,6.728008270263672
2954,0.6433642506599426,6.725949287414551
2955,1.2617685794830322,6.724100589752197
2956,2.9805126190185547,6.722834587097168
2957,3.4124066829681396,6.721715450286865
2958,2.659062385559082,6.72034215927124
2959,2.4670543670654297,6.718904972076416
2960,2.5404536724090576,6.717494010925293
2961,2.970109224319458,6.71622896194458
2962,2.095003604888916,6.714669704437256
2963,1.527723789215088,6.71291971206665
2964,3.862351894378662,6.711958408355713
2965,4.243781566619873,6.711126327514648
2966,4.196047306060791,6.710278511047363
2967,5.1655473709106445,6.709758281707764
2968,3.16974139213562,6.708566188812256
2969,6.569233417510986,6.708518981933594
2970,2.0558786392211914,6.706953048706055
2971,1.7093640565872192,6.705271244049072
2972,1.2101006507873535,6.703423023223877
2973,4.312817573547363,6.702619552612305
2974,4.2641119956970215,6.701799392700195
2975,1.8698376417160034,6.700175762176514
2976,7.281595230102539,6.700370788574219
2977,1.2157219648361206,6.69852876663208
2978,3.9420149326324463,6.697603225708008
2979,1.8685522079467773,6.695982933044434
2980,3.5738208293914795,6.6949357986450195
2981,3.43349027633667,6.693841934204102
2982,3.816182851791382,6.692877292633057
2983,3.8206992149353027,6.691915035247803
2984,4.293855667114258,6.691111087799072
2985,3.5871214866638184,6.690072059631348
2986,0.5672942399978638,6.688021659851074
2987,-2.6962993144989014,6.68488073348999
2988,0.8464927077293396,6.682927131652832
2989,5.162371635437012,6.6824188232421875
2990,5.090295791625977,6.681886196136475
2991,6.77152681350708,6.681916236877441
2992,-3.8171253204345703,6.678408622741699
2993,-0.38837891817092896,6.676048278808594
2994,2.5009517669677734,6.67465353012085
2995,4.293306827545166,6.673858642578125
2996,0.580378532409668,6.671825408935547
2997,3.6337552070617676,6.670811653137207
2998,4.0404887199401855,6.6699347496032715
2999,2.4742491245269775,6.66853666305542
3000,4.454346656799316,6.66779899597168
3001,4.0777130126953125,6.66693639755249
3002,4.6198859214782715,6.66625452041626
3003,3.724332094192505,6.6652750968933105
3004,1.4755786657333374,6.663547515869141
3005,-0.3727845549583435,6.6612067222595215
3006,0.8682070970535278,6.659280776977539
3007,3.593356132507324,6.658261775970459
3008,3.02695369720459,6.657054901123047
3009,3.8949966430664062,6.656136989593506
3010,2.7901549339294434,6.654853343963623
3011,2.251253604888916,6.6533918380737305
3012,2.757079601287842,6.652098655700684
3013,3.2256369590759277,6.6509623527526855
3014,4.045689582824707,6.650097846984863
3015,2.4323019981384277,6.6486992835998535
3016,1.2488014698028564,6.646909236907959
3017,-1.1139023303985596,6.6443376541137695
3018,2.173048257827759,6.642857074737549
3019,1.7898671627044678,6.641249656677246
3020,4.108864784240723,6.640411853790283
3021,2.6920065879821777,6.639104843139648
3022,2.392909288406372,6.637700080871582
3023,2.224181652069092,6.6362409591674805
3024,1.0404274463653564,6.6343913078308105
3025,2.1213557720184326,6.632899761199951
3026,1.8433727025985718,6.631317615509033
3027,1.9160637855529785,6.629760265350342
3028,2.547675371170044,6.628412246704102
3029,3.8031527996063232,6.627479553222656
3030,3.6123809814453125,6.626485347747803
3031,0.5522108674049377,6.624482154846191
3032,3.4767966270446777,6.623444080352783
3033,0.6413968801498413,6.621472358703613
3034,3.141479015350342,6.620325565338135
3035,3.4519176483154297,6.61928129196167
3036,3.4236435890197754,6.618229389190674
3037,-0.34681880474090576,6.615936279296875
3038,-1.494382619857788,6.61326789855957
3039,0.5602118968963623,6.611276626586914
3040,1.5993106365203857,6.609628677368164
3041,4.148016452789307,6.608819484710693
3042,2.8948163986206055,6.607599258422852
3043,6.513200283050537,6.607568264007568
3044,0.7954989671707153,6.605659484863281
3045,3.221729040145874,6.604548454284668
3046,1.7916935682296753,6.602968692779541
3047,0.8468148112297058,6.601080417633057
3048,0.9833281636238098,6.59923791885376
3049,1.4887011051177979,6.597562313079834
3050,1.030049204826355,6.595736980438232
3051,5.373515605926514,6.595336437225342
3052,-1.918613314628601,6.59254789352417
3053,3.987006902694702,6.591694355010986
3054,1.6163076162338257,6.590066432952881
3055,1.517930507659912,6.588406562805176
3056,0.8474818468093872,6.586528301239014
3057,0.3867219090461731,6.584501266479492
3058,0.2940707206726074,6.58244514465332
3059,-7.702363014221191,6.5777764320373535
3060,1.2205902338027954,6.576026439666748
3061,0.21443676948547363,6.573948860168457
3062,-0.2702919840812683,6.571714878082275
3063,1.117932677268982,6.569934368133545
3064,-3.2078442573547363,6.566744804382324
3065,0.11347448825836182,6.564639568328857
3066,1.3851851224899292,6.56295108795166
3067,2.1371588706970215,6.5615081787109375
3068,1.777157187461853,6.5599493980407715
3069,1.9740588665008545,6.558455467224121
3070,2.7371609210968018,6.557210922241211
3071,0.5025845766067505,6.555240154266357
3072,1.4745266437530518,6.553586483001709
3073,2.5485432147979736,6.552283763885498
3074,2.2899115085601807,6.550897598266602
3075,1.1058223247528076,6.549127101898193
3076,3.376946210861206,6.548096179962158
3077,2.5225629806518555,6.546788692474365
3078,1.8177272081375122,6.545252799987793
3079,2.1234352588653564,6.543817043304443
3080,2.600231170654297,6.542537212371826
3081,2.4420382976531982,6.541206359863281
3082,2.2266459465026855,6.539806842803955
3083,2.7515676021575928,6.538578510284424
3084,2.3103721141815186,6.537208080291748
3085,1.5295560359954834,6.535585403442383
3086,2.7433836460113525,6.534357070922852
3087,3.397819757461548,6.533341407775879
3088,3.9148950576782227,6.532493591308594
3089,5.216176509857178,6.532067775726318
3090,3.0845868587493896,6.530952453613281
3091,2.0445706844329834,6.529501438140869
3092,8.591879844665527,6.530168533325195
3093,8.847451210021973,6.530917167663574
3094,9.825358390808105,6.531981945037842
3095,8.959636688232422,6.532765865325928
3096,7.787553787231445,6.5331711769104
3097,4.785502910614014,6.532606601715088
3098,7.282311916351318,6.532848834991455
3099,11.266088485717773,6.5343756675720215
3100,10.065361022949219,6.535513877868652
3101,6.721484661102295,6.535573482513428
3102,6.435701847076416,6.535541534423828
3103,9.377445220947266,6.536457061767578
3104,10.317054748535156,6.537674427032471
3105,9.315253257751465,6.538568019866943
3106,5.846852779388428,6.538345813751221
3107,8.447019577026367,6.538959980010986
3108,5.837968826293945,6.538734436035156
3109,8.727690696716309,6.539438724517822
3110,8.615781784057617,6.540105819702148
3111,7.48932409286499,6.540411472320557
3112,8.101178169250488,6.540912628173828
3113,6.405729293823242,6.54086971282959
3114,9.478363037109375,6.541812419891357
3115,9.180015563964844,6.542659282684326
3116,7.048799514770508,6.542821407318115
3117,7.685628890991211,6.543188095092773
3118,6.833930015563965,6.543281078338623
3119,9.850526809692383,6.544341087341309
3120,9.586429595947266,6.545315265655518
3121,8.577564239501953,6.545966625213623
3122,8.324631690979004,6.546535968780518
3123,9.389906883239746,6.547446250915527
3124,6.218317985534668,6.547341346740723
3125,6.8329057693481445,6.5474324226379395
3126,8.940549850463867,6.5481977462768555
3127,6.221837997436523,6.548093795776367
3128,7.645014762878418,6.5484442710876465
3129,7.6053147315979,6.548781871795654
3130,7.497351169586182,6.5490851402282715
3131,6.089977264404297,6.548938274383545
3132,9.248228073120117,6.549799919128418
3133,8.730560302734375,6.550495624542236
3134,9.36184024810791,6.551392555236816
3135,8.534916877746582,6.552024841308594
3136,9.017959594726562,6.552811145782471
3137,6.476767063140869,6.552786827087402
3138,8.358602523803711,6.5533623695373535
3139,7.272127151489258,6.553590774536133
3140,8.179265975952148,6.554108619689941
3141,9.665563583374023,6.555099010467529
3142,9.466290473937988,6.556025505065918
3143,8.911033630371094,6.556774139404297
3144,5.701733112335205,6.556502342224121
3145,7.602625846862793,6.556835174560547
3146,7.199674129486084,6.557039260864258
3147,8.167792320251465,6.55755090713501
3148,7.733428955078125,6.557924747467041
3149,6.178947448730469,6.557804584503174
3150,8.381975173950195,6.558383464813232
3151,7.531091690063477,6.558692455291748
3152,7.644586086273193,6.559036731719971
3153,7.050785064697266,6.559192657470703
3154,7.925264358520508,6.559625625610352
3155,8.892620086669922,6.560364723205566
3156,9.257478713989258,6.561219215393066
3157,8.203963279724121,6.561739444732666
3158,7.500033855438232,6.562036514282227
3159,7.735178470611572,6.562407493591309
3160,7.182373046875,6.562602996826172
3161,8.66515064239502,6.563268184661865
3162,7.474920749664307,6.563556671142578
3163,7.942782402038574,6.563992500305176
3164,7.943047523498535,6.564428329467773
3165,8.341732025146484,6.564990043640137
3166,7.816667079925537,6.565384864807129
3167,9.551700592041016,6.5663275718688965
3168,7.465843200683594,6.566611289978027
3169,8.481756210327148,6.567215919494629
3170,9.433192253112793,6.568120002746582
3171,7.9831037521362305,6.568565845489502
3172,9.36140251159668,6.569445610046387
3173,8.897134780883789,6.570178985595703
3174,7.994413375854492,6.570627689361572
3175,9.099563598632812,6.571423530578613
3176,-1.1496551036834717,6.568993091583252
3177,5.032739162445068,6.568510055541992
3178,6.618092060089111,6.568525314331055
3179,4.707305431365967,6.567939758300781
3180,-3.4317216873168945,6.564796447753906
3181,5.222917556762695,6.5643744468688965
3182,2.2794716358184814,6.563028335571289
3183,4.829618453979492,6.562484264373779
3184,4.310502052307129,6.561777114868164
3185,4.943277359008789,6.5612688064575195
3186,3.174774646759033,6.560205936431885
3187,5.519004821777344,6.559879779815674
3188,3.027639865875244,6.558772087097168
3189,5.3212571144104,6.558383941650391
3190,3.8444576263427734,6.557533264160156
3191,3.7766857147216797,6.556662082672119
3192,4.153409481048584,6.555909633636475
3193,4.625847816467285,6.555305004119873
3194,4.566208362579346,6.554682731628418
3195,7.4443206787109375,6.55496072769165
3196,6.6721673011779785,6.554997444152832
3197,8.357036590576172,6.555561065673828
3198,5.982503890991211,6.555381774902344
3199,5.104571342468262,6.554928779602051
3200,5.260253429412842,6.554523944854736
3201,5.322213649749756,6.554139137268066
3202,5.270029067993164,6.553738117218018
3203,2.4824631214141846,6.552467346191406
3204,6.146376132965088,6.552340507507324
3205,5.418050765991211,6.5519866943359375
3206,4.246603012084961,6.551267623901367
3207,5.744802474975586,6.551016330718994
3208,8.20999526977539,6.5515336990356445
3209,5.240406036376953,6.5511250495910645
3210,7.376131534576416,6.551382064819336
3211,5.960948944091797,6.551198482513428
3212,5.81951904296875,6.550971031188965
3213,7.982881546020508,6.551416397094727
3214,5.751402378082275,6.5511674880981445
3215,7.608520984649658,6.551496505737305
3216,11.634675979614258,6.55307674407959
3217,10.837782859802246,6.554408073425293
3218,5.485339164733887,6.554075717926025
3219,2.658879518508911,6.552865982055664
3220,7.068270683288574,6.55302619934082
3221,5.650401592254639,6.552745819091797
3222,5.84334659576416,6.552525997161865
3223,3.6003761291503906,6.551609992980957
3224,2.9362800121307373,6.5504889488220215
3225,3.5728535652160645,6.549565315246582
3226,2.259531021118164,6.54823637008667
3227,3.91396427154541,6.547420024871826
3228,3.7504866123199463,6.546553611755371
3229,4.683432102203369,6.5459771156311035
3230,5.68540620803833,6.545710563659668
3231,8.026886940002441,6.546169281005859
3232,3.9258384704589844,6.545358657836914
3233,8.00701904296875,6.545810699462891
3234,4.721717357635498,6.5452470779418945
3235,7.672609806060791,6.545595645904541
3236,4.8570356369018555,6.545073986053467
3237,5.220117568969727,6.5446648597717285
3238,4.774052619934082,6.5441179275512695
3239,3.179105281829834,6.543079853057861
3240,4.582427024841309,6.542474746704102
3241,4.116503715515137,6.541726589202881
3242,5.583155632019043,6.541430950164795
3243,6.32014274597168,6.54136323928833
3244,-1.8130475282669067,6.538788795471191
3245,4.48727560043335,6.538156509399414
3246,2.453810930252075,6.536898136138916
3247,3.0399203300476074,6.535821437835693
3248,4.805882930755615,6.535289287567139
3249,5.417969703674316,6.534945487976074
3250,5.371451377868652,6.534587383270264
3251,8.249578475952148,6.535114765167236
3252,5.393650054931641,6.534764289855957
3253,6.008844375610352,6.534602642059326
3254,5.965364456176758,6.534427642822266
3255,7.537619590759277,6.534735679626465
3256,10.429637908935547,6.535931587219238
3257,6.249776363372803,6.535843849182129
3258,10.226310729980469,6.536976337432861
3259,6.673679828643799,6.537018299102783
3260,5.947389125823975,6.536837577819824
3261,4.063037395477295,6.536078929901123
3262,5.402514934539795,6.535731315612793
3263,6.652731418609619,6.535767078399658
3264,7.699818134307861,6.536123752593994
3265,6.129558086395264,6.535998821258545
3266,7.74713134765625,6.536369800567627
3267,6.516496658325195,6.53636360168457
3268,1.9263818264007568,6.5349531173706055
3269,5.865994453430176,6.534748077392578
3270,6.695862293243408,6.534797191619873
3271,7.4819207191467285,6.5350871086120605
3272,5.386617183685303,6.534736156463623
3273,6.8217902183532715,6.534823894500732
3274,6.783414840698242,6.534899711608887
3275,4.677369117736816,6.534332752227783
3276,6.407830715179443,6.534294605255127
3277,5.8983564376831055,6.534100532531738
3278,5.190759658813477,6.533690929412842
3279,7.842193603515625,6.5340895652771
3280,5.9481611251831055,6.533910751342773
3281,5.550312519073486,6.533611297607422
3282,5.4790449142456055,6.533289909362793
3283,6.259507656097412,6.533206462860107
3284,7.4676513671875,6.5334906578063965
3285,6.014432430267334,6.533332824707031
3286,7.465980052947998,6.533616542816162
3287,5.761963844299316,6.533381938934326
3288,6.599115371704102,6.533401966094971
3289,5.938635349273682,6.53322172164917
3290,4.137847900390625,6.532494068145752
3291,6.660125255584717,6.532532691955566
3292,6.630483150482178,6.532562732696533
3293,5.033290386199951,6.532107353210449
3294,6.617432594299316,6.532133102416992
3295,5.294910430908203,6.531757831573486
3296,3.2746708393096924,6.530770301818848
3297,5.668198585510254,6.530508518218994
3298,9.440306663513184,6.531390190124512
3299,3.959195375442505,6.53061056137085
3300,7.358598232269287,6.530861854553223
3301,4.410439968109131,6.530219554901123
3302,6.748182773590088,6.530285358428955
3303,6.59553337097168,6.5303053855896
3304,5.145965099334717,6.529886722564697
3305,4.832823753356934,6.5293731689453125
3306,5.229848861694336,6.528980255126953
3307,7.19076681137085,6.529180526733398
3308,6.2292633056640625,6.52908992767334
3309,5.167793273925781,6.5286784172058105
3310,6.438752174377441,6.528651714324951
3311,7.498302936553955,6.52894401550293
3312,3.589728355407715,6.528057098388672
3313,4.1765360832214355,6.527347087860107
3314,1.4555679559707642,6.525817394256592
3315,4.518844127655029,6.525212287902832
3316,2.4193689823150635,6.523974418640137
3317,1.7384722232818604,6.522531986236572
3318,1.8588557243347168,6.521127223968506
3319,2.528618812561035,6.519924640655518
3320,2.6909255981445312,6.518772125244141
3321,3.8699567317962646,6.517974376678467
3322,2.0623106956481934,6.5166335105896
3323,3.5397446155548096,6.515738010406494
3324,7.878497123718262,6.516147613525391
3325,4.3362836837768555,6.5154924392700195
3326,3.4358575344085693,6.514566421508789
3327,7.222814083099365,6.514779090881348
3328,6.99482536315918,6.514923095703125
3329,3.9058351516723633,6.5141401290893555
3330,3.5166802406311035,6.513240337371826
3331,3.3476052284240723,6.5122904777526855
3332,3.2089719772338867,6.511299133300781
3333,5.816221714019775,6.5110907554626465
3334,1.295945405960083,6.509527206420898
3335,5.31682014465332,6.509169578552246
3336,3.6876943111419678,6.508324146270752
3337,3.626983404159546,6.507461071014404
3338,2.398348808288574,6.506230354309082
3339,5.21452522277832,6.505843639373779
3340,4.274538040161133,6.505176067352295
3341,1.5699028968811035,6.50369930267334
3342,-3.825960159301758,6.500609397888184
3343,1.7236695289611816,6.499181270599365
3344,5.215082168579102,6.498797416687012
3345,0.17243197560310364,6.496906280517578
3346,4.823750972747803,6.496406555175781
3347,2.3188934326171875,6.495158672332764
3348,5.04313850402832,6.494724750518799
3349,3.4398860931396484,6.4938130378723145
3350,7.424041748046875,6.494090557098389
3351,2.9393908977508545,6.493030071258545
3352,3.4608778953552246,6.492125988006592
3353,4.680635929107666,6.4915852546691895
3354,6.087981224060059,6.491465091705322
3355,6.467608451843262,6.491457462310791
3356,7.13952112197876,6.491650581359863
3357,5.546779155731201,6.491369247436523
3358,3.5574259757995605,6.490495681762695
3359,0.8821069002151489,6.488826274871826
3360,3.3626723289489746,6.48789644241333
3361,4.173235893249512,6.487208366394043
3362,6.873295307159424,6.487322807312012
3363,2.6764144897460938,6.486189842224121
3364,4.296152114868164,6.485539436340332
3365,4.398979663848877,6.48491907119751
3366,4.601456165313721,6.4843597412109375
3367,5.328714370727539,6.484016418457031
3368,3.775381565093994,6.483212471008301
3369,4.257464408874512,6.4825520515441895
3370,8.600858688354492,6.483180999755859
3371,4.585653305053711,6.48261833190918
3372,1.0361305475234985,6.481003284454346
3373,3.8309834003448486,6.480217456817627
3374,5.753219127655029,6.480002403259277
3375,-0.8382424116134644,6.477834701538086
3376,-0.6889683604240417,6.475712299346924
3377,9.285938262939453,6.47654390335083
3378,4.941357612609863,6.4760894775390625
3379,2.287554979324341,6.474850177764893
3380,3.6677184104919434,6.474020004272461
3381,1.9189038276672363,6.472672939300537
3382,6.127250671386719,6.472570896148682
3383,2.213773727416992,6.471312046051025
3384,5.628653049468994,6.471063137054443
3385,4.748685836791992,6.470554351806641
3386,-1.1372087001800537,6.468308448791504
3387,4.956613063812256,6.467862129211426
3388,8.313131332397461,6.468406677246094
3389,6.0572509765625,6.468285083770752
3390,8.179300308227539,6.468789577484131
3391,8.032503128051758,6.4692511558532715
3392,7.611562728881836,6.469587326049805
3393,7.008308410644531,6.469746112823486
3394,7.11220645904541,6.469934940338135
3395,6.897271156311035,6.4700608253479
3396,8.304841041564941,6.470600605010986
3397,6.429316520690918,6.470588684082031
3398,7.367387294769287,6.470852375030518
3399,7.414017200469971,6.471129894256592
3400,7.441443920135498,6.471415042877197
3401,8.715018272399902,6.472074508666992
3402,8.247467041015625,6.472596645355225
3403,6.544172763824463,6.4726176261901855
3404,11.652326583862305,6.474139213562012
3405,7.138628959655762,6.474334239959717
3406,8.35314655303955,6.4748854637146
3407,7.768688201904297,6.4752655029296875
3408,8.771964073181152,6.4759392738342285
3409,8.889065742492676,6.476646900177002
3410,7.976693630218506,6.477086544036865
3411,7.82875919342041,6.477482318878174
3412,7.591921806335449,6.477808952331543
3413,7.266129970550537,6.478039741516113
3414,7.94968318939209,6.478470325469971
3415,10.196598052978516,6.479558944702148
3416,7.989563941955566,6.480000972747803
3417,7.72075891494751,6.4803643226623535
3418,10.254507064819336,6.4814677238464355
3419,8.876832008361816,6.482168197631836
3420,10.671673774719238,6.48339319229126
3421,6.597006320953369,6.483426570892334
3422,7.546083450317383,6.483736991882324
3423,7.2842793464660645,6.483971118927002
3424,6.774582386016846,6.484055995941162
3425,7.613536834716797,6.484385967254639
3426,8.904069900512695,6.4850921630859375
3427,8.289032936096191,6.4856181144714355
3428,9.686309814453125,6.486551284790039
3429,8.582125663757324,6.487162113189697
3430,6.120543479919434,6.487055778503418
3431,7.723172187805176,6.487415790557861
3432,8.074361801147461,6.48787784576416
3433,7.008007049560547,6.488029479980469
3434,7.818567276000977,6.48841667175293
3435,8.09296703338623,6.488883972167969
3436,8.639305114746094,6.489509105682373
3437,7.747352123260498,6.489875316619873
3438,10.66675090789795,6.491089820861816
3439,10.956645011901855,6.492387771606445
3440,5.775567054748535,6.4921793937683105
3441,9.007152557373047,6.492910385131836
3442,7.586507797241211,6.493227958679199
3443,8.908597946166992,6.493928909301758
3444,9.47222900390625,6.494793891906738
3445,6.775867938995361,6.494874954223633
3446,7.915855407714844,6.4952874183654785
3447,9.15506649017334,6.496058464050293
3448,6.632408142089844,6.496098518371582
3449,8.593341827392578,6.496706485748291
3450,7.182855129241943,6.496905326843262
3451,9.491142272949219,6.497772693634033
3452,7.62498664855957,6.498098850250244
3453,9.259246826171875,6.498898506164551
3454,8.18591594696045,6.499386787414551
3455,8.787408828735352,6.500048637390137
3456,7.66251802444458,6.50038480758667
3457,6.269311428070068,6.5003180503845215
3458,5.50902795791626,6.500031471252441
3459,6.565662384033203,6.500051021575928
3460,8.030972480773926,6.500493049621582
3461,8.730039596557617,6.5011372566223145
3462,6.860204219818115,6.5012407302856445
3463,9.30073356628418,6.502048969268799
3464,6.1550493240356445,6.501948833465576
3465,8.285995483398438,6.502462863922119
3466,4.970283031463623,6.502021312713623
3467,8.479805946350098,6.502591609954834
3468,7.638137340545654,6.5029191970825195
3469,9.839142799377441,6.503880977630615
3470,6.206202983856201,6.503795623779297
3471,5.254034042358398,6.5034356117248535
3472,8.852334976196289,6.504111289978027
3473,7.6348185539245605,6.50443696975708
3474,7.7585954666137695,6.504797458648682
3475,7.65895414352417,6.505129337310791
3476,7.208829402923584,6.505331993103027
3477,7.575493812561035,6.505640029907227
3478,8.083211898803711,6.506093502044678
3479,8.561736106872559,6.506684303283691
3480,7.514030933380127,6.506973743438721
3481,7.527518272399902,6.507266521453857
3482,4.2097063064575195,6.5066070556640625
3483,9.77202033996582,6.507544040679932
3484,7.412357807159424,6.507803440093994
3485,5.819559097290039,6.507606506347656
3486,7.969083786010742,6.508025169372559
3487,9.45866870880127,6.508871555328369
3488,9.047335624694824,6.509598731994629
3489,9.434419631958008,6.510436534881592
3490,7.924625873565674,6.510841369628906
3491,7.416965484619141,6.511100769042969
3492,6.822225570678711,6.511189937591553
3493,5.923172950744629,6.511021614074707
3494,7.309566497802734,6.511250019073486
3495,8.87270736694336,6.51192569732666
3496,10.113807678222656,6.512955188751221
3497,6.902523994445801,6.51306676864624
3498,7.3081159591674805,6.513293743133545
3499,7.782664775848389,6.5136566162109375
3500,7.640893936157227,6.513978481292725
3501,7.370324611663818,6.514223575592041
3502,7.583805084228516,6.514528751373291
3503,7.555604934692383,6.514825820922852
3504,9.376546859741211,6.515642166137695
3505,9.449236869812012,6.516479015350342
3506,7.74344539642334,6.516829013824463
3507,8.857492446899414,6.517496109008789
3508,6.903715133666992,6.517606735229492
3509,6.387291431427002,6.517569065093994
3510,5.828669548034668,6.517373085021973
3511,8.222576141357422,6.517858505249023
3512,8.137685775756836,6.518319129943848
3513,6.633248805999756,6.518352031707764
3514,8.298888206481934,6.518858432769775
3515,8.713034629821777,6.519482135772705
3516,6.721177577972412,6.5195393562316895
3517,6.948667049407959,6.519661903381348
3518,8.197819709777832,6.520138263702393
3519,9.575953483581543,6.5210065841674805
3520,5.315142631530762,6.520663738250732
3521,7.8467302322387695,6.521040916442871
3522,8.917062759399414,6.521720886230469
3523,7.338669776916504,6.5219526290893555
3524,9.353779792785645,6.522756099700928
3525,6.355454444885254,6.522708415985107
3526,7.4458160400390625,6.522970199584961
3527,6.370031356811523,6.522926330566406
3528,6.530156135559082,6.522928237915039
3529,7.512894153594971,6.523209095001221
3530,7.683917999267578,6.523537635803223
3531,6.965789318084717,6.523662567138672
3532,5.953970909118652,6.523500919342041
3533,5.624011039733887,6.5232462882995605
3534,6.786712646484375,6.523321151733398
3535,5.961185455322266,6.523161888122559
3536,7.386696815490723,6.523406028747559
3537,6.202393054962158,6.5233154296875
3538,6.364980697631836,6.523270606994629
3539,7.204606533050537,6.523463249206543
3540,7.730615139007568,6.523804187774658
3541,5.78655481338501,6.523596286773682
3542,6.467413902282715,6.523580074310303
3543,6.302745342254639,6.523518085479736
3544,6.135812282562256,6.523408889770508
3545,5.337937355041504,6.523074626922607
3546,5.853505611419678,6.522885799407959
3547,7.05849552154541,6.523036956787109
3548,8.329363822937012,6.523545742034912
3549,5.816036224365234,6.523346900939941
3550,6.13405179977417,6.523237228393555
3551,6.221236705780029,6.5231523513793945
3552,6.285378456115723,6.523085117340088
3553,6.61546516418457,6.523110866546631
3554,5.283788681030273,6.522762298583984
3555,7.035246849060059,6.522906303405762
3556,4.5740132331848145,6.522358417510986
3557,6.8122453689575195,6.522439956665039
3558,7.645208358764648,6.522755146026611
3559,7.537205696105957,6.523040294647217
3560,7.501148223876953,6.523314952850342
3561,7.218153953552246,6.523510456085205
3562,8.170907020568848,6.523972988128662
3563,7.468437194824219,6.524238109588623
3564,5.650487899780273,6.523993015289307
3565,7.593802452087402,6.524292945861816
3566,7.2293572425842285,6.5244903564453125
3567,7.261412620544434,6.524697303771973
3568,7.427148342132568,6.52495002746582
3569,7.336530685424805,6.525177478790283
3570,5.687219619750977,6.524942874908447
3571,7.261464595794678,6.525148868560791
3572,8.6859130859375,6.525753498077393
3573,6.769964694976807,6.525821685791016
3574,4.974518299102783,6.525387763977051
3575,7.696187973022461,6.525714874267578
3576,5.169735431671143,6.525335788726807
3577,7.47559928894043,6.525601863861084
3578,6.535845756530762,6.525604724884033
3579,6.143369197845459,6.5254974365234375
3580,6.836775779724121,6.5255842208862305
3581,7.359011650085449,6.525816917419434
3582,6.211545944213867,6.525729179382324
3583,8.663098335266113,6.526325702667236
3584,7.658653259277344,6.526641368865967
3585,4.364758014678955,6.526038646697998
3586,6.095080852508545,6.525918960571289
3587,5.582387924194336,6.525655746459961
3588,7.036392688751221,6.525798320770264
3589,8.792842864990234,6.526429653167725
3590,6.005787372589111,6.526284694671631
3591,7.475503921508789,6.526548862457275
3592,6.411712646484375,6.526516914367676
3593,6.492132663726807,6.526507377624512
3594,6.945219993591309,6.526623725891113
3595,6.540769577026367,6.526628017425537
3596,6.534762382507324,6.526630401611328
3597,5.592859268188477,6.526371002197266
3598,8.443737983703613,6.5269036293029785
3599,7.391152858734131,6.527143478393555
3600,-2.7867794036865234,6.524557113647461
3601,-3.8797247409820557,6.521668910980225
3602,-1.2231404781341553,6.519519329071045
3603,-11.932992935180664,6.51439905166626
3604,-16.37590789794922,6.508049964904785
3605,-5.660778045654297,6.504675388336182
3606,-15.556257247924805,6.49855899810791
3607,-6.6926960945129395,6.494902610778809
3608,-9.174272537231445,6.490561485290527
3609,-10.125838279724121,6.485958576202393
3610,-16.937454223632812,6.479471683502197
3611,-13.47307300567627,6.473948001861572
3612,-6.953897953033447,6.470231533050537
3613,-8.929482460021973,6.465970516204834
3614,-9.435721397399902,6.46157169342041
3615,-12.099664688110352,6.4564385414123535
3616,-9.907845497131348,6.451914310455322
3617,-20.27315902709961,6.444527626037598
3618,-10.18200397491455,6.4399333000183105
3619,-9.363588333129883,6.435567855834961
3620,-12.521993637084961,6.430332660675049
3621,-6.079629898071289,6.426878452301025
3622,-5.348963737487793,6.423628330230713
3623,-7.476525783538818,6.419792652130127
3624,-4.704300403594971,6.416723728179932
3625,-6.230854511260986,6.413235664367676
3626,-9.726795196533203,6.408785820007324
3627,-4.605172157287598,6.405749797821045
3628,-6.021891117095947,6.402325630187988
3629,-1.857308030128479,6.400050163269043
3630,-11.514366149902344,6.395116329193115
3631,-2.6978206634521484,6.392612934112549
3632,-8.332660675048828,6.388559818267822
3633,-7.033309459686279,6.384866714477539
3634,-2.456284523010254,6.382434368133545
3635,-7.989291191101074,6.378481388092041
3636,-5.363130569458008,6.375252723693848
3637,-12.705953598022461,6.3700079917907715
3638,-14.808433532714844,6.364188194274902
3639,-14.627681732177734,6.358421325683594
3640,-1.7060120105743408,6.356206893920898
3641,-4.1339640617370605,6.353326320648193
3642,-9.337044715881348,6.3490190505981445
3643,-6.906421661376953,6.345381736755371
3644,-5.218379974365234,6.3422088623046875
3645,-1.8162590265274048,6.33997106552124
3646,-6.069223403930664,6.336568832397461
3647,-5.705031871795654,6.333268165588379
3648,-7.765818119049072,6.329404354095459
3649,-13.00142765045166,6.324108123779297
3650,-10.939289093017578,6.3193793296813965
3651,-13.541095733642578,6.313941478729248
3652,-7.916774749755859,6.3100457191467285
3653,-10.74205207824707,6.305379390716553
3654,-12.042283058166504,6.30035924911499
3655,-9.756632804870605,6.2959675788879395
3656,-6.409451484680176,6.292492866516113
3657,-10.863447189331055,6.2878031730651855
3658,-4.328320503234863,6.2849016189575195
3659,14.59812068939209,6.287172794342041
3660,9.57093334197998,6.288069725036621
3661,12.601761817932129,6.289793491363525
3662,12.490474700927734,6.2914862632751465
3663,11.963104248046875,6.293034553527832
3664,13.869112968444824,6.295101642608643
3665,11.083173751831055,6.296407699584961
3666,10.690919876098633,6.297606468200684
3667,14.15906810760498,6.299749374389648
3668,10.821639060974121,6.3009819984436035
3669,12.193096160888672,6.302587509155273
3670,9.497933387756348,6.303457736968994
3671,9.780022621154785,6.3044047355651855
3672,9.752152442932129,6.305343151092529
3673,12.765785217285156,6.307101726531982
3674,12.675128936767578,6.308834552764893
3675,12.667940139770508,6.3105645179748535
3676,11.69809341430664,6.3120293617248535
3677,12.130226135253906,6.3136115074157715
3678,11.403078079223633,6.314994812011719
3679,11.3546142578125,6.316364288330078
3680,9.590392112731934,6.317253589630127
3681,11.73205852508545,6.318724155426025
3682,10.222090721130371,6.319784164428711
3683,12.718267440795898,6.321521282196045
3684,11.423267364501953,6.322906017303467
3685,12.962650299072266,6.324707508087158
3686,10.888270378112793,6.3259453773498535
3687,11.212175369262695,6.327270030975342
3688,11.10805892944336,6.328566074371338
3689,11.250428199768066,6.329899787902832
3690,12.144081115722656,6.331475257873535
3691,10.146308898925781,6.332508563995361
3692,11.202329635620117,6.333827495574951
3693,11.128083229064941,6.33512544631958
3694,11.52079963684082,6.336528778076172
3695,10.347686767578125,6.337614059448242
3696,10.947738647460938,6.338860988616943
3697,11.42153549194336,6.340235710144043
3698,8.998658180236816,6.340954303741455
3699,11.348411560058594,6.342307090759277
3700,11.465779304504395,6.343691349029541
3701,10.315694808959961,6.344764709472656
3702,9.99795150756836,6.3457512855529785
3703,14.564719200134277,6.347970008850098
3704,10.61705207824707,6.349122047424316
3705,11.632387161254883,6.350547790527344
3706,11.14651107788086,6.351841926574707
3707,12.77957820892334,6.353575229644775
3708,14.852506637573242,6.355866432189941
3709,10.786561012268066,6.35706090927124
3710,11.019142150878906,6.358316898345947
3711,10.6254301071167,6.359466552734375
3712,13.018631935119629,6.361260414123535
3713,12.845510482788086,6.363006114959717
3714,12.647360801696777,6.364697456359863
3715,14.10521125793457,6.366780757904053
3716,13.450090408325195,6.368686199188232
3717,13.03778076171875,6.370479583740234
3718,12.248286247253418,6.372060298919678
3719,11.388679504394531,6.373408794403076
3720,13.480568885803223,6.37531852722168
3721,11.580671310424805,6.3767170906066895
3722,11.51934814453125,6.378098487854004
3723,11.906366348266602,6.37958288192749
3724,9.637311935424805,6.380457401275635
3725,10.692602157592773,6.381614685058594
3726,10.67141056060791,6.382765769958496
3727,9.973113059997559,6.383728981018066
3728,10.623424530029297,6.384865760803223
3729,8.80027961730957,6.3855133056640625
3730,12.02462387084961,6.387024879455566
3731,9.711638450622559,6.38791561126709
3732,9.170086860656738,6.388660907745361
3733,9.625306129455566,6.389527797698975
3734,10.833916664123535,6.390717506408691
3735,10.72140121459961,6.391876697540283
3736,10.203346252441406,6.39289665222168
3737,9.059880256652832,6.393610000610352
3738,10.19459342956543,6.394626617431641
3739,10.589953422546387,6.395748615264893
3740,9.158727645874023,6.396486759185791
3741,7.548020362854004,6.39679479598999
3742,10.150869369506836,6.397797584533691
3743,10.383152961730957,6.398862361907959
3744,8.67397689819336,6.399469375610352
3745,6.577109336853027,6.399516582489014
3746,9.132157325744629,6.4002461433410645
3747,5.283801078796387,6.3999481201171875
3748,10.530736923217773,6.401050090789795
3749,8.055233001708984,6.401491165161133
3750,10.202726364135742,6.4025044441223145
3751,5.629047393798828,6.402298450469971
3752,9.070616722106934,6.403009414672852
3753,9.736015319824219,6.403897285461426
3754,9.984691619873047,6.404850959777832
3755,10.809957504272461,6.406023979187012
3756,12.499152183532715,6.4076457023620605
3757,11.589677810668945,6.409024715423584
3758,11.312947273254395,6.410329341888428
3759,10.446439743041992,6.411402702331543
3760,12.139286041259766,6.412925720214844
3761,10.834683418273926,6.4141011238098145
3762,11.888747215270996,6.415555953979492
3763,11.654529571533203,6.416947364807129
3764,12.757039070129395,6.418631553649902
3765,9.166229248046875,6.419361114501953
3766,10.24662971496582,6.420377254486084
3767,9.734121322631836,6.4212565422058105
3768,10.838186264038086,6.422428607940674
3769,11.748350143432617,6.4238409996032715
3770,12.555912971496582,6.425467491149902
3771,9.057759284973145,6.426165580749512
3772,11.774540901184082,6.42758321762085
3773,12.398323059082031,6.429165363311768
3774,10.762728691101074,6.430313587188721
3775,9.397708892822266,6.4310994148254395
3776,10.329957008361816,6.432131767272949
3777,11.201010704040527,6.433394432067871
3778,10.399042129516602,6.434443473815918
3779,9.872167587280273,6.4353532791137695
3780,10.511399269104004,6.436431407928467
3781,12.02334213256836,6.43790864944458
3782,9.348076820373535,6.438677787780762
3783,13.181504249572754,6.440459728240967
3784,10.973621368408203,6.441657066345215
3785,7.759561538696289,6.442005157470703
3786,13.835104942321777,6.443957805633545
3787,1.5691452026367188,6.4426703453063965
3788,4.435507297515869,6.442140579223633
3789,4.173457622528076,6.441542148590088
3790,4.734289646148682,6.441092014312744
3791,1.379671573638916,6.439756870269775
3792,4.431995868682861,6.43922758102417
3793,2.3453147411346436,6.438148498535156
3794,1.869335412979126,6.436944484710693
3795,3.2283236980438232,6.436099529266357
3796,4.761604309082031,6.4356584548950195
3797,7.48239803314209,6.435934066772461
3798,1.958914875984192,6.434755802154541
3799,2.114764451980591,6.433619022369385
3800,1.950808048248291,6.432439804077148
3801,3.132094144821167,6.431571960449219
3802,3.3982601165771484,6.430774211883545
3803,3.59700083732605,6.430029392242432
3804,3.5437822341918945,6.4292707443237305
3805,4.3642497062683105,6.428728103637695
3806,1.9966341257095337,6.427563667297363
3807,8.959446907043457,6.428228378295898
3808,2.302516460418701,6.427145004272461
3809,3.72977876663208,6.4264373779296875
3810,3.1269140243530273,6.425571441650391
3811,1.6796274185180664,6.424326419830322
3812,3.1272170543670654,6.4234619140625
3813,3.997347354888916,6.422825813293457
3814,2.7952897548675537,6.421875
3815,3.2584195137023926,6.421045780181885
3816,4.012474060058594,6.420414447784424
3817,4.702238082885742,6.419964790344238
3818,3.2402374744415283,6.419132232666016
3819,3.969388246536255,6.418490886688232
3820,3.484130382537842,6.417722702026367
3821,2.5604019165039062,6.416713714599609
3822,2.537010669708252,6.415699005126953
3823,3.857891321182251,6.415030002593994
3824,3.0481135845184326,6.414149761199951
3825,3.239260673522949,6.413320064544678
3826,4.136570453643799,6.412725448608398
3827,4.18768310546875,6.412144184112549
3828,0.062365978956222534,6.410485744476318
3829,3.3628945350646973,6.4096903800964355
3830,0.7852417230606079,6.408222198486328
3831,3.114943265914917,6.407362461090088
3832,9.593096733093262,6.408194065093994
3833,1.7365460395812988,6.406975269317627
3834,-0.499470978975296,6.405174255371094
3835,2.1788787841796875,6.4040727615356445
3836,3.599665641784668,6.403341770172119
3837,0.8543072938919067,6.401895999908447
3838,3.1264419555664062,6.401042938232422
3839,1.0597376823425293,6.399652004241943
3840,5.747241497039795,6.399482250213623
3841,2.618340015411377,6.39849853515625
3842,2.6731064319610596,6.397529125213623
3843,2.9704198837280273,6.396637916564941
3844,1.547499418258667,6.395376682281494
3845,4.186305046081543,6.394802093505859
3846,5.304675102233887,6.3945183753967285
3847,5.708749771118164,6.394340515136719
3848,2.695965528488159,6.393379211425781
3849,3.584461212158203,6.3926496505737305
3850,4.294555187225342,6.3921051025390625
3851,2.825554847717285,6.391179084777832
3852,4.492667198181152,6.390686511993408
3853,3.5939362049102783,6.389960765838623
3854,7.249181747436523,6.390183925628662
3855,6.93536376953125,6.39032506942749
3856,5.3499274253845215,6.390055179595947
3857,4.10737419128418,6.389463424682617
3858,6.701560974121094,6.389544486999512
3859,2.6769447326660156,6.388582706451416
3860,5.1012091636657715,6.388249397277832
3861,5.416219234466553,6.387997627258301
3862,6.773646354675293,6.388097286224365
3863,6.178293704986572,6.38804292678833
3864,4.065202713012695,6.387442111968994
3865,4.3729119300842285,6.386920928955078
3866,6.47470760345459,6.386943340301514
3867,5.397494316101074,6.386687755584717
3868,4.633429050445557,6.386234760284424
3869,9.257248878479004,6.386976718902588
3870,4.506129264831543,6.386490821838379
3871,5.197398662567139,6.386183738708496
3872,4.663115978240967,6.385738849639893
3873,6.715102195739746,6.385823726654053
3874,5.433769226074219,6.385578155517578
3875,4.636612892150879,6.385127067565918
3876,6.559892654418945,6.385172367095947
3877,5.776756286621094,6.385015487670898
3878,4.77711296081543,6.38460111618042
3879,5.460360527038574,6.384362697601318
3880,3.0014114379882812,6.383491516113281
3881,3.690129280090332,6.3827972412109375
3882,4.385860443115234,6.3822832107543945
3883,4.605137348175049,6.381825923919678
3884,3.084653854370117,6.380977153778076
3885,6.646158218383789,6.381045341491699
3886,10.932784080505371,6.382216453552246
3887,4.817619323730469,6.381814479827881
3888,0.07142879068851471,6.380191802978516
3889,7.372506141662598,6.3804473876953125
3890,5.106950283050537,6.380119800567627
3891,0.9209715127944946,6.378717422485352
3892,7.14334774017334,6.378913879394531
3893,6.183908462524414,6.37886381149292
3894,4.720800399780273,6.3784379959106445
3895,5.365497589111328,6.378177642822266
3896,4.444809913635254,6.377681732177734
3897,3.6439390182495117,6.376980781555176
3898,2.892693281173706,6.376087188720703
3899,4.665165424346924,6.375648498535156
3900,5.806008338928223,6.375502586364746
3901,6.086158275604248,6.375428676605225
3902,5.51242733001709,6.37520694732666
3903,1.2162153720855713,6.373885631561279
3904,3.4372434616088867,6.373134136199951
3905,5.90224552154541,6.373013496398926
3906,5.747847080230713,6.3728532791137695
3907,4.737979888916016,6.372435092926025
3908,5.070695877075195,6.3721022605896
3909,1.3477647304534912,6.370817184448242
3910,8.013680458068848,6.371237277984619
3911,3.921442985534668,6.370611190795898
3912,6.125174045562744,6.370548248291016
3913,6.540221691131592,6.370591640472412
3914,4.338986396789551,6.370072841644287
3915,3.985640048980713,6.36946439743042
3916,6.35293436050415,6.369460105895996
3917,5.878978252410889,6.369335174560547
3918,6.020383358001709,6.369246006011963
3919,4.466457843780518,6.368760585784912
3920,4.98799991607666,6.368408203125
3921,2.6609280109405518,6.367463111877441
3922,5.8507795333862305,6.367331504821777
3923,3.6544344425201416,6.366640090942383
3924,4.126667022705078,6.366069316864014
3925,4.0380096435546875,6.365476131439209
3926,7.264569282531738,6.3657050132751465
3927,3.6044936180114746,6.365002155303955
3928,8.162364959716797,6.365459442138672
3929,9.683032035827637,6.36630392074585
3930,3.853672981262207,6.365664482116699
3931,1.4880050420761108,6.364424228668213
3932,6.781734466552734,6.364530086517334
3933,4.232229232788086,6.363988399505615
3934,9.042490005493164,6.364668846130371
3935,2.2911276817321777,6.36363410949707
3936,3.3568954467773438,6.362870693206787
3937,2.0391547679901123,6.361772537231445
3938,11.027751922607422,6.362957000732422
3939,3.422163963317871,6.362210273742676
3940,5.176097869873047,6.36190938949585
3941,3.239102840423584,6.361116886138916
3942,3.9014177322387695,6.3604936599731445
3943,8.591239929199219,6.361059188842773
3944,5.455758571624756,6.3608293533325195
3945,4.912505149841309,6.360462665557861
3946,5.6039228439331055,6.3602705001831055
3947,5.759095191955566,6.360118389129639
3948,10.788642883300781,6.361239910125732
3949,13.92458438873291,6.363154888153076
3950,12.34476089477539,6.364668846130371
3951,12.026752471923828,6.3661017417907715
3952,11.458195686340332,6.367390155792236
3953,11.411394119262695,6.36866569519043
3954,12.618305206298828,6.370246410369873
3955,11.487656593322754,6.371540069580078
3956,10.326212882995605,6.372539520263672
3957,13.017840385437012,6.374218463897705
3958,12.097731590270996,6.375664234161377
3959,12.302301406860352,6.377160549163818
3960,13.234257698059082,6.378891944885254
3961,12.176078796386719,6.380354881286621
3962,12.117238998413086,6.381802558898926
3963,12.306394577026367,6.383297443389893
3964,12.569952964782715,6.384857654571533
3965,11.91195011138916,6.386251449584961
3966,14.256162643432617,6.388235092163086
3967,12.623376846313477,6.389806270599365
3968,10.482367515563965,6.390837669372559
3969,10.926003456115723,6.391979694366455
3970,10.950557708740234,6.393127918243408
3971,12.963732719421387,6.394782066345215
3972,11.169708251953125,6.395983695983887
3973,11.481975555419922,6.397264003753662
3974,12.145529747009277,6.398710250854492
3975,10.79327392578125,6.399815559387207
3976,12.889119148254395,6.40144681930542
3977,11.890449523925781,6.40282678604126
3978,12.445075988769531,6.404345512390137
3979,11.797903060913086,6.40570068359375
3980,10.928632736206055,6.406836986541748
3981,8.983084678649902,6.4074835777282715
3982,11.656170845031738,6.408801555633545
3983,10.406908988952637,6.409804821014404
3984,10.404597282409668,6.410807132720947
3985,11.39814567565918,6.412058353424072
3986,10.387413024902344,6.413055419921875
3987,11.523547172546387,6.414336681365967
3988,11.75873851776123,6.415676116943359
3989,10.453453063964844,6.416688442230225
3990,11.815361022949219,6.418040752410889
3991,11.678489685058594,6.419358253479004
3992,12.839439392089844,6.420966148376465
3993,12.62327766418457,6.422519207000732
3994,10.341941833496094,6.423500061035156
3995,9.356084823608398,6.424233913421631
3996,11.190775871276855,6.425426483154297
3997,13.233146667480469,6.42712926864624
3998,11.778949737548828,6.428467273712158
3999,10.848111152648926,6.429572105407715
4000,13.358972549438477,6.431304454803467
4001,10.780790328979492,6.432391166687012
4002,12.201008796691895,6.433832168579102
4003,12.747384071350098,6.4354095458984375
4004,11.634636878967285,6.436707496643066
4005,12.273832321166992,6.438164710998535
4006,12.214332580566406,6.439606189727783
4007,11.82420539855957,6.440949440002441
4008,12.513542175292969,6.442464351654053
4009,12.398475646972656,6.4439496994018555
4010,11.747493743896484,6.445271968841553
4011,11.747664451599121,6.446593761444092
4012,13.339873313903809,6.4483113288879395
4013,12.221335411071777,6.44974946975708
4014,12.972570419311523,6.451374053955078
4015,13.006275177001953,6.453006267547607
4016,12.263944625854492,6.454452991485596
4017,11.590625762939453,6.45573091506958
4018,11.119964599609375,6.456891059875488
4019,10.0368070602417,6.457781791687012
4020,10.015883445739746,6.458666801452637
4021,12.371551513671875,6.460136890411377
4022,11.482001304626465,6.461385250091553
4023,12.359807968139648,6.462851047515869
4024,11.883869171142578,6.464198112487793
4025,13.746800422668457,6.466006755828857
4026,13.888334274291992,6.4678497314453125
4027,14.211402893066406,6.4697723388671875
4028,12.51504135131836,6.471272945404053
4029,13.489627838134766,6.4730143547058105
4030,13.153440475463867,6.474671840667725
4031,11.725811004638672,6.4759745597839355
4032,11.419648170471191,6.477200508117676
4033,12.000527381896973,6.478569507598877
4034,12.37354850769043,6.480030059814453
4035,12.49259090423584,6.48151969909668
4036,12.325631141662598,6.482967376708984
4037,13.395424842834473,6.484679222106934
4038,12.271980285644531,6.486112117767334
4039,11.879859924316406,6.4874467849731445
4040,9.647205352783203,6.488228797912598
4041,12.412886619567871,6.489694118499756
4042,11.726669311523438,6.4909892082214355
4043,13.284869194030762,6.492669582366943
4044,13.081737518310547,6.494298458099365
4045,13.393829345703125,6.496004104614258
4046,11.233406066894531,6.4971747398376465
4047,12.638965606689453,6.498692035675049
4048,14.428049087524414,6.500650405883789
4049,12.53383731842041,6.502139568328857
4050,13.852632522583008,6.5039544105529785
4051,13.750487327575684,6.50574254989624
4052,12.639606475830078,6.507256031036377
4053,13.064112663269043,6.508873462677002
4054,13.000823974609375,6.51047420501709
4055,14.333398818969727,6.5124030113220215
4056,12.619675636291504,6.513908386230469
4057,13.948799133300781,6.515740394592285
4058,12.66801643371582,6.517256259918213
4059,12.432197570800781,6.518712997436523
4060,14.174541473388672,6.5205979347229
4061,13.472771644592285,6.522309303283691
4062,15.000980377197266,6.5243964195251465
4063,13.4464111328125,6.526100158691406
4064,13.425943374633789,6.527797222137451
4065,12.949808120727539,6.52937650680542
4066,12.043376922607422,6.530732154846191
4067,11.531179428100586,6.531961441040039
4068,15.485116958618164,6.534161567687988
4069,9.840314865112305,6.534974098205566
4070,11.951108932495117,6.536304473876953
4071,9.952754020690918,6.537143230438232
4072,12.797807693481445,6.538680076599121
4073,12.889225006103516,6.540238857269287
4074,11.748041152954102,6.5415167808532715
4075,10.48885440826416,6.542485237121582
4076,13.510152816772461,6.544194221496582
4077,13.297022819519043,6.5458502769470215
4078,15.177900314331055,6.547966003417969
4079,13.034595489501953,6.549556255340576
4080,11.717082023620605,6.5508222579956055
4081,12.915733337402344,6.55238151550293
4082,7.76584529876709,6.552679061889648
4083,13.818220138549805,6.554458141326904
4084,12.538966178894043,6.555922985076904
4085,13.180583953857422,6.557544231414795
4086,12.204187393188477,6.558926105499268
4087,12.77370548248291,6.560446262359619
4088,12.567854881286621,6.561915397644043
4089,12.019721031188965,6.563249588012695
4090,12.687026023864746,6.564746856689453
4091,13.372629165649414,6.566410541534424
4092,13.978214263916016,6.568221569061279
4093,12.289776802062988,6.5696187019348145
4094,12.635400772094727,6.571099758148193
4095,12.80801010131836,6.572622776031494
4096,12.070089340209961,6.573964595794678
4097,9.593409538269043,6.57470178604126
4098,14.154549598693848,6.576550483703613
4099,15.063735961914062,6.578620910644531
4100,12.26313591003418,6.580007076263428
4101,13.016562461853027,6.581575870513916
4102,10.356691360473633,6.582496166229248
4103,10.711938858032227,6.583502769470215
4104,12.644826889038086,6.584979057312012
4105,14.098245620727539,6.586809158325195
4106,13.454642295837402,6.588481426239014
4107,12.159782409667969,6.589837551116943
4108,11.853944778442383,6.591118812561035
4109,12.48302936553955,6.592552185058594
4110,12.879361152648926,6.594080924987793
4111,12.476521492004395,6.5955119132995605
4112,13.360696792602539,6.597156524658203
4113,12.255621910095215,6.598532199859619
4114,12.477216720581055,6.599960803985596
4115,13.222928047180176,6.601569652557373
4116,12.726943969726562,6.603057384490967
4117,11.66045093536377,6.60428524017334
4118,10.616341590881348,6.605259418487549
4119,12.952738761901855,6.606800556182861
4120,9.699200630187988,6.607550621032715
4121,10.250615119934082,6.608434677124023
4122,10.863938331604004,6.609466552734375
4123,9.319341659545898,6.610123634338379
4124,9.892309188842773,6.61091947555542
4125,9.716978073120117,6.611672401428223
4126,10.211215019226074,6.612544536590576
4127,8.809860229492188,6.613076686859131
4128,9.456586837768555,6.613765716552734
4129,9.750450134277344,6.614524841308594
4130,10.345260620117188,6.615428447723389
4131,9.538683891296387,6.616135597229004
4132,9.767390251159668,6.616898059844971
4133,9.702404022216797,6.617644786834717
4134,10.299176216125488,6.618535041809082
4135,10.365925788879395,6.619441032409668
4136,9.866863250732422,6.62022590637207
4137,10.853028297424316,6.621249198913574
4138,9.280824661254883,6.621891498565674
4139,10.016621589660645,6.622712135314941
4140,9.248067855834961,6.623345851898193
4141,10.568331718444824,6.624298572540283
4142,11.38190746307373,6.625446796417236
4143,11.336404800415039,6.626583576202393
4144,9.621381759643555,6.62730598449707
4145,10.174840927124023,6.628161907196045
4146,9.481372833251953,6.628849506378174
4147,8.650077819824219,6.629337310791016
4148,10.278739929199219,6.630216598510742
4149,10.934834480285645,6.631254196166992
4150,10.130380630493164,6.632097244262695
4151,11.614270210266113,6.633297443389893
4152,11.300631523132324,6.634421348571777
4153,10.165644645690918,6.6352715492248535
4154,11.004514694213867,6.636322975158691
4155,10.276603698730469,6.6371989250183105
4156,9.535901069641113,6.6378960609436035
4157,12.003029823303223,6.639186859130859
4158,10.066899299621582,6.640010833740234
4159,11.534653663635254,6.64118766784668
4160,10.957364082336426,6.6422247886657715
4161,10.574289321899414,6.643169403076172
4162,9.998308181762695,6.643975257873535
4163,11.193161010742188,6.6450676918029785
4164,10.330859184265137,6.6459527015686035
4165,10.21391487121582,6.646809101104736
4166,10.410399436950684,6.647712230682373
4167,11.577062606811523,6.648894786834717
4168,11.265663146972656,6.650002479553223
4169,10.616037368774414,6.65095329284668
4170,9.432209014892578,6.651619911193848
4171,10.153078079223633,6.652459144592285
4172,12.559160232543945,6.653874397277832
4173,9.854568481445312,6.654641151428223
4174,11.630702018737793,6.6558332443237305
4175,9.244904518127441,6.6564531326293945
4176,11.065739631652832,6.657508850097656
4177,9.67726993560791,6.658231735229492
4178,10.127534866333008,6.659061908721924
4179,10.555099487304688,6.659993648529053
4180,8.864290237426758,6.660521030426025
4181,9.791620254516602,6.661269664764404
4182,10.547051429748535,6.662198543548584
4183,10.137481689453125,6.663029193878174
4184,10.676278114318848,6.663987636566162
4185,9.198535919189453,6.664593696594238
4186,9.575183868408203,6.66528844833374
4187,10.430489540100098,6.666187286376953
4188,9.857002258300781,6.666949272155762
4189,11.115966796875,6.668010711669922
4190,8.625205039978027,6.668477535247803
4191,9.7654447555542,6.669216632843018
4192,9.87916088104248,6.669981956481934
4193,9.777361869812012,6.670722961425781
4194,9.87978744506836,6.671487808227539
4195,9.471012115478516,6.672154903411865
4196,9.368621826171875,6.672797203063965
4197,10.444912910461426,6.673696041107178
4198,10.107734680175781,6.674513816833496
4199,8.893193244934082,6.675041675567627
4200,9.901798248291016,6.675809860229492
4201,9.283108711242676,6.676430702209473
4202,10.13574504852295,6.677253723144531
4203,10.087057113647461,6.678065299987793
4204,9.244256019592285,6.678675174713135
4205,8.906005859375,6.679204940795898
4206,9.8435640335083,6.679957389831543
4207,10.226397514343262,6.680799961090088
4208,9.986087799072266,6.681585311889648
4209,10.412869453430176,6.682471752166748
4210,11.585198402404785,6.68363618850708
4211,10.479900360107422,6.684537410736084
4212,9.244050025939941,6.685144901275635
4213,11.088054656982422,6.686189651489258
4214,8.345590591430664,6.686583518981934
4215,9.320056915283203,6.68720817565918
4216,9.414649963378906,6.687854766845703
4217,11.074261665344238,6.688894748687744
4218,9.665014266967773,6.689599990844727
4219,11.826454162597656,6.690816879272461
4220,13.509087562561035,6.692432403564453
4221,12.261265754699707,6.693751811981201
4222,8.85429573059082,6.694262981414795
4223,10.036394119262695,6.695054531097412
4224,8.773637771606445,6.695546627044678
4225,9.102856636047363,6.6961164474487305
4226,11.034128189086914,6.697142124176025
4227,12.00809097290039,6.698398113250732
4228,11.352664947509766,6.699499130249023
4229,12.023519515991211,6.7007575035095215
4230,11.295495986938477,6.701843738555908
4231,8.526077270507812,6.702274322509766
4232,10.838781356811523,6.703251361846924
4233,10.36913776397705,6.704117298126221
4234,12.35445499420166,6.705451011657715
4235,11.972597122192383,6.706694602966309
4236,8.687931060791016,6.707162380218506
4237,10.778295516967773,6.708122730255127
4238,8.343268394470215,6.708508491516113
4239,9.498483657836914,6.709166526794434
4240,9.154204368591309,6.709743022918701
4241,12.47512435913086,6.71110200881958
4242,11.660684585571289,6.712268352508545
4243,11.424981117248535,6.71337890625
4244,9.191474914550781,6.713962554931641
4245,9.71544361114502,6.714669227600098
4246,15.618305206298828,6.716765880584717
4247,10.447614669799805,6.717644214630127
4248,11.520259857177734,6.718774318695068
4249,8.544631004333496,6.719203948974609
4250,11.740927696228027,6.7203850746154785
4251,8.727882385253906,6.720857620239258
4252,10.095654487609863,6.721651077270508
4253,10.162049293518066,6.72245979309082
4254,9.581554412841797,6.7231316566467285
4255,11.308958053588867,6.724209308624268
4256,11.80237865447998,6.725402355194092
4257,11.941749572753906,6.726627349853516
4258,11.46337890625,6.727739334106445
4259,10.113696098327637,6.728533744812012
4260,10.707558631896973,6.729467868804932
4261,11.444493293762207,6.730574131011963
4262,13.23503589630127,6.732100009918213
4263,14.216943740844727,6.733855247497559
4264,11.491642951965332,6.734970569610596
4265,11.724342346191406,6.736140251159668
4266,12.440003395080566,6.737476825714111
4267,12.69151782989502,6.738872051239014
4268,11.89906120300293,6.740080833435059
4269,12.372389793395996,6.741399765014648
4270,10.171119689941406,6.742203235626221
4271,12.583775520324707,6.743570327758789
4272,12.698312759399414,6.744964122772217
4273,9.966089248657227,6.745718002319336
4274,11.387332916259766,6.7468037605285645
4275,11.169536590576172,6.747838020324707
4276,10.08383846282959,6.748618125915527
4277,12.328882217407227,6.749922275543213
4278,10.284330368041992,6.750748634338379
4279,12.855777740478516,6.7521748542785645
4280,11.133488655090332,6.753198146820068
4281,11.133694648742676,6.754220962524414
4282,11.268083572387695,6.755274772644043
4283,10.07762336730957,6.7560505867004395
4284,10.601916313171387,6.756947994232178
4285,11.197101593017578,6.757983684539795
4286,11.663505554199219,6.759128093719482
4287,8.952866554260254,6.759639739990234
4288,11.567392349243164,6.760761260986328
4289,10.789375305175781,6.76170015335083
4290,12.19746208190918,6.762966632843018
4291,12.417430877685547,6.764284610748291
4292,12.068761825561523,6.765520095825195
4293,10.483311653137207,6.766385555267334
4294,12.738941192626953,6.767776012420654
4295,11.245248794555664,6.768818378448486
4296,11.412611961364746,6.769898891448975
4297,10.566166877746582,6.770782470703125
4298,10.381964683532715,6.771622657775879
4299,12.275010108947754,6.772902488708496
4300,12.087852478027344,6.7741379737854
4301,11.817428588867188,6.775310516357422
4302,13.452596664428711,6.776862621307373
4303,12.60745906829834,6.778217315673828
4304,12.022253036499023,6.779435157775879
4305,12.144296646118164,6.780681133270264
4306,11.763212203979492,6.7818379402160645
4307,10.27619457244873,6.782649040222168
4308,11.635848999023438,6.783775806427002
4309,11.733160972595215,6.784923553466797
4310,10.617408752441406,6.785812854766846
4311,10.642927169799805,6.786706924438477
4312,11.17015266418457,6.787723541259766
4313,9.587041854858398,6.78837251663208
4314,13.430896759033203,6.789912223815918
4315,11.778985977172852,6.791068077087402
4316,12.724905967712402,6.792442798614502
4317,11.01171875,6.79341983795166
4318,11.946343421936035,6.794612884521484
4319,12.718343734741211,6.795984268188477
4320,12.889547348022461,6.797394275665283
4321,12.409564971923828,6.7986931800842285
4322,12.066296577453613,6.7999114990234375
4323,12.589923858642578,6.801250457763672
4324,13.792366981506348,6.8028669357299805
4325,12.169599533081055,6.804107666015625
4326,10.893115043640137,6.805052757263184
4327,12.296733856201172,6.806321620941162
4328,12.887413024902344,6.8077263832092285
4329,13.297146797180176,6.809224605560303
4330,12.989879608154297,6.810651779174805
4331,12.43136215209961,6.811949729919434
4332,13.783079147338867,6.813558578491211
4333,11.813549995422363,6.814712047576904
4334,10.151847839355469,6.815482139587402
4335,11.299201965332031,6.816515922546387
4336,12.019563674926758,6.817715644836426
4337,9.242793083190918,6.81827449798584
4338,11.474794387817383,6.819347858428955
4339,11.006575584411621,6.8203125
4340,9.219873428344727,6.820865631103516
4341,13.788082122802734,6.822469711303711
4342,12.51842975616455,6.8237810134887695
4343,12.804698944091797,6.82515811920166
4344,11.258543014526367,6.826178073883057
4345,11.919707298278809,6.82735013961792
4346,12.800158500671387,6.828724384307861
4347,11.61488151550293,6.829825401306152
4348,10.795378684997559,6.830737113952637
4349,10.639699935913086,6.831612586975098
4350,11.662490844726562,6.832723140716553
4351,11.78907585144043,6.833861827850342
4352,12.075691223144531,6.835066318511963
4353,10.877540588378906,6.835994243621826
4354,11.998891830444336,6.837179660797119
4355,10.717378616333008,6.838070392608643
4356,11.214407920837402,6.839075088500977
4357,12.151485443115234,6.840294361114502
4358,11.984813690185547,6.8414740562438965
4359,12.054530143737793,6.84266996383667
4360,10.460351943969727,6.843499660491943
4361,12.271113395690918,6.8447442054748535
4362,11.461173057556152,6.845801830291748
4363,11.908414840698242,6.846961975097656
4364,11.791439056396484,6.848094940185547
4365,12.009111404418945,6.849277019500732
4366,8.016674041748047,6.849544525146484
4367,9.180227279663086,6.850078105926514
4368,9.574198722839355,6.850701332092285
4369,9.401859283447266,6.851285457611084
4370,8.283018112182617,6.8516130447387695
4371,8.2107515335083,6.851923942565918
4372,10.105491638183594,6.852667808532715
4373,9.63446044921875,6.853303909301758
4374,9.454681396484375,6.853898525238037
4375,6.5216803550720215,6.853822708129883
4376,9.139123916625977,6.854344844818115
4377,9.975212097167969,6.855057239532471
4378,9.314035415649414,6.855618953704834
4379,8.868661880493164,6.856078624725342
4380,8.375595092773438,6.8564252853393555
4381,8.476055145263672,6.856795310974121
4382,8.386442184448242,6.857144355773926
4383,7.380246639251709,6.857263565063477
4384,8.946951866149902,6.85774040222168
4385,9.378758430480957,6.8583149909973145
4386,4.698946952819824,6.857822895050049
4387,7.0624895095825195,6.857869625091553
4388,9.46651554107666,6.858464241027832
4389,8.431474685668945,6.858822345733643
4390,9.24744987487793,6.859366416931152
4391,7.363411903381348,6.859481334686279
4392,9.39765739440918,6.8600592613220215
4393,6.821072101593018,6.860050201416016
4394,7.97936487197876,6.860304832458496
4395,9.745770454406738,6.860960960388184
4396,8.259943008422852,6.861279487609863
4397,8.053370475769043,6.861550331115723
4398,10.033106803894043,6.862271308898926
4399,8.38301944732666,6.862616539001465
4400,9.138036727905273,6.863133907318115
4401,8.522614479064941,6.863511085510254
4402,7.4524383544921875,6.863645076751709
4403,8.905705451965332,6.864108562469482
4404,7.1784443855285645,6.864180088043213
4405,10.269063949584961,6.86495304107666
4406,7.7161478996276855,6.865146160125732
4407,6.5428056716918945,6.865073204040527
4408,7.450234889984131,6.865206241607666
4409,10.0263032913208,6.865922451019287
4410,9.323732376098633,6.866479873657227
4411,8.873525619506836,6.866934776306152
4412,6.521756649017334,6.866856575012207
4413,8.016757011413574,6.867116928100586
4414,8.465831756591797,6.86747932434082
4415,9.25083065032959,6.868019104003906
4416,7.649204254150391,6.868195533752441
4417,9.015423774719238,6.868681907653809
4418,9.27705192565918,6.869226932525635
4419,7.391079902648926,6.869344711303711
4420,7.007370471954346,6.869376182556152
4421,7.474573135375977,6.869513034820557
4422,6.2177510261535645,6.869365215301514
4423,9.40589714050293,6.869938850402832
4424,10.109573364257812,6.870670795440674
4425,6.6077494621276855,6.870611190795898
4426,8.650591850280762,6.871013641357422
4427,9.968395233154297,6.871713161468506
4428,8.915177345275879,6.8721747398376465
4429,9.345754623413086,6.872733116149902
4430,8.320964813232422,6.8730597496032715
4431,7.35609769821167,6.873168468475342
4432,8.474329948425293,6.87352991104126
4433,7.764596939086914,6.873730659484863
4434,8.617300033569336,6.874123573303223
4435,11.6317138671875,6.8751959800720215
4436,7.935141563415527,6.875434875488281
4437,8.127297401428223,6.875716686248779
4438,5.848998546600342,6.875485897064209
4439,7.973562240600586,6.875732898712158
4440,8.060791015625,6.875999450683594
4441,9.576172828674316,6.876607418060303
4442,8.015928268432617,6.876863956451416
4443,6.55698823928833,6.876791954040527
4444,7.36085844039917,6.876900672912598
4445,8.766923904418945,6.877326011657715
4446,7.755743980407715,6.877523422241211
4447,8.415928840637207,6.877869606018066
4448,8.036398887634277,6.878129959106445
4449,6.605445861816406,6.878068923950195
4450,8.931425094604492,6.878530025482178
4451,8.040661811828613,6.878791332244873
4452,6.895334243774414,6.8787946701049805
4453,9.504096031188965,6.8793840408325195
4454,10.16655158996582,6.880122184753418
4455,6.520486831665039,6.880041122436523
4456,6.526735305786133,6.879961967468262
4457,7.10945987701416,6.880013465881348
4458,11.007499694824219,6.88093900680542
4459,8.81367015838623,6.881372451782227
4460,6.347899436950684,6.881252765655518
4461,7.316288471221924,6.881350517272949
4462,7.570813179016113,6.881505012512207
4463,8.893769264221191,6.881955623626709
4464,5.256229400634766,6.881591796875
4465,7.737183094024658,6.8817830085754395
4466,7.7032999992370605,6.881967067718506
4467,8.052419662475586,6.882228851318359
4468,8.161551475524902,6.8825154304504395
4469,8.176539421081543,6.882804870605469
4470,7.392716407775879,6.882918834686279
4471,6.715726852416992,6.882881164550781
4472,7.812202453613281,6.883089065551758
4473,7.838274002075195,6.883302211761475
4474,7.818110466003418,6.883511066436768
4475,7.406615734100342,6.883627891540527
4476,7.7750244140625,6.883827209472656
4477,7.6964874267578125,6.884008884429932
4478,8.639859199523926,6.884400844573975
4479,8.039463996887207,6.8846588134765625
4480,6.792551040649414,6.88463830947876
4481,7.765673637390137,6.8848347663879395
4482,8.684340476989746,6.8852362632751465
4483,7.702238082885742,6.88541841506958
4484,6.9622697830200195,6.885436058044434
4485,6.379574775695801,6.8853230476379395
4486,7.287639617919922,6.885412693023682
4487,6.597769260406494,6.885348320007324
4488,6.089654445648193,6.885170936584473
4489,6.178258895874023,6.885013580322266
4490,5.041800498962402,6.884603023529053
4491,7.057612419128418,6.884641170501709
4492,4.8393964767456055,6.884186267852783
4493,7.012813091278076,6.884214878082275
4494,6.482181072235107,6.884125709533691
4495,7.202529430389404,6.884196758270264
4496,9.389264106750488,6.884753227233887
4497,7.364226341247559,6.884860038757324
4498,8.911975860595703,6.885310649871826
4499,8.68482494354248,6.885710716247559
4500,7.001720428466797,6.885736465454102
4501,4.035974025726318,6.885103225708008
4502,5.849394798278809,6.884873390197754
4503,7.32521915435791,6.8849711418151855
4504,6.719264030456543,6.884934425354004
4505,6.2825164794921875,6.884800910949707
4506,7.477870941162109,6.884932518005371
4507,4.703019618988037,6.884448528289795
4508,5.880344390869141,6.884225845336914
4509,4.143513202667236,6.883617877960205
4510,4.288330078125,6.883042812347412
4511,4.589313983917236,6.882534503936768
4512,3.5181565284729004,6.881789207458496
4513,7.0618577003479,6.881828784942627
4514,4.62312650680542,6.881328582763672
4515,3.905763626098633,6.880670070648193
4516,5.400669574737549,6.88034200668335
4517,5.124587059020996,6.879953861236572
4518,4.1380438804626465,6.879347324371338
4519,5.415241718292236,6.879023551940918
4520,3.8462674617767334,6.878352642059326
4521,2.467613458633423,6.877377033233643
4522,4.13278865814209,6.87677001953125
4523,1.1999179124832153,6.875514984130859
4524,4.2134318351745605,6.874926567077637
4525,4.814640998840332,6.874471187591553
4526,4.190611839294434,6.873878479003906
4527,3.53821063041687,6.873142242431641
4528,4.131200790405273,6.872536659240723
4529,3.3800103664398193,6.871766090393066
4530,3.3845019340515137,6.870996475219727
4531,2.929927349090576,6.870126724243164
4532,4.339564800262451,6.869568347930908
4533,2.4689693450927734,6.868597984313965
4534,4.309356689453125,6.868033409118652
4535,2.7819302082061768,6.867132186889648
4536,3.5484206676483154,6.866401195526123
4537,1.818574070930481,6.865288734436035
4538,2.7546634674072266,6.864382743835449
4539,2.491244316101074,6.863420009613037
4540,2.6239137649536133,6.862485885620117
4541,4.249945163726807,6.861910820007324
4542,2.7042393684387207,6.860995769500732
4543,3.190103530883789,6.860188007354736
4544,3.2535336017608643,6.859394550323486
4545,5.708460807800293,6.8591413497924805
4546,3.951878547668457,6.85850191116333
4547,5.932491302490234,6.858297824859619
4548,2.36545991897583,6.8573102951049805
4549,2.6668264865875244,6.856389045715332
4550,0.012777653522789478,6.854885578155518
4551,2.4920170307159424,6.853927135467529
4552,1.3000683784484863,6.852707386016846
4553,3.4632272720336914,6.851963043212891
4554,5.252668857574463,6.851611614227295
4555,4.17975378036499,6.851025581359863
4556,4.129856586456299,6.850428104400635
4557,5.56155252456665,6.85014533996582
4558,4.956073760986328,6.849730014801025
4559,5.45142936706543,6.849423408508301
4560,3.573490619659424,6.848705291748047
4561,2.704826593399048,6.84779691696167
4562,4.177916049957275,6.847211837768555
4563,4.311960220336914,6.846656799316406
4564,2.572216033935547,6.845720291137695
4565,5.347332954406738,6.845392227172852
4566,4.996723175048828,6.844987392425537
4567,4.605229377746582,6.844496726989746
4568,4.00911283493042,6.843876361846924
4569,2.5678160190582275,6.842940807342529
4570,3.1494674682617188,6.842133045196533
4571,4.226985454559326,6.8415608406066895
4572,3.6691951751708984,6.840867519378662
4573,2.591623306274414,6.839938640594482
4574,2.418930768966675,6.838972091674805
4575,2.6540849208831787,6.838057518005371
4576,2.584970474243164,6.837128639221191
4577,4.734302520751953,6.836668968200684
4578,3.77760648727417,6.836000919342041
4579,4.484238147735596,6.835487365722656
4580,6.310967445373535,6.8353729248046875
4581,7.193541049957275,6.835451126098633
4582,4.852046012878418,6.835018157958984
4583,6.665280342102051,6.834981441497803
4584,6.853293418884277,6.834985256195068
4585,3.958936929702759,6.834358215332031
4586,0.223001167178154,6.832916736602783
4587,4.512045383453369,6.83241081237793
4588,3.0882010459899902,6.831594944000244
4589,4.424711227416992,6.831070423126221
4590,6.367753982543945,6.830969333648682
4591,4.527650833129883,6.830467700958252
4592,3.2799079418182373,6.829694747924805
4593,4.669628620147705,6.829224586486816
4594,3.3586721420288086,6.828469276428223
4595,4.003966331481934,6.827854633331299
4596,1.133805274963379,6.826616287231445
4597,4.166901111602783,6.826037883758545
4598,5.170409679412842,6.825677394866943
4599,4.5602946281433105,6.825185298919678
4600,4.1875834465026855,6.824611663818359
4601,4.942688941955566,6.824203014373779
4602,4.458240509033203,6.823688983917236
4603,5.225645065307617,6.823342323303223
4604,3.998359441757202,6.822728633880615
4605,3.0339739322662354,6.821906089782715
4606,3.2462286949157715,6.82112979888916
4607,3.2949957847595215,6.820364475250244
4608,2.043355703353882,6.819328308105469
4609,5.5036234855651855,6.819042682647705
4610,2.7742133140563965,6.818165302276611
4611,7.8012542724609375,6.818378448486328
4612,3.520451784133911,6.817663192749023
4613,4.595142364501953,6.817181587219238
4614,2.943408489227295,6.816342353820801
4615,3.320513963699341,6.815585136413574
4616,2.5392069816589355,6.8146586418151855
4617,6.155984878540039,6.814516067504883
4618,3.4294967651367188,6.813783168792725
4619,0.5666758418083191,6.8124308586120605
4620,2.9595258235931396,6.8115973472595215
4621,3.2034409046173096,6.810816287994385
4622,4.064361572265625,6.810222625732422
4623,3.0263898372650146,6.809404373168945
4624,3.774512767791748,6.808748245239258
4625,4.214478015899658,6.808187484741211
4626,3.5372085571289062,6.807480812072754
4627,1.314371109008789,6.806293487548828
4628,12.72276496887207,6.807571887969971
4629,11.71263313293457,6.808631420135498
4630,10.213052749633789,6.809366226196289
4631,7.765505790710449,6.809572696685791
4632,10.739707946777344,6.810421466827393
4633,9.717854499816895,6.811048984527588
4634,9.170742988586426,6.811557769775391
4635,10.376506805419922,6.812326908111572
4636,9.37707805633545,6.812880039215088
4637,10.509864807128906,6.813676834106445
4638,11.312129974365234,6.8146467208862305
4639,12.448602676391602,6.815861225128174
4640,10.41737174987793,6.8166375160217285
4641,10.43531608581543,6.817416667938232
4642,11.475468635559082,6.818419933319092
4643,10.820244789123535,6.819281578063965
4644,7.426347255706787,6.8194122314453125
4645,10.508757591247559,6.820206165313721
4646,9.793785095214844,6.820846080780029
4647,10.471134185791016,6.821630954742432
4648,11.380081176757812,6.8226118087768555
4649,10.754918098449707,6.823457717895508
4650,9.852951049804688,6.824109077453613
4651,12.28054428100586,6.825282096862793
4652,10.861469268798828,6.8261494636535645
4653,11.191048622131348,6.82708740234375
4654,10.122526168823242,6.827795505523682
4655,10.054067611694336,6.828488826751709
4656,10.203868865966797,6.8292131423950195
4657,11.415604591369629,6.830197811126709
4658,10.062370300292969,6.8308916091918945
4659,9.504088401794434,6.831465244293213
4660,7.888179302215576,6.831692218780518
4661,10.557517051696777,6.832491397857666
4662,7.1662278175354,6.8325629234313965
4663,6.8999505043029785,6.832577228546143
4664,13.344402313232422,6.833972930908203
4665,10.100556373596191,6.834672927856445
4666,10.083585739135742,6.835369110107422
4667,8.06149673461914,6.835631847381592
4668,7.763283729553223,6.835830211639404
4669,8.96886157989502,6.836287021636963
4670,9.43994140625,6.836844444274902
4671,9.062071800231934,6.837320804595947
4672,9.717839241027832,6.837937355041504
4673,9.280705451965332,6.8384599685668945
4674,11.29747200012207,6.839413642883301
4675,11.753559112548828,6.840465068817139
4676,7.423548221588135,6.84058952331543
4677,9.583518981933594,6.8411760330200195
4678,10.986246109008789,6.842061996459961
4679,9.963644981384277,6.842728614807129
4680,11.657222747802734,6.843757152557373
4681,11.176691055297852,6.844682216644287
4682,8.217424392700195,6.844975471496582
4683,10.307157516479492,6.845714569091797
4684,5.347887992858887,6.845394611358643
4685,6.9579691886901855,6.845418453216553
4686,9.3111572265625,6.845944404602051
4687,7.287105560302734,6.846038341522217
4688,10.887943267822266,6.846900463104248
4689,9.190423965454102,6.847400188446045
4690,13.157341003417969,6.848745346069336
4691,11.747802734375,6.849789619445801
4692,10.378263473510742,6.850541591644287
4693,7.137934684753418,6.850603103637695
4694,11.94754695892334,6.851688385009766
4695,9.269362449645996,6.852203369140625
4696,9.963281631469727,6.852865695953369
4697,11.833977699279785,6.853926181793213
4698,8.44688606262207,6.854265213012695
4699,12.32690715789795,6.855429172515869
4700,12.547250747680664,6.856639862060547
4701,10.13184642791748,6.857336521148682
4702,12.345697402954102,6.858503818511963
4703,9.308955192565918,6.859024524688721
4704,10.902129173278809,6.859883785247803
4705,11.055270195007324,6.860775470733643
4706,11.405460357666016,6.861741065979004
4707,10.729727745056152,6.862562656402588
4708,9.10330581665039,6.863038539886475
4709,6.414851188659668,6.862943172454834
4710,9.65077018737793,6.863534927368164
4711,8.13900089263916,6.863805770874023
4712,9.887804985046387,6.864447593688965
4713,10.944829940795898,6.8653130531311035
4714,-1.0441194772720337,6.863635540008545
4715,7.944350242614746,6.863864898681641
4716,7.601475238800049,6.864021301269531
4717,8.975427627563477,6.864468574523926
4718,10.346525192260742,6.865206241607666
4719,10.293352127075195,6.865932464599609
4720,10.014703750610352,6.8665995597839355
4721,9.722492218017578,6.867204666137695
4722,9.575838088989258,6.8677778244018555
4723,11.947449684143066,6.8688530921936035
4724,8.5978422164917,6.8692193031311035
4725,5.154125690460205,6.868856430053711
4726,9.920761108398438,6.86950159072876
4727,8.625789642333984,6.869873046875
4728,10.794063568115234,6.870703220367432
4729,10.352086067199707,6.871438980102539
4730,9.17509937286377,6.8719258308410645
4731,9.142284393310547,6.872406005859375
4732,7.68587589263916,6.872577667236328
4733,7.644105434417725,6.872740745544434
4734,8.728569030761719,6.873132705688477
4735,7.488696098327637,6.873262405395508
4736,11.81596565246582,6.8743062019348145
4737,8.122576713562012,6.874569416046143
4738,10.303536415100098,6.875293254852295
4739,8.79698657989502,6.875698566436768
4740,11.60587215423584,6.8766961097717285
4741,7.8867363929748535,6.876909255981445
4742,11.674421310424805,6.877920627593994
4743,8.359952926635742,6.878232479095459
4744,5.965464115142822,6.878040313720703
4745,10.895380020141602,6.878886699676514
4746,13.693385124206543,6.880321979522705
4747,8.666452407836914,6.880698204040527
4748,10.010165214538574,6.881357192993164
4749,9.83732795715332,6.881979465484619
4750,10.240478515625,6.882686138153076
4751,9.343867301940918,6.883203983306885
4752,9.42689037322998,6.883739471435547
4753,10.20631217956543,6.884438514709473
4754,7.958576202392578,6.884664535522461
4755,11.451934814453125,6.885624885559082
4756,9.67508316040039,6.886211395263672
4757,8.510096549987793,6.886552333831787
4758,10.457317352294922,6.887303352355957
4759,9.819221496582031,6.8879194259643555
4760,14.76081657409668,6.889573097229004
4761,7.806177139282227,6.88976526260376
4762,9.824468612670898,6.890381336212158
4763,9.7194242477417,6.890974998474121
4764,12.270713806152344,6.892103672027588
4765,9.56198787689209,6.892663955688477
4766,6.14508581161499,6.892507076263428
4767,6.370837211608887,6.892397880554199
4768,9.57728385925293,6.892961025238037
4769,9.401288986206055,6.893486976623535
4770,11.267730712890625,6.894404411315918
4771,10.283589363098145,6.895114898681641
4772,9.47244644165039,6.895655155181885
4773,8.642414093017578,6.896020412445068
4774,10.007160186767578,6.896672248840332
4775,12.4710693359375,6.897839546203613
4776,11.082111358642578,6.898715496063232
4777,11.267581939697266,6.899630069732666
4778,12.451257705688477,6.900792598724365
4779,12.714698791503906,6.902008533477783
4780,12.103142738342285,6.9030961990356445
4781,8.83203125,6.903499603271484
4782,11.110840797424316,6.904378890991211
4783,10.074185371398926,6.905041694641113
4784,10.220355033874512,6.905734062194824
4785,9.610904693603516,6.906299114227295
4786,9.982830047607422,6.906941890716553
4787,10.232600212097168,6.907637119293213
4788,8.820711135864258,6.908036231994629
4789,11.3676118850708,6.908967018127441
4790,12.813283920288086,6.9101996421813965
4791,10.226298332214355,6.910891532897949
4792,13.291383743286133,6.912222862243652
4793,9.126206398010254,6.912684440612793
4794,11.694330215454102,6.913681983947754
4795,14.867939949035645,6.915340423583984
4796,10.358869552612305,6.916058540344238
4797,14.160545349121094,6.917568206787109
4798,12.710541725158691,6.91877555847168
4799,11.303241729736328,6.919689178466797
4800,12.27186393737793,6.920804023742676
4801,13.526978492736816,6.92218017578125
4802,10.931131362915039,6.9230146408081055
4803,8.64902400970459,6.923373699188232
4804,14.945183753967285,6.925043106079102
4805,9.394103050231934,6.9255571365356445
4806,8.229731559753418,6.925828456878662
4807,12.19892406463623,6.926925182342529
4808,10.164137840270996,6.927598476409912
4809,10.504190444946289,6.928341865539551
4810,10.764373779296875,6.929139614105225
4811,11.014552116394043,6.929988861083984
4812,9.218517303466797,6.930464267730713
4813,9.699515342712402,6.931039333343506
4814,10.648697853088379,6.931811332702637
4815,12.054336547851562,6.932875156402588
4816,10.992521286010742,6.933717727661133
4817,9.492568016052246,6.934248924255371
4818,8.717153549194336,6.934618949890137
4819,9.41681957244873,6.935134410858154
4820,11.750831604003906,6.936132907867432
4821,9.289103507995605,6.936621189117432
4822,11.504203796386719,6.937568187713623
4823,12.243621826171875,6.9386677742004395
4824,11.027709007263184,6.939515113830566
4825,11.20963191986084,6.940400123596191
4826,9.591192245483398,6.940948963165283
4827,1.4054983854293823,6.939802646636963
4828,11.714067459106445,6.940791606903076
4829,8.86778736114502,6.941190242767334
4830,7.348525047302246,6.941274642944336
4831,6.952427864074707,6.941277027130127
4832,8.54962158203125,6.941609859466553
4833,6.889542579650879,6.941599369049072
4834,8.356099128723145,6.941891670227051
4835,8.92457103729248,6.942302227020264
4836,8.795729637145996,6.942685604095459
